"tmdb_id","title","release_year","synopsis","themes","tones"
"967847","Ghostbusters: Frozen Empire","2024","The Spengler family returns to where it all started - the iconic New York City firehouse - to team up with the original Ghostbusters, who've developed a top-secret research lab to take busting ghosts to the next level. But when the discovery of an ancient artifact unleashes an evil force, Ghostbusters new and old must join forces to protect their home and save the world from a second Ice Age.  [PLOT] Plot Sister Mary sneaks into a superior 's bedroom at night and steals keys to escape through the locked gates of a Catholic convent. Four hooded figures capture her and break her leg, then knock her unconscious. Mary later wakes up in a coffin and is buried alive . After surviving a drowning in a frozen lake and being declared dead for seven minutes, young novice Sister Cecilia, who turned to Christianity at an early age, becomes convinced God had saved her for a purpose. She receives an invitation from Father Sal Tedeschi to join a convent in Italy that tends to dying nuns. Cecilia becomes a nun . Cecilia befriends Sister Gwen and is struck by certain oddities, such as an elder nun having cross-shaped scars on the soles of her feet. The convent's chapel houses a relic, a Holy Nail that was used to crucify Jesus . After having nightmares of hooded figures, Cecilia is shocked to learn that she is pregnant, even though she is a virgin . The convent's inhabitants begin to treat her as the next Virgin Mary , with many proclaiming the child is a ""blessing"". Another nun, Sister Isabelle, tries to drown Cecilia out of jealousy and later dies by suicide. Cecilia throws up one of her own teeth and her health worsens. Her request to be taken to a proper hospital is denied by Father Tedeschi. Gwen publicly chastises the convent superiors for this abnormality but is then taken away by Father Tedeschi and Deacon Enzo. At night, Cecilia sneaks around the convent and finds her personal file, and is shocked to find information about her childhood accident and a karyotype . Hearing a woman screaming, she investigates and is horrified to witness a hooded figure cutting out Gwen's tongue. An elder nun appears and silences Cecilia. She begs to escape, but the elder chastises her, saying that she will never leave the convent. Cecilia fakes a miscarriage to be taken to the hospital, but the deception is exposed and she is tied up. Tedeschi explains that he was a geneticist before becoming a priest and used DNA samples taken from the Holy Nail to impregnate nuns in the hopes of ushering in a new messiah. Before Cecilia, Tedeschi's numerous attempts failed, often resulting in malformed fetuses . Tedeschi brands a cross into Cecilia's feet, as seen in other nuns. Cecilia makes another attempt to escape. She beats Mother Superior to death using a crucifix, and shortly afterward, her water breaks . She manages to strangle the cardinal with her rosary before dousing Tedeschi's lab...","",""
"967941","Wicked: For Good","2025","As an angry mob rises against the Wicked Witch, Glinda and Elphaba will need to come together one final time. With their singular friendship now the fulcrum of their futures, they will need to truly see each other, with honesty and empathy, if they are to change themselves, and all of Oz, for good.  [PLOT] Plot Some time after defying the Wonderful Wizard of Oz , [ a ] Elphaba Thropp , now branded as the Wicked Witch of the West by Madame Morrible , continues battling for Animal rights from a forest hideout. Glinda Upland , now the Wizard's spokesperson, is engaged to Fiyero Tigelaar , now Captain of the Gale Force. As Oz celebrates the grand opening of the Yellow Brick Road , Fiyero reveals he is attempting to locate Elphaba, though Glinda insists Elphaba does not want to be found. Elphaba encounters some Animals leaving Oz, including her former caretaker Dulcibear, and encourages them to fight against the Wizard. The Cowardly Lion dissuades them, blaming Elphaba for freeing him from his cage as a cub, the only home he had known, and exposing her as the reason for the Wizard's flying monkey spies. Elphaba visits her sister Nessarose , who has inherited their father's governorship of Munchkinland . Nessarose prohibits the Munchkins, including her servant Boq , from leaving without her approval. Elphaba enchants Nessarose's shoes , giving her the ability to fly. Boq, deciding Nessarose no longer needs him because of this and having learned of Glinda and Fiyero's wedding, tries to leave Nessarose. She casts a love spell from the Grimmerie , but it backfires, shrinking his heart. Elphaba's attempt to save him turns him into a tin man . Elphaba returns to the Emerald City , where Glinda implores her to join the Wizard. She accepts under the condition that the flying monkeys be freed. Chistery, one of the monkeys, reveals several Animals imprisoned within the Wizard's lair, including Dr. Dillamond, who has lost his ability to speak. Reaffirming her resolve to fight the Wizard, Elphaba frees the Animals, interrupting Fiyero and Glinda's wedding. Fiyero helps Elphaba escape and joins her. Concluding that they are having an affair, Glinda vengefully suggests that the Wizard and Morrible lure out Elphaba by spreading a rumor that Nessarose is in trouble. At their hideout, Elphaba and Fiyero profess mutual love. He suggests that she should go to an abandoned castle, Kiamo Ko, for shelter. Morrible, realizing a simple rumor would not fool Elphaba, creates a tornado that brings a house from Kansas that fatally crushes Nessarose. Glinda gives Nessarose's shoes to the house's occupant, Dorothy Gale , and directs her to the Wizard, promising that he can help her return home. A fight begins between Glinda and Elphaba before the Gale Force arrives. Fiyero intervenes and...","",""
"968051","The Nun II","2023","In 1956 France, a priest is violently murdered, and Sister Irene begins to investigate. She once again comes face-to-face with a powerful evil.  [PLOT] Plot In 1956, Father Noiret and his altar boy , Jacques, perform daily chores in their church in Tarascon , France. While investigating a disturbance, Noiret is raised into the air, set on fire, and burned to death before a terrified Jacques. Four years after the events at Saint Cartha's monastery , Sister Irene now serves in a convent in Italy . Maurice works at a boarding school in Tarascon, where he has befriended a young Irish student named Sophie and her mother, Kate, who is a teacher at the school. Irene has a vision of Maurice asking her to save him. She is dispatched by the Cardinal to investigate a series of deaths across Europe , attributed to the demon Valak , due to her previous experience with the demon. She travels to Tarascon with Sister Debra, a young novice . In Tarascon, Irene is haunted by Valak. Debra receives Noiret's rosary from Jacques. At school, Sophie is bullied by classmates and locked in the deconsecrated sealed-off chapel. The bully points out the goat on the stained-glass window , claiming that the devil appears when the sun shines and turns the goat's eyes red. One night, the headmistress encounters a sleepwalking Maurice and is killed by Valak. Irene and Debra travel to the Palais des Papes and meet with a librarian. He explains that Valak was an angel rejected by God, and the emblem on Noiret's rosary is the family crest of St. Lucy , who was martyred during the Diocletianic persecution . Though she was set on fire, she miraculously did not burn; her eyes were gouged out, but her family recovered them. The librarian suggests the demon is killing St. Lucy's descendants because it wants this powerful relic , last known to be stored in a former monastery-turned-winery. The winery became the present-day boarding school. At the school, Irene and Debra face off against a possessed Maurice. They use a flashlight to make the stained-glass goat's eyes glow red. The red light acts as a laser, pointing to where the eyes of St. Lucy are buried. Irene finds the relic, and the stained-glass goat vanishes, reappearing as a demonic creature in real life. Maurice follows Sophie into the bell tower and attacks her causing the bell tower to collapse. Valak appears, lifts Irene in the air, and sets her ablaze like Father Noiret. Irene, however, does not burn as she is a descendant of St. Lucy, able to harness the power associated with the relic to Valak's frustration. Irene and Debra pray the Words of Institution as the old barrels of wine in...","",""
"968868","Pretty Guardian Sailor Moon Cosmos the Movie Part 1","2023","The Sailor Guardians enjoy a brief moment of peace until Mamoru's Golden Crystal is stolen by Sailor Galaxia and the mysterious Sailor Starlights appear. One by one, Sailor Moon’s friends and loved ones are targeted by a formidable new enemy who threatens to destroy everything and rule over the cosmos.","",""
"968870","Pretty Guardian Sailor Moon Cosmos the Movie Part 2","2023","One by one, Sailor Moon’s friends and loved ones are targeted by a formidable new enemy who threatens to destroy everything and rule over the cosmos. After devastating losses, Sailor Moon endures her battle against Shadow Galactica. Will despair crush her, or will she find light in the darkness?","",""
"970085","Kehvatlal Parivar","2022","Welcome to the world of Kehvatlal Parivar to experience drama, love, and togetherness. When there is unlimited madness in the house, this Parivar is all set to deliver delightful moments that can make laugh and cry.  [PLOT] Plot Kehvatlal Parivar is a fun-packed story of Raju Bhai Thakar ( Siddharth Randeria ) and his family. Raju Bhai is glued to his family values and is quite steady about following his old-fashioned/traditional ideas. He has Kehvats for every moment and situation. His son ( Bhavya Gandhi ) shares his modern and relevant business ideas and the daughter ( Shraddha Dangar ) has some interesting cooking recipes but Raju Bhai never allows them to experiment. His sister ( Vandana Pathak ) who is lazy, lives with Raju Bhai. She spends her time playing games and on social media. His cousin ( Sanjay Goradia ) adopts modern ideas and hence always challenges Rajubhai in business. Their life takes interesting turn when Raju Bhai's wife Kalindi ( Supriya Pathak ) returns in their house. Infused with laughter, Kehvatlal Parivar is a story of an extraordinarily crazy family who despite the difficulties and differences they always stick together. [ 1 ] ^ .mw-parser-output cite.citation{font-style:inherit;word-wrap:break-word}.mw-parser-output .citation q{quotes:""\""""""\""""""'""""'""}.mw-parser-output .citation:target{background-color:rgba(0,127,255,0.133)}.mw-parser-output .id-lock-free.id-lock-free a{background:url(""//upload.wikimedia.org/wikipedia/commons/6/65/Lock-green.svg"")right 0.1em center/9px no-repeat}.mw-parser-output .id-lock-limited.id-lock-limited a,.mw-parser-output .id-lock-registration.id-lock-registration a{background:url(""//upload.wikimedia.org/wikipedia/commons/d/d6/Lock-gray-alt-2.svg"")right 0.1em center/9px no-repeat}.mw-parser-output .id-lock-subscription.id-lock-subscription a{background:url(""//upload.wikimedia.org/wikipedia/commons/a/aa/Lock-red-alt-2.svg"")right 0.1em center/9px no-repeat}.mw-parser-output .cs1-ws-icon a{background:url(""//upload.wikimedia.org/wikipedia/commons/4/4c/Wikisource-logo.svg"")right 0.1em center/12px no-repeat}body:not(.skin-timeless):not(.skin-minerva) .mw-parser-output .id-lock-free a,body:not(.skin-timeless):not(.skin-minerva) .mw-parser-output .id-lock-limited a,body:not(.skin-timeless):not(.skin-minerva) .mw-parser-output .id-lock-registration a,body:not(.skin-timeless):not(.skin-minerva) .mw-parser-output .id-lock-subscription a,body:not(.skin-timeless):not(.skin-minerva) .mw-parser-output .cs1-ws-icon a{background-size:contain;padding:0 1em 0 0}.mw-parser-output .cs1-code{color:inherit;background:inherit;border:none;padding:inherit}.mw-parser-output...","",""
"971581","Temporary Workers","2017","She and him are two workers in an inhospitable Ice Cream parlor. Something brings them together. Something watches them.  [PLOT] Plot Joel Reynolds is the owner and founder of Reynolds Extract, a flavoring extracts company. Although his business is successful, his marriage to Suzie lacks passion. He is also often accosted by his annoying neighbor, Nathan. One day, a series of mishaps at the factory lead to employee Step losing a testicle. Cindy, a con artist , reads a news story about the accident. Hatching a get-rich-quick scheme , she gets a temporary job at the factory, manipulating Joel into giving her more information about Step. She also begins to commit petty thefts from her co-workers, who openly accuse each other of the thefts. Although Step initially decides not to sue the company, he changes his mind after a meeting with Cindy, which she sets up in order to meet and flirt with him. Under Cindy's influence, Step hires attorney Joe Adler. Joel believes Cindy's manipulations are genuine attraction to him, and entertains the idea of an affair with her; however, he still loves his wife and wants to avoid actions that would leave him with regrets later. While visiting his friend Dean and complaining about his situation, Dean suggests that Joel hire a gigolo to seduce Suzie, so Joel can then have a guilt-free ""revenge"" affair. Joel initially balks at the idea, but he agrees after his judgment is impaired due to ingesting a ketamine tablet that Dean mistakenly told him was Xanax . The friends hire Brad to seduce Joel's wife into an affair, while Brad is posing as the pool cleaner. The next morning, Joel sobers up, realizes what he has done, and tries to stop Brad from going to his house; by then, Brad and Suzie have already begun an affair. Brad falls in love with Suzie and wants to run away with her. After smoking marijuana with Dean and his friend Willie, Joel attempts to call Cindy but soon realizes that he is calling Willie's number. Just then, Cindy walks into the apartment. Willie discovers Joel's intentions and punches Joel in the face. Joel meets with Adler and his associates to discuss the terms of the settlement for Step. The workers, believing that the meeting is about a buy-out of the factory by General Mills , organize a strike. Frustrated by Adler's uncompromising negotiating style and the growing disrespect from his employees, Joel storms out and goes home—where Suzie admits her affair with Brad. Joel admits to Suzie that he hired Brad and Joel and Suzie argue. Joel moves into a motel, where he spots Cindy, staying in another room. When he goes to her room, he...","",""
"974262","Descendants: The Rise of Red","2024","After the Queen of Hearts incites a coup on Auradon, her rebellious daughter Red and Cinderella's perfectionist daughter Chloe join forces and travel back in time to try to undo the traumatic event that set Red's mother down her villainous path.  [PLOT] Plot Soon after the wedding of King Ben and Mal , Uma is now the headmistress and principal of Auradon Prep. Her first order of business is to open the border between Auradon and Wonderland by inviting Princess Red, the rebellious daughter of the tyrannical Queen of Hearts, to join the school. Fairy Godmother advises against this, but Uma insists that Carlos de Vil would have been supportive of it. In Wonderland, Red's tutor, Maddox Hatter, shows her a magic pocket watch that he invented, which could be used to travel through time. Maddox suggests that Red might be able to use the watch to help her mother, who was once a good person, but warns her of the potential dangers involved. Red secretly steals the watch. Red and her mother travel to Auradon, where the Queen and Cinderella reunite for the first time since their days at Merlin Academy, the original name of Auradon Prep. The meeting quickly turns hostile as the Queen recalls a traumatic prank she endured during their time at school. During the opening ceremony, as Uma welcomes everyone, the Queen unexpectedly launches a coup d'état using her magical deck of cards, and takes the other attendees hostage. When Cinderella refuses to bow to the Queen, a reluctant Red is forced to condemn her to death by beheading for treason , delighting her mother but angering the crowd. In horror and guilt, Red tries to use the magic watch to go back a few minutes in time and prevent the coup by stealing her mother's cards, but is attacked by Cinderella's perfectionist and kindhearted daughter Chloe, accidentally activating the watch and sending both girls to the past, when Auradon Prep was still called Merlin Academy. Believing they were sent there for a reason, Red and Chloe begrudgingly agree to work together for the sake of their mothers. Posing as exchange students, Red and Chloe enroll at Merlin Academy and meet Ella and Bridget, the teenage personas of Cinderella and the Queen of Hearts, and begin to seek ways to change the ""present"". They are shocked at their mothers' personalities, with Bridget being nice to a fault and Ella having no interest in royalty. They also meet the younger versions of some of Auradon’s future villains, led by Uliana, Ursula's younger sister. After purposely eating too many of Bridget's enchanted flamingo -feathered cupcakes, Uliana briefly turns into a flamingo and is humiliated in front of the whole school, so she decides to take revenge on Bridget. Red and Chloe decide to talk to...","",""
"974576","Conclave","2024","After the unexpected death of the Pope, Cardinal Lawrence is tasked with managing the covert and ancient ritual of electing a new one. Sequestered in the Vatican with the Catholic Church’s most powerful leaders until the process is complete, Lawrence finds himself at the center of a conspiracy that could lead to its downfall.  [PLOT] Plot After the pope 's fatal heart attack, the College of Cardinals , under the leadership of its dean , Thomas Cardinal Lawrence of the United Kingdom , convenes to elect a successor . Four cardinals emerge as likely candidates : Aldo Bellini of the United States , a progressive reformer ; Joshua Adeyemi of Nigeria , a social conservative ; Joseph Tremblay of Canada , a moderate ; and Goffredo Tedesco of Italy , a staunch traditionalist . Archbishop Janusz Woźniak, the prefect of the papal household , tells Cardinal Lawrence the pope demanded Tremblay's resignation, which Tremblay denies. Bellini, meanwhile, tells supporters his goal is to prevent Tedesco from winning the papacy. Lawrence is surprised by the last-minute arrival of Mexican -born Archbishop Vincent Benítez of Kabul , whom the pope named cardinal in pectore the previous year. [ a ] On the first day, Lawrence opens the deliberations by encouraging the college to embrace uncertainty, an act some interpret as a sign of Lawrence's papal ambition. No one obtains the two-thirds majority necessary to win, although Adeyemi leads Tedesco and Tremblay, and Bellini and Lawrence split the progressive vote. Raymond Monsignor O'Malley, Lawrence's assistant, discovers the pope paid for Benítez to be flown to Geneva for a medical appointment that Benítez later cancelled. On the second day, an altercation takes place between Cardinal Adeyemi and Sister Shanumi, a Nigerian nun recently transferred to Vatican City. Lawrence speaks with Shanumi, who confesses to a past illicit relationship with Adeyemi that resulted in a son she gave up for adoption. Adeyemi confirms the story when pressed. Though Lawrence is bound to secrecy , a whisper campaign derails Adeyemi's candidacy. Working with Sister Agnes, the acting head caterer and housekeeper, Lawrence discovers that Tremblay arranged for Shanumi's transfer. When confronted, Tremblay claims that he did so at the pope's request. Lawrence enters the pope's sealed apartment and finds documents indicating Tremblay paid cardinals for votes . He shows the documents to Bellini, whose plea to conceal their existence sparks an argument, as Lawrence realizes Tremblay has already gained Bellini's support with promises of a position in his administration. On the third day, Lawrence and Agnes publicize Tremblay's actions, effectively removing him from contention. Lawrence reconciles with Bellini and agrees to stand against Tedesco. He plans on voting for himself during the...","",""
"974635","Hit Man","2024","A mild-mannered professor moonlighting as a fake hit man in police stings ignites a chain reaction of trouble when he falls for a potential client.  [PLOT] Plot Vijay is an IT professional living with his mother, Sithara, and younger sister, Abi Nakshatra. Vijay follows vegetarianism and Vallalar's ideologies, hoping not to harm living creatures. One day, Vijay's mother and sister get kidnapped by a masked man who calls and threatens Vijay. ACP Yazhvendan investigates the case. The masked man calls Vijay and wants him to break into the house of a local don, Kaali, and fight him; failing would lead to Vijay's mother and sister being killed. Meanwhile, the police tried to find the location of the masked man but in vain. Initially, Vijay hesitates to follow the masked man's commands, but later, fearing the safety of his mother and sister, Vijay agrees. He goes into the house of Kaali and fights with him single-handedly. Surprisingly, Kaali is beaten to death by Vijay. Dr. Karunakaran is the dean of a government hospital, and the masked man kidnaps Dr. Karuna's son as well. Dr Karuna and Vijay arrive at a location specified by the masked man. Now, the masked man comes online to the internet and discloses the truth about Dr. Karuna. During the COVID-19 lockdown , there was a severe shortage of oxygen cylinders in hospitals. Dr. Karuna misused his power and illegally sold the oxygen cylinders from government hospitals to private hospitals. Dr Anitha, who worked in Dr Karuna's hospital, tried to expose him, however, Kaali and his henchmen stabbed and killed her. The masked man wants Vijay to beat Dr. Karuna to release his mother and sister. Following an intense fight, Vijay kills Dr. Karuna. The masked man releases Vijay's mother and sister. ACP Yazh traces the masked man's location and rushes to arrest him. However, it is late as the masked man flees the place. Vijay gets acquitted in this case as he has done the murders to save his mother and sister. Later, ACP Yazh meets Vijay and reveals that he knows the real identity of the masked man, who is none other than Vijay. He asks what motivated Vijay's acts, and a flashback is shown. Dr Anitha happened to be Vijay's elder sister. Vijay's father was infected with COVID-19 and was admitted to hospital. When there was a shortage of oxygen cylinders, Vijay's father gave his oxygen cylinder to save a pregnant woman, leading to Vijay's father dying from suffocation. Vijay and his family wanted revenge for this, and they waited for a couple of years, sketching a proper plan to expose Dr . Karuna and also kill him. ACP Yazh understands Vijay's intentions and does not...","",""
"975511","The Return","2024","After twenty years away, Odysseus washes up on the shores of Ithaca, haggard and unrecognizable. The king has finally returned home, but much has changed in his kingdom since he left to fight in the Trojan war.  [PLOT] Plot Twenty years after setting off to fight in the Trojan War and surviving many trials, Odysseus washes up naked on the shores of his home island Ithaca . He is found and tended to by the slaves Eumaeus and Yias. Odysseus is dispirited and traumatized by his experiences and learns about the decline of his kingdom. Odysseus's wife Penelope faces pressure to find a suitor, given that many believe her husband to be dead. Her son Telemachus is approached by the nobleman Antinous , who attempts to convince him to press Penelope into marriage. The young man refuses, distrusting Antinous and the Suitors of Penelope . Penelope weaves her elderly father-in-law's burial shroud before his impending death. Telemachus asks her to take a suitor to end the chaos, but she refuses until she completes the shroud. Odysseus's father dies; the suitors interrupt his funeral to threaten Penelope and her son unless a decision is made. Penelope fends them off by saying that now, she must weave a cloak for her wedding and only then will she choose. Eumaeus takes Odysseus to the palace, where the hunting dog Argos recognizes his master after a long wait and then dies. Odysseus poses as a beggar to ask for alms ; the suitors abuse him. They force him to fight a huge man, but Odysseus kills him. Suspicious, Penelope speaks to Odysseus but ends up ordering him to be tended to and sent off after he refuses to answer her questions. Odysseus's old nursemaid Eurycleia discovers his identity while bathing him, after recognizing a scar on the back of his leg. He bids her be silent. Antinous persuades the suitors to form a hunting party and kill Telemachus while he is out walking in the woods, but Odysseus intervenes and reveals himself to his son. Odysseus, Telemachus, and Eumaeus flee, while Yias is killed by the suitor Eurymachus . Failing to find their quarry, the hunting party returns to the palace. Telemachus and Eumaeus rebuke Odysseus for his cowardice and question why he would even bother to return, having heard rumors that he abandoned Penelope for Calypso . Antinous discovers Penelope unraveling her weaving at night. The next day, Odysseus learns that his wife has decided on who shall marry her. He arrives at the palace right as Penelope tells the suitors that her choice is to make them compete with Odysseus's old bow, seeing if they can shoot an arrow through the holes of multiple axe heads, as he did in his youth. None of them can even string the bow properly, and Antinous...","",""
"976573","Elemental","2023","In a city where fire, water, land and air residents live together, a fiery young woman and a go-with-the-flow guy will discover something elemental: how much they have in common.  [PLOT] Plot Fire elements Bernie and Cinder Lumen immigrate from Fire Land to Element City where they face racism from other classical elements . After the birth of their daughter Ember Lumen, they set up their Blue Flame which represents their traditions and start their own convenience store called the Fireplace. Several years later, Bernie intends to retire and give the store to Ember once she can control her fiery temper. When Bernie allows Ember to run the store on her own during the day of a sale, she becomes overwhelmed by the customers and rushes to the basement. Her fiery outburst breaks a water pipe, flooding the basement and summoning Wade Ripple, an emotional water element and city inspector, who notes the faulty plumbing. Despite Ember's attempts to stop him, Wade travels to City Hall and reluctantly files a report of his findings with his air element boss, Gale Cumulus, who will have the Fireplace shut down. Ember keeps this a secret from her parents, and does not tell them that she is the reason why the pipe burst. Wade brings Ember to Cyclone Stadium to persuade Gale to reconsider the shutdown of her father's store. Wade mentions to Ember that he was searching for a leak in the city's canals before ending up at the Fireplace, and suggests to Gale that he and Ember can track the source of the leak from the store. Gale offers to forgive the violations as long as they find and seal the leak by the end of the week. While searching the canals, Ember and Wade discover a hole in a dam that allows wave runoff from ships to flood the city's plumbing, so they close the hole with sandbags. The two spend time together in the city and learn more about each other. Meanwhile, Cinder suspects that Ember is seeing someone. The sandbags eventually fail, so Ember melts the sand into glass to form a sturdier seal. Ember visits Wade's family at a luxury apartment, where she uses her fire to fix a broken glass pitcher, impressing Wade's mother Brook, who recommends her for a glass-making internship. While playing ""the Crying Game"", Wade makes Ember cry by admitting he has feelings for her. Gale calls Wade and approves Ember's glass seal, thus saving the Fireplace from closure. Ember then realizes that she does not want to take over the store. Bernie announces to Ember and Cinder his intention to retire and hand the Fireplace to Ember. The next evening, Wade takes Ember to Garden Central Station to see Vivisteria flowers, a species that can thrive in any environment,...","",""
"976734","Canary Black","2024","Top level CIA agent Avery Graves is blackmailed by terrorists into betraying her own country to save her kidnapped husband. Cut off from her team, she turns to her underworld contacts to survive and help locate the coveted intelligence that the kidnappers want.  [PLOT] Premise A fictionalised story based around the life of Martha Jane Canary , known as Calamity Jane, as she seeks revenge following the death of Wild Bill Hickok . [ 1 ] ^ .mw-parser-output cite.citation{font-style:inherit;word-wrap:break-word}.mw-parser-output .citation q{quotes:""\""""""\""""""'""""'""}.mw-parser-output .citation:target{background-color:rgba(0,127,255,0.133)}.mw-parser-output .id-lock-free.id-lock-free a{background:url(""//upload.wikimedia.org/wikipedia/commons/6/65/Lock-green.svg"")right 0.1em center/9px no-repeat}.mw-parser-output .id-lock-limited.id-lock-limited a,.mw-parser-output .id-lock-registration.id-lock-registration a{background:url(""//upload.wikimedia.org/wikipedia/commons/d/d6/Lock-gray-alt-2.svg"")right 0.1em center/9px no-repeat}.mw-parser-output .id-lock-subscription.id-lock-subscription a{background:url(""//upload.wikimedia.org/wikipedia/commons/a/aa/Lock-red-alt-2.svg"")right 0.1em center/9px no-repeat}.mw-parser-output .cs1-ws-icon a{background:url(""//upload.wikimedia.org/wikipedia/commons/4/4c/Wikisource-logo.svg"")right 0.1em center/12px no-repeat}body:not(.skin-timeless):not(.skin-minerva) .mw-parser-output .id-lock-free a,body:not(.skin-timeless):not(.skin-minerva) .mw-parser-output .id-lock-limited a,body:not(.skin-timeless):not(.skin-minerva) .mw-parser-output .id-lock-registration a,body:not(.skin-timeless):not(.skin-minerva) .mw-parser-output .id-lock-subscription a,body:not(.skin-timeless):not(.skin-minerva) .mw-parser-output .cs1-ws-icon a{background-size:contain;padding:0 1em 0 0}.mw-parser-output .cs1-code{color:inherit;background:inherit;border:none;padding:inherit}.mw-parser-output .cs1-hidden-error{display:none;color:var(--color-error,#bf3c2c)}.mw-parser-output .cs1-visible-error{color:var(--color-error,#bf3c2c)}.mw-parser-output .cs1-maint{display:none;color:#085;margin-left:0.3em}.mw-parser-output .cs1-kern-left{padding-left:0.2em}.mw-parser-output .cs1-kern-right{padding-right:0.2em}.mw-parser-output .citation .mw-selflink{font-weight:inherit}@media screen{.mw-parser-output .cs1-format{font-size:95%}html.skin-theme-clientpref-night .mw-parser-output .cs1-maint{color:#18911f}}@media screen and (prefers-color-scheme:dark){html.skin-theme-clientpref-os .mw-parser-output .cs1-maint{color:#18911f}} Smart, Jack (January 25, 2024). ""Arrow Reunion! Emily Bett Rickards and Stephen Amell Team Up in Action-Packed Calamity Jane Trailer (Exclusive)"" . People . Retrieved April 18, 2024 .","",""
"976893","Perfect Days","2023","Hirayama is content with his life as a toilet cleaner in Tokyo. Outside of his structured routine, he cherishes music on cassette tapes, books, and taking photos of trees. Through unexpected encounters, he reflects on finding beauty in the world.  [PLOT] Plot Hirayama works as a public toilet cleaner for The Tokyo Toilet project in Tokyo's upscale Shibuya district, across town from his modest home in a middle-class neighbourhood east of the Sumida River . He repeats his structured, repetitive routine each day, starting at dawn. His pride in his work is apparent by its thoroughness and precision. He dedicates his free time to his passion for music cassettes , which he listens to in his van to and from work, and to his books ( Faulkner , Kōda , Highsmith ), which he reads every night before going to sleep. His dreams are shown in flickery impressionistic black-and-white sequences at the end of every day. Hirayama is also fond of trees and spends time gardening and photographing trees. He eats a sandwich every day in the shade under trees in the grounds of a shrine, and takes film photos of their branches and leaves and the 'Komorebi' (木漏れ日) – sunlight filtered by the leaves. Hirayama's love of trees is contrasted with the repeated appearance of the Tokyo Skytree during his drives and bike rides through the city. Hirayama's young assistant, Takashi, is often late, loud, and not as thorough. One day, a young woman named Aya calls on Takashi at the toilet he is cleaning, so he hurries to finish. He tries to leave with Aya, but his motorbike will not start, so he persuades Hirayama to let him use his van. When Aya says Takashi can stay with her as she works at a girls bar , he complains that he is broke. Unbeknownst to Hirayama, Takashi slips Hirayama's Patti Smith tape into Aya's purse. Takashi talks Hirayama into going into a shop to get some of his cassettes appraised. When Takashi discovers they are valuable, he urges Hirayama to sell but Hirayama refuses, giving him some cash so he can take Aya out. When Hirayama runs out of fuel, he is forced to sell a cassette for fuel money. Hirayama commences a tic-tac-toe game with a stranger after finding a piece of paper left hidden in a stall. The game continues over the course of the film. He exchanges furtive glances with a woman eating lunch one bench over. Aya catches up with Hirayama to return his cassette. She asks to play it in his van one last time, and then gives him a thank-you kiss on the cheek, leaving him visibly startled. On his free day, Hirayama does his laundry, takes the film with his tree photos to be developed, cleans his flat, buys a new book, and dines at a restaurant where the proprietor shares gossip with him. Niko, Hirayama's niece, shows...","",""
"976912","Graphic Desires","2023","When reclusive Franklin cheats on his partner with a mysterious girl he meets on a dating app, it becomes the start of a deadly obsession.  [PLOT] Plot In Delhi , Ranvijay ""Vijay"" Singh is the son of industrialist Balbir Singh, head of steel conglomerate Swastik Steels. Balbir is a workaholic who maintains a distant relationship with his family. As a teenager, Vijay takes a licensed AK-47 to his sister Reet's college to intimidate her bullies, prompting an outraged Balbir to send Vijay to a boarding school in the United States . Years later, Vijay returns home for Balbir's sixtieth birthday, but an argument with Reet's husband, Varun, leads to Balbir disowning him. Vijay marries his childhood sweetheart, Gitanjali, and relocates to the US. Eight years later, Vijay returns to India with Gitanjali and their two children after Balbir survives an assassination attempt. Reconciling with his father, Vijay assumes control of Balbir's security detail and recruits his distant cousins from his ancestral village for protection. He hires Kailash Petkar, a body double for Balbir. Kailash is later murdered by Asrar Haque, who is revealed to be linked to the initial attack on Balbir. Upon learning that Varun conspired with the attackers, Vijay strangles him at a public press conference in full view of Asrar. Vijay and his cousins then meet an arms dealer, Freddy, at a hotel to collect a custom-designed multi-barrel machine gun. Asrar and his assailants ambush the hotel, but Vijay massacres them with the weapon and kills Asrar. Vijay suffers severe injuries in the battle, leading to hearing damage, organ failure, and a heart transplant. Meanwhile, in Scotland , Asrar's mute brother, Abrar Haque, learns of his death during his wedding. During his recovery, Vijay meets Zoya, who claims to be the fiancee of his heart donor, and begins an extramarital affair with her. After Vijay gifts her a car that explodes, a guilt-ridden Zoya reveals that she was sent by Abrar to spy on the family and that Abrar's brother, Aziz, underwent plastic surgery to impersonate Vijay. Vijay discloses that he anticipated her deceit, orchestrated the explosion, and spares her life. Vijay's grandfather, Rajdhir, reveals the origins of the feud: Rajdhir had exiled his younger brother Shamsher for misconduct, and Shamsher's son, Azim, converted to Islam and sought a share of Swastik Steels, which Balbir denied. Humiliated by the rejection, Shamsher immolated himself in front of his grandson Abrar, leaving Abrar mute from trauma and sparking a generational vendetta. After Vijay confesses his affair to Gitanjali, she demands a divorce. Vijay and...","",""
"977871","Even If This Love Disappears Tonight","2022","A high school girl wakes up each day with no memory of the day before. When she agrees to date a shy classmate, Toru, he begins to fall for her—despite her rule against falling in love.","",""
"978476","Dear Bhargava","2021","It is the story of a gay son who due to the obligations of social stigma decides to move out of the country and disconnects himself from a family with the fear of disapproval of his sexuality. When he comes back home due to his father’s demise, post rituals, he finds a letter in his father’s closet addressed to him. The letter unfolds the narrative of the father’s love and an explanation towards the odds of their relationship & unpleasant memories in the past.  [PLOT] Plot Aliya Kamal ( Aida El-Kashef ) is a visually impaired and celebrated Egyptian photographer in the process of undergoing a cornea transplant that will restore her vision. Though the surgery is a success and Aliya's vision is restored, she has trouble adjusting to her new found sense of sight and is dissatisfied with her resulting photography. Maitreya ( Neeraj Kabi ), an erudite Jain monk, [ 1 ] is part of a petition to ban animal testing in India. When he is diagnosed with liver cirrhosis , his reluctance towards animal-tested medication is questioned and he must now depend on the people he's been fighting against – a path he refuses to take. A young Indian stockbroker, Navin ( Sohum Shah ), has just received a new kidney . He soon learns of a case of organ theft involving an impoverished bricklayer, Shankar. He initially fears that his new kidney was the one stolen from Shankar. When he learns that the recipient of the kidney lives in Sweden, he decides to go there to help Shankar get his kidney back – but is Shankar perhaps better helped by a large financial settlement instead of having two kidneys again? Ship of Theseus ends with the Platonic Allegory of the cave . The philosopher Plato argues that human beings are imprisoned in the cave of their own existence, falsely believing the temporary as having permanence. The job of a philosopher, he argues, is to help people find a way out of the cave. In the last scene of the film, we see the shadow of the man in the walls of the cave he is exploring. Those who received his organs (including Aliya, Maitreya and Navin) watch this short clip. The man who we see only as the shadow in this clip did not make it out of the allegorical prison-cave described by Plato. ^ Cite error: The named reference diff was invoked but never defined (see the help page ).","",""
"978726","My Girlfriend is an Erotic Actress","2021","The filming set of a private erotic movie will be shown!  Through an acquaintance, a student and aspiring film director So-joong works as an audio boom man at the film set of the erotic movie. So-joong, who met her favorite erotic actor Soo-bin on the set, is engulfed in a strange feeling as she sees Soo-bin acting nakedly in front of her eyes. Seeing director Jang, who had been directing pornography in Japan, increasingly demanding excessive bed scene acting from Soo-bin, So-joong begins to get angry and begins to interfere with director Jang's filming...","",""
"980489","Gran Turismo","2023","The ultimate wish-fulfillment tale of a teenage Gran Turismo player whose gaming skills won him a series of Nissan competitions to become an actual professional racecar driver.  [PLOT] Plot Following a pitch by marketing executive Danny Moore, Nissan establishes the GT Academy to recruit skilled players of the racing simulator Gran Turismo and transform them into real racing drivers. Danny enlists former driver-turned-mechanic Jack Salter to train the players. Initially reluctant, Jack accepts after growing tired of the arrogance of his team's driver, Nicholas Capa. Meanwhile, Jann Mardenborough , a teenage gamer from Cardiff , dreams of becoming a racing driver despite his father Steve 's disapproval. Jann learns he is eligible for the GT Academy after setting a time record. The night before his race, Jann and his brother Coby attend a party, where Jann meets Audrey. However, the police arrive, the party breaks up, and as they are driving away, the police pull the two cars of parties over. As the police start talking to the people in the other car, Jann decides not to get taken in by the police, and drives off, leading the police on a chase, and finally getting away. Upon arriving home, Jann & Coby's dad is waiting outside, and Jann tells Coby he'll take the fall. As punishment, Jann is taken to his father's workplace but leaves early to participate in the qualifying race, which he wins, securing a spot in the GT Academy. At the academy camp, Jack subjects the competitors to various tests, narrowing them down from ten to five. Jann impresses Jack by correctly diagnosing a wreck caused by glazed brakes. The final five compete in a race to determine who will represent Nissan. Jann narrowly wins against American competitor Matty Davis, but Danny prefers Matty for his commercial appeal. Jack insists on selecting Jann, who ultimately becomes the representative. Jann is informed that finishing at least fourth in any qualifying race will earn him a professional license and a contract with Nissan. In his first professional race in Austria , he finishes last after being spun by Capa. Despite improving over subsequent races, he fails to finish the penultimate race in Spain . In Dubai , during his final qualifying race, Capa crashes, and despite debris damage, Jann finishes fourth, earning his license. He travels to Tokyo with Danny and Jack to sign his contract and uses his bonus to fly Audrey to Tokyo, starting a relationship. Jann's first race post-signing is at the Nürburgring Nordschleife . He maintains a high position until his car lifts at the Flugplatz corner, crashes, and kills a spectator. Horrified, Jann is reluctant to race again and...","",""
"981251","Stories","2018","A lot of Stories  [PLOT] Plot .mw-parser-output .ambox{border:1px solid #a2a9b1;border-left:10px solid #36c;background-color:#fbfbfb;box-sizing:border-box}.mw-parser-output .ambox+.mw-empty-elt+.ambox,.mw-parser-output .ambox+.mw-empty-elt+.mw-empty-elt+.ambox,.mw-parser-output .ambox+.mw-empty-elt+.mw-empty-elt+.mw-empty-elt+.ambox{margin-top:-1px}html body.mediawiki .mw-parser-output .ambox.mbox-small-left{margin:4px 1em 4px 0;overflow:hidden;width:238px;border-collapse:collapse;font-size:88%;line-height:1.25em}.mw-parser-output .ambox-speedy{border-left:10px solid #b32424;background-color:#fee7e6}.mw-parser-output .ambox-delete{border-left:10px solid #b32424}.mw-parser-output .ambox-content{border-left:10px solid #f28500}.mw-parser-output .ambox-style{border-left:10px solid #fc3}.mw-parser-output .ambox-move{border-left:10px solid #9932cc}.mw-parser-output .ambox-protection{border-left:10px solid #a2a9b1}.mw-parser-output .ambox .mbox-text{border:none;padding:0.25em 0.5em;width:100%}.mw-parser-output .ambox .mbox-image{border:none;padding:2px 0 2px 0.5em;text-align:center}.mw-parser-output .ambox .mbox-imageright{border:none;padding:2px 0.5em 2px 0;text-align:center}.mw-parser-output .ambox .mbox-empty-cell{border:none;padding:0;width:1px}.mw-parser-output .ambox .mbox-image-div{width:52px}@media(min-width:720px){.mw-parser-output .ambox{margin:0 10%}}@media print{body.ns-0 .mw-parser-output .ambox{display:none!important}} This section may need to be rewritten to comply with Wikipedia's quality standards . Relevant discussion may be found on the talk page . You can help . The talk page may contain suggestions. ( August 2026 ) The film is presented as a series of vignettes centered around Byrne as an unnamed, cowboy-hat-wearing stranger who visits the fictional Texas town of Virgil, where he observes the citizens as they prepare for the ""Celebration of Specialness"" to mark the 150th anniversary of Texas' independence. The event is being sponsored by the Varicorp Corporation, a local computer manufacturing plant. Among the many characters the visitor meets and interacts with, the most prominent are: Louis Fyne, a country-western -singing clean room technician at Varicorp who is unlucky in love Civic leader Earl Culver, who never speaks directly to his wife, Kay Miss Rollings, who never leaves her bed Mr. Tucker, Miss Rollings' personal assistant, a kindly voodoo practitioner whom Louis hires to help him find love A conspiracy theorist preacher, whose shtick owes a great deal to...","",""
"985939","Fall","2022","For best friends Becky and Hunter, life is all about conquering fears and pushing limits. But after they climb 2,000 feet to the top of a remote, abandoned radio tower, they find themselves stranded with no way down. Now Becky and Hunter's expert climbing skills will be put to the ultimate test as they desperately fight to survive the elements, a lack of supplies, and vertigo-inducing heights.  [PLOT] Plot Best friends Becky Connor and Shiloh Hunter are climbing a mountain with Becky's husband Dan, who is startled by a bat and falls to his death. A year later, Becky has given up climbing and become a recluse contemplating suicide. She has estranged herself from her father James, because he thinks Dan would not have grieved as she has if the situation were reversed. Just before the anniversary of Dan's death, Shiloh invites Becky to climb the decommissioned 2,000-foot (610 m) B-67 TV Tower in the desert before it is demolished. Shiloh suggests she scatter Dan's ashes from the top as a form of healing. A reluctant Becky accepts, hoping to finally move on from Dan's death. The next day, Shiloh and Becky arrive and climb several severely corroded ladders to a tiny platform at the top of the tower, where Shiloh goads Becky into momentarily free-hanging off the platform, while Shiloh records for her YouTube channel. Becky scatters Dan's ashes. As the two begin their descent, the ladder breaks. Becky falls but is caught by a rope connecting her to Shiloh. Shiloh pulls Becky back up and they realize they are now stranded hundreds of feet above the next intact ladder. Becky's thigh has also been cut. Their backpack with their water and a small quadcopter drone falls onto a communications dish below them. Despite the remote location, Shiloh is confident that someone heard the crash of the ladder, but help does not arrive. They try to use their cellphones, but radio interference from the communications dish blocks the signal. Shiloh sends a message for help to her Instagram followers by packing her phone in a shoe and dropping it outside the range of the interference. The pair notice a man and his dog but cannot get his attention. The man joins another man camping in an RV [ clarification needed ] nearby. They wait till night and use a flare gun found in an emergency box on the platform to alert the men. The men see the flare, but they steal Shiloh's car and drive off. The pair realize Shiloh's phone dropped in the shoe must have been smashed as still no help has come. Becky notices a tattoo on Shiloh's ankle: ""1-4-3"", a code Dan used to say ""I love you"" to Becky. Shiloh tearfully admits to a four-month affair that ended before Becky and Dan's wedding. The next day, Shiloh climbs down using the rope to retrieve the backpack with water but nearly falls. Shiloh injures her hands but successfully ties the rope to the bag, and Becky uses all her strength to pull both...","",""
"986056","Thunderbolts*","2025","After finding themselves ensnared in a death trap, seven disillusioned castoffs must embark on a dangerous mission that will force them to confront the darkest corners of their pasts.  [PLOT] Plot In Kuala Lumpur , Yelena Belova destroys a laboratory on behalf of CIA director Valentina Allegra de Fontaine , who is attempting to destroy any evidence of her involvement with the O.X.E. Group 's ""Project Sentry"". As de Fontaine faces imminent impeachment for her work with the O.X.E. Group, she dispatches Yelena, John Walker , Ava Starr , and Antonia Dreykov —all operatives who have worked for her—to a covert O.X.E. facility with orders to kill each other. In the ensuing fight, Ava kills Antonia while an amnesiac man named Bob is released from a suspended animation pod in the room. After realizing that they were sent by de Fontaine to be incinerated along with any evidence of her misconduct, they work together to escape from the trap. Upon coming into physical contact with Bob, Yelena and Walker briefly experience visions of some of their worst memories. De Fontaine learns that the group has survived and that Bob was a presumed-dead volunteer in the Sentry trials. When she arrives at the site, Bob creates a diversion by drawing enemy fire, allowing Yelena, Walker, and Ava to escape. Bob sustains no injuries upon being shot, uncontrollably ascends into the air, crash-lands back at the compound, and is captured and transported to the former Avengers Tower in Manhattan , now renamed the ""Watchtower"". De Fontaine intends to introduce Bob to the press as a superpowered protector akin to the Avengers , hoping the PR stunt will avert her impeachment. Meanwhile, Yelena's father-figure Alexei Shostakov , who overheard details of de Fontaine's plot while working as a freelance chauffeur, rescues Yelena, Walker, and Ava. Walker refers to the group as the "" Thunderbolts "", inspired by Yelena's childhood soccer team. Congressman Bucky Barnes is tipped off about what has happened by de Fontaine's assistant Mel. He captures the Thunderbolts and intends to have them testify in the impeachment proceedings. When Mel expresses concern about Bob, Barnes takes the group to New York City to infiltrate the Watchtower. The Thunderbolts discover that de Fontaine has convinced Bob to join her and become the superhero ""Sentry"". Bob easily overpowers the Thunderbolts, but he ignores de Fontaine's order to kill them and allows them to retreat, believing that they are not a threat to him. Developing a god-like delusion of superiority, Bob turns on de Fontaine and is incapacitated by Mel using a failsafe kill switch . This triggers the emergence of the Void , Bob's destructive...","",""
"987573","Believers","2022","On a small island somewhere near Japan, three cult members have devoted themselves to the ""Deserted Island Program"". Calling each other by rank, these people-two men and one women-have been chosen by their superiors to throw off the corrupt influence of modern society and ""purify"" themselves. But as time passes two of the members begin to give into human desire.  [PLOT] Plot After his wife Lisa dies from an accidental electrocution, psychologist Cal Jamison relocates with his young son, Chris, from Minneapolis to New York City , where Cal begins working as a police psychologist for the New York City Police Department . The city has been plagued by a series of brutal, ritualistic child murders. The first victim is a young boy found murdered in an abandoned movie theater. A policeman named Tom Lopez frantically phones in the discovery of the body, and claims the crimes are being committed by members of a Hispanic cult practicing a malevolent version of brujería . Cal is appointed to examine Tom, who raves about the cult's powerful leader. A second victim is found eviscerated on a makeshift altar beneath a dock in Staten Island . Cal begins to inquire about brujería to Carmen, his housekeeper and nanny, who practices a benevolent form of it, leaving protection charms in the apartment for Cal and Chris. The following day, Tom, paranoid and being followed by mysterious men, stabs himself to death in a diner. Later, Cal and his new girlfriend, Jessica, attend a party where a mysterious Caribbean man, Palo, attempts to steal a necklace from Jessica; shortly before, Jessica had left her compact in the bathroom, and unbeknownst to Jessica, Palo rubs the pad with his fingers. When Cal returns home, he finds Carmen performing a ritual on Chris, and angrily throws her out of the house, despite the fact that she assures him she is attempting to protect him. Chris accompanies his affluent Aunt Kate and Uncle Dennis on a trip to stay at their country home. Meanwhile, Cal and Jessica consult Oscar Sezine, a friend of Tom's, who believes the cult is planning a ritualized murder for the summer solstice in four days time. Oscar performs a purification ritual in an attempt to ensure the safety of Chris, whom he worries may be targeted as a sacrifice for the solstice. The next morning, Jessica finds a boil on her face and falls ill. Before departing to reunite with Kate, Dennis, and Chris in the country, Cal receives a frantic phone call from police lieutenant Sean McTaggert. Cal arrives at McTaggert's apartment, finding it in disarray, and McTaggert seated with a gun, rambling in a paranoid manner. He shows Cal a photo and secret file he uncovered documenting elite businessman Robert Calder's ritual murder of his own son. Cal leaves with the file at McTaggert's insistence. After he leaves, McTaggert commits suicide. Meanwhile, Jessica has a...","",""
"988716","Naadi Dosh","2022","New generation love birds, Riddhi and Kevin, shrewdly tackle the issue of 'Naadi Dosh', an old and dogmatic faith.  [PLOT] Plot .mw-parser-output .ambox{border:1px solid #a2a9b1;border-left:10px solid #36c;background-color:#fbfbfb;box-sizing:border-box}.mw-parser-output .ambox+.mw-empty-elt+.ambox,.mw-parser-output .ambox+.mw-empty-elt+.mw-empty-elt+.ambox,.mw-parser-output .ambox+.mw-empty-elt+.mw-empty-elt+.mw-empty-elt+.ambox{margin-top:-1px}html body.mediawiki .mw-parser-output .ambox.mbox-small-left{margin:4px 1em 4px 0;overflow:hidden;width:238px;border-collapse:collapse;font-size:88%;line-height:1.25em}.mw-parser-output .ambox-speedy{border-left:10px solid #b32424;background-color:#fee7e6}.mw-parser-output .ambox-delete{border-left:10px solid #b32424}.mw-parser-output .ambox-content{border-left:10px solid #f28500}.mw-parser-output .ambox-style{border-left:10px solid #fc3}.mw-parser-output .ambox-move{border-left:10px solid #9932cc}.mw-parser-output .ambox-protection{border-left:10px solid #a2a9b1}.mw-parser-output .ambox .mbox-text{border:none;padding:0.25em 0.5em;width:100%}.mw-parser-output .ambox .mbox-image{border:none;padding:2px 0 2px 0.5em;text-align:center}.mw-parser-output .ambox .mbox-imageright{border:none;padding:2px 0.5em 2px 0;text-align:center}.mw-parser-output .ambox .mbox-empty-cell{border:none;padding:0;width:1px}.mw-parser-output .ambox .mbox-image-div{width:52px}@media(min-width:720px){.mw-parser-output .ambox{margin:0 10%}}@media print{body.ns-0 .mw-parser-output .ambox{display:none!important}} This article's plot summary needs to be improved . Please help do so . Relevant discussion may be found on the talk page . ( August 2025 ) ( Learn how and when to remove this message ) New generation love birds, Riddhi and Kevin, shrewdly tackle the issue of 'Naadi Dosh', a mismatch or 'dosh' amongst two astrological charts of individuals which may cause issues after marriage.","",""
"989730","Mononoke the Movie: The Phantom in the Rain","2024","In the chambers of the Edo harem, two newcomers uncover political intrigue, rivalry and a vengeful spirit only one traveling medicine seller can vanquish.","",""
"991494","The SpongeBob Movie: Search for SquarePants","2025","Desperate to be a big guy, SpongeBob sets out to prove his bravery to Mr. Krabs by following The Flying Dutchman – a mysterious swashbuckling ghost pirate – on a seafaring adventure that takes him to the deepest depths of the deep sea, where no Sponge has gone before.  [PLOT] Plot SpongeBob SquarePants finds that he has grown tall enough to ride an intense roller coaster, but is too afraid to do so. He aspires to be as brave as Mr. Krabs , who tells him that he was a swashbuckler in his youth. Upon discovering Mr. Krabs' secret basement containing his pirate relics, he unintentionally summons The Flying Dutchman , a ghost pirate who was cursed to eternally roam the Underworld until he can swap places with an innocent soul. Deeming SpongeBob the soul he needs to return to mortality, he invites him and his best friend Patrick Star into his crew and promises to help SpongeBob become a swashbuckler. Mr. Krabs, regretting having told SpongeBob that he is not brave, follows suit with Squidward Tentacles and Gary the Snail to rescue the duo. The Dutchman informs SpongeBob that he must complete a series of dangerous trials and blow the Dutchman's horn in order to become a swashbuckler. SpongeBob overcomes the challenges with ease by doing what he believes Mr. Krabs would do. The Dutchman grows annoyed by Patrick's childish distractions, and convinces a reluctant SpongeBob to abandon him. When Mr. Krabs catches up with SpongeBob, the Dutchman forces him to admit that he was not a swashbuckler, but rather a fry cook who enjoyed blowing bubbles for which he was humiliated. Convinced by the Dutchman that Mr. Krabs lied to and does not believe in him, SpongeBob blows the Dutchman's horn, which swaps the curse from the Dutchman to SpongeBob and Mr. Krabs, who become bearded ghosts. The Dutchman becomes a human, regains his mortality, and spends his time in Santa Monica, California . The Dutchman betrays and leaves behind his assistant Barb, who then has a change of heart to tell SpongeBob and Mr. Krabs that they need to destroy the horn before sunset to reverse the curse. After reconciling with Patrick, SpongeBob goes up with Mr. Krabs to the surface. They attempt to steal the horn, only for Dutchman to catch them and flee onto a roller coaster, believing SpongeBob is too cowardly to follow. Mr. Krabs encourages SpongeBob to embrace himself and use his bubble-blowing skills to his advantage. SpongeBob gains the courage to climb the ascending roller coaster vehicle and trap the horn within a bubble, which he pops to drop the horn to the ground and destroy it. The curse is reversed, and the Dutchman is demoted to kitchen duty for his actions while Barb takes his place as captain. Mr. Krabs celebrates SpongeBob for his bravery before they...","",""
"991814","Re/Member","2022","Six high schoolers stuck in a murderous time loop must find the scattered remains of an unknown victim to break the curse and finally see another day.","",""
"992482","The Present","2016","Sora, a young Romanian makes a living by cleaning the metro stations of Paris at night. She lives far away from her daughter in Romania, as whose birthday is approaching, she has to make a decision.  [PLOT] Plot In 1975 in Chicago , a young Michelle Darnell returns to the orphanage she was adopted from. She bounces between the orphanage and other homes within 5–10 years later until her sadness turns into rage and realises that she will succeed on her own. In the present, Michelle is the CEO of three Fortune 500 companies, guru and best-selling author of self-help books and is the 47th wealthiest woman in the US. After a successful event at the United Center , Michelle and her nemesis/former lover Renault (originally named Ronald) face off about a recent stock deal Michelle made in which she had acquired the stock due to insider trading so is turned into the SEC by Renault as revenge. Following a disastrous interview with Gayle King , Michelle is arrested for insider trading and sent to prison for five months. Her companies are taken over by Renault and all her assets are seized and frozen by the government. When released, Michelle finds her home foreclosed so seeks out her former assistant Claire, with whom she stays until she gets back on her feet. After Michelle gets no help from former colleagues she subsequently insults, she is soon inspired by Claire's young daughter Rachel. She sells Dandelion Scout cookies, which the entrepreneur notices the profit the organisation makes a year. Michelle decides to start her own company, ""Darnell's Darlings"", by selling Claire's homemade brownies, bringing in Claire as a partner. Recruiting girls from the Dandelions and other students, the Darlings are successful in selling brownies in competition with the Dandelions, which leads to a street fight between the two groups. Michelle, Rachel and Claire grow closer together, with Michelle inspiring Claire to quit her job and go on a date with her former fellow coworker Mike, while growing close to Rachel as the company grows. Michelle, having brought in her former mentor Ida Marquette as an investor in the company, is spooked at a celebratory dinner when she receives a handmade gift from Rachel who declares the three as a family due to her own personal background of abandonment. Michelle, overwhelmed, distances herself from Rachel and Claire's lives. She begins making big business decisions without Claire's involvement and the two clash after Michelle mistakenly believes that Claire has sold out the company to Renault. In return, Michelle sells the company to Renault. However, she soon returns to Rachel and Claire, feeling regretful, and apologises, revealing that during...","",""
"993377","Cross-Country Drive","2016","Anton and his friends strand in the middle of nowhere after their car breaks down. The boys are killing time waiting for the fix up, when an innocent game takes an unexpected turn. Anton is left with a strong sense of unease, searching his soul to find closure.  [PLOT] Plot In 1986, five-year-old Saroo lives with his elder brother, Guddu; his baby sister, Shekila; and his mother in Khandwa , Madhya Pradesh, India. Saroo accompanies Guddu to work, and they arrive at a nearby train station, where Saroo falls asleep on a bench and is unable to find Guddu upon waking. He searches for him on an empty train, only to fall asleep in one of the compartments and wake later to find the train in motion and the doors locked. After several days, the train arrives in faraway Calcutta , where Saroo does not understand the local Bengali language . He tries to obtain a ticket home, but the attendant does not recognise the name of his village, which Saroo says is ""Ganestalay"". [ 1 ] He spends the night in the station with some street children and flees when a group of men tries to kidnap them. Saroo wanders around the city before meeting Noor, a seemingly friendly woman who takes him back to her apartment and tells him that a man named Rama will help him find his way home. Saroo escapes, sensing that Noor and Rama have sinister intentions, and evades Noor when she chases him. After two months of living near the Howrah Bridge , Saroo is taken to the police and placed into an orphanage when authorities are unable to find his family. An advertisement about Saroo is placed in local newspapers. No one responds, but an Australian couple has become interested in adopting him. Saroo is taught basic English and moves to Hobart , Tasmania, in 1987, under the care of Sue and John Brierley. A year later, the Brierleys adopt another boy, Mantosh, who has trouble adjusting to his new home and suffers from rage and self-harm . Twenty years later, Saroo moves to Melbourne to study hotel management and starts a relationship with an American student, Lucy. When asked where he's from, he responds that he's from Calcutta. During a meal with some Indian friends at their home, Saroo recognises the jalebis , a dish that he had loved as a child. He reveals that he is not from Calcutta and was separated from his birth family more than 20 years earlier. His friends suggest he use Google Earth to search for his hometown. Saroo begins to do research and becomes obsessive and withdraws from Lucy and his adoptive family, without telling the latter about his search for his biological family. Eventually, after hearing his adoptive mother is not doing well because he has pulled away and Mantosh (who has substance abuse issues) has gone missing, Saroo visits her to...","",""
"993400","Work for One Day","2015","Film observes the daily routine at an official day labourers' office in Berlin Neukölln. A magnifying lens of modern day working society, as a documentary chamber play.  [PLOT] Plot In Chandler, Arizona , FBI special agents Kate Macer and Reggie Wayne lead a raid on a Sonora Cartel safe house, where they discover dozens of decaying corpses hidden in the walls. Outside, an explosive booby trap kills two police officers. Following the raid, Kate is recommended for and joins a joint task force overseen by CIA SAC officer Matt Graver and the secretive Alejandro Gillick, a Mexican prosecutor turned CIA-trained assassin . Their mission is to flush out and apprehend Sonoran lieutenant Manuel Díaz, currently operating and hiding in the United States. The team, which includes Delta Force operators, Deputy US Marshals , and CIA personnel, travels to Ciudad Juárez , Mexico, to extradite Díaz's brother, Guillermo. While crossing the El Paso–Juárez border, the team is ambushed by low-level cartel hitmen, whom the Americans swiftly kill. During the gunfight, Kate is forced to kill a Federal Police officer in self-defense , and is left visibly horrified by the violence. Back in the U.S., Alejandro tortures Guillermo and learns that the cartel uses a tunnel near Nogales, Sonora , to smuggle drugs . Meanwhile, Kate confronts Matt, who reveals that the real mission is to disrupt Díaz's drug operations so he can lead them to his boss, drug lord Fausto Alarcón. Unnerved, Kate asks Reggie to join her for support. The task force raids a bank used to launder Díaz's money. After finding financial evidence, Kate and Reggie want to file a lawsuit against Díaz but are ordered to stand down to avoid jeopardizing the operation. At a bar, Reggie introduces Kate to Ted, a Phoenix Police officer. Kate and Ted become intimate at her apartment, but she realizes Ted is working with the cartel. In the ensuing struggle, Ted begins to strangle Kate before Alejandro appears and subdues him. Alejandro and Matt brutally beat and threaten Ted to coerce him into revealing the names of other officers working for Díaz. After the team learns that Díaz has been recalled to Mexico, they prepare to raid the tunnel near Nogales. Matt reveals to Kate and Reggie that their involvement is a technical necessity as the CIA is not allowed to operate alone within U.S. borders. An angered Reggie tells Kate they should leave, but she insists on staying to learn about the mission's true purpose. As a gunfight with the cartel begins, Kate follows Alejandro into Mexico. She sees him abduct Silvio, a corrupt Sonoran police officer working as one of Díaz's drug mules . Kate attempts to...","",""
"993427","Nomads","2016","Nomads tells a moment from a couple's journey. Always left to chance, they are stranded at a motorway junction with no prospect of progress. In search of a campsite, they go to a remote point on the outskirts.  [PLOT] Premise The story centers on Susan, a documentary filmmaker, who is making a picture about subway suicides. [ 1 ] ^ .mw-parser-output cite.citation{font-style:inherit;word-wrap:break-word}.mw-parser-output .citation q{quotes:""\""""""\""""""'""""'""}.mw-parser-output .citation:target{background-color:rgba(0,127,255,0.133)}.mw-parser-output .id-lock-free.id-lock-free a{background:url(""//upload.wikimedia.org/wikipedia/commons/6/65/Lock-green.svg"")right 0.1em center/9px no-repeat}.mw-parser-output .id-lock-limited.id-lock-limited a,.mw-parser-output .id-lock-registration.id-lock-registration a{background:url(""//upload.wikimedia.org/wikipedia/commons/d/d6/Lock-gray-alt-2.svg"")right 0.1em center/9px no-repeat}.mw-parser-output .id-lock-subscription.id-lock-subscription a{background:url(""//upload.wikimedia.org/wikipedia/commons/a/aa/Lock-red-alt-2.svg"")right 0.1em center/9px no-repeat}.mw-parser-output .cs1-ws-icon a{background:url(""//upload.wikimedia.org/wikipedia/commons/4/4c/Wikisource-logo.svg"")right 0.1em center/12px no-repeat}body:not(.skin-timeless):not(.skin-minerva) .mw-parser-output .id-lock-free a,body:not(.skin-timeless):not(.skin-minerva) .mw-parser-output .id-lock-limited a,body:not(.skin-timeless):not(.skin-minerva) .mw-parser-output .id-lock-registration a,body:not(.skin-timeless):not(.skin-minerva) .mw-parser-output .id-lock-subscription a,body:not(.skin-timeless):not(.skin-minerva) .mw-parser-output .cs1-ws-icon a{background-size:contain;padding:0 1em 0 0}.mw-parser-output .cs1-code{color:inherit;background:inherit;border:none;padding:inherit}.mw-parser-output .cs1-hidden-error{display:none;color:var(--color-error,#bf3c2c)}.mw-parser-output .cs1-visible-error{color:var(--color-error,#bf3c2c)}.mw-parser-output .cs1-maint{display:none;color:#085;margin-left:0.3em}.mw-parser-output .cs1-kern-left{padding-left:0.2em}.mw-parser-output .cs1-kern-right{padding-right:0.2em}.mw-parser-output .citation .mw-selflink{font-weight:inherit}@media screen{.mw-parser-output .cs1-format{font-size:95%}html.skin-theme-clientpref-night .mw-parser-output .cs1-maint{color:#18911f}}@media screen and (prefers-color-scheme:dark){html.skin-theme-clientpref-os .mw-parser-output .cs1-maint{color:#18911f}} ""Nómadas | Rotten Tomatoes"" . www.rottentomatoes.com . Retrieved October 8, 2025 .","",""
"993708","The Threesome","2025","Connor has a threesome with his long-time crush Olivia and an alluring stranger named Jenny. It surprisingly serves as the spark to a full blown relationship with Olivia, until both women end up pregnant and all three are thrust into a difficult journey toward new realities that none of them could have expected.  [PLOT] Plot Thirty-year-old sound engineer Connor has feelings for his sardonic friend Olivia, who is averse to feelings and commitment and is in a casual sexual relationship with a married man, Kevin. Their mutual friend, Greg, encourages Connor to approach a young woman who had been stood up for a date, who turns out to be Jenny, a graduate student still living with her parents. After Olivia jealously inserts herself into their flirtation, the three go drinking and dancing together, culminating in a threesome . In the morning, Olivia panics over her emotional interest in Connor and leaves. Despite his feelings for Olivia, Connor has sex with Jenny. He then finds Olivia and convinces her to give their relationship a chance. Their first date goes well, and they share a blissful six weeks as a loving couple. Olivia soon discovers she is pregnant, and deduces that it must be Connor's, as Kevin has had a vasectomy . Despite her initial uncertainty, Connor's elation at the news leads the couple to assert their mutual love and begin happily planning their future together. Jenny arrives and reveals that she is also pregnant by Connor, and intends to keep the baby. Olivia is devastated to learn that Jenny's pregnancy is the result of Connor's solo tryst with Jenny a mere hour before he asked Olivia out. Deciding that she cannot have a future with Connor as long as Jenny is involved, Olivia ends their relationship and resolves to get an abortion . Despite mourning the future he envisioned with Olivia, Connor insists on supporting her by driving her to her out-of-state appointment. His compassionate behavior throughout the trip reignites Olivia's feelings for him, and she backs out of the procedure. On the drive back, Connor sees a text message from Kevin, with whom she had a one-night stand in the wake of her and Connor's breakup. Hurt that Olivia slept with someone else instead of trying to work things out with him, Connor breaks up with her. Connor begins supporting Jenny more, causing conflict when he obliviously does insensitive things like taking her to Olivia's doctor instead of finding a new one. When Connor learns that Jenny has been dishonestly telling her parents that Connor is her boyfriend, he goes along with the charade. Though tempted by the prospect of a simple, uncomplicated life with a devoted, conventional wife like Jenny, Connor cannot get past his infatuation with Olivia. During an argument, Olivia asserts that the situation gives Connor bragging...","",""
"995133","The Boy, the Mole, the Fox and the Horse","2022","The unlikely friendship of a boy, a mole, a fox and a horse traveling together in the boy's search for home.  [PLOT] Plot The Boy is lost in the winter wilderness, where he meets the friendly Mole who offers to help him find his way. The Boy is searching for a home, which he has never had before. While exploring the wilderness, they encounter a river and decide to follow it until they find a village. They are then hunted by a hungry Fox, but are able to hide in a tree until the Fox leaves. After hearing it in distress, however, they search and find the Fox tied to a trap. The Fox threatens the Mole, but despite his fear, the Mole compassionately rescues the Fox who departs in shame. The next morning, the two head back to the river, but the Mole accidentally falls into it and is swept away. The Fox chases after the Mole, and though the Boy fears for his life, the Fox saves the Mole instead. The Boy and the Mole continue on the journey, with the Fox following them at a distance. Eventually, they encounter the Horse, who is an outcast from the rest of his kind. The group all become friends and explore the themes of humanity, empathy, and compassion. The Boy later sees village lights, and hopes that he is close to finding a home, but he loses sight of the village in the daytime. The Horse reveals that he is actually a pegasus , which incited envy from the other horses, but his friends accept him for who he is. The group fly together on the Horse's back until they can relocate the village. The group say their goodbyes to the Boy, but he decides to not go to the village, declaring that home is wherever loved ones are. The friends stick together and look up at the stars.","",""
"995926","I, the Executioner","2024","The veteran detective Seo Do-cheol and his team at Major Crimes, relentless in their pursuit of criminals, join forces with rookie cop Park Sun-woo to track down a serial killer who has plunged the nation into turmoil.  [PLOT] Plot Detective Seo Do-cheol's Violent Crimes Investigation Unit raids an illegal gambling den. Soon after, a viral video surfaces showing a masked killer executing a disgraced art professor who raped a female student, leading to her suicide. The police realize this is part of a disturbing pattern. Each victim was a perpetrator in a past crime, killed in the same way their victim had suffered. As similar killings emerge, the police suspect a serial killer is targeting those who escaped justice. A popular YouTuber named ""Editor Justice"" covers the murders, dubbing the killer ""Haechi"" and framing them as a vigilante exposing flaws in the legal system. Public support for Haechi grows after more videos go viral, including a warning that ex-convict Jeon Seok-woo, who killed a pregnant woman in a drunk driving incident, is the next target. Despite public outrage, Seo's team is ordered to protect Jeon. They succeed in moving him to a safe house , where rookie officer Park Sun-woo stands out for his strength, politeness, and suspicious behavior. Tensions rise as Sun-woo grows increasingly involved with the team. He meticulously secures the safe house, but Jeon escapes and is later found dead. Meanwhile, a staged confrontation on live stream at Namsan goes wrong when Sun-woo brutally assaults a man he wrongly believes to be Haechi. The man turns out to be an actor hired by Editor Justice for content. As the real investigation continues, suspicion begins to fall on Sun-woo, especially after more signs point to someone with martial arts skills and knowledge of police operations. Another suspect, Min Kang-hoon, a traumatized former soldier, emerges after killing a biker gang with his car. After a violent chase and rooftop fight, Kang-hoon is nearly killed by Sun-woo using an extreme jiu-jitsu hold, but the police intervene just in time. Though Kang-hoon is arrested, forensic evidence suggests Jeon was killed by someone using leg-based choking techniques. Seo recalls a video of Sun-woo using that same move. He begins to suspect that Haechi has been in his team all along. As Seo investigates, Sun-woo kidnaps Editor Justice and sets a trap, forcing Seo to choose between saving his son or another innocent woman. The detective team rescues Seo's son just in time. Seo then confronts Sun-woo in a brutal final showdown, where Sun-woo nearly kills him before Seo turns the tables. As paramedics arrive, Seo revives him, insisting he live to face justice. Later, Seo shares a...","",""
"998846","Back to Black","2024","The extraordinary story of Amy Winehouse’s early rise to fame from her early days in Camden through the making of her groundbreaking album, Back to Black that catapulted Winehouse to global fame. Told through Amy’s eyes and inspired by her deeply personal lyrics, the film explores and embraces the many layers of the iconic artist and the tumultuous love story at the center of one of the most legendary albums of all time.  [PLOT] Plot In 1964, under the glow of a supermoon on a rainy night, three people—Ganesh and Lalitha, a couple who have eloped to marry and their friend, Manohar—travel together by car. Manohar appears to support their union, but in reality, he harbors sinister intentions and is secretly in love with Lalitha. Along the way, they encounter a mud-stuck cart, blocking their path carrying a heavy angel statue, far too heavy for a single person to move. After maneuvering past it, they reach Manohar's beach house and settle in for the night. Later, Manohar gets drunk and gets his pistol from his car. As he tries to creep toward the couple's room from his car, intending to kill them, he witnesses the lights in his beach house and the street flickering. But before he can act, an impulsive noise startles him, and he walks toward the street, away from his beach house. A gunshot rings out from the house, and when he bursts into the room where his friends are sleeping, he finds them dead. Horrified, he tries asking a barely alive Ganesh about the killer, only to realize the terrifying truth of who it is. 60 years later, in the present day, Vasanth and Aaranya, a married couple often at odds, try to navigate their relationship's rocky terrain. One night at a pub, Vasanth gets into a fight, leaving Aaranya deeply disappointed. To make amends, he proposes a vacation but Aaranya suggests a weekend trip to their new apartment in a quiet township. As they drive, they pass a statue from 1964 prominently erected along their route. Being the first residents in the apartment complex, they are alone for that night and they intend to stay with a single security guard on duty. According to the township promoters, the angel statue, rooted since 1964, remains in place due to a history of mysterious events thwarting relocation attempts, leading the church to deem it divinely intended to stay. They buy some supplies from a nearby store and settle in for the night. Their first abnormal encounters are mysterious painting gifted by a mysterious person and the absence of a security guard to open the main gateway. Vasanth and Aaranya retire for the day and when start to make love, the power goes off and the same impulse noise sounds again. With no one to switch on the power backup, they go to the parking area alone to turn it on. Aaranya sees some stranger in the nick of time but she cannot see anyone. She is however sure that someone is there. The events startle them further with the ringing of...","",""
"1000438","Emergency","2025","Based on true events that unfolded in 1975, the film chronicles incidents that took place under the leadership of Indira Gandhi, one of the most powerful women in Indian history.  [PLOT] Plot Following India's independence, Indira Gandhi rises within the Congress Party, initially positioned as a puppet by the Syndicate. She asserts her authority by opposing their stance on Operation Searchlight and engaging with global powers, gradually consolidating control with some support from the opposition. Her decisive leadership during the 1971 Indo-Pakistan War earns her nationwide popularity. However, a 1975 verdict by the Allahabad High Court invalidates her election, prompting her to declare a national emergency , citing threats to democracy. Civil liberties are suspended, the press is censored, and opposition leaders are jailed. Her son Sanjay Gandhi gains influence during this period, implementing controversial programs such as forced sterilizations and slum demolitions. On 15 August 1975, Indira prepared to end the emergency but backs down following the assassination of Sheikh Mujibur Rahman in Bangladesh . Eventually, after consulting with philosopher J. Krishnamurti and recognizing the harm caused, she lifts the emergency in 1977 and calls for elections, which result in a defeat for the Congress and her brief arrest. Years later, during a famine, she visits a neglected village and personally promises aid, restoring her public image and leading to her political comeback. The narrative follows her personal losses, including Sanjay Gandhi's death in a plane crash, and rising unrest in Punjab under Jarnail Singh Bhindranwale. Refusing to remove her Sikh bodyguards despite warnings, she is assassinated by them on 31 October 1984 . The film concludes with her final speech in Odisha, where she declares her life's purpose was not to rule India but to serve it.","",""
"1001835","Wifelike","2022","A grieving detective in the near-future hunts down criminals who trade artificial humans on the black market. In the fight to end AI exploitation, an underground resistance attempts to infiltrate him by sabotaging the programming of the artificial human assigned as his companion to behave like his late wife. She begins to question her reality as memories of a past life begin to surface in a world where nothing is as it seems.  [PLOT] Plot In the future, the company ""Wifelike"" creates expensive android replicas of dead women for their widowers. The companions are subservient to their respective owners while gradually developing consciousness. S.C.A.I.R., a group of militant activists, seek to destroy the company for their AI exploitation, seeing the companions as slaves. A branch of their group is committing terrorist acts to accomplish their mission; these supposedly involve stealing robots from their owners, reprogramming them, and using them to perform various crimes, including bombing buildings. The police cannot locate their leader, nicknamed ""the Ringmaster"". Seasoned agent William Bradwell works in finding stolen androids and returning them home. He orders one made to resemble his deceased love, Meredith. Once activated, the companion starts learning about Meredith to become more like her. According to William, Meredith used to be a S.C.A.I.R activist, until she fell in love with him, abandoned her cause, and married him. This is not the first time that William has gone through this process; previous iterations of his Meredith replica have already been stolen by S.C.A.I.R. and recovered by him, with her memory of the experience being wiped every time. While becoming more like Meredith, William's companion starts dreaming about a masked man who claims to know her from before the last memory wipe. She also starts receiving visits from Louise, a member of S.C.A.I.R. who seems to have talked to the companion's previous iterations. Meanwhile, William discovers that some companions have voluntarily joined S.C.A.I.R. to escape their owners. One of them kills herself after William finds her, not wanting to lose her memory and return to her subservient life. After learning of his companions' dreams, William convinces his partner, Jack Doerksen, to help him get into the ""dreamscape"" that manages the companions and their thoughts to arrest the masked man, who claims to be the Ringleader. The two have a physical confrontation, but the companion disconnects him from the Dreamscape before he can strangle the Ringleader to death. Furious, William storms out of the room, refusing to explain to Jack why he lied to him about his intentions. William takes his companion to Wifelike to have her memory wiped again. Before being submitted to the procedure, the companion talks to other androids; most of them seem to be members of S.C.A.I.R. and recognize her as one of their own. According to them, she...","",""
"1002563","Gupchup","2022","Animesh experiences a dilemma, differentiating between love and infatuation. A chain of events brings some twists and turns in his quest for true love.","",""
"1002780","Kamen Rider Geats × Revice: Movie Battle Royale","2022","Geats, Revice, and Ryuki wage a fierce battle royale that transcends beyond the Heisei and Reiwa eras.","",""
"1005321","Action!","2021","Aspiring filmmaker So Yee is working part-time on a movie set. There, she runs into Kyung Min, her ex-girlfriend and the lead actor of the one movie she has made. So Yee tries to avoid Kyung Min, but it is hard to do so while being a camera assistant. A short film about avoiding ex-girlfriends, trying to read the director's mind, and struggling to eat at the movie set.  [PLOT] Plot Hutch Mansell sits inside an interrogation room, heavily bruised and injured. Two FBI agents interrogate him about his identity; Hutch responds that he is simply ""nobody"". In a flashback, Hutch leads an ordinary, mundane life as an office worker with his emotionally estranged wife Becca, teenage son Brady, and young daughter Sammy. One night, two thieves break into their house with a gun. Brady and Hutch confront them, but Hutch does not attack them despite being armed with a golf club, and the thieves depart with Hutch's watch and some loose cash. Everyone thinks Hutch is a failure for not fighting, but he reveals to his brother Harry that he held back because he knew the burglar's gun was unloaded. His brother-in-law, Charlie, offers Hutch a gun for protection, which he initially refuses. Hutch offers to buy out his father-in-law Eddie's business, but Eddie considers it a bad offer. The following evening, Sammy realizes her cat bracelet is missing, so Hutch sets out to find it. Suspecting one of the thieves took it when they grabbed the cash from a bowl, he tracks them down. He recognizes one by a wrist tattoo and demands they return the bracelet, but leaves after realizing they do not have it and were likely robbing to pay for their infant's medical bills. While on a bus heading home, a group of intoxicated thugs boards the bus and begins harassing a young woman; Hutch calmly but brutally fights them off. Unbeknownst to him, the group's leader, Teddy, is the brother of Yulian Kuznetsov, a Russian crime lord safeguarding the mob's obshchak money (a common treasury used to settle disputes in the Russian mafia ). During the fight, Hutch breaks Teddy's windpipe before performing a crude cricothyrotomy with a straw to allow him to breathe, but he falls into a coma and has permanent brain damage, enraging Yulian. Hutch returns home and is bandaged by Becca, who knows of his past. He vents his frustrations about living a mundane life to her before they reaffirm their love for one another. Meanwhile, Yulian manages to identify and locate Hutch using his dropped metro card , and sends a team of mobsters to his home to capture him while blackmailing a United States Department of Defense official to uncover Hutch's past. Harry calls Hutch to warn him of Teddy's connection to Yulian and suggests he check with the Barber, Hutch's former government handler. When the mobsters arrive, Hutch hides his family and kills most of the attackers, but is tased and...","",""
"1005331","Carry-On","2024","An airport security officer races to outsmart a mysterious traveler forcing him to let a dangerous item slip onto a Christmas Eve flight.  [PLOT] Plot Ethan Kopek, a TSA officer at LAX , has become cynical after being rejected from the police academy for concealing his father's criminal history. On Christmas Eve, his pregnant girlfriend Nora encourages him to reapply to pursue his dream. Instead, Ethan asks his supervisor Phil Sarkowski to assign him to manage a baggage-scanning lane , hoping to demonstrate his merit for a promotion. During his shift, Ethan receives an earbud , through which he is contacted by the ruthless mercenary the Traveler. He orders him to let a specific carry-on case pass through the scanner, or Nora will be killed. The Traveler's accomplice, the Watcher, remotely monitors Ethan, thwarting his attempts to alert the authorities, despite various calls to 911 that he makes on his watch and phone. He finally manages to write a secret warning to airport police officer Lionel, using invisible ink. However, before Lionel can act, the Traveler poisons him with aconitine , causing a fatal heart attack . Due to Ethan's seemingly erratic behaviour, his friend Jason takes over his position. The Traveler warns Ethan that he will kill Jason if necessary to execute his plan, so Ethan plants an alcoholic drink at his workstation, which (when discovered by the supervisor) results in Jason's removal. After replacing Jason, Ethan lets a man pass through with the carry-on case as instructed, and sees from his boarding pass that his name is Mateo Flores. The Traveler reveals that the suitcase contains Novichok , a lethal nerve agent . Meanwhile, LAPD detective Elena Cole investigates a double homicide (shown at the beginning) and discovers the victims had smuggled Novichok into the country. She alerts the DHS and connects the threat to Ethan's aborted 911 call. In response, a terminal-wide sweep is ordered, and Ethan, evading the Watcher's surveillance, secretly adds Mateo to the list of passengers flagged for inspection. However, the Traveler suspects Ethan's interference and confronts him in a restroom; in the resulting scuffle, Ethan seizes the Traveler's plastic gun , but the Traveler arms the Novichok bomb remotely via phone. Sarkowski detains Mateo for inspection, but Ethan interrupts, holding them both at gunpoint. Mateo fatally stabs Sarkowski after Ethan refuses to shoot him, before revealing that he, too, is being coerced; the Watcher is holding Mateo's husband Jesse hostage. With time running out, the Traveler guides Ethan to reset the bomb. Afterward, Mateo is ordered to kill Ethan,...","",""
"1006033","Good Daughter-in-law: Obscene Body","2018","The wife’s husband’s husband travels all year round. No matter the hostess or the hostess’s sexual desires are dissatisfied, the father-in-law in the family has always been attached to the body of the female body. Expose your underwear and enjoy the fun of being taken away. Finally, the lonely woman finally couldn't help it. She began to seduce her father-in-law. The father-in-law half pushed, the body defeated the cause, and the childbirth took place. Relationship, this relationship intensified, and the two began to take the opportunity to meet often...  [PLOT] Plot Caligula is the young heir to the throne of his great-uncle , Emperor Tiberius . After a blackbird flies into his room, interpreted by Caligula as a bad omen, a head of the Praetorian Guard , Naevius Sutorius Macro , tells Caligula that Tiberius has summoned him to Capri where the Emperor lives with his close friend Nerva , Caligula's dim-witted uncle Claudius , and Caligula's cousin (Tiberius's grandson) Gemellus . Caligula fears assassination but his sister and lover Drusilla persuades him to go. Caligula finds that Tiberius is showing signs of advanced venereal diseases and has become embittered with Rome and politics. The depraved Tiberius swims with naked youths and watches degrading sex shows involving deformed people and animals. Caligula observes with fascination and horror. Tensions rise when Tiberius tries to poison Caligula in front of Gemellus. Nerva commits suicide and Caligula tries to kill Tiberius but loses his nerve. Macro kills Tiberius to prove his loyalty to Caligula, witnessed by Gemellus. Caligula is proclaimed the new Emperor and proclaims Drusilla as his equal, to the apparent disgust of the Roman Senate . Drusilla, fearful of Macro's influence, persuades Caligula to get rid of him. Gemellus testifies at a mock trial that Macro murdered Tiberius, then has Macro's wife Ennia banished from Rome. After Macro is executed in a gruesome public game , Caligula appoints Tiberius's former adviser Longinus as his personal assistant while pronouncing the docile Senator Chaerea as the new head of the Praetorian Guard. Drusilla tries to find Caligula a wife among the priestesses of the goddess Isis , the cult they secretly practice. Drusilla rejects Caligula's marriage offers because they are siblings and he marries Caesonia , a priestess and notorious courtesan , after she bears him an heir. Caligula is popular with the masses but the Senate disapproves of his eccentricities. Caligula's true personality emerges when he jealously rapes both a virgin bride and her husband on their wedding day and orders Gemellus's execution to provoke a reaction from Drusilla. After discovering that Caesonia is pregnant, Caligula develops a severe fever. Drusilla nurses him back to health and Caesonia bears him a daughter, Julia Drusilla . During the celebration, Drusilla collapses with the same fever he had. Soon afterward, Caligula receives another ill omen in the form of a blackbird. Despite praying to Isis out of desperation, Drusilla dies and Caligula...","",""
"1006151","Deadline","2020","Sahil Patel, a Web Designer just lost his job due to financial crisis because of COVID-19. He gets a gig through a friend of his but it's pretty much impossible to complete the project because of short time span.  [PLOT] Plot In the midst of rain at 4:03am, Tom Cooper is parked outside of his ex-wife's house. He is in pain and consumes one tablet of hydrocodone . He then removes his wedding ring, tossing it with contempt into the back seat. Tom grabs a hammer, a can of gasoline , and breaks into the house where he kills his ex-wife and her boyfriend. He then sets the house aflame. It explodes as he drives away. A news report states that Tom had a history of substance abuse and violence, and a restraining order was placed on him by his ex-wife after 12 months of repeated domestic disturbances. The following morning, Rachel Flynn, a newly divorced single mother, drives her son Kyle to school during rush hour traffic. As she is running late to work, one of her clients fires her over the phone. She then honks at Tom's pickup truck, which is blocking traffic at a green light. He catches up to Rachel and tries to apologize, then asks for an apology in return, saying that he wants to ""hit reset"", and that ""people should apologize for anything they do wrong"". Rachel says that she has nothing to apologize for. In return, Tom promises to teach her ""what it means to have a bad day"". At the end of the road, Tom drives in front of Rachel and stops. He then drives away. Unsettled, she arranges to meet her friend Andy, who is also her divorce lawyer, at a diner. Tom tracks Rachel to a gas station and switches his phone with hers while she is inside paying for her gas. Rachel sees him outside and gets help from a customer who accompanies her back to her car. The customer gets Tom's license plate number but is then rammed by the truck, which leads him to getting hit and killed by another car. A chase ensues, during which Tom shows Rachel that he has her phone. He uses her daily planner to locate Andy at the diner. Before she can warn Andy, Tom beats and stabs him to death in front of everyone while being filmed by a customer. Tom tells Rachel over the phone that she must choose another one of her contacts to die next. He suggests her ex-husband, her mother, or Kyle. She instead names the client who fired her, then calls the police, who respond to the client's home while Rachel races to Kyle's school. Meanwhile, Rachel's brother Fred is at her home watching a news report about the diner incident. According to the report, Tom worked as middle manager of an auto plant , where he was fired just shy of his pension after suffering a bad injury. Due to the injury, he became addicted to...","",""
"1007734","Nobody 2","2025","Former assassin Hutch Mansell takes his family on a nostalgic vacation to a small-town theme park, only to be pulled back into violence when they clash with a corrupt operator, a crooked sheriff, and a ruthless crime boss.  [PLOT] Plot After failing to rob a traveller, a pig yaoguai tries to find employment at King's Cave, a settlement run by a powerful yaoguai, with help from his toad yaoguai friend. They are given the impossible task of cleaning a dirty cauldron with rags. Pig uses his bristles to shine it, but erases the calligraphy written on it by his boss's grandfather and the two are banished. The monk Tang Sanzang travels to retrieve the Tripitaka scrolls; it's said that eating a piece of Sanzang's flesh will grant a yaoguai immortality. Pig and frog decide to retrieve the scrolls first and plan to impersonate Sanzang's group. They are joined by an overly talkative weasel yaoguai and a cowardly stuttering gorilla yaoguai; toad is disguised as Sanzang, pig as Zhu Bajie , weasel as Sha Wujing , and gorilla as Sun Wukong . Toad is kidnapped by a tribe of dog yaoguai led by Black Dog and Yellow Dog, thinking that he is the real Sanzang. When the others arrive at their cave, Yellow Dog, frightened because he believes gorilla is the real Wukong, treats the group as honorable guests and gift them a bath and new clothes. Pig's group comes across a village terrorized by a rat yaoguai and Gorilla defeats him, they're rewarded with food and banners for their group. They stop by pig's home to offload the excess food and see pig's family. Pig's father teaches Weasel his ultimate technique, one that pig mentions frequently, a powerful ability but once used the yaoguai will revert to their original animal form. The real Sanzang's group arrive at the Dog yaoguai cave and wipe them out while Yellow Dog escapes. The group arrives at Little Thunderclap Temple, but it is full of yaoguai led by Yellow Brow . Mistaking them for the real Sanzang's group, Yellow Brow and his men disguise themselves as Buddha and his entourage. Seeing through their act, Pig's group is forced to flee to a nearby village. The villagers beg the group to save their children and Pig agrees, not realizing that the kidnapper is Yellow Brow. The group try to defend the villagers from Yellow Brow's yaoguai, but are beaten and exposed as frauds. Yellow Brow reveals his plan to eat the children to gain more power while Yellow Dog arrives and warns that a group of impostors are en-route, not realizing it is the real Sanzang. Yellow Brow offers them the chance to eat Sanzang's flesh if they help him, toad and pig accept while Weasel escapes and gorilla refuses. Gorilla is taken by guards to be executed, but is rescued by pig...","",""
"1008614","Pranaya Vilasam","2023","A revelation about a woman's old flame sends shockwaves through her family. Portrays love stories of different characters who are at different stages of their lives.","",""
"1011477","Karate Kid: Legends","2025","After a family tragedy, kung fu prodigy Li Fong is uprooted from his home in Beijing and forced to move to New York City with his mother. When a new friend needs his help, Li enters a karate competition – but his skills alone aren't enough. Li's kung fu teacher Mr. Han enlists original Karate Kid Daniel LaRusso for help, and Li learns a new way to fight, merging their two styles into one for the ultimate martial arts showdown.  [PLOT] Plot In the summer of 1985, [ a ] Mr. Miyagi tells then-adolescent Daniel LaRusso about the origins of Miyagi family karate and the relationship between the Miyagi and Han families. Mr. Miyagi's 17th-century ancestor, Shimpo Miyagi, ended up in China while fishing off the coast of Japan. The Han family took him in and taught him kung fu, which he used to develop Miyagi family karate upon his return to Okinawa . In 2023, Mr. Han is the revered shifu , master of a wuguan , kung fu school in Beijing. Among his students is his great-nephew, Li Fong. Li's mother is a doctor, who arrives to tell Li and Mr. Han that she has accepted a job in New York City and makes Li promise to stop practicing martial arts when his brother, Bo, was stabbed to death by a vengeful defeated opponent after a tournament a year prior. In New York, Li struggles to adjust at school and meets Mia Lipani, the daughter of former local boxing champion, Victor Lipani, who owns a pizza shop. As their friendship grows, they are confronted by Mia's aggressive ex-boyfriend, a local karate champion named Conor Day. After Conor punches Li in the face, his mother hires a tutor, Alan, who becomes his best friend. Li later confronts Conor at school, but he realizes that Conor is a more powerful fighter. Li tries a jumping, spinning kick called a ""dragon kick"", learned from Bo, but Conor counters and defeats him. One night, Li witnesses Victor being attacked by thugs sent by his creditor, O'Shea, who owns the karate dojo where Conor trains. Forced to intervene, Li defeats the attackers. Victor decides to return to boxing to pay his debt and save his pizzeria and asks Li to train him. During Victor's comeback match, the opponent, following orders from O'Shea, knocks him out with illegal blows, sending Victor to the hospital. Li, who is paralyzed by memories of Bo's death, fails to step in to help at the hospital, earning Mia's disappointment. Mr. Han arrives in New York to confront Li. Upon learning the truth, he encourages Li to return to martial arts to enter the upcoming Five Boroughs Tournament. Han visits Los Angeles to ask Daniel for help. Despite initially refusing, Daniel joins them in New York. Meanwhile, Victor recovers from his injuries, and Mia and Li mend their relationship which has budded into a romance. Li trains in kung fu from Mr. Han and Miyagi-Do karate from Daniel. Alan lends Li his rooftop garden as his makeshift training ground. Mr. Han and Daniel develop a new variation of the...","",""
"1011985","Kung Fu Panda 4","2024","Po is gearing up to become the spiritual leader of his Valley of Peace, but also needs someone to take his place as Dragon Warrior. As such, he will train a new kung fu practitioner for the spot and will encounter a villain called the Chameleon who conjures villains from the past.  [PLOT] Plot While Po helps his fathers—his biological father Li Shan and his adoptive father Mr. Ping—open their new restaurant, Master Shifu tells him that he must advance and become the Spiritual Leader of the Valley of Peace, which means Po can no longer be the Dragon Warrior and must find a suitable successor to take his place. However, Po struggles to choose the right candidate as he does not want to lose his status. Meanwhile, he stumbles upon a corsac fox bandit named Zhen trying to steal ancient weapons from the Jade Palace. Po outsmarts Zhen and sends her to prison, but a group of mine workers tells him that Tai Lung has returned from the Spirit Realm and destroyed an entire quarry. Zhen reveals that Tai Lung's return was masqueraded by a sorceress known as The Chameleon , who can shape-shift into any animal she wants as well as copying various kung fu skills simply by touching them. Po and Zhen join forces and travel to Juniper City to take down The Chameleon, unaware that Po’s fathers, worried that he will not stand a chance against her, are following them. After visiting a shifty tavern and fighting off the patrons, Po and Zhen soon arrive at Juniper City and are almost arrested, but they are able to escape thanks to the Den of Thieves, where they receive aid from Han, the den's pangolin leader and Zhen's old mentor. From there, Po and Zhen head to The Chameleon's lair until Po is captured. It is then revealed that Zhen has been acting as a double agent for The Chameleon, and was tasked to acquire Po's Staff of Wisdom, [ a ] which has the power to access the Spirit Realm. Po almost manages to escape, but The Chameleon, taking Zhen's form, fools him and throws him off a cliff, much to Zhen's horror. He nearly falls to his death but is rescued by the timely arrival of his fathers, who convince him that sometimes change can be good. Using the staff, The Chameleon summons every deceased kung fu master and steals their skills, including Po's past enemies; the real Tai Lung, Lord Shen , and General Kai . [ b ] After defecting for good, the guilt-stricken Zhen reunites with Po and apologizes for betraying him, but he refuses to back down from facing The Chameleon, so Zhen, Mr. Ping and Li head back to the Den of Thieves to convince them to help them save Po. As they battle The Chameleon's army of Komodo dragons , Po tries to reason with The Chameleon to no avail, although she does give the staff back to him as she no longer needs it. They battle one-on-one,...","",""
"1012165","Dear Love","2022","A crestfallen Varun, who is dejected in love, meets and falls in love with Preeti but fate has something else written in it.  [PLOT] Plot Six friends (Vinod, Jannath, Arjun, Shyam, Sajith and Amutha) are celebrating Vinod's birthday. Vinod is dared to wear a homemade superman costume while roaming the city. While celebrating in a club, the group get into a physical altercation with a passer-by who was livestreaming Vinod in the costume without his consent, leading to their arrests. The police officer mocks Vinod's tattoos, one of which reads '‘AMMA’' in Malayalam . Vinod is slapped by the interrogating officer for retaliating. Embarrassed by this, he tells Jannath that this was his most memorable birthday. Jannath struggles to be accepted by her conservative father, who disapproves of her relationship with Arjun; knowing that they won't get his blessing, the couple have a courthouse wedding. Arjun, Vinod, Shyam, and Sajith are aiming to earn financial backing for a health-based app that they are developing. While Shyam comes from a well-off family, he does not wish to join his family business of running a pub. Sajith comes from a financially struggling family; his minimal English and lack of social skills make it difficult for him to find job interviews. One night, while the group are partying at a club, Arjun spikes Vinod's drink, leading to Vinod, who was abstaining from alcohol that day due to his mother's death anniversary, shoving him. After leaving the club, he is followed by Amutha who confesses her love for him, however he does not reciprocate. Later on, Vinod visits Jannath at the medical practice she works in, and confesses to having many unresolved feelings about his mother's death. The pair have a heartfelt conversation. One morning, the group are unable to find Vinod who has left behind a letter revealing that he doesn't want to be searched and thanks them for the memories they created. Jannath initially believes that Vinod is playing a joke and is simply getting revenge on them for humiliating him on his birthday. However, the group are visited by police officers who take them in for questioning, and it becomes clear to the group that the situation is serious. The police suspect Vinod of being a thief, claiming that he has stolen ₹ 70 lakhs from a company he previously worked for. Jannath believes that the whole situation must be a misunderstanding, and Shyam is angered at being deceived by his alleged business partner. The group learn that Vinod did not record pieces of music that he claimed were his, and find out about many lies he had told them. They then go to Mumbai...","",""
"1012201","HAIKYU!! The Dumpster Battle","2024","Shoyo Hinata joins Karasuno High's volleyball club to be like his idol, a former Karasuno player known as the 'Little Giant'. But Hinata soon learns that he must team up with his middle school nemesis, Tobio Kageyama. Their clashing styles form a surprising weapon, but can their newfound teamwork defeat their rival Nekoma High in the highly anticipated 'Dumpster Battle', the long awaited ultimate showdown between two opposing underdog teams?  [PLOT] Premise .mw-parser-output .hatnote{font-style:italic}.mw-parser-output div.hatnote{padding-left:1.6em;margin-bottom:0.5em}.mw-parser-output .hatnote i{font-style:normal}.mw-parser-output .hatnote+.mw-empty-elt+.hatnote{margin-top:-0.5em}@media print{body.ns-0 .mw-parser-output .hatnote{display:none!important}} See also: Haikyu!! season 4 Karasuno High School and Nekoma High School face each other in an official match for the first time, in the third round of the Spring Nationals. The Dumpster Battle—a battle between the crows [ a ] and the wildcats [ b ] — begins. After numerous practice matches in the past year, Shoyo Hinata and Kenma Kozume finally get the chance to play against each other in a match that, if they lose it, cannot be replayed. Cite error: There are <ref group=lower-alpha> tags or {{efn}} templates on this page, but the references will not show without a {{reflist|group=lower-alpha}} template or {{notelist}} template (see the help page ).","",""
"1013185","Lonely Day","2022","A boy reaches his emotional limits when faced with a tough choice: deal with his recent grief, or face off against his tormenting bullies.  [PLOT] Plot He Fei and his wife Li Muzi are celebrating the first anniversary of their marriage at an island resort in the fictional Southeast Asian nation of Barlandia. When Muzi goes missing, the local police refuse to open an investigation, citing the lack of evidence of a crime. Two weeks later, He Fei angrily confronts the police and is thrown out of the station. However, a man named Officer Zheng, who is fluent in Chinese, expresses some sympathy towards him. He Fei wakes up the next day and finds an unknown woman in his room pretending to be Muzi. She possesses a fake passport with Muzi's name. He Fei summons Officer Zheng, only to find that photographs of Muzi on his phone have been replaced with photographs of the unknown woman. Moreover, the woman knows intimate personal details that only Muzi should know. He Fei goes to a book store to find surveillance footage of his wife, but the footage has been replaced to include the woman instead. At a bar, He Fei sees a news segment about a successful lawyer named Chen Mai, and hires her to prove that the unknown woman is not Muzi. Chen Mai finds evidence that the unknown woman is part of a criminal group who steals the identities of wealthy men's wives. Chen Mai notices that a car is following her and He Fei around Barlandia. She leads He Fei to a hideout where they find further evidence of the group's identity theft activities. As they exit the hideout, they are pursued by a mercenary who tries to kill them with a shotgun, but they successfully escape. Chen Mai then tracks down the local photographer who took photographs of He Fei and Muzi. The photographer demands money in exchange for testifying to the police. He Fei pays the photographer. On the way to the police station, Chen Mai accuses He Fei of hiding something from her. He Fei fires Chen Mai and tries to exit her jeep with the photographer. A sniper who was following them shoots and kills the photographer. He Fei decides to leave and return to China, but the unknown woman confronts him in his resort's room. The woman hits her own head with a glass bottle, whereupon security guards enter the room and arrest He Fei. He Fei wakes up strapped to a hospital bed while the unknown woman and a surgeon sign a form consenting for a lobotomy to be performed on him. After they leave, Chen Mai sneaks in disguised as a nurse. She explains that she has been framed for the murder of the photographer, and that her only goal is now to prove her own innocence by finding...","",""
