"tmdb_id","title","release_year","synopsis","themes","tones"
"290815","Court","2015","A sewerage worker's dead body is found inside a manhole in Mumbai. An ageing folk singer is tried in court on charges of abetment of suicide. He is accused of performing an inflammatory song which might have incited the worker to commit the act. As the trial unfolds, the personal lives of the lawyers and the judge involved in the case are observed outside the court.  [PLOT] Plot Parisian Romy ( Diane Kruger ) and her husband Richard ( Gilles Lellouche ) are vacationing in California. One night at a bar, Richard gets drunk and tries to rape Romy in their hotel room. She hits him on the head with a lamp in self-defense and escapes, believing she has killed him. She buys a car and flees, but later decides to turn herself in. While at the police station she learns that her husband is alive, but hospitalized. She visits him in the hospital, breaks up with him, and decides to remain in America. She hitchhikes to Las Vegas, where she meets a local named Charlene and tries to find work. She borrows her bunny costume to make money getting tourists to pay to be photographed with her and two Elvis impersonators . That night, Romy meets Diego ( Norman Reedus ). They sleep together, and later he slips his address under her door. When her friend evicts her, Romy travels to Diego's place in the California desert, near the Mexican border. She learns he is a California Park Ranger , and they form a relationship. Eventually Romy discovers that Diego is dying of cancer . He tries to push her away and tells her to leave, but meanwhile she discovers she is pregnant. Diego at first tells her to have an abortion, but relents and reconciles with her as his condition worsens. Romy remains with Diego until he dies, and later settles on his property with their child.","",""
"290859","Terminator: Dark Fate","2019","Decades after Sarah Connor prevented Judgment Day, a lethal new Terminator is sent to eliminate the future leader of the resistance. In a fight to save mankind, battle-hardened Sarah Connor teams up with an unexpected ally and an enhanced super soldier to stop the deadliest Terminator yet.  [PLOT] Plot In 1998, three years after the destruction of Cyberdyne Systems , [ a ] Sarah and John Connor have retreated to Livingston , Guatemala , where they are ambushed by a T-800 Terminator —one of several sent back through time by Skynet prior to its erasure—which kills John despite Sarah's efforts to protect him. In 2020, an advanced Terminator known as the Rev-9 is sent from the future to Mexico City to assassinate Dani Ramos. At the same time, a cybernetically enhanced soldier named Grace is sent from the year 2042 to protect her. The Rev-9, disguised as Dani's father, infiltrates the auto assembly plant where Dani and her brother Diego work but is intercepted by Grace, who escapes with the siblings. Using its ability to separate into a solid endoskeleton and a shape-shifting liquid exterior , the Rev-9 pursues them, killing Diego and cornering Grace and Dani. They are rescued by Sarah Connor, who temporarily disables both components of the Rev-9. Grace and Dani steal Sarah's vehicle to flee but are forced to stop when Grace suffers a metabolic crash due to her augmentations. After acquiring medicine from a pharmacy, they are confronted by Sarah, who leads them to a motel. There, Sarah explains that since John's death she has received encrypted messages pinpointing the arrivals of Terminators—each signed ""For John""—allowing her to intercept and destroy them. Grace reveals that in her timeline, Skynet and John never existed. Instead, an AI called Legion, developed for cyberwarfare , triggered a nuclear apocalypse after being deemed a threat to humanity. Legion created a machine army to exterminate the survivors, who formed a resistance. In this future, Dani is a central figure in humanity's struggle against Legion. Tracing the source of Sarah's messages to Laredo, Texas , the group evades both the Rev-9 and U.S. authorities while crossing the border . There, they encounter the same T-800 that killed John. Having completed its mission and with no Skynet to give it further instructions, the Terminator—now self-aware and calling itself ""Carl""—integrated into human society, forming a family and developing a conscience . Seeking redemption, Carl began sending Sarah the coordinates of time displacement events to give her purpose. He agrees to help them defeat the Rev-9, and Sarah reluctantly joins forces with him for Dani's sake. Anticipating the Rev-9's pursuit, Carl urges his adopted family to flee. The group obtains a electromagnetic pulse (EMP) device with...","",""
"291276","Unlocked","2017","After failing to apprehend the terrorist behind a Paris attack that claimed dozens of lives, CIA agent Alice Racine is forced to live in London as a caseworker. Her mentor unexpectedly calls her back into action when the CIA discovers that another attack is imminent. Alice soon learns that the classified information she's uncovered has been compromised...  [PLOT] Plot After a Paris operation fails on her watch, Central Intelligence Agency interrogation officer Alice Racine works undercover at a community centre in London . The area is known for Islamic extremism , and she passes on intel to the security services, including MI5 Intelligence Chief Emily Knowles. Racine's former station chief and mentor Eric Lasch tells her she should not feel guilty for the Paris deaths and needs to get back into the field. The CIA and MI5 learn that radical imam Yazid Khaleel plans a biological attack using Marburg virus on an American target on British soil in collaboration with American-born Islamic convert David Mercer. Frank Sutter, an officer from the CIA's London Station, tells Racine she has orders from Europe Division Chief Bob Hunter to help them interrogate and break Khaleel's captured courier, Lateef. In a hotel, Racine interrogates Lateef and coaxes the message he is to deliver to Mercer's representative. Before divulging the details of the message to Sutter, she receives a call from her handler, Ed Romley, who confusingly gives her the same mission brief as Sutter. Realising she has been tricked, Racine attempts to remove Lateef from their custody, but he dies during a gunfight. She retreats to Lasch's apartment, but operatives attack, and Racine witnesses Lasch's death. She escapes to a safe house owned by Lasch and apprehends burglar Jack Alcott, who is in the process of robbing the apartment. Restraining him in the bedroom, she contacts Hunter and Romley, who, despite claiming to believe her, per protocol, send SCO19 officers to apprehend her. After fighting two of the officers and being tasered , she is saved by Alcott and the two escape. When Alcott reveals he is a former Royal Marine who served in the Iraq War , Racine reluctantly allows him to accompany her. Racine seeks the help of Amjad, a friend and client from the community centre. She and Alcott confront Khaleel in a Moroccan restaurant, where he confesses he no longer believes in the radical extremism he promotes. Though he has given the courier a stand down order, Khaleel anticipates that Mercer will still proceed with the attack. While following an associate of Lateef, Racine discovers Alcott is working with Sutter, and the two fight; Racine escapes after Alcott is killed by an aggrieved third party. Racine approaches Knowles, who agrees to help Amjad stand in as the courier to meet with Mercer's representative. Knowles reveals to Racine that...","",""
"291549","Assassination","2015","In Japanese-occupied Korea, three freedom fighters are assigned a mission to assassinate a genocidal military leader and his top collaborator. But the plan goes completely awry amidst double-crossings, counter-assassinations, and a shocking revelation about one of the assassins' past.  [PLOT] Plot In 1911, during Japan's rule over Korea , a resistance fighter named Yem Sek-jin tries but fails to murder the governor-general along with a pro-Japanese businessman named Kang In-guk. That evening, Kang discovers that his own wife was helping Yem, and kills her. In response, the wet nurse runs off with one of Kang's twin daughters . By 1933, there are over 30 Korean independence factions operating in Korea , China , and Manchuria . Yem has become a captain in one of these factions, but his colleagues are unaware that he is secretly reporting to the Japanese , since back in 1911 he was tortured by the Japanese into submission . Yem meets with some Korean politicians in Hangzhou , including Kim Koo and Kim Won-bong , and is asked to gather three delinquent resistance members—Big Gun, Duk-sam, and Ahn Okyun—so they can enter Seoul and assassinate Kang, along with a general named Kawaguchi Mamoru. After bringing them to Shanghai , however, Yem sells this information to the Japanese. The Japanese attempt to find Ahn, but a skilled contract-killer named Hawaii Pistol decides, on the spur of the moment, to pretend that Ahn is his wife, allowing her to elude the soldiers. Kim Koo questions Yem's loyalty, and tells two subordinates, Myung-woo and Se-gwang, to follow him around, and to kill him if he is a spy. However, when they follow him to his meeting with Hawaii Pistol, Yem manages to kill them in the ensuing gun fight. Yem meets with Hawaii Pistol and hires him to intercept and kill the three resistance members, lying to Hawaii Pistol by saying that they are Japanese spies. Yem anticipates a great reward from the Japanese. As Hawaii Pistol and his assistant Buddy travel to Seoul, they befriend Kawaguchi's son, who is a lieutenant in the Kwantung Army . In Seoul, Hawaii Pistol locates Big Gun and shoots him as he is running. With Big Gun missing, Duk-sam and Ahn proceed with the operation, hoping to ambush their targets at a gas station. To their misfortune, the car is a decoy and both Duk-sam and Korean sympathizer Kimura are killed in the attempt. Ahn is then ambushed by Hawaii Pistol, but he recognizes and spares her, and even sympathizes with her mission, since he is himself a Korean . Ahn discovers that she is Kang's missing twin daughter. The other daughter, who happens to be engaged to Kawaguchi's son, recognizes Ahn and visits her apartment, but is killed by her father Kang, Yem and a group of soldiers. The latter are none the wiser and believe...","",""
"291805","Now You See Me 2","2016","One year after outwitting the FBI and winning the public’s adulation with their mind-bending spectacles, the Four Horsemen resurface only to find themselves face to face with a new enemy who enlists them to pull off their most dangerous heist yet.  [PLOT] Plot Eighteen months after escaping the FBI , the fugitive Four Horsemen—J. Daniel Atlas, Merritt McKinney, Jack Wilder, and new member Lula May—await orders from the Eye, the secret society of magicians . Their handler, FBI Special Agent Dylan Shrike, delivers instructions on their latest mission: to expose corrupt tech CEO Owen Case, whose latest cell phone will secretly collect users' personal data to sell on the black market. In New York City, the Horsemen hijack the phone's launch but are interrupted by a mysterious figure who reveals to the public that Jack faked his death and that Dylan is working with the Horsemen. Dylan eludes the FBI as the Horsemen escape down a construction chute only to find themselves in Macau suddenly. They are captured by Chase, Merritt's twin brother, and brought to Walter Mabry, Owen's former business partner. Having exposed the Horsemen in New York, Walter reveals how they were lulled unconscious and flown to Macau. Owen took his company from him and a chip designed by Walter to access any computer system worldwide. Despite the protests of the other Horsemen, Daniel agrees to steal the chip for Walter before Owen can sell it. The Horsemen acquire supplies from a magic store owned by Li and Bu Bu and arrange to deliver the chip to the Eye, knowing they cannot trust Walter. Posing as potential buyers, they infiltrate the Macau Science Center , using cardistry and sleight of hand to sneak the chip past its supervisor, Allen Scott-Frank. Meanwhile, Dylan contacts Thaddeus Bradley, the magic debunker he framed, for help finding the Horsemen in exchange for freeing him from prison. In Macau, Dylan meets Daniel to give the chip to the Eye. Walter deceives Daniel into thinking he is in touch with the Eye, leading to a fight as Daniel escapes with the chip. Captured, Dylan learns Walter is Arthur Tressler's son, whose fortune was stolen by Dylan and the Horsemen. Walter and Arthur lock Dylan in a safe and drown him, mirroring his father's fate. Arthur pays Thaddeus for bringing him Dylan and promises him the rest when he brings him the Horsemen. After escaping, Dylan is rescued by the Horsemen, who realize their chip is fake and decide to stop Walter from obtaining the real one, joined by Li and Bu Bu. The Horsemen announce a performance in London , threatening to expose Walter, who flies there with Arthur and Chase on a private jet. On New Year's Eve , they perform across the city but are captured by Walter's men and brought to...","",""
"291870","Dirty Grandpa","2016","Jason Kelly is one week away from marrying his boss's uber-controlling daughter, putting him on the fast track for a partnership at the law firm. However, when the straight-laced Jason is tricked into driving his foul-mouthed grandfather, Dick, to Daytona for spring break, his pending nuptials are suddenly in jeopardy. Between riotous frat parties, bar fights, and an epic night of karaoke, Dick is on a quest to live his life to the fullest and bring Jason along for the ride.  [PLOT] Plot Greta Evans, an American travelling in the United Kingdom , is hired as a nanny by the elderly Heelshires. The couple introduce Greta to her charge, a doll named Brahms, which the Heelshires treat as if it were their real son. They coach Greta on taking care of Brahms and their house while they are on holiday. Greta ignores the rules. She regularly calls her sister, who tells her that Greta's abusive ex-boyfriend Cole has been trying to find out where she is. Malcolm, the Heelshires' ""grocery boy"", stops by often, and Greta learns from him that the real Brahms was killed in a fire 20 years ago on his eighth birthday. Malcolm asks Greta out and she accepts. While showering for her date, her dress and jewellery vanish. She investigates a noise in the attic, but ends up getting trapped and inadvertently knocked unconscious, missing her date. She explains to Malcolm what happened, and they discuss the real Brahms, whom Malcolm says Mr. Heelshire described as ""odd"". Strange events occur. Greta locks herself in her room. She then finds a peanut butter and jelly sandwich outside her door and a child's voice promises he will be good. Greta begins to take the rules seriously. She realizes that the doll only moves when she is not in the room with him. Malcolm informs Greta that a girl Brahms was friends with (named Emily Cribbs) was found in the forest with her skull crushed. Afterwards, the Heelshires' house was burnt down with him in it. Malcolm warns her not to stay but Greta feels obligated to care for Brahms, believing that the child's spirit is possessing the doll. The Heelshires write a goodbye letter to Brahms before drowning themselves . Cole arrives unexpectedly, demanding Greta return to America with him in the morning. Malcolm arrives and offers his help, but she declines it, so he leaves, but stays in his car to be nearby. Greta asks the doll for help and Cole wakes up and sees a message written in blood telling him to leave. Cole gets angry and Malcolm comes back in to investigate the commotion. Cole smashes the doll to pieces, which causes the house to begin to shake, and they hear noises behind the walls. A mirror explodes and the real, living Brahms — a full grown man, who had been hiding in the walls and wearing a doll mask — emerges from it and kills Cole. Greta and Malcolm flee into the wall cavity where the real Brahms had been hiding, and discover Brahms' room, along with a female doll dressed in Greta's stolen dress. Brahms knocks out...","",""
"292431","Love","2015","Murphy is an American living in Paris who enters a highly sexually and emotionally charged relationship with the unstable Electra. Unaware of the seismic effect it will have on their relationship, they invite their pretty neighbor into their bed.  [PLOT] Plot Murphy is an American film student living in Paris . On a rainy January morning, he receives a call at the small apartment he shares with Danish partner Omi and their 18-month-old son, Gaspar. The caller is Nora, the mother of his ex-girlfriend Electra, who asks if Murphy knows of her daughter's whereabouts. She hasn't heard from Electra in three months, and is worried, given her issues with depression and previous suicide attempts . For the rest of this day, Murphy recalls his relationship with Electra in a series of fragmented, nonlinear flashbacks. They depict their first meeting; their quick hook-up; and their lives over the next two years, which are filled with drug abuse , rough sex, and tender moments. Murphy and Electra eventually met and had a no-strings-attached threesome with Omi, then a young adolescent, as a way to add some excitement to their love life. However, Murphy continued his sexual relationship with Omi, without Electra's knowledge. This eventually resulted in an unplanned pregnancy , due to a broken condom . Omi refused to terminate the pregnancy, as she was against abortion due to having been an unplanned child herself. Admitting the truth to Electra ultimately ended her and Murphy's relationship, leading to the present-day set up of Murphy and Omi raising the child together in a loveless relationship. Electra's whereabouts and ultimate fate are left unresolved at the end of the film.","",""
"292954","Carryminati","2016","This contains videos of Carryminati...","",""
"293167","Kong: Skull Island","2017","Explore the mysterious and dangerous home of the king of the apes as a team of explorers ventures deep inside the treacherous, primordial island.  [PLOT] Plot In 1944, two World War II fighter pilots, American pilot Hank Marlow and Japanese pilot Gunpei Ikari, parachute onto an island in the South Pacific after a dogfight and engage in close combat until the fight is interrupted by a giant ape. In 1973, Bill Randa, head of the organization Monarch, convinces the government to allow him to lead a research expedition to the recently discovered Skull Island . He recruits a U.S. Army unit commanded by Lieutenant Colonel Preston Packard, tracker and former British Special Air Service Captain James Conrad, and anti-war photographer Mason Weaver. Arriving at Skull Island, Packard's men begin dropping seismic explosives , developed by Bill's seismologist Houston Brooks, to map out the island and prove Brooks's Hollow Earth theory. The unit is suddenly attacked by the giant ape, scattering the survivors across the island; Conrad, Weaver, Landsat official Nieves, Brooks, researcher and biologist San Lin, and one of the soldiers (Slivko) head north to reach a planned extraction point, while Packard, the rest of his men, Bill and another Landsat official search for Packard's right-hand man, Chapman, who is isolated from the group. Conrad's group encounters the local Iwi natives and an older Marlow. Marlow tells the group about the giant ape, named Kong . Kong protects the island from predators, including subterranean reptilian creatures dubbed "" Skullcrawlers "", which were awakened from the bombing and responsible for killing Kong's entire species, leaving him as the last of his kind. The Iwi believe when Kong dies, a larger Skullcrawler will awaken and ravage the island. Marlow reveals he and Ikari became friends during their time on the island, but Ikari was killed by a Skullcrawler some time ago. While Chapman is ambushed and devoured by a Skullcrawler, Conrad's group helps Marlow finish a boat made from parts of Marlow's and Ikari's downed planes. They ride down the river, where Nieves is torn apart by carnivorous birds, and they secure communication with Packard's group. When they regroup with Packard, he insists on searching for Chapman. Marlow leads them through a mass grave of dinosaurs and Kong's family members. The Skullcrawler that killed Chapman attacks them, killing Bill and other soldiers before Weaver triggers a flammable gas explosion that kills it. Upon learning of Chapman's death, Packard reveals his plan to kill Kong and avenge his fallen men. Marlow and Brooks attempt to explain that killing Kong...","",""
"293660","Deadpool","2016","The origin story of former Special Forces operative turned mercenary Wade Wilson, who, after being subjected to a rogue experiment that leaves him with accelerated healing powers, adopts the alter ego Deadpool. Armed with his new abilities and a dark, twisted sense of humor, Deadpool hunts down the man who nearly destroyed his life.  [PLOT] Plot The vigilante Deadpool, Wade Wilson , ambushes Ajax and his convoy on an expressway. Throughout the ambush, Wade shows the viewer the events leading to how he became Deadpool. After being dishonorably discharged from the Canadian special forces , Wade works as a freelance mercenary until he meets a sex worker named Vanessa . They become romantically involved, and a year later, she accepts his marriage proposal. Wade is later diagnosed with terminal cancer and is approached by a mysterious recruiter who offers him an experimental treatment that will heal his cancer. Wade leaves Vanessa so she will not have to watch him die. He is taken to a laboratory run by Ajax and Angel Dust , who injects him with a serum designed to awaken latent mutant genes in his body. They subject Wade to days of torture to trigger any mutation but to no avail. When Wade discovers Ajax's real name is Francis and mocks him for it, Ajax leaves Wade in a hypobaric chamber that periodically takes him to the verge of asphyxiation over a weekend. This activates a regenerative healing factor that counteracts Wade's cancer but leaves him severely disfigured with burn-like tumors all over his body. He escapes from the chamber and attacks Ajax but relents when told his condition can be cured. In the chaos, Ajax subdues Wade and leaves him for dead. Wade survives due to his new healing factor and seeks out Vanessa but does not reveal that he is alive out of fear that she will shun him because of his new scarred appearance. After consulting with his best friend Weasel , Wade decides to hunt down Ajax for the cure. He becomes a vigilante, adopting the name ""Deadpool"" (from Weasel picking him in a dead pool ), and moves into the home of an elderly blind woman named Al . Throughout the following year, he questions and kills many of Ajax's associates until one, the recruiter, reveals Ajax's whereabouts. This information allows Wade to enact the ambush. He kills all of Ajax's henchmen, subdues Ajax, and demands the cure, but the X-Men Colossus and his trainee Negasonic Teenage Warhead interrupt him. Colossus attempts to convince Wade to mend his ways and join the X-Men, but Wade turns him down. Taking advantage of this distraction, Ajax escapes and regroups with Angel Dust. They then head to Weasel's bar, where Ajax hears of Vanessa. Ajax kidnaps Vanessa and takes her to a decommissioned Helicarrier in a scrapyard. In response, Wade convinces Colossus and Negasonic to help him get her back....","",""
"293670","The Wailing","2016","A stranger arrives in a little village and soon after a mysterious sickness starts spreading. A policeman is drawn into the incident and is forced to solve the mystery in order to save his daughter.  [PLOT] Plot A mysterious Japanese man arrives in Gokseong , a small village in the mountains of South Korea. Soon after, a bizarre infection breaks out, causing villagers to become deranged and violently kill their families. Officer Jong-goo's daughter, Hyo-jin, becomes one of the infected. Jong-goo then meets a mysterious young woman named Moo-myeong, who claims the Japanese stranger is an evil spirit. A local hunter reports seeing the stranger with glowing red eyes eating a deer carcass. After a series of disturbing events and violent deaths, Jong-goo enlists the help of a Japanese-speaking deacon, Yang I-sam. They investigate the stranger's house, discovering a shrine with photos and belongings of the murdered villagers, including Hyo-jin's shoe. As Hyo-jin's condition worsens, Jong-goo confronts the stranger, ordering him to leave the village. Jong-goo's family discovers a dead goat hanging at their gate, and Hyo-jin stabs their neighbor to death. A shaman named Il-gwang is consulted, who claims the stranger is a demon and performs a death-hex ritual. Jong-goo stops the ritual midway, instead taking Hyo-jin to the hospital. The next day, Jong-goo and his companions hunt down the stranger but are attacked by the reanimated corpse of another victim, giving the stranger time to flee. They eventually kill him, and Hyo-jin's health improves. Il-gwang encounters Moo-myeong and vomits blood. After his ritual fails, he leaves town in terror but a swarm of flying insects stops him. He calls Jong-goo, warning that Moo-myeong is the real demon, and the stranger was a shaman who was trying to kill her. Meanwhile, Yang I-sam receives news that his uncle Oh Seong-bok has killed his family. Jong-goo goes home and finds that Hyo-jin has disappeared. While looking for Hyo-Jin, Jong-goo runs into Moo-myeong, who he confronts about Hyo-jin's whereabouts. Moo-myeong claims his daughter is possessed by the stranger, who is consuming her life force. She also tells him his daughter is still alive, has just returned and will kill his family. She reveals that she has set a trap for the demon, and that all Jong-goo has to do is remain there and wait. Jong-goo replies that he is not sure if he believes her. The shaman phones him and says he must not let Moo-myeong tempt him. Moo-myeong instructs him to simply wait until the third crow of the rooster. Meanwhile, Hyo-jin returns home possessed and while eating with her hands, eyes a knife in the kitchen. While Jong-goo is engaged with...","",""
"293767","Billy Lynn's Long Halftime Walk","2016","19-year-old Billy Lynn is brought home for a victory tour after a harrowing Iraq battle. Through flashbacks the film shows what really happened to his squad – contrasting the realities of war with America's perceptions.  [PLOT] Plot Billy Lynn, a 19-year-old US Army specialist from Texas , is caught on camera dragging mortally wounded, Sergeant Virgil ""Shroom"" Breem, to safety during an intense firefight in Iraq , on October 23, 2004. This act of courage earns Lynn the Silver Star , and ascends him and his unit, erroneously designated, ""Bravo Squad"" by the media, to celebrity status. They return to the U.S. for Shroom's funeral, then embark on a publicity tour, culminating at the halftime show of the Dallas Cowboys Thanksgiving home game . Led by Sergeant David Dime, the soldiers of Bravo Squad travel by limousine to the stadium, accompanied by Cowboys' PR representative, Josh, and film producer , Albert Brown, who is securing a film deal for the squad. A flashback reveals that Billy joined the army after destroying the car of his older sister Kathryn's ex-boyfriend, angry at him for leaving her after she was disfigured in a motor vehicle collision. The group is greeted at the stadium by fans who express gratitude for their actions in the Iraq War . During a press conference, Billy notices Cowboys Cheerleader , Faison, smiling at him. They flirt and he tells her it feels weird to be honored for the worst day of his life. As the game starts, Billy recalls his time in Iraq, where Shroom had offered him karmic philosophical insight and advice during their downtime. Billy then receives a phone call from a psychiatrist , whom Kathryn had engaged to get Billy honorably discharged, and prevent his return to Iraq with the rest of Bravo Squad, who is scheduled to return to duty after the game. The loud music and pyrotechnics of the halftime show traumatize the unstable Sykes, who reacts violently with the stage manager and a security guard. Billy experiences a flashback to the battle that made them famous. The squad was called in to rescue soldiers pinned down by insurgents at a school. Shroom is shot while advancing from cover, and Billy rushes to save him, firing on the insurgents with his sidearm. Billy drags Shroom into a trench and kills an insurgent at close range, in self-defense. Shroom bleeds to death before Billy can give medical aid. Billy is roused from the flashback, learning the halftime show has been over for a few minutes and he had been frozen in place the whole time. They are ushered off the stage and are diverted from a fight by cheerleaders, led by Faison. Billy takes her name and number on his cell phone, learning that her last name is Zorn, meaning 'anger'. Billy...","",""
"293863","The Age of Adaline","2015","After 29-year-old Adaline recovers from a nearly lethal accident, she inexplicably stops growing older. As the years stretch on and on, Adaline keeps her secret to herself  until she meets a man who changes her life.  [PLOT] Plot Adaline Marie Bowman was born on New Year's Day, 1908, in San Francisco at 12:01 a.m. to Faye and Milton Bowman. In 1929, when she was twenty-one, Adaline married engineer Clarence James Prescott. Three years later, in 1932, they had a daughter named Flemming. Five years later, in 1937, Clarence and nine others were killed during the construction of the Golden Gate Bridge . Ten months after his death, Adaline crashed her car into a ravine while driving to her parents' beach cottage and died in a freezing lake in Sonoma County , but a lightning strike that struck her car revived her. From then on, Adaline stopped aging. Sixteen years pass and, in 1953, after a traffic violation , a police officer confiscates her ID and thinks it must be fake, as she is now forty-five but still appears twenty-nine. Adaline moves back to San Francisco and takes a clerical job at a medical school, but finds no information about her condition. Two FBI agents attempt to abduct her for study. She realizes she must spend the rest of her life on the run, changing her identity every decade. She bids a tearful goodbye to now-adult Flemming, who continues to age, eventually looking older than her mother. Six decades later, in 2015, under the alias ""Jennifer Larson,"" Adaline meets philanthropist Ellis Jones. She knows she cannot have a normal relationship, but is still drawn to him. She goes along to his parents' 40th wedding anniversary celebration. His father William recognizes her instantly, addressing her as Adaline, but she claims Adaline was her mother, who died six years earlier. They each privately reflect on how they had met and fallen in love decades earlier, and how he had wanted to marry her, only for her to leave him before he could propose. William is shaken when he notices a scar on her hand from an injury Adaline sustained while they were hiking together. He confronts her, and she admits the truth. He begs her to stay for Ellis's sake, but Adaline instead writes Ellis a note and leaves. Finding the letter, Ellis confronts his father, who refuses to explain. Driving home, Adaline has a change of heart. She stops and calls Flemming, now old enough to be her grandmother, to say she is tired of running. As she turns around, a flatbed truck collides with her car, pushing it into a ravine. Thrown from the car, Adaline's heart stops due to hypothermia . An ambulance crew revives her with a defibrillator and she wakes up in the hospital with Ellis at her bedside. They...","",""
"294254","Maze Runner: The Scorch Trials","2015","Thomas and his fellow Gladers face their greatest challenge yet: searching for clues about the mysterious and powerful organization known as WCKD. Their journey takes them to the Scorch, a desolate landscape filled with unimaginable obstacles. Teaming up with resistance fighters, the Gladers take on WCKD’s vastly superior forces and uncover its shocking plans for them all.  [PLOT] Plot In a flashback, a woman leaves her son, Thomas, with the scientist Ava Paige and armed operatives from the World Catastrophe Killzone Department (WCKD) to ensure his survival. Thomas, along with other children, is eventually placed in a confined maze, later called the ""Glade,"" as part of WCKD's scientific trials to study immunity to the Flare virus. Years later, shortly after escaping the maze, [ a ] Thomas and the surviving Gladers are brought to a facility managed by Mr. Janson. Janson presents the facility as a haven protecting them from the ""Cranks"", humans who have been infected and driven mad by the Flare virus. While recovering, the group learns that their maze was not the only one constructed; other young survivors from separate trials are present as well. Suspicious of Janson, Thomas teams up with Aris, a survivor from a different maze who was the first to arrive at the facility, to investigate. He discovers that Ava Paige is still alive and overseeing WCKD's operations, and that Janson is working for them. He later overhears them discussing ongoing experiments on Immunes, survivors of the maze trials naturally resistant to the Flare virus, as well as an active search for the Right Arm resistance group based in the mountains. The Gladers and Aris rescue Teresa, who had been held separately, and escape the facility into the desolate outside world called the Scorch. Janson dispatches WCKD soldiers to pursue and apprehend them. The group takes shelter in an abandoned shopping mall but is soon attacked by a horde of Cranks and narrowly escapes; Winston is scratched during the encounter and becomes infected. By morning, his symptoms worsen, forcing the group to let him shoot himself before he succumbs to the virus. To escape a deadly lightning storm, the group flees into an abandoned facility, where they encounter Brenda and Jorge, leaders of a local survivor camp. Though initially wary, Brenda and Jorge agree to help them locate the Right Arm, abandoning the other survivors when WCKD locates and raids the facility. In the chaos, Thomas and Brenda become separated from the others and are forced to flee on foot. While evading the Cranks, Brenda is bitten and infected. The two eventually reunite with the group and Jorge, who beats Marcus, a Right Arm rebel secretly working for WCKD, into revealing the Right Arm's location. The group presses on and eventually reaches a roadblock, where snipers ambush them. However, two rebels, Harriet and Sonya,...","",""
"294546","Board AF","2016","Board AF - the table top game show! We'll be playing all kinds of board & card games - so let us know what you want to see!  [PLOT] Plot Borneo , 1841. Amid the British colonial rule of the region , Sandokan is a pirate who sails the South China Sea together with his faithful friend Yanez de Gomera and the rest of his international crew. While boarding a cargo ship belonging to the Sultan of Brunei , Sandokan frees a mysterious prisoner, who believes him to be the prophesied warrior who will free his people from foreign oppression. On the island of Labuan , home of the British consulate, he meets the daughter of the consul, Marianne Guillonk, known as the ""Pearl of Labuan"" for her beauty and indomitable nature whereby she rejects all of her rich suitors. Their encounter awakens in her a sense of adventure that she is unable to express within the strict Victorian societal norms and brings her closer to Sandokan, with whom she shares an endless struggle for freedom. However, between the two comes Lord James Brooke , a charming pirate hunter and adventurer at the helm of the Royalist frigate, who is ready to do anything to capture Sandokan and win Marianne's heart. At the heart of the Bornean jungle, everyone will finally face a choice: Marianne will have to overcome her doubts and insecurities and choose between Brooke and Sandokan; Brooke's ambitions will clash with his vulnerabilities; and Sandokan, a simple pirate living day by day, will discover his true identity and become the ""Tiger of Malaysia"". [ 1 ] ^ .mw-parser-output cite.citation{font-style:inherit;word-wrap:break-word}.mw-parser-output .citation q{quotes:""\""""""\""""""'""""'""}.mw-parser-output .citation:target{background-color:rgba(0,127,255,0.133)}.mw-parser-output .id-lock-free.id-lock-free a{background:url(""//upload.wikimedia.org/wikipedia/commons/6/65/Lock-green.svg"")right 0.1em center/9px no-repeat}.mw-parser-output .id-lock-limited.id-lock-limited a,.mw-parser-output .id-lock-registration.id-lock-registration a{background:url(""//upload.wikimedia.org/wikipedia/commons/d/d6/Lock-gray-alt-2.svg"")right 0.1em center/9px no-repeat}.mw-parser-output .id-lock-subscription.id-lock-subscription a{background:url(""//upload.wikimedia.org/wikipedia/commons/a/aa/Lock-red-alt-2.svg"")right 0.1em center/9px no-repeat}.mw-parser-output .cs1-ws-icon a{background:url(""//upload.wikimedia.org/wikipedia/commons/4/4c/Wikisource-logo.svg"")right 0.1em center/12px no-repeat}body:not(.skin-timeless):not(.skin-minerva) .mw-parser-output .id-lock-free a,body:not(.skin-timeless):not(.skin-minerva) .mw-parser-output .id-lock-limited...","",""
"294963","Bone Tomahawk","2015","During a shootout in a saloon, Sheriff Hunt injures a suspicious stranger. The doctor's assistant, wife of the local foreman, tends to him in prison. That night, the town is attacked and they both disappear—only the arrow of a cannibal tribe is found. Hunt and a few of his men go in search of the prisoner and the foreman's wife.  [PLOT] Plot In the 1890s, brigands Purvis and Buddy encounter a Native American burial site. They are ambushed, and Buddy is killed while Purvis escapes. Purvis reaches a nearby town, Bright Hope, and buries his loot. Seeing this, backup Deputy Chicory reports him to Sheriff Franklin Hunt, who interrogates Purvis. When Purvis attempts to flee, Hunt shoots him in the leg. Hunt sends the confident gunslinger John Brooder to fetch the town's doctor to tend to the leg wound. However, he fetches Samantha O'Dwyer, the doctor's assistant, who is caring for her husband Arthur, who has an injured leg. Hunt leaves Samantha in his office with his other deputy, Nick, to tend to Purvis' wounds. That night, a nearby stable boy is killed. Hunt learns of the murder and goes to his office, finding it empty, with an arrow left behind. The Professor, an educated Native American, links the arrow to a tribe of troglodytes and locates the valley they inhabit on a map. He warns Hunt that they are a group of inbred cannibals , shunned and avoided by other native tribes. Certain that Samantha, Nick, and Purvis have been captured by them, Hunt forms a rescue party with Chicory and Brooder. Arthur insists on accompanying them to find his wife, despite his injury. Days into their ride, two strangers stumble across the rescue party's camp. They are killed by Brooder, who fears they are scouts for a raid. The rescue party set up a new camp, but they are ambushed by raiders who injure Brooder's horse and steal the rest. The following day, a fight occurs between Brooder and Arthur, exacerbating Arthur's leg wound. Chicory leaves him to recover while he, Hunt, and Brooder continue on foot. Reaching the valley, the rescue party are ambushed by the troglodytes. The rescuers kill three, but Brooder is killed while Hunt and Chicory are captured. Hunt and Chicory are imprisoned near Samantha and Nick. She explains the troglodytes have already killed and eaten Purvis. The group witnesses Nick stripped, brutally scalped , bisected alive , and then consumed. Hunt tricks several troglodytes into drinking from his liquor flask which has been laced with opium tincture . The troglodytes throw the flask into a campfire; one dies while another becomes unconscious. Samantha estimates there are seven remaining male troglodytes. Arthur follows his rescue party's trail into the valley. He kills two troglodytes and discovers they use an animal bone in their windpipes as a whistle. He blows on it, luring another...","",""
"295132","Valiente Amor","2016","","",""
"295230","High Rollers","2016","Looking for some immersive roleplaying action? Then the UK's biggest D&D stream High Rollers will scratch that itch! Join Dungeon Master Mara Hulmes and her players as they explore different worlds together in a variety of TTRPG's.","",""
"295724","Aviez-vous remarqué ?","2015","","",""
"295830","Attack on Titan","2015","100 years ago, titans suddenly appeared on Earth. Soon, human civilization veered on collapse due to the titans. Humans then built a giant wall to defend themselves. Within the giant walls, humans lived in peace, but, 100 years later, the giant wall is broken.  [PLOT] Plot .mw-parser-output .hatnote{font-style:italic}.mw-parser-output div.hatnote{padding-left:1.6em;margin-bottom:0.5em}.mw-parser-output .hatnote i{font-style:normal}.mw-parser-output .hatnote+.mw-empty-elt+.hatnote{margin-top:-0.5em}@media print{body.ns-0 .mw-parser-output .hatnote{display:none!important}} See also: Attack on Titan § Plot Part 1 One hundred years ago, the Titans appeared and decimated most of humanity. To stop their advance, humanity built a series of walls and continued to live in peace. In the present day village of Monzen, Eren expresses to his friends, Armin and Mikasa, his desire to leave the confines of the Outer Wall and see the outside world. After a failed attempt to approach the wall, Souda, the captain of the Garrison, explains to them that the military is assembling a scouting regiment to explore beyond the walls. However, the wall is suddenly attacked by the Colossal Titan. The wall is breached and Titans enter the village, eating people and regenerating when injured. When Mikasa tries to rescue a baby, she is separated from Eren, and is presumed killed. Two years later, Eren and Armin enter the Scout Regiment, along with Sasha, Jean, and others. The team, led by Military Police Commander Kubal, move out into one of the towns of the Outer Wall. The group is then attacked by Titans but are saved by Captain Shikishima and Mikasa, who survived the attack from two years ago and is now part of the Scouts. Mikasa refuses to talk to Eren, acting like he is a stranger for no reason. Eren eventually confronts Mikasa and she reveals to him that the experience made her realize the world is cruel. After realizing that Mikasa and Shikishima are most likely together, Eren is once again devastated. When more Titans surprise them, Kubal retreats, leaving the Scouts to fend for themselves. Lil, who had just lost her lover, sacrifices herself. Jean attempts to convince Eren to flee, but Eren chooses to fight back before losing his arm in the process. Eren manages to save Armin from being eaten but at the cost of his own life. Though crushed by Eren's death, Mikasa fights until she runs low on fuel and comes face-to-face with the same Titan that ate Eren. However, a Titan emerges from within it and begins battling the other Titans. Souda and Mikasa realize that the Titan is Eren. After he starts to collapse, Mikasa frees Eren from his Titan shell. Part 2 Years before, a young Eren is forcibly injected with an experimental serum by his father,...","",""
"295964","Burnt","2015","Adam Jones is a Chef who destroyed his career with drugs and diva behavior. He cleans up and returns to London, determined to redeem himself by spearheading a top restaurant that can gain three Michelin stars.  [PLOT] Plot Months before the 2004 US presidential election , Mary Mapes (producer of 60 Minutes Wednesday ) and her crew consisting of Mike Smith, Lucy Scott, and Colonel Roger Charles are seeking evidence to verify whether or not George W. Bush received any preferential treatment during his time in the military. Charles, knowing that the military ""is good at what they do"", believes there were no mistakes or errors, despite some claims that Bush's records were lost or altered, and that Bush had difficulty meeting minimal physical aptitude testing. Seeking leads, Mapes and her crew eventually find Bill Burkett , who says he has documents in the form of memos and letters dictating that Bush did indeed have preferential treatment and went AWOL for one year in 1972. Rather also interviews former Texan Lieutenant Governor Ben Barnes who admits he pulled strings which enabled George Bush to join the National Guard. Mapes produces a story that Dan Rather reports on 60 Minutes . After the airing, Mapes and Rather face questions over the accuracy of the segment. The authenticity of the documents on which the allegations are based is called into question. A controversy is fueled by radio hosts and bloggers and amplified by mainstream media sources, The Washington Post , and by CBS itself. Certain characteristics of the memos, such as their font and letter spacing, indicate they were created on a computer using Microsoft Word , and therefore could not have been typed on a typewriter in the early 1970s. [ 1 ] Subsequently, Burkett, who presented the documents, admits that he lied about where he obtained them. [ 2 ] Jerry Killian was George W. Bush's commanding officer in 1972. At the time of the CBS reporting in 2004, Killian was dead. Killian's supervisory officer Robert ""Bobby"" Hodges recants an earlier statement that the Killian documents were authentic. However, Hodges refuses to dwell on whether or not there is ""truth"" in the documents. Dan Rather is forced to apologize for presenting the material as fact. After the scandal, Mapes, her crew, and Rather are faced with charges that Mapes's liberal political agenda played a part in airing the segment. One by one they are forced to face an internal review panel to determine if political bias was a factor. The internal investigation focus on the authenticity of the Killian documents as opposed to their content. Smith, Scott and Charles are eventually banned from their work and fired, with Smith going on a rant in the...","",""
"296096","Me Before You","2016","Lou Clark, a directionless 26-year-old from the English countryside, takes a job at the local castle as a caregiver and companion to a wealthy young banker, Will Traynor. Wheelchair-bound from an accident two years prior, the once adventurous Will has all but given up — that is until Lou determines to show him that life is worth living.  [PLOT] Plot In the fictional English town of Stokebridge, Louisa ""Lou"" Clark is hired as a caretaker for Will Traynor, a once successful banker and active sportsman now tetraplegic after being hit by a motorcycle 2 years ago. Will's mother hopes Lou will lift Will's depressed and cynical spirits. Will is initially cold towards Lou. Will's ex-girlfriend Alicia visits and reveals that she is going to marry Will's former best friend Rupert. Lou perseveres with Will, and, as the two grow close, she learns he is cultured and worldly, in contrast to her simple life spent with her parents and her boyfriend Patrick. Overhearing an argument between Will's parents, Lou learns that, in six months' time, he will travel to Dignitas in Switzerland for assisted suicide . Lou takes it upon herself to change his mind by organizing trips and adventures to show him that life is still worth living. Patrick's jealousy grows until he and Lou split up. Will asks Lou to accompany him to Alicia's wedding. They start to fall in love. During a luxurious trip to Mauritius , Will tells Lou he still intends to die, saying he wants her to live a full life instead of ""half a life"" with him. Heartbroken, Lou quits as Will's caregiver and refuses contact with him. Lou's father convinces her to visit Will, but she finds he has already left for Switzerland. She follows him there to be with him in his final moments. A few weeks after Will's death, sitting at his favourite café in Paris, Lou reads a letter he left for her. In it, he says he has left her enough money to follow her dreams and encourages her to live abundantly.","",""
"296098","Bridge of Spies","2015","During the Cold War, the Soviet Union captures U.S. pilot Francis Gary Powers after shooting down his U-2 spy plane. Sentenced to 10 years in prison, Powers' only hope is New York lawyer James Donovan, recruited by a CIA operative to negotiate his release. Donovan boards a plane to Berlin, hoping to win the young man's freedom through a prisoner exchange. If all goes well, the Russians would get Rudolf Abel, the convicted spy who Donovan defended in court.  [PLOT] Plot In 1957 New York City , Rudolf Abel is arrested and charged with spying for the Soviet Union . Lawyer James B. Donovan , formerly general counsel to the Office of Strategic Services but now in private practice in insurance law, is appointed to be Abel's legal counsel. Committed to the principle that the accused deserves a vigorous defense, he mounts the best defense of Abel he can, declining along the way to cooperate in the attempts of the Central Intelligence Agency (the successor to his former employer, the OSS) to induce him to violate the confidentiality of his communications with his client. Abel is convicted, but Donovan convinces the judge to spare him the death penalty because he had been serving his country honorably, and he might prove useful for a future prisoner exchange; Abel is sentenced to 30 years. Donovan appeals the conviction to the Supreme Court based on the lack of a search warrant for the seizure of Abel's ciphers and photography equipment. For his principled stand, Donovan and his family are harassed, including shots being fired at their home. The conviction is upheld in a very close margin. In 1960, Francis Gary Powers , a pilot in the CIA's top-secret U-2 spy plane program, is shot down over the USSR . He is captured and sentenced to ten years' confinement, including three years in prison. Donovan receives a letter from East Germany , purportedly sent by Abel's wife, thanking him and urging him to get in contact with their lawyer, whose name is Vogel . The CIA thinks this is a back-channel message hinting that the USSR is willing to swap Powers for Abel. They unofficially ask Donovan to go to Berlin to negotiate the exchange; he arrives just as the Berlin Wall is going up. Crossing into East Berlin , he meets with a KGB officer in the Soviet Embassy and is then directed to Vogel, who represents the Attorney General of the German Democratic Republic (East Germany). The Attorney General seeks to swap Abel for an American graduate student named Frederic Pryor , who had been arrested in East Germany; in the process, the GDR hopes to gain official recognition by the United States. The CIA wants Donovan to disregard Pryor, but he insists that both Pryor and Powers be swapped for Abel. In a message to the Attorney General, he bluffs that they will either release Pryor with Powers or there will be no deal. The exchange of Powers and Abel is to take place at the Glienicke Bridge , with Pryor to be released simultaneously at...","",""
"296099","Vacation","2015","Hoping to bring his family closer together and to recreate his childhood vacation for his own kids, a grown up Rusty Griswold takes his wife and their two sons on a cross-country road trip to the coolest theme park in America, Walley World. Needless to say, things don't go quite as planned.  [PLOT] Plot Rusty Griswold is now a pilot for the low budget regional airline Econo-Air, living in suburban Chicago and in a stale relationship with his wife Debbie and their two sons, shy and awkward 14-year-old James, and naughty and sadistic 12-year-old Kevin, who constantly bullies and torments James. The gloating from his friends Jack and Nancy Peterson about a family trip they had in Paris does not help matters. Desiring to relive his childhood family vacations and holiday gatherings, Rusty surprises his family with an alternative summer vacation. Rather than their annual trip to a cabin in Cheboygan, Michigan (which everyone else secretly hate and call Cheboring), he plans a road trip from Chicago to Walley World, just like he did with his parents and sister. For the trip, Rusty rents a Tartan Prancer, an ugly, over-complicated minivan built in Albania . Along the way, the Griswolds take many detours. The first stop is in Memphis , where it is revealed that the now mild-mannered Debbie was an extremely promiscuous Tri Pi sorority sister nicknamed 'Debbie Do Anything'. To prove that she was the rebellious student, Debbie attempts to run an obstacle course while drunk, but fails miserably. While staying at a motel , James meets Adena, a girl his age that he saw while driving on the highway, but she is scared off by Rusty's failed attempts to be a ""wingman"". In Arkansas , Rusty sees a beautiful woman driving a Ferrari , but the woman gets hit by a semi truck . They are led to a supposedly hidden hot spring by a ""helpful"" local, eventually discovering it is actually a raw sewage dump. They return to their van, only to find it has been broken into, sprayed with graffiti , and emptied of all of their possessions and cash. Stopping in Plano, Texas , they get help from Rusty's sister Audrey and her attractive husband Stone Crandall. Rusty begins to fear problems in his relationship with Debbie due to her seeming acceptance of Stone's obvious sexual advances, but she calmly dismisses his suspicions. Stone then walks in on them and shows off his muscular body and oversized genitalia . Spending the following night at a Wigwam Motel in Holbrook, Arizona , Rusty and Debbie sneak away and attempt to have sexual intercourse at the Four Corners Monument , where officers from all four states of Utah , Colorado , Arizona and New Mexico confront them and numerous other couples who obviously had the same idea. As the officers start arguing about who gets the arrest, Rusty...","",""
"296524","Deepwater Horizon","2016","A story set on the offshore drilling rig Deepwater Horizon, which exploded during April 2010 and created the worst oil spill in U.S. history.  [PLOT] Plot On April 20, 2010, Deepwater Horizon , an oil drilling rig operated by private contractor Transocean , is set to complete drilling off the southern coast of Louisiana on behalf of BP . Chief Electronics Technician Michael ""Mike"" Williams and Offshore Installation Manager James ""Mr. Jimmy"" Harrell are surprised to learn that the workers assigned to test the integrity of recently completed cement work are being sent home early, without conducting a cement bond log (CBL), at the insistence of BP managers Donald Vidrine and Robert Kaluza. While Mike prepares the drilling team, including Caleb Holloway, Shane Roshto, and Adam Weise, Harrell meets with Vidrine and persuades him to conduct a negative pressure test, which indicates the cement has not properly sealed the well from the high-pressure reservoir. Vidrine disputes the test finding and orders a second test. After concluding the second test was a success, Vidrine pressures senior toolpusher Jason Anderson to run more tests and orders the rig to remove the drilling mud and prepare the rig to move to its next job. At first, the operation goes smoothly, but the cement job eventually fails, triggering a massive blowout that overpowers and kills Weise, Roshto, and the majority of the other drill team members. Holloway and Vidrine evacuate the floor. A chain of equipment malfunctions and a failed attempt to seal the well ignites the oil, killing Anderson and the other tool pushers. Andrea Fleytas, the rig's Dynamic Position Operator, tries to alert the Coast Guard , only to be overruled by her superior, Captain Curt Kuchta, because the rig is not in any imminent danger, at least until the rig erupts in flames. Kuchta sends out his call for help. With oil now spewing into the ocean, an oil-covered pelican flies into the bridge of a nearby vessel, the Damon Bankston , which was there to collect the drilling mud from the well, and dies; the vessel heads towards the rig just as the workers begin a frantic evacuation, sending out a rescue team after seeing the rig burst into flames. Harrell, still alive, although seriously injured in the explosion, is rescued by Mike and assumes control of the situation, only to discover that the rig cannot be saved. Aaron Dale Burkeen, a close friend of Mike's, sacrifices himself to keep a burning crane from collapsing onto the surviving crew. At the same time, Mike and Caleb rescue Vidrine and Kaluza and get them to safety. As night falls and the burning oil lights up the...","",""
"296917","PSYCHO-PASS: The Movie","2015","In a futuristic Japan, the Sibyl System is charged with keeping the peace. When the state of SEAUn brings the Sibyl System in to test its effectiveness, it becomes a haven of peace and safety—for a time. Eventually, terrorists from SEAUn begin appearing in Japan, somehow slipping through the System's security and attacking from within. Desperate for answers, Inspector Akane Tsunemori is sent overseas to bring the terrorists to justice. But when her investigation forces her into a standoff with an old ally, will she be able to pull the trigger?  [PLOT] Plot Akane Tsunemori and her allies from the Public Safety Bureau's Criminal Investigation Department fight in an operation against foreign terrorists who have infiltrated Japan and recover images of their former colleague Shinya Kogami . The terrorists originate from the Southeast Asia Union (SEAUn), a superstate led by Chuang Han which has begun to import the Sibyl System technology from Japan, in order to arrest ""latent criminals"". Tsunemori is granted permission to travel to the SEAUn; she is received by a military procession under the supervision of Colonel Nicholas Wong. Wong tells Tsunemori their guns, called Dominators, are not used in the country and that due to a lack of resources, latent criminals are instead fitted with collars that will deliver a lethal dose of poison if they are disobedient. Tsunemori accompanies Wong and his men on a military operation outside Shambala Float. During a battle, she finds Kogami, and they are forced to flee together after Wong's drones attack Kogami. They go to the base of the terrorists, who are fighting to free their nation from Han's military dictatorship and the Sibyl System. Meanwhile, Wong contacts mercenary leader Desmond Rutaganda and hires his team to find Tsunemori and Kogami. Kogami suspects a conspiracy is unfolding, due to Han's alliance with Sibyl and that the terrorists in Japan were not sent by their movement. Rutaganda and his mercenaries attack the camp, killing many of the resistance fighters. Kogami helps Tsunemori escape before he is captured. At Shambala Float, Tsunemori realizes the Sibyl System in Shambala Float has been tampered with and programmed to ignore Wong and the rest of the city's military, allowing them to act with impunity despite being latent criminals with elevated Crime Coefficients. Wong and his men take Tsunemori to a helipad, where Rutaganda's group arrives with a wounded Kogami. Rutaganda plans to have them both executed and then use the helicopter to stage their deaths to look like a Japanese terrorist caused them as part of a false flag operation to increase his own military power. The drones, which have been reset by Tsunemori's ally, Shion Karanomori, to accurately detect their Crime Coefficients, turn on Wong's men. Just then, the rest of Division One arrives with Nobuchika Ginoza killing Wong. In the ensuing battle, all of Wong's men are killed, except Rutaganda. Kogami pursues Rutaganda, urging Tsunemori to go after Han to discover the truth about the...","",""
"296918","Arpeggio of Blue Steel -Ars Nova DC-","2015","Recap of the Aoki Hagane no Arpeggio: Ars Nova TV series, with approximately 40 minutes of new material.  By 2039, global warming had caused sea levels to rise and large amount of territory to be lost. As though in response, a mysterious group of warships clad in mist, ""the Fleet of Mist,"" appeared in every corner of the ocean, and began attacking human ships. In spite of humanity mustering all their strength, they were utterly defeated by the Mist's overwhelming force. All of humanity's trade routes were blockaded by the Fleet of Mist, their political economy was destroyed, and the human race was steadily beaten down. Seven years later, the Fleet of Mist's submarine I-401 appears before cadet Gunzo Chihaya. The humanoid life form that pilots the sub, who should be their enemy, is instead offering her services to mankind.","",""
"297400","Socialphobia","2015","A woman is attacked by Internet users after posting provocative remarks online. Using her personal information, they go to her place but what they find is her body; she took her own life. Who made her kill herself? Or, was she killed by someone else?","",""
"297725","The Man Who Killed Don Quixote","2018","Toby, a cynical film director finds himself trapped in the outrageous delusions of an old Spanish shoe-maker who believes himself to be Don Quixote. In the course of their comic and increasingly surreal adventures, Toby is forced to confront the tragic repercussions of a film he made in his idealistic youth.  [PLOT] Plot Toby Grummett, a director, is in rural Spain, struggling with the production of a commercial featuring Don Quixote and Sancho Panza . After an unsuccessful day of shooting, Toby's superior, the Boss, introduces him to a Romani street merchant who sells him an old DVD of The Man Who Killed Don Quixote , a film he wrote and directed ten years earlier as a student. Toby watches the film while in bed with the Boss's wife, Jacqui. When the Boss returns to the hotel room, Toby barely escapes without being recognized. A flashback shows student Toby casting elderly cobbler Javier Sanchez as Don Quixote. Javier initially falters in his characterization, but upon rushing to defend teenage waitress Angelica when a member of Toby's crew plays a prank on her, succeeds in embodying that ""I am Don Quixote"". Toby realizes that his current shoot is near the shooting location of The Man Who Killed Don Quixote . Taking a motorbike to Los Sueños, he learns that Angelica has moved away from her father Raul. Toby meets Javier, now working as a tourist attraction. He discovers that Javier has become convinced that he is the real Don Quixote, and that Toby is his squire, Sancho Panza. Quixote accidentally causes a fire that spreads through the town, as Toby escapes on the motorbike. On the set, police are investigating the ""break in"" of Jacqui's room. The police notice that Toby's bike was the one spotted in Los Sueños and take him in for questioning. En route, they encounter Don Quixote on his horse Rocinante, who demands that the officers release Toby. When they dismiss him, Quixote attacks, culminating in one of the officers being shot and the Romani man stealing the police car. Quixote supplies Toby with a donkey and clothes from the set, and they set off for adventures. Quixote notices a windmill and believes it is a giant attacking a woman. Receiving a head wound after being knocked by one of the windmill's blades, Quixote and Toby are led by the woman to a decrepit ruin occupied by impoverished people. The leader, Barbero, welcomes them warmly but locks them in an attic. That night, Toby comes to suspect that they are secretly terrorists, but soon finds that the ruin has transformed into a 17th-century village and its inhabitants are Moriscos hiding their Muslim faith from the Spanish Inquisition . Toby manages to evade the inquisitors, then awakens the next morning, the night's events having seemingly been a dream, and learns that the residents are not terrorists...","",""
"297761","Suicide Squad","2016","From DC Comics comes the Suicide Squad, an antihero team of incarcerated supervillains who act as deniable assets for the United States government, undertaking high-risk black ops missions in exchange for commuted prison sentences.  [PLOT] Plot In the aftermath of Superman 's death, [ a ] intelligence officer Amanda Waller convinces the U.S. government to greenlight Task Force X , a response team of criminals and supervillains . The team will be used to combat metahuman threats, under Waller's control via nanite bombs implanted in each criminal's neck, which can be remotely detonated if they try to rebel or escape. If successful, they will have their sentences shortened. Dr. June Moone, an American archaeologist, becomes possessed by a witch called Enchantress . Waller can control Enchantress by seizing her magical heart, which wounds her if it is struck. Waller's subordinate Colonel Rick Flag Jr. is in love with Moone, and is made a lead member of Task Force X. However, Enchantress betrays Waller, conquering Midway City, transforming humans into monsters, and summoning her brother Incubus to destroy mankind. Task Force X is formed to stop Enchantress, using six inmates from Belle Reve penitentiary. The roster consists of hitman Deadshot , who wants to reunite with his daughter Zoe; Harley Quinn , a volatile and crazed former psychiatrist-turned-girlfriend of Gotham crime lord the Joker ; Australian boomerang -wielding thief Captain Boomerang ; pyrokinetic ex-gangster El Diablo ; mutant cannibal Killer Croc ; and rope-climber mercenary Slipknot . The team is led by Flag and joined by his associate Katana , a Japanese swordswoman. Waller and Flag deliberately hide the latter's relationship with Moone from the team. Upon arrival in Midway City, the team's helicopter is shot down, forcing them to travel on foot. Boomerang convinces Slipknot to take off, thinking that the bombs are a ruse, but Flag kills Slipknot by activating the bombs when he tries to escape; satisfying Boomerang's curiosity of the bombs' legitimacy. Scaling a skyscraper and fighting their way through waves of heavily mutated soldiers under Enchantress' control, the team discover the mission target was Waller herself. As Waller and the squad await helicopter extraction, they are attacked by the Joker, who learned of Harley's predicament. With tech stolen from an A.R.G.U.S. laboratory, the Joker disables Harley's bomb, and helps her escape. Waller shoots down the Joker's helicopter, though Harley survives and rejoins the squad, believing the Joker is dead. Enchantress captures Waller to regain her heart. Deadshot finds Waller's top-secret files and discovers Flag's relationship with Moone. The team abandon Flag, sharing a...","",""
"297762","Wonder Woman","2017","An Amazon princess comes to the world of Man in the grips of the First World War to confront the forces of evil and bring an end to human conflict.  [PLOT] Plot In present-day Paris , Diana Prince receives a photographic plate from Wayne Enterprises taken during World War I . It shows herself and four men, and prompts her to recall her past. [ a ] Diana, the young daughter of Queen Hippolyta , is raised on the hidden island of Themyscira , home to the Amazons , women warriors created by the Olympian gods to protect mankind. Hippolyta tells Diana the story of how Ares became jealous of humans and orchestrated their destruction. When the other gods attempted to stop him, Ares killed all but Zeus , who used the last of his power to wound Ares and force his retreat. Before dying, Zeus left the Amazons a weapon, the ""god-killer"", to prepare them for Ares' return. Seeking to protect Diana, Hippolyta hides her daughter's true origin from her, but reluctantly agrees to let her sister, Antiope , train Diana as a warrior. In 1918, an adult Diana rescues US pilot Steve Trevor when his plane crashes off the coast of Themyscira. The island is soon invaded by German soldiers , who had been pursuing Trevor. The Amazons suffer some casualties, but wipe out the German landing force, with Antiope sacrificing herself to save Diana. Steve is interrogated with the Lasso of Hestia and reveals that a great war is consuming the outside world and that he is an Allied spy. He has stolen a notebook from the Germans' chief chemist, Dr. Isabel Maru , who is attempting to engineer a deadlier form of mustard gas under the orders of General Erich Ludendorff . Believing Ares to be responsible for the war, Diana equips herself with the ""god-killer"" sword, the lasso, and armor before leaving Themyscira with Steve. In London , they deliver Maru's notebook to the Supreme War Council , where Sir Patrick Morgan is trying to negotiate an armistice with Germany. Diana translates Maru's notes, revealing that the Germans plan to release the deadly gas at the Western Front . Although forbidden by his commander to act, Steve, with secret funding from Morgan, recruits the Moroccan spy Sameer, the Scottish marksman Charlie, and the American Indian smuggler Chief Napi to help prevent the gas from being released. When the team reaches the front in Belgium , Diana goes alone through No Man's Land and destroys the enemy trench, liberating the nearby village of Veld with the aid of the Allied forces. The team briefly celebrates and takes a photograph in the village, where Diana and Steve fall in love. Steve and Diana infiltrate a gala at the German High...","",""
"297802","Aquaman","2018","Half-human, half-Atlantean Arthur Curry is taken on the journey of his lifetime to discover if he is worth of being a king.  [PLOT] Plot In 1985 Maine , lighthouse keeper Thomas Curry rescues Atlanna , queen of the underwater kingdom of Atlantis , during a storm. They fall in love and have a son named Arthur , who has the power to communicate with sea creatures. When Atlantean soldiers sent by King Orvax (the ruler of Atlantis) arrive for Atlanna, who fled her arranged marriage , she is forced to leave her family to protect them from her people. She promises to return when it's safe and goes back to Atlantis, entrusting her advisor, Nuidis Vulko , to train Arthur. Becoming a skilled warrior, Arthur rejects Atlantis upon learning that Orvax executed Atlanna for loving a human and birthing an illegitimate son. In the present, Arthur has become known as the metahuman dubbed as ""Aquaman"" by the public. One year after Steppenwolf 's defeat, [ a ] Arthur confronts a gang of pirates hijacking the Russian Akula -class submarine K-461 ""Volk"" (named ""Stalnoivolk"" in the film). Their leader, Jesse Kane, is killed while trapped by a torpedo , leading his son David to vow revenge against Arthur after he refused to help save Jesse in retaliation for murdering innocent people. Meanwhile, King Orm Marius , Orvax's son and Arthur's younger half-brother who is now the new ruler of Atlantis after his father passed away, persuades King Nereus of Xebel to join forces in uniting Atlantis and destroying the surface world for polluting the oceans. If Orm successfully unites all four kingdoms, he will become Ocean Master , commander of Earth's most powerful underwater force. They are ambushed by the Stalnoivolk submarine, now repaired and operated by David Kane, prompting Orm to feel compelled to unleash a tsunami . However, Orm is revealed to have orchestrated the attack after hiring David and Jesse to hijack the submarine and gain Nereus's support, with plans to kill Arthur. To that end, Orm provides David with an Atlantean battle suit for the mission. Nereus' daughter Mera , betrothed to Orm, refuses to aid them and requests Arthur's help. Arthur accompanies her to Atlantis after Orm's tsunami nearly kills his father. Vulko urges him to find the Trident of Atlan , a powerful artifact of Atlantis' first ruler, to reclaim his rightful place as king. Mera and Arthur are ambushed by Orm's men, and he is captured. Orm blames him for Atlanna's death and nearly kills him in a duel before Mera rescues him. She and Arthur journey to the fallen Kingdom of the Deserters, hidden under the Sahara , where the Trident...","",""
"298312","The Visit","2015","A brother and sister are sent to their grandparents' remote Pennsylvania farm for a week, where they discover that the elderly couple is involved in something deeply disturbing.  [PLOT] Plot Two siblings from Philadelphia , Becca and Tyler, prepare for a five-day visit with their grandparents while their divorced mother Loretta goes on a cruise with her boyfriend. Loretta has not spoken to her parents in fifteen years after they disapproved of her marrying her high school teacher, and she simply sends her children, sight unseen, to her parents. Having never met their grandparents, the teens plan to record a documentary about their visit using a camcorder. Becca and Tyler meet their grandparents, referred to as ""Nana"" and ""Pop Pop"", at a train station. Arriving at Nana and Pop Pop's isolated farmhouse, Becca and Tyler are instructed to never go into the basement and to not leave their room past 9:30 p.m. Although at first the grandparents seem pleasant, their behavior gradually becomes peculiar - Becca catches Nana projectile vomiting, Nana chases the teens during a game of hide-and-seek , Tyler finds a pile of soiled diapers in the shed, and Pop Pop attacks a man in town that he thinks is following them. When challenged, both grandparents are dismissive of each other's behavior: Pop Pop claims that Nana is sundowning , while Nana claims that Pop Pop is incontinent. As the erratic behavior intensifies, Becca and Tyler's documentary-style film evolves into one of mystery-solving and evidence collection. Stacy, a woman Nana and Pop Pop helped in counseling, brings a blueberry cobbler to thank them, but is not seen leaving. Tyler decides to secretly film the living room during the night, but Nana discovers the camera and tries unsuccessfully to break into the children's locked bedroom with a knife. Becca and Tyler call Loretta, begging her to come and collect them. Loretta asks where their grandparents are, and Tyler points the laptop's webcam out the window to show her they are in the backyard. Loretta panics and tells Becca and Tyler that the people they are staying with are not their grandparents. The teenagers attempt to escape and discover Stacy's body hanging from a tree. The ""grandparents"" find the children and force them to play Yahtzee . Later, Becca sneaks into the basement and finds the decomposed corpses of their real grandparents, along with uniforms from the psychiatric hospital at which they worked, revealing that Nana and Pop Pop are actually escaped patients who murdered the grandparents and stole their identities. Pop Pop grabs Becca and imprisons her in his bedroom with Nana, who tries to attack her in a psychotic fit. He...","",""
"298618","The Flash","2023","When his attempt to save his family inadvertently alters the future, Barry Allen becomes trapped in a reality in which General Zod has returned and there are no Super Heroes to turn to. In order to save the world that he is in and return to the future that he knows, Barry's only hope is to race for his life. But will making the ultimate sacrifice be enough to reset the universe?  [PLOT] Plot After helping Bruce Wayne / Batman and Diana Prince / Wonder Woman stop a robbery in Gotham City , Barry Allen / The Flash revisits his childhood home, where he lived with his parents Nora and Henry , before Henry's wrongful imprisonment for Nora's murder. [ a ] On the day of her death, Nora sent Henry to pick up groceries she forgot to buy, leaving her alone in the kitchen where she was killed by an unidentified assailant. [ b ] Overcome by emotions, Barry accidentally uses the Speed Force to travel back in time to earlier that day. Returning to the present, he discusses the incident with Bruce, who warns of the unintended consequences of time travel. Despite this, Barry travels to the day of Nora's death and places the missing groceries in Nora's cart to prevent Henry from leaving the house. As he returns to the present, Barry is attacked by an unknown speedster and emerges in an alternate 2013 where Nora is alive. He encounters his parents and his past self, and realizes this is the day he was struck by lightning and obtained his powers. The two Barrys go to the Central City Police Department, where Barry reenacts the event so 2013-Barry can gain his powers. Both are struck by lightning, granting 2013-Barry powers but leaving Barry without his own. As Barry struggles to train his younger self on properly using his powers, the Barrys learn that General Zod is preparing to invade Earth. [ c ] To fight Zod, the Barrys attempt to assemble the Justice League but are unsuccessful; in this timeline, Diana cannot be located, Victor Stone has not gained his abilities yet, and Arthur Curry never existed. They travel to Wayne Manor , hoping to find Bruce, but they instead find an alternate version who has long retired. Bruce theorizes that altering history through time travel affects events both before and after the alteration, causing several realities to collapse into a single one. They convince Bruce to return as Batman and help them find Kal-El / Superman . The Barrys and Bruce locate a Kryptonian pod discovered in Siberia . Upon arrival, they instead find Kal-El's cousin, Kara Zor-El , imprisoned in the facility. They rescue Kara and return to Wayne Manor, where Barry enlists Bruce's help to regain his powers. The first two attempts fail, prompting Kara to fly Barry into a storm, where he regains his powers. Kara, Bruce, and the Barrys fight Zod and his forces. Kara learns that Zod intercepted Kal-El's escape pod from Krypton and, in an attempt to...","",""
"298682","Nightmares of Nature","2025","Chilling tales of survival unfurl in this documentary series that captures the drama, danger and dark beauty of nature from the perspective of its prey.","",""
"299054","Expend4bles","2023","Armed with every weapon they can get their hands on and the skills to use them, The Expendables are the world’s last line of defense and the team that gets called when all other options are off the table. But new team members with new styles and tactics are going to give “new blood” a whole new meaning.","",""
"299534","Avengers: Endgame","2019","After the devastating events of Avengers: Infinity War, the universe is in ruins due to the efforts of the Mad Titan, Thanos. With the help of remaining allies, the Avengers must assemble once more in order to undo Thanos' actions and restore order to the universe once and for all, no matter what consequences may be in store.  [PLOT] Plot In 2018, 23 days after Thanos erased half of all life in the universe, [ a ] Carol Danvers rescues Tony Stark and Nebula from deep space. They reunite with the remaining Avengers — Bruce Banner , Steve Rogers , Thor , Natasha Romanoff , and James Rhodes —and Rocket on Earth. Finding Thanos on an uninhabited planet , they plan to use the Infinity Stones to reverse his actions but learn that Thanos has destroyed them. Enraged, Thor decapitates Thanos. Five years later, Scott Lang escapes from the Quantum Realm . [ b ] Reaching the Avengers Compound , he says he experienced only five hours while trapped. Theorizing that the Quantum Realm allows time travel , they ask a reluctant Stark to help them retrieve the Stones from the past to reverse Thanos's present actions. Stark, Rocket, and Banner, who has merged his intelligence with the Hulk's strength, build a time machine. Banner says that altering the past does not affect the present, since any changes create alternate realities . Banner and Rocket travel to Norway , where they visit the Asgardian refugee settlement of New Asgard and recruit an overweight, despondent Thor. In Tokyo, Romanoff recruits Clint Barton , who became a vigilante after his family was erased. Banner, Lang, Rogers, and Stark time-travel to New York City during Loki 's attack in 2012. [ c ] At the Sanctum Sanctorum , Banner convinces the Ancient One to give him the Time Stone after promising to return the Infinity Stones to their proper points in time. At Stark Tower , Rogers retrieves the Mind Stone from Hydra sleeper agents, but Stark and Lang's attempt to steal the Space Stone fails, allowing 2012-Loki to escape with it. Rogers and Stark travel to Camp Lehigh in 1970, where Stark obtains an earlier version of the Space Stone and unexpectedly encounters his father, Howard , who he is able to have a conversation with. Rogers steals Pym Particles from Hank Pym to return to the present and sees his lost love, Peggy Carter . Rocket and Thor travel to Asgard in 2013. [ d ] Rocket extracts the Reality Stone from Jane Foster . Thor is encouraged by his mother, Frigga , and retrieves his old hammer, Mjolnir . Barton, Romanoff, Nebula, and Rhodes travel to 2014. Nebula and Rhodes go to Morag and steal the Power Stone before Peter Quill can, [ e ] while Barton and Romanoff travel to Vormir . The Soul Stone 's keeper, Red Skull , says that it can be acquired only by sacrificing a loved one. Romanoff sacrifices herself, allowing Barton to...","",""
"299536","Avengers: Infinity War","2018","As the Avengers and their allies have continued to protect the world from threats too large for any one hero to handle, a new danger has emerged from the cosmic shadows: Thanos. A despot of intergalactic infamy, his goal is to collect all six Infinity Stones, artifacts of unimaginable power, and use them to inflict his twisted will on all of reality. Everything the Avengers have fought for has led up to this moment - the fate of Earth and existence itself has never been more uncertain.  [PLOT] Plot Having acquired the Power Stone—one of six Infinity Stones —from the planet Xandar , Thanos and his lieutenants— Ebony Maw , Cull Obsidian , Proxima Midnight , and Corvus Glaive —intercept the spaceship carrying the survivors of Asgard 's destruction. [ a ] After subduing Thor , Thanos extracts the Space Stone from the Tesseract , overpowers the Hulk , kills Loki , and fatally wounds Heimdall . Before dying, Heimdall sends Hulk to Earth using the Bifröst . Thanos and his lieutenants leave, destroying the ship. Hulk crash-lands in the Sanctum Sanctorum in New York City, reverting to the form of Bruce Banner. He warns Stephen Strange and Wong about Thanos's plan to destroy half of all life in the universe, and they recruit Tony Stark . Maw and Obsidian arrive to retrieve the Time Stone from Strange, drawing Peter Parker 's attention. Maw, unable to take the Time Stone due to Strange's enchantment, captures him. Stark and Parker sneak aboard Maw's spaceship while Wong stays behind to guard the Sanctum. The Guardians of the Galaxy respond to the Asgardian ship's distress call and rescue Thor. Thor surmises that Thanos is after the Reality Stone, which Taneleer Tivan possesses on Knowhere . He travels with Rocket and Groot to Nidavellir to enlist the dwarf king Eitri 's aid in creating the battle-axe Stormbreaker . Peter Quill , Gamora , Drax , and Mantis travel to Knowhere, finding Thanos already has the Reality Stone. Thanos kidnaps Gamora, who discloses the Soul Stone's location to save Nebula from torture. On Vormir , the Stone's keeper, Red Skull , tells Thanos that he can only acquire it by sacrificing someone he loves. Thanos sacrifices Gamora, earning the Stone. Midnight and Glaive ambush Wanda Maximoff and Vision in Edinburgh to retrieve the Mind Stone, which is in Vision's forehead. Steve Rogers , Natasha Romanoff , and Sam Wilson rescue them and they take shelter with James Rhodes and Banner at the Avengers Compound . Vision asks Wanda to destroy him and the Mind Stone to keep it from Thanos, but she refuses. The group travels to Wakanda , which Rogers believes has the resources to remove the Stone without killing Vision. Nebula escapes captivity and asks the remaining Guardians to meet her on Thanos's destroyed homeworld, Titan . Stark and Parker kill Maw and rescue Strange. The trio crash-lands on Titan, where they meet Quill, Drax, and Mantis. Using the Time Stone, Strange views millions of possible futures, seeing only one in which the...","",""
"299537","Captain Marvel","2019","The story follows Carol Danvers as she becomes one of the universe’s most powerful heroes when Earth is caught in the middle of a galactic war between two alien races. Set in the 1990s, Captain Marvel is an all-new adventure from a previously unseen period in the history of the Marvel Cinematic Universe.  [PLOT] Plot In 1995, on the Kree Empire's capital planet of Hala, Starforce member Vers suffers from amnesia and recurring nightmares involving an older woman. Yon-Rogg , her mentor and commander, trains Vers to control her abilities, while the Supreme Intelligence , the artificial intelligence that rules the Kree, urges her to keep her emotions in check. During a mission to rescue an undercover operative infiltrating a group of Skrulls , alien shapeshifters with whom the Kree are at war, Vers is captured by Skrull commander Talos . A probe of Vers's memories leads them to Earth. Vers escapes and crash-lands in Los Angeles . Her presence attracts S.H.I.E.L.D. agents Nick Fury and Phil Coulson , whose investigation is interrupted by a Skrull attack. Vers recovers a crystal containing her extracted memories in the ensuing chase while Fury kills a Skrull impersonating Coulson. Talos, disguised as Fury's boss Keller, orders Fury to work with Vers and keep tabs on her. Using her extracted memories, Vers and Fury go to the Project Pegasus installation at a former U.S. Air Force base. They discover that Vers is a human pilot who was presumed to have died in 1989 while testing an experimental light-speed engine designed by Dr. Wendy Lawson , whom Vers recognizes as the woman from her nightmares. Fury informs S.H.I.E.L.D. of their location and a team arrives. When he realizes that Keller is Talos, Fury helps Vers escape in a prototype jet with Lawson's stowaway cat, Goose . They fly to Louisiana to meet former pilot Maria Rambeau , the last person to see Vers and Lawson alive. Rambeau and her daughter Monica reveal that Vers is Carol Danvers, who was once like family to them. Talos, arriving unarmed, says the Skrulls are refugees searching for a new home to escape the Kree's unjust war and Lawson was Mar-Vell, a renegade Kree scientist helping them. Talos plays a recovered blackbox recording from Lawson's jet, prompting Danvers to remember the crash: Yon-Rogg killed Mar-Vell to prevent her from destroying the engine before the Kree could recover it. Danvers destroyed the engine herself and absorbed its energy, gaining powers but losing her memory. Danvers, Talos, Fury, and Rambeau locate Lawson's cloaked laboratory orbiting Earth, where Lawson hid several Skrulls, including Talos's family, and the Tesseract , the power source of Lawson's engine. Danvers is captured by Starforce and interfaces with the Supreme Intelligence. Danvers removes a Kree implant that has been...","",""
"299687","The 5th Wave","2016","16-year-old Cassie Sullivan tries to survive in a world devastated by the waves of an alien invasion that has already decimated the population and knocked mankind back to the Stone Age.  [PLOT] Plot Ohio high schooler Cassie Sullivan , armed with an M4 carbine , emerges from the woods to raid an abandoned gas station . Upon entering, she hears a voice calling for help. She finds a wounded man who points a gun at her, and then each of them asks the other to put their weapon down. When he pulls his other hand out from under his jacket, she mistakes the metallic glint of a cross for that of a gun, so she kills him: the screen then cuts to black, and her backstory begins. A colossal alien spaceship is circling Earth , guided by extraterrestrial life referred to as ""the Others."" Ten days later, The Others unleash their 'First Wave,' an EMP that disables all electrical power and communications worldwide and shuts off the engines of moving vehicles, including planes in mid-flight. The 'Second Wave' gives the Others power to manipulate the planet's geology and fault lines , causing earthquakes and megatsunamis that destroy coastal cities and islands, including Miami , London , Bangkok and NYC . In Ohio, Lake Erie floods; Cassie and her younger brother Sam escape by climbing a tree. For the 'Third Wave,' the Others modify a strain of bird flu and spread it across the planet. The population is decimated, with Cassie's mother, Lisa, one of the victims. In the 'Fourth Wave,' the Others control humans and have them kill other humans. Cassie, Sam, and their father, Oliver, find a summer camp in the woods that serves as a refuge for about 300 survivors. A few days later, a US Army unit with working vehicles rolls into the camp. The unit's commander, Colonel Alexander Vosch, claims there is an imminent threat of a 'Fifth Wave.' He states that the Army will take the children to safety at Wright-Patterson AFB , and will bring the buses back for the adults. Cassie is separated from Sam and witnesses the Army unit massacre all the adults, including Oliver. Cassie makes her way toward the base but is shot in the leg by a sniper and passes out. A week or so later, she wakes up in the farmhouse of a young man named Evan Walker, who tells her that he saved her life. Cassie leaves with Evan for the base, but she learns that he is an Other, sent years ago as a sleeper agent. He merged his consciousness into a human host. The sleepers roam their designated zones, killing human survivors. Evan admits that his humanity was reactivated when he saw her, and that he is unwilling to cooperate with his training or the invasion; he lets her leave. He warns that Vosch and the...","",""
"299710","Being 14","2015","The lives and turbulent adventures of a bunch of fourteen-year-old teenagers, through the eyes of three young girls - Sarah, Jade and Louise - with one last year to go before high school.  [PLOT] Plot Will drives with his girlfriend Kira to the Hollywood Hills home of his ex-wife Eden, who is hosting a dinner party with her new husband David. After the accidental death of their young son Ty, Will and Eden divorced; Eden met David at a grief support group in Mexico. Their other dinner guests are Tommy, his boyfriend Miguel, and friends Ben, Claire, and Gina. Gina mentions that her boyfriend Choi is running late. Eden introduces Sadie, a girl she and David met in Mexico who is now staying with them. Throughout the evening, Will wanders through his former home and relives memories, including Eden's attempted suicide. In the kitchen, Will witnesses Eden slap Ben when he makes a joke about her ideas on expelling pain. Eden and David's friend Pruitt arrives. David locks the front door, explaining that there was a home invasion in the neighborhood. Will goes outside for firewood and, through Eden's bedroom window, sees Eden hiding a pill bottle that he later learns contains the barbiturate phenobarbital . David and Eden tell their guests about a cult-like group they joined, along with Pruitt and Sadie, called ""The Invitation"", which helps people work through their grief. David shows everyone a video in which the group's leader Dr. Joseph comforts a dying woman as she takes her last breaths. The guests then play a game of ""I Want"" in which Sadie kisses Gina, Eden kisses Ben, and Pruitt confesses to killing his wife and doing time in prison. David tries to convince an unsettled Claire not to leave, but Will challenges him. Claire leaves, accompanied by Pruitt, whose car is blocking Claire's. Will watches Pruitt take Claire out of sight to talk to her, and David confronts Will about being too suspicious. After dinner, Will peers through a cracked door and sees Sadie make odd faces into a mirror. She makes eye contact with him, follows him outside, and startles him with an indecent proposal, which he rejects. Will talks with Tommy about the weird, unsafe atmosphere he feels at the party, but Tommy reassures him that it is natural to feel strange about visiting the house and that Will is brave for showing up. He returns to the party while Will stays outside. Will finally gets a cell phone signal and finds a voice mail from Choi indicating that he was at Eden and David's doorstep before the other guests. Presuming that David and Eden must have done something to Choi, Will angrily confronts the couple about their strange behavior and links to the cult. Choi...","",""
"300668","Annihilation","2018","A biologist signs up for a dangerous, secret expedition into a mysterious zone where the laws of nature don't apply.  [PLOT] Plot Cellular biology professor and former US Army soldier Lena is under interrogation. She recounts her expedition to an anomalous zone known as the Shimmer. The Shimmer began expanding three years prior from a meteor that crash-landed at the St. Marks Light lighthouse in the St. Marks National Wildlife Refuge in Florida . Expeditions into the Shimmer invariably result in the complete disappearance of the crews. Lena's husband Kane disappears on one such expedition, but inexplicably appears inside their home one year later. Kane's condition quickly deteriorates, so Lena calls an ambulance, but security forces intercept them and take them both to a secret facility. Kane is put in intensive care , and psychologist Dr. Ventress invites Lena to join her on a new scientific expedition into the Shimmer. Ventress and Lena join forces with three other women: Cassie, a geomorphologist ; Anya, a paramedic; and Josie, a physicist . After they enter the Shimmer, they suddenly find themselves several days' journey into their expedition with no memory of what happened. Their communication equipment fails. They witness wildlife with bizarre mutations, and Josie is attacked by an albino alligator with several concentric rows of teeth. Taking refuge at an abandoned military base, the group finds a video message recorded by Kane's earlier expedition, in which Kane cuts open another soldier's abdomen to reveal slithering intestines. The group finds the soldier's corpse, which has turned into an overgrown colony of lichens . At night, Lena and Ventress reflect on humanity's strange instinct to destabilize itself. A mutant bear attacks the base and drags Cassie away. Lena later finds her mutilated corpse. The survivors reach an abandoned village full of plants that have taken on humanoid shapes. Josie theorizes that the Shimmer distorts and transforms everything within its boundaries the way a prism refracts light — including the expedition members' own DNA . Anya is overcome with paranoia after watching her fingerprints change. She ties the other team members to chairs, and accuses Lena of murdering Cassie. The mutant bear returns and lures Anya away by emitting a cry for help in Cassie's voice. The bear kills Anya, while Josie frees herself and shoots it. Ventress reveals she has cancer and is nearing death. She leaves the group and heads for the lighthouse at the center of the Shimmer. Josie believes the Shimmer ""refracted"" Cassie's dying mind into the bear, and laments...","",""
"300669","Don't Breathe","2016","A group of teens break into a blind man's home thinking they'll get away with the perfect crime. They're wrong.  [PLOT] Plot Rocky, Alex, and Money are three Detroit delinquents who make a living by breaking into houses and stealing valuables. Rocky longs to move to California with her younger sister, Diddy, and escape from their abusive mother and her alcoholic boyfriend. To the trio's frustration, their fence keeps undervaluing the items they bring. Money receives a tip from their fence that Gulf War veteran Norman Nordstrom has $300,000 in cash in his house in an abandoned Detroit neighborhood. It was reportedly a settlement after a wealthy young woman, Cindy Roberts, killed Norman's daughter in a car accident. The three spy on the house and learn that Norman is blind (due to both his eyes being injured by exploded grenade shrapnel during his tour of duty in Iraq). At night, the gang approach the house, drug Norman's rottweiler , then break in. Money puts a sleeping gas bottle in Norman’s bedroom. Seeing a locked basement door, he assumes the loot is hidden in there and shoots the lock. The noise wakes up Norman, who overpowers Money, takes the gun, and kills him while Rocky, horrified, watches silently. Rocky witnesses Norman open a hidden safe to check his valuables. After he leaves, she opens it and takes the cash. However, he finds her and Money’s shoes and realizes there are more intruders, then returns to find the safe empty. Rocky and Alex evade Norman and enter the basement. There, they find a restrained and gagged pregnant woman who reveals herself to be Cindy Roberts. Rocky and Alex free her and attempt to open the storm cellar door. Norman shoots at them, unintentionally killing Cindy. He breaks down and cries in distress over her body. Norman then shuts off the lights, plunging the basement into darkness. After a blind chase and struggle, Alex knocks him out and they flee upstairs. After blocking the basement door, they encounter the dog, who has awakened, and flee into the bedroom. Rocky escapes the room through a ventilation duct. Alex falls out of a window onto a skylight and is knocked out. When he awakens, Norman shoots out the skylight, corners him in the utility room, and stabs him with a pair of garden shears. The dog pursues Rocky through the vents before she is captured by Norman. Rocky wakes up restrained in the basement. Norman reveals that Cindy was pregnant with a ""replacement"" for his daughter. He then prepares to artificially inseminate her using a turkey baster, promising to let her go after she gives him a child. Alex, who survived by...","",""
"300671","13 Hours: The Secret Soldiers of Benghazi","2016","An American Ambassador is killed during an attack at a U.S. compound in Libya as a security team struggles to make sense out of the chaos.  [PLOT] Plot .mw-parser-output .hatnote{font-style:italic}.mw-parser-output div.hatnote{padding-left:1.6em;margin-bottom:0.5em}.mw-parser-output .hatnote i{font-style:normal}.mw-parser-output .hatnote+.mw-empty-elt+.hatnote{margin-top:-0.5em}@media print{body.ns-0 .mw-parser-output .hatnote{display:none!important}} See also: 2012 Benghazi attack In 2012, following the overthrow of Libyan leader Muammar Gaddafi , Benghazi is named one of the most dangerous places in the world. While several countries have pulled their embassies out of Libya in fear of an attack by militants, the U.S. still has a diplomatic compound open in the city. Less than a mile away is a CIA outpost called the Annex, which is protected by a team of private military contractors from Global Response Staff (GRS). New to the detail is Jack Silva, who arrives in Benghazi and is picked up by Tyrone ""Rone"" Woods , commander of the GRS team and a personal friend of his. Arriving at the Annex, he is introduced to the rest of the GRS team and the CIA Chief-of-Station, who constantly reminds them never to engage the citizens. The U.S. Ambassador Stevens arrives in Benghazi to maintain diplomatic connections amidst the political and social chaos. Despite warnings, he decides to stay at the Special Mission with limited protection from a pair of Diplomatic Security (DS) agents, Wickland and Ubben, and guards hired from the local February 17th Martyrs Brigade militia, nicknamed ""17-Feb"". On the morning of the eleventh anniversary of the September 11 attacks , Stevens notices suspicious men taking pictures of the compound and notifies his security detail. Back at the Annex, Silva finds out that his wife is pregnant. That night, a group of militants from Ansar al-Sharia assault the compound. The 17-Feb guards quickly surrender their posts, allowing the attackers easy access to the Special Mission compound. Wickland takes Stevens and Smith , an IT specialist, into the safe room. Unable to breach it, the attackers set the building on fire, hoping to burn them out. Wickland escapes but loses both Stevens and Smith. At the Annex, the GRS team desperately wants to go to the compound to help, but the Chief refuses, fearing that the team's departure would leave the Annex vulnerable. However, the team is dispatched to the compound and meets with the DS agents. Silva and Woods go into the building to search for Stevens and Smith, but only find Smith's body. The DS team retreats to the Annex, but after Wickland goes in...","",""
"300681","Replicas","2018","A scientist becomes obsessed with returning his family to normalcy after a terrible accident.  [PLOT] Plot Vice is narrated by Kurt, a fictitious veteran of the Afghan and Iraq wars. In 1963, Dick Cheney works as a lineman in Wyoming after dropping out of Yale University . After Cheney is caught driving while intoxicated , his wife Lynne threatens to leave him if he does not become sober. In 1969, Cheney becomes a White House intern during Richard Nixon 's presidency . Under Nixon's economic adviser, Donald Rumsfeld , Cheney becomes a savvy political operative while juggling commitments to his wife and their daughters, Liz and Mary . Cheney overhears Henry Kissinger discussing the secret bombing of Cambodia with Nixon, exposing the executive branch 's true power to Cheney. Rumsfeld's abrasive attitude leads to him and Cheney being distanced from Nixon, which works in both men's favor; after Nixon's resignation in 1974 , Cheney rises to the position of White House Chief of Staff for President Gerald Ford , while Rumsfeld becomes Secretary of Defense . The media dubs the sudden shake-up in the cabinet as the Halloween Massacre . During his tenure, a young Antonin Scalia introduces Cheney to the unitary executive theory . After Ford loses the 1976 election to Jimmy Carter , Cheney runs for Congress in Wyoming . After an awkward and uncharismatic campaign speech, Cheney suffers a heart attack. While he recovers, Lynne campaigns on his behalf, earning him a seat in the House of Representatives . During the Reagan administration , Cheney supports many conservative, pro-business policies favoring the fossil fuel industries, as well as the abolition of the FCC fairness doctrine , which contributed to the rise of Fox News , conservative talk radio , and the rising party polarization in the United States. Cheney then serves as Secretary of Defense under President George H. W. Bush during the Gulf War . Outside of politics, Cheney and Lynne come to terms with their younger daughter, Mary, coming out as a lesbian . Though Cheney develops ambitions to run for president, he decides to retire due to lack of presidential polling enthusiasm for him and to spare Mary from media scrutiny. Cheney becomes the CEO of Halliburton while his wife breeds Golden Retrievers and writes books. A false epilogue claims that Cheney lived the rest of his life healthy and happy in the private sector, and credits begin rolling, only to end abruptly before the film continues. George W. Bush invites Cheney to become his running mate in the 2000 United States presidential election . Assuming...","",""
"301528","Toy Story 4","2019","Woody has always been confident about his place in the world, devoted to taking care of his kid—whether that's Andy or Bonnie. But after Bonnie creates a reluctant new toy called ""Forky"", a road trip adventure alongside old and new friends challenges everything Woody believes about loyalty, purpose, and what it truly means to be a toy.  [PLOT] Plot Nine years ago, Woody and Bo Peep rescue Andy's remote control car, RC , from being washed away in a storm, before Bo and her lamp are donated to a new owner. Woody attempts to rescue her, but she insists it is okay as it is ""time for the next kid"". She asks Woody to come with her but when he hears Andy calling out for him, he chooses to stay. In the present day, after a college-bound Andy has donated his toys to Bonnie, [ a ] Woody struggles to adapt as she shows little interest in playing with him and her toys already have a leader. Bonnie is quite nervous about starting kindergarten, so Woody sneaks into her backpack as moral support. When she creates a toy from a spork at her kindergarten orientation, it comes to life as Forky , who immediately suffers an existential crisis , seeing himself as trash and not a toy. As Forky quickly becomes Bonnie's favorite toy, Woody tries to stop Forky from throwing himself away. When Bonnie's family goes on a road trip, Forky jumps out of the window of the RV, and Woody goes after him. As they walk to the park, Woody convinces Forky that his place is with Bonnie, and Forky overcomes his existential crisis. As they pass an antique store, he recognizes Bo Peep's lamp in the window, and detours inside to find her. They encounter a talking doll named Gabby Gabby and her ventriloquist dummy friends, who try to take Woody's voicebox to replace Gabby's broken one. Woody escapes, though Forky becomes Gabby's prisoner. At a playground nearby, Woody reunites with Bo and her sheep, who have become ""lost toys"", free from owners and able to do as they please, along with their new friend Giggle McDimples . They agree to help Woody rescue Forky. Buzz Lightyear , trying to find Woody, gets lost in a traveling carnival and encounters prize toys Bunny and Ducky. They find Woody and Bo, who take them to stunt bike toy Duke Caboom . They attempt to rescue Forky, only to nearly get killed by the store owner's cat Dragon. The toys refuse to go back due to the danger, but Woody, overwhelmed by the ordeal of being neglected by Bonnie, indirectly ensued a dispute with Bo who dejectedly leaves with the others except Buzz. Upon confronting Gabby, she explains that she means no harm, only wanting his voice box so she can be played with by the store owner's granddaughter, Harmony. Woody voluntarily sacrifices his voice box to Gabby, in exchange for the safe return of Forky, only for Harmony to reject Gabby afterwards. Woody sends Forky to...","",""
"302156","Criminal","2016","CIA Agent Bill Pope is on a mission to track down a shadowy hacker named 'The Dutchman'. When he gets mysteriously killed, an experimental procedure transfers his memories into a dangerous ex-convict. When he wakes up Pope's memories, his mission is to eliminate The Dutchman before the hacker launches ICBMs and starts World War III.  [PLOT] Plot Spanish industrialist-turned-anarchist Xavier Heimdahl arranges for his associate Jan Strook—a hacker known as ""the Dutchman""—to create a wormhole program that would allow the owner to bypass all computer codes protecting the world's nuclear defense codes. The Dutchman panics and attempts to hand his secret over to CIA agent Bill Pope. Although Pope gets the Dutchman to a safe house and recovers the money to pay him for his services, he is caught by Heimdahl's men and tortured to death before he can tell anyone where he hid the Dutchman. Desperate to find the Dutchman, Pope's supervisor Quaker Wells contacts Dr. Micah Franks, who has developed a treatment that could theoretically plant the memory patterns of a dead person onto a living one. Franks requests that they ""graft"" Pope's knowledge into the brain of convict Jerico Stewart, who received damage in his frontal lobe by being abused as a child and is effectively a sociopath . After the operation, Jerico escapes custody and fakes his death. He steals a maintenance van and goes to Pope's house, where he holds Pope's widow Jillian hostage while he looks for the money. As time goes on, he experiences memory flashes of Pope's past, but all he can determine is that the bag of money was hidden behind a bookshelf, without identifying where it or the Dutchman is kept. The CIA learns that the Dutchman is planning to sell the program to the Russians, believing that the CIA has betrayed him. Fortunately, they are able to find Jerico after he contacts Dr. Franks for medication using Pope's CIA codes. Jerico is beginning to develop emotions and draw on Pope's experience. As Jerico attempts to retrace the route Pope took to hide the Dutchman, Heimdahl creates a distraction at the airport that draws Wells' attention, allowing Heimdahl's accomplice and lover Elsa to try and capture Jerico, killing his CIA guards before Jerico escapes by driving a taxi off a bridge. Jerico retreats to the Popes' house, where he encounters Jillian and explains the situation to her. Although she initially fears him, Jillian comes to accept Jerico as she sees him bonding with her daughter, Emma, allowing Jerico to stay the night. The next morning, Jerico realizes through a conversation with Jillian that the bag is hidden in the rare books collection at the University of London where she works. He attempts to retrieve the bag but is captured by Heimdahl and Elsa once he has found it. Heimdahl threatens to kill Jillian and Emma unless...","",""
"302429","Strange Magic","2015","A love potion works its devious charms on fairies, elves and the swamp-dwelling Bog King as they all try to possess the potion for themselves.  [PLOT] Plot A magical realm is divided between the Fairy Kingdom and the Dark Forest. When fairy princess Marianne sees her fiancé, Roland, kissing another fairy on their wedding day, she vows never to fall in love again. In the Dark Forest, the Bog King has the same view on love, despite his caring mother Griselda's protests. Marianne's sister, Dawn, and her elf friend, Sunny, are nearly devoured by a giant lizard before Marianne rescues them. After falling through the border and into the Dark Forest, Sunny finds a primrose petal and hides it. At the Spring Ball, Roland tries to win back Marianne, who angrily drives him away. Roland consults his warriors, who jokingly tell him to procure a love potion to woo Marianne. Roland then encounters Sunny, who has an unrequited love for Dawn, and convinces him to venture into the Dark Forest to get the love potion so they can use it on their respective fairies. Sunny goes back and finds the hidden primrose petal and, with the guidance of an Imp, travels to the Bog King's lair, where the Sugar Plum Fairy was being held prisoner by the Bog King. Sunny finds the Sugar Plum Fairy, who agrees to make the love potion if Sunny promises to set her free. Plum's escape rouses Bog King, who recaptures her while Sunny and the Imp escape. Sunny returns to the ball and tries to hit Dawn with the love potion. Bog interrupts the celebrations and captures Dawn just as she is sprayed by the love potion and the imp steals it in order to spread it throughout the forest. Bog orders them to deliver the potion to him by moon-down or he will harm Dawn. Defying her father's order, Marianne flies off after her sister while he grants Roland a small army to head off on foot to Bog's castle. Dawn falls in love with Bog due to the potion, and Bog has her imprisoned for his own sanity. Marianne arrives and fights with Bog to return her sister. When she realizes the severity of the situation, the two of them begin to find common interests. When they consult Sugar Plum for an antidote, she explains that true love will negate the effects of the potion. Bog hadn't known this, as he refused to listen to Sugar Plum after his failed attempt with the love potion years before. A mutual attraction begins to develop between Marianne and Bog, but only Griselda sees it. Sunny recovers the potion from the imp and gives it to Roland as they march on to the castle. Bog sees this and suspects that Marianne had set him up, breaking his heart again as he leaves her...","",""
"302431","Reporters","2015","Two ambitious journalists, Kabir and Ananya, work together at the KKN channel and eventually fall in love. However, when people plot to separate them, they have to overcome obstacles to stay together.  It is the story of two people finding love in a complex and cut throat world of journalism … where there is no right or wrong way of looking at news AND life. Will Ananya and Kabir’s love survive when they find themselves on opposite sides of the debate on ethics? Passion for news brought them together. Will their ambitions tear them apart?","",""
"302699","Central Intelligence","2016","Calvin Joyner, a mild-mannered accountant whose high school glory days are long behind him, reconnects with an awkward pal from high school through Facebook. After meeting up, Calvin’s mundane life takes an unexpectedly thrilling turn when he's thrust into the world of international espionage.  [PLOT] Plot Spanish industrialist-turned-anarchist Xavier Heimdahl arranges for his associate Jan Strook—a hacker known as ""the Dutchman""—to create a wormhole program that would allow the owner to bypass all computer codes protecting the world's nuclear defense codes. The Dutchman panics and attempts to hand his secret over to CIA agent Bill Pope. Although Pope gets the Dutchman to a safe house and recovers the money to pay him for his services, he is caught by Heimdahl's men and tortured to death before he can tell anyone where he hid the Dutchman. Desperate to find the Dutchman, Pope's supervisor Quaker Wells contacts Dr. Micah Franks, who has developed a treatment that could theoretically plant the memory patterns of a dead person onto a living one. Franks requests that they ""graft"" Pope's knowledge into the brain of convict Jerico Stewart, who received damage in his frontal lobe by being abused as a child and is effectively a sociopath . After the operation, Jerico escapes custody and fakes his death. He steals a maintenance van and goes to Pope's house, where he holds Pope's widow Jillian hostage while he looks for the money. As time goes on, he experiences memory flashes of Pope's past, but all he can determine is that the bag of money was hidden behind a bookshelf, without identifying where it or the Dutchman is kept. The CIA learns that the Dutchman is planning to sell the program to the Russians, believing that the CIA has betrayed him. Fortunately, they are able to find Jerico after he contacts Dr. Franks for medication using Pope's CIA codes. Jerico is beginning to develop emotions and draw on Pope's experience. As Jerico attempts to retrace the route Pope took to hide the Dutchman, Heimdahl creates a distraction at the airport that draws Wells' attention, allowing Heimdahl's accomplice and lover Elsa to try and capture Jerico, killing his CIA guards before Jerico escapes by driving a taxi off a bridge. Jerico retreats to the Popes' house, where he encounters Jillian and explains the situation to her. Although she initially fears him, Jillian comes to accept Jerico as she sees him bonding with her daughter, Emma, allowing Jerico to stay the night. The next morning, Jerico realizes through a conversation with Jillian that the bag is hidden in the rare books collection at the University of London where she works. He attempts to retrieve the bag but is captured by Heimdahl and Elsa once he has found it. Heimdahl threatens to kill Jillian and Emma unless...","",""
