"tmdb_id","title","release_year","synopsis","themes","tones"
"1078605","Weapons","2025","When all but one child from the same class mysteriously vanish on the same night at exactly the same time, a community is left questioning who or what is behind their disappearance.  [PLOT] Plot A child narrator explains that on a Wednesday night, seventeen children in Maybrook, Pennsylvania , ran out of their homes at 2:17 a.m. and vanished into the night. The missing were all students of Justine Gandy's third-grade class, from which only one child, Alex Lilly, remained. Justine is accused by the students' parents of being involved in their disappearance, and she is placed on administrative leave. One father, Archer Graff, is particularly suspicious of her. Justine relapses into alcoholism and has a one-night stand with her married ex-boyfriend, police officer Paul Morgan. Concerned for Alex's welfare, Justine follows him home and discovers his house's windows covered with newspaper and his parents sitting motionless inside. When Justine falls asleep in her car while staking out the house, Alex's mother exits in a trance and cuts a lock of Justine's hair while she sleeps. Frustrated with the lack of leads, Archer starts his own investigation. After comparing his and another couple's video doorbell footage, Archer discovers the children's paths were directly converging on an unknown location. Both Archer and Justine become plagued by nightmares of the missing children, along with a mysterious elderly woman. While on patrol , Paul prevents James, a homeless drug addict , from committing a burglary and pricks himself on a needle in James's pocket while frisking him. Paul angrily strikes James, then releases him after realizing his patrol car's camera recorded the assault. James burgles Alex's house, discovering the missing children in the basement, seemingly catatonic . While heading to the police station to claim the reward money, he is noticed by Paul, who chases him into the woods, thinking James was there to report the assault. James briefly encounters the mysterious woman before Paul catches him. James tells him of the children's whereabouts, and Paul brings James to Alex's house to investigate. Paul leaves a handcuffed James in the car, and after several hours, he bursts from the house and drags a screaming James inside. Principal Marcus Miller is persuaded by Justine to conduct a wellness check on Alex. Before he can schedule it, the mysterious woman arrives at his office and introduces herself as Alex's Aunt Gladys , claiming she is helping to care for Alex's ill parents. Although she assures Marcus everything is alright, he insists on the welfare check. Gladys later accosts Marcus at his home, cutting a lock of hair from Marcus's...","",""
"1079091","It Ends with Us","2024","When a woman's first love suddenly reenters her life, her relationship with a charming, but abusive neurosurgeon is upended, and she realizes she must learn to rely on her own strength to make an impossible choice for her future.  [PLOT] Plot Lily Bloom is meant to deliver a eulogy at her father Andrew's funeral. From the podium, she announces that she will list five of her favorite things about him. After standing in silence for several seconds, she walks off. Back home in Boston , she meets neurosurgeon Ryle Kincaid. They flirt until he is called away for emergency surgery. While renovating the building she bought to start her flower shop, Lily meets Allysa and hires her, then later learns she is Ryle's sister. At Allysa's birthday party, Ryle tells Lily that he is infatuated with her. They kiss, but she declines to sleep with him, saying that he is only interested in casual sex, whereas she wants a relationship. Lily spends the night at Ryle's apartment and accepts his invitation to date him the next morning. Ryle persuades her to introduce him to her mother Jenny at a new restaurant called Root. There, Lily discovers that the owner and head chef is her high school boyfriend, Atlas Corrigan. Flashbacks reveal that Andrew had physically abused Jenny, and that Lily had found Atlas living in an empty house next door after he had run away from his mother's abusive boyfriend. They fell in love, and upon finding them in bed together, Andrew severely beat Atlas. The teen later joined the Marines. One morning, Ryle burns his hand while cooking breakfast for Lily. When she tries to help, he slaps her, but he immediately apologizes, insisting that it was an accident. While Ryle, Lily, Allysa and her husband Marshall are dining at Root, Atlas notices Lily's bruised eye and Ryle's bandaged hand. He confronts Lily, imploring her to leave Ryle. When Ryle finds them together, he assumes the worst and a physical altercation breaks out, culminating in Atlas ejecting him. Atlas visits Lily's shop, gives her his phone number and tells her to call him if she ever needs to. Lily confides in Ryle that her father abused her mother. While visiting Allysa and Marshall in the hospital after the birth of their daughter, Lily accepts Ryle's proposal of marriage. Soon after, they elope. Ryle later finds Atlas's phone number hidden in Lily's phone case. During an ensuing argument, he pushes Lily down the stairs. Ryle later claims that she fell and that he tried to catch her. Atlas is interviewed by a local magazine, telling them that he named his restaurant in Lily's honor. In a jealous rage, Ryle tries to rape Lily. She escapes and seeks out Atlas, who takes her to a hospital, where she discovers that she is...","",""
"1079485","Winnie-the-Pooh: Blood and Honey 2","2024","Five months following the murders, Christopher Robin struggles to maintain a regular life while dealing with PTSD. However, deep within the 100-Acre-Wood, a destructive rage grows as Pooh, Piglet, Owl, and Tigger find their home and their lives endangered after their existence is revealed.  [PLOT] Plot Narrowly having survived Winnie-the-Pooh 's and Piglet 's killing spree, [ a ] Christopher Robin flees from the Hundred Acre Wood and comes back to his childhood town of Ashdown to seek help; the corpses of Maria and her friends are recovered from the woods, but Christopher is believed to be responsible. The incident is dubbed the ""Hundred Acre Massacre"", and a film adaptation based on the murders is released, damaging Christopher's reputation in Ashdown. [ b ] Only a few people believe Christopher's story, including his childhood friends Lexy, Finn, and Aaron, his parents Alan and Daphne, and his younger sister Bunny. Now an outcast, Christopher has nightmares about Pooh and goes to his hypnotherapist Mary Darling to deal with a trauma in which his twin brother Billy was kidnapped many years ago during their birthday party, and was never seen again. Meanwhile, in the Hundred Acre Wood, Pooh and Piglet are forced to hide with fellow creatures Tigger and Owl when their home is burned down. Having slaughtered 3 of the university students in a recreational vehicle , Owl tries to convince Pooh to attack Ashdown instead of waiting for more people to come to the woods. Some hunters , among them Aaron, ambush the creatures and shoot Piglet in the head as revenge for the deaths of Maria's group. Pooh murders them in retaliation and reconsiders Owl's proposal, but Aaron survives and returns to Ashdown. Following the town's negative backlash, Christopher gets fired from the hospital and then comes back with Mary to undergo further hypnotherapy. When Aaron arrives at the local hospital for treatment, Christopher suspects the attack was done by Pooh, which is confirmed when he asks Aaron what happened. He also encounters hospital janitor Cavendish, whom he recognises as the man who kidnapped Billy, and confronts him in his house. Cavendish reveals that he worked for Dr. Arthur Gallup, a scientist who employed him to kidnap children—among them Billy—around Ashdown for experiments with animal genes in exchange for settling his debts. The children became animal-human hybrids with enhanced healing factors , whom Gallup killed and buried in the Hundred Acre Wood. Cavendish subsequently killed Gallup and learnt the children resurrected/dug themselves out of their graves. Cavendish burns the last evidence linking him to Gallup and kills himself out of guilt. As night falls, Pooh, Tigger, and Owl embark on a rampage throughout Ashdown and murder several residents on the...","",""
"1082195","The Order","2024","A string of violent robberies in the Pacific Northwest leads veteran FBI agent Terry Husk into a white supremacist plot to overthrow the federal government.  [PLOT] Plot In 1983, Bruce Pierce and Gary Yarbrough lure Walter West out into the woods at night under the ruse of a hunting trip, and murder him. Veteran FBI agent Terry Husk reopens the long-vacant field office in Coeur d'Alene, Idaho , looking for an easier caseload after working on investigations of the Ku Klux Klan and Cosa Nostra , and hoping he can persuade his estranged wife and daughter to reconnect with him. In Spokane, Washington , Bob Mathews , Pierce, Yarbrough, and David Lane rob a Washington Mutual branch. After reviewing a case file on Aryan Nations and its founder Richard Butler , Husk introduces himself to the local sheriff's department and meets Deputy Jamie Bowen, who offers to show him to Butler's compound in Hayden Lake, Idaho . Bowen tells Husk that West, now missing for several weeks, is a member of Aryan Nations who told him the group is counterfeiting money . Bowen suspects that the group is also responsible for a recent synagogue bombing , as well as a string of robberies, including the one in Spokane. Husk meets with fellow FBI agent Joanne Carney, who tells him that a failed bomb was found in a pornography shop in Spokane around the same time as the robbery. West's wife points Husk and Bowen to where Pierce and Yarbrough took him hunting, and they discover his body in a shallow grave. Husk and Bowen visit Butler at his compound, who tells them that he ejected Pierce and Yarbrough from Aryan Nations for using the group's printing press to counterfeit, and denies knowledge of their subsequent activities. As they leave, Husk notices a book on display in the compound's church, a copy of which was also found at the scene of West's murder. Butler identifies it as the white supremacist novel The Turner Diaries . Afterwards, Butler confronts Mathews about his splinter group's activities. While Butler seeks to work within the law and elect white supremacists to public office, Mathews aims to promote white separatism through domestic terrorism . Butler has his assistant deliver a copy of The Turner Diaries to Bowen's home with a note hinting about the group's next move. Yarbrough bombs a pornographic theater as a distraction for Mathews to lead the robbery of an armored truck . Refusing to wait for backup, Husk attempts to stop the robbery but is outnumbered, while Bowen freezes and does not engage, angering Husk. Bowen studies The Turner Diaries , and explains to Husk that he believes the splinter group, now calling itself the Order , is...","",""
"1082856","Who Am I?","2023","Bhavitavya, a philosophy student, is full of questions about life. When his favourite professor passes away, Bhavitavya embarks on a journey of self-discovery, wondering who he is and what his life means.","",""
"1083637","Kantara - A Legend: Chapter 1","2025","During the Kadamba reign, King Vijayendra, the ruler of the fictional feudatory land of Bangra, meets his final fate while venturing into the mystical forest of Kantara. Witnessing this, his son Rajashekara seals the borders of their realm. Later, Prince Kulashekara reopens them through a brutal massacre. The protagonist, Berme, in search of prosperity, crosses the divide and ignites a conflict of faith, power, and destiny between the Kingdom and Nature.  [PLOT] Plot In 1847, a king in coastal Karnataka , despite living with his devoted wife and children, finds himself spiritually unfulfilled. Seeking inner peace, he embarks on a journey to self-discovery and encounters a sacred stone in a forest, inhabited by the demigod Panjurli , guardian of the local villagers. The king offers a significant portion of his land to the villagers in exchange for taking the holy stone with him. Panjurli warns through a human medium that his companion, the ferocious demigod Guliga , will not forgive any betrayal of his promise. In 1970, a descendent of the king demands the return of the land from Annappa, a Bhoota Kola performer possessed by Panjurli. Annappa asserts that the land rightfully belongs to the villagers and warns that any attempt to challenge this claim will invoke divine retribution. When questioned whether the warning comes from him or Panjurli, Annappa cryptically suggests that if he is merely human, he will reappear, but if it is Panjurli, he will not. He then vanishes into a circle of the fire in the forest, and subsequently, the king's descendent dies on the steps of the courthouse. Twenty years later, in 1990, forest officer Murali is assigned to convert the villagers' land into a forest reserve . He encounters opposition from Kaadubettu Shiva, a Kambala athlete and son of the missing Annappa. Shiva is supported by the village landlord, Devendra Suttooru, a descendent of the king. Despite repeated requests, Shiva refuses to perform the Bhoota Kola due to the trauma of his father's disappearance, delegating the ritual to his cousin, Guruva. Murali and his team begin erecting a fence along the designated reserve, and Shiva falls in love with his childhood friend, Leela, whom he helps secure a position as a forest guard. Conflict arises when the villagers attempt to halt the fencing, and police and forest guards, including Leela, violently suppress them, creating a tension between Shiva and Leela though she is compelled to follow the orders. As the conflict between Shiva and Murali escalates, Murali attempts to arrest Shiva and his friends, but his jeep is crushed by a tree being felled by Shiva, leaving him gravely injured. Shiva and his friends go into hiding, returning to the village days later. He reconciles with Leela and resolves to surrender, yet the group is apprehended by the police the following morning. Meanwhile, Devendra secretly offers Guruva a bribe to impersonate Panjurli during the next Bhoota...","",""
"1083862","Resident Evil: Death Island","2023","In San Francisco, Jill Valentine is dealing with a zombie outbreak and a new T-Virus, Leon Kennedy is on the trail of a kidnapped DARPA scientist, and Claire Redfield is investigating a monstrous fish that is killing whales in the bay. Joined by Chris Redfield and Rebecca Chambers, they discover the trail of clues from their separate cases all converge on the same location, Alcatraz Island, where a new evil has taken residence and awaits their arrival.  [PLOT] Plot In 1998, as the Raccoon City incident begins, the Umbrella Corporation hires a private military firm to help evacuate high-ranking Umbrella executives and government officials. The firm deploys Unit 6, but the majority are bitten by zombies; surviving members JJ and Dylan Blake contact headquarters to seek extraction and medical assistance, but are instructed to quarantine and ultimately eliminate their fellow comrades, leaving JJ in disbelief and angering Dylan. The pair argue until the infected soldiers attack them and bite JJ, forcing Dylan to kill him. Seventeen years later in 2015, [ 1 ] Field Operations Support (FOS) Agent Ingrid Hunnigan tasks Division of Security Operations (DSO) agent Leon S. Kennedy with apprehending DARPA researcher and robotics engineer Doctor Antonio Taylor in San Francisco for selling classified information to foreign powers. During the briefing, Leon learns Taylor was being hunted by the San Francisco Police Department , but was kidnapped by unidentified assailants in a van. Recognizing the van as it passes him, Leon tries to intercept them, but is thwarted by Maria Gomez, a criminal who survived their last encounter the year prior. [ a ] Meanwhile, Bioterrorism Security Assessment Alliance (BSAA) advisor Rebecca Chambers informs Agent Chris Redfield of twelve deaths from an advanced strain of the T-virus, seemingly forcibly injected into the victims. Chris visits his partner Jill Valentine , hoping to stop her from taking part in the operation due to her time under Albert Wesker 's mind control and subsequent mental health issues, [ b ] but she refuses. Chris and Jill meet with Rebecca and Chris's sister Claire Redfield to discuss their findings, during which Claire notes her discovery of an orca infected with the same advanced T-virus strain swimming near the Greater Farallones National Marine Sanctuary , which had also happened to several missing whales. Discovering that all of the human victims had visited Alcatraz Island before they died, Jill and the Redfields travel there posing as tourists, but are separated when it is stricken by a sudden zombie outbreak. While exploring the sewers, Jill encounters Leon and joins him in fending off a new form of Lickers before eventually reaching the armory, where they find blueprints for mosquito-like drones used to infect people with the virus . However, they are captured by Dylan and thrown into a prison cell with Taylor and the Redfields. Believing there is no justice in...","",""
"1084199","Companion","2025","During a weekend getaway at a secluded lakeside estate, a group of friends finds themselves entangled in a web of secrets, deception, and advanced technology. As tensions rise and loyalties are tested, they uncover unsettling truths about themselves and the world around them.  [PLOT] Plot A child narrator explains that on a Wednesday night, seventeen children in Maybrook, Pennsylvania , ran out of their homes at 2:17 a.m. and vanished into the night. The missing were all students of Justine Gandy's third-grade class, from which only one child, Alex Lilly, remained. Justine is accused by the students' parents of being involved in their disappearance, and she is placed on administrative leave. One father, Archer Graff, is particularly suspicious of her. Justine relapses into alcoholism and has a one-night stand with her married ex-boyfriend, police officer Paul Morgan. Concerned for Alex's welfare, Justine follows him home and discovers his house's windows covered with newspaper and his parents sitting motionless inside. When Justine falls asleep in her car while staking out the house, Alex's mother exits in a trance and cuts a lock of Justine's hair while she sleeps. Frustrated with the lack of leads, Archer starts his own investigation. After comparing his and another couple's video doorbell footage, Archer discovers the children's paths were directly converging on an unknown location. Both Archer and Justine become plagued by nightmares of the missing children, along with a mysterious elderly woman. While on patrol , Paul prevents James, a homeless drug addict , from committing a burglary and pricks himself on a needle in James's pocket while frisking him. Paul angrily strikes James, then releases him after realizing his patrol car's camera recorded the assault. James burgles Alex's house, discovering the missing children in the basement, seemingly catatonic . While heading to the police station to claim the reward money, he is noticed by Paul, who chases him into the woods, thinking James was there to report the assault. James briefly encounters the mysterious woman before Paul catches him. James tells him of the children's whereabouts, and Paul brings James to Alex's house to investigate. Paul leaves a handcuffed James in the car, and after several hours, he bursts from the house and drags a screaming James inside. Principal Marcus Miller is persuaded by Justine to conduct a wellness check on Alex. Before he can schedule it, the mysterious woman arrives at his office and introduces herself as Alex's Aunt Gladys , claiming she is helping to care for Alex's ill parents. Although she assures Marcus everything is alright, he insists on the welfare check. Gladys later accosts Marcus at his home, cutting a lock of hair from Marcus's...","",""
"1084242","Zootopia 2","2025","After cracking the biggest case in Zootopia's history, rookie cops Judy Hopps and Nick Wilde find themselves on the twisting trail of a great mystery when Gary De'Snake arrives and turns the animal metropolis upside down. To crack the case, Judy and Nick must go undercover to unexpected new parts of town, where their growing partnership is tested like never before.  [PLOT] Plot A week after Judy Hopps and Nick Wilde become partners in the Zootopia Police Department (ZPD), [ a ] their clashing personalities start to complicate their work. Chief Bogo threatens to separate them unless they resolve their differences. During a raid on a smuggling ring, Judy finds a piece of snake skin, although snakes have not been seen in Zootopia for a century. Undeterred, she suspects that a snake may appear at the Zootennial Gala, an event hosted by Milton Lynxley, whose grandfather Ebenezer founded Zootopia, to celebrate its centennial anniversary. While infiltrating the Gala with Nick, Judy befriends Pawbert, the youngest son and the black sheep of the Lynxley family. Meanwhile, a hooded creature crashes the party and reveals himself as a pit viper . He kidnaps Milton and uses his eye to unlock a digitally locked glass case containing an old journal that documents the creation of the weather walls that regulate Zootopia's climate zones . Judy corners the viper, who confesses the journal contains evidence to exonerate his family. Seeking to preserve his family's reputation, Milton demands to have the journal burned and the viper killed, but Judy refuses, setting the room ablaze. When ZPD Captain Hoggbottom arrives after the viper accidentally bites Bogo, the Lynxleys frame Judy and Nick for the crime, forcing them to escape with the journal whilst an unknown motorcyclist retrieves the viper. Afterwards, Milton orders former actor and newly elected Mayor Brian Winddancer, whom Milton has secretly supported, to locate and subdue Judy, Nick, and the viper. Now fugitives, Judy and Nick meet Nibbles Maplestick, a conspiracy theorist beaver who leads them to Marsh Market, a secluded area of Zootopia where reptiles hide. There, a basilisk named Jesús explains that the reptiles' original district was buried during the construction of Zootopia's arctic district, Tundratown, which is expected to expand to Marsh Market. The ZPD, led by Hoggbottom, finds Judy and Nick, who narrowly escape, but the viper reappears, retrieves the journal, and escapes through a water tunnel. As they attempt to locate the viper, Judy and Nick climb to reach an abandoned lodge, leading to an argument that ends with their shared carrot pen breaking. Inside, Judy discovers that reptiles once lived peacefully in Zootopia. The ZPD corners them and arrests Nick, but the viper, who introduces himself as Gary De'Snake, and his motorcyclist partner, revealed as Pawbert, rescue...","",""
"1086747","The Watchers","2024","A young artist gets stranded in an extensive, immaculate forest in western Ireland, where, after finding shelter, she becomes trapped alongside three strangers, stalked by mysterious creatures each night.  [PLOT] Plot Philadelphia firefighter Cooper Abbott takes his teenage daughter, Riley, to pop star Lady Raven's concert as a reward for her good grades. Noticing the unusually high police presence around the concert venue, Cooper learns from a vendor named Jamie that the FBI has learned a serial killer named ""the Butcher"" will be in attendance. Cooper, who is revealed to be the Butcher, secretly checks footage on his phone of his latest captive victim, Spencer, whom he is holding in a basement. He steals Jamie's ID card and learns the passphrase that will identify him as an employee, using the card to gain access to a back room and steal a police radio. Hearing a woman predicting his movements over the radio, Cooper sets off an explosion in a food stand's kitchen and uses the chaos to access the roof, where he learns from a police officer that the manhunt is led by Dr. Josephine Grant, an FBI profiler. Confused by Cooper's behavior, Riley asks him to stay with her. She says she hopes to be chosen as Lady Raven's ""Dreamer Girl"", who gets to dance on stage with the singer and receives backstage access. Believing the backstage exit is not covered by the police, Cooper meets Lady Raven's uncle, one of the spotters, and lies to him that Riley recently recovered from leukemia , leading to her selection as the ""Dreamer Girl"". After the concert ends, Cooper learns that the police are also guarding the backstage exit. He privately reveals himself as the Butcher to Lady Raven, threatening to kill Spencer remotely if she does not escort him and Riley out in her limousine. She complies but asks to come to Riley's house, where she stalls for time by explaining the FBI operation to the family, unsettling Cooper by describing Grant's profile of him as someone with maternal issues and obsessive–compulsive disorder . She also explains that the police discovered details about the Butcher's attendance at the concert via a torn ticket receipt left in a vacant house that was reported anonymously. Lady Raven steals Cooper's phone and locks herself in the bathroom. She obtains details from Spencer about where he was taken and livestreams it to her fans, one of whom finds and rescues him. She reveals Cooper's identity as the Butcher to his wife Rachel, and he locks his family upstairs while Lady Raven texts her driver to contact the police. Cooper attempts to drive off with Lady Raven, but Cooper's family escapes and distracts him long enough for her to flee into her limousine. The...","",""
"1087192","How to Train Your Dragon","2025","On the rugged isle of Berk, where Vikings and dragons have been bitter enemies for generations, Hiccup stands apart, defying centuries of tradition when he befriends Toothless, a feared Night Fury dragon. Their unlikely bond reveals the true nature of dragons, challenging the very foundations of Viking society.  [PLOT] Plot Dragons frequently attack the Viking village of Berk, stealing livestock and endangering villagers. Hiccup Horrendous Haddock III, the 16-year-old outcast son of chieftain Stoick the Vast, attempts to create mechanical devices to overcome his physical weaknesses. During a dragon raid, Hiccup shoots down a rare dragon called a Night Fury with a bolas huge bow, but is disbelieved. Vowing to prove himself, Hiccup searches for the dragon to kill it. Upon seeing the dragon helpless and wounded, he compassionately releases him. To Hiccup's surprise, the angered dragon spares his life. Meanwhile, Stoick rallies his fleet to destroy the dragons' nest. Before leaving, Stoick heeds the advice of his best friend and Hiccup's mentor, local blacksmith Gobber the Belch, and enrolls Hiccup in a dragon-fighting class with other local teens: Fishlegs Ingerman, Snotlout Jorgenson, the Thorston twins Ruffnut and Tuffnut, and Hiccup's crush, Astrid Hofferson. Hiccup is mocked by his peers and struggles in class. Returning to the forest, he finds the Night Fury trapped in a cove, unable to fly because Hiccup's bolas severed half of his tail fin. Hiccup befriends the dragon, naming him ""Toothless"" for his retractable teeth; he builds a harness, saddle, and prosthetic fin, allowing Toothless to fly with Hiccup riding on his back to guide him. Hiccup also learns about dragon behavior from Toothless, which allows him to subdue the captive training dragons, impressing the villagers, but arousing Astrid's suspicions. Meanwhile, Stoick's fleet is damaged while searching for the nest, and returns to Berk. Upon learning he must kill a dragon for his final exam, Hiccup attempts to flee with Toothless, but Astrid discovers them. Hiccup takes her on a flight to show her Toothless' friendliness. During the flight, Toothless is drawn to a dragon's nest, where a gigantic Kaiju -sized dragon, the Red Death, commands smaller dragons to feed it to avoid being eaten themselves. Realizing the dragons attack Berk for survival, Astrid wants to inform the villagers, but Hiccup advises against it to protect Toothless. In his final exam, Hiccup faces a captive Monstrous Nightmare dragon called Hookfang. Rather than killing it, he attempts to publicly prove dragons can be peaceful, but Stoick inadvertently enrages Hookfang, causing Toothless to emerge from hiding to protect Hiccup. Stoick captures Toothless and disowns Hiccup after discovering the truth. Stoick binds Toothless to his ship and...","",""
"1087891","The Amateur","2025","After his life is turned upside down when his wife is killed in a London terrorist attack, a brilliant but introverted CIA decoder takes matters into his own hands when his supervisors refuse to take action.  [PLOT] Plot CIA cryptographer Charlie Heller is restoring an old Cessna as a present from his wife, Sarah, who leaves for a business trip in London . At the CIA's Decryption and Analysis division, Charlie has befriended a field agent, Jackson O'Brien, code name ""The Bear"", and an anonymous source, code name "" Inquiline "". Classified files from Inquiline reveal Special Activities Center Director and Charlie's boss, Alex Moore, disguised politically-motivated drone strikes as suicide bombings. Charlie is subsequently brought to CIA Director Samantha O'Brien, who informs him that Sarah has been killed in a terrorist attack. A grieving Charlie soon presents his own findings. After an arms deal gone wrong, the four assailants took Sarah and others hostage, killing her before escaping. Charlie identifies the suspects – Belarusian criminal Mishka Blazhic, South African ex-special forces operative Lawrence Ellish, former Armenian intelligence officer Gretchen Frank, and elusive mastermind Horst Schiller, Sarah's killer – but Moore and his deputy, Caleb Horowitz, insist they are working to take down Schiller's entire network. Determined to avenge Sarah, Charlie confronts Moore with his incriminating orders that caused hundreds of civilian and allied casualties. Threatening to leak the information, Charlie demands the resources and mission specific training at ""The Farm"" to personally hunt down the four assailants. Sent to train with Colonel Robert Henderson at Camp Peary , the gun-shy Charlie excels at bomb-making, but Henderson declares he is simply not capable of killing. Searching Charlie's home and office, Moore and Caleb discover a CD he hid in a bar's jukebox, but realize he was bluffing. Henderson is ordered to eliminate Charlie, who bugged the files he left in Moore's office and has already left the country. Charlie tracks down Gretchen in Paris and follows a lock-picking tutorial to break into her apartment. He discovers Gretchen's appointment at an allergy clinic and takes a gun, but cannot bring himself to shoot her. Haunted by memories of Sarah, he traps Gretchen at the allergy clinic in a hypobaric chamber that he fills with pollen. Charlie demands to know Schiller's location, but is unwilling to let Gretchen die and releases her. Gretchen escapes to the street and is fatally struck by a van. Taking Gretchen's phone, Charlie flees to Marseille where Henderson corners him in a bar, but he sets off an explosion in the bathroom and escapes. He requests...","",""
"1088543","Bruce Gallagan","2016","A tribute to 70's Sci-Fi -  The galactic spy is on a mission with his sidekick Lena Wildborn. They will face all kind of dangers, including themselves.","",""
"1093808","Gokudo Apocalypse","2017","","",""
"1094556","The Thundermans Return","2024","Twins Phoebe and Max are enjoying their superhero lifestyle, but when one 'save' goes awry, the Thundermans are sent back to Hiddenville. While Hank and Barb enjoy their return, and Billy and Nora look forward to a normal high school life, Max and Phoebe are determined to regain their superhero status.  [PLOT] Plot Three years after the events of the series finale , when meteors strike Metroburg, the Thundermans step in to save the citizens. After the save, the family want to have a fun night, but it is interrupted when another crime breaks out. When another team called the ""V-Team"" also arrive, Max ends up accidentally dropping a giant doughnut onto one of their members. Due to a Hero League law where a superhero is forbidden from harming another superhero, the Thundermans are fired by Super President Kickbutt and are sent back to Hiddenville where they reunite with the Thunder Monitor and Dr. Colosso. While Hank and Barb enjoy their return, and Billy and Nora look forward to a normal high school life, Max and Phoebe are determined to regain their superhero status. Meanwhile, Dark Mayhem, King Crab and Strongdor are in the Metroburg prison. The V-Team approaches them, revealing themselves to be their children: Dark Mayhem Jr., She-Crab, and Krondor. The children decide to devise their own plan, leaving their fathers imprisoned. In a desperate to retrieve their jobs, the Thunder Twins come up with the idea of the ""Tree Force"" and pitch it to the family. However, the rest of the family prefer living a normal life. Meanwhile at Hiddenville High, Nora utilizes her laser eyes to obtain friends. When Billy couldn't make a friend alone, he uses the same idea. Angered by this, Nora tries to zap Billy, whilst the latter tries to avoid the attacks: this results in Nora zapping off Principal Bradford's ponytail. Back at home, Barb and Hank, still worried for Chloe's safety, call Cousin Blobbin requesting to borrow his helicopter to monitor Chloe without her noticing. Phoebe's BFF Cherry launches two Splat Shakes that Hank had ordered from Splat Burger up to the helicopter. With Hank failing to catch them, they end up spilling and interfering with the helicopter's circuits. They are forced to make an emergency landing, crashing in front of Chloe and her friends. After that, Max and Phoebe figure out the V-Team are villains, they go by themselves to their lab to try to capture them, but Dark Mayhem Jr., She-Crab, and Krondor catch them and tie them up. After that, the Thunder Twins are sent to a mysterious place called ""The Mayhem Cafe"", in which they get tortured by Dark Mayhem's pre-recorded voice guide. After escaping from the box, they get locked in with an upcoming self-destruct. Meanwhile, Dark Mayhem Jr., She-Crab, and Krondor are trying to locate the Power Plant,...","",""
"1095006","Plan B","2021","The story begins with the demise of a lawyer named Vishwanath and travels through multiple twists, suspense and turns without leaving a single clue for the police to find.  [PLOT] Plot In South Dakota , Sunny, a sheltered Indian teenager, is pressured into throwing a party by her rebellious, outgoing friend Lupe. Though she fears disobeying her mother — who is out of town on a business trip — she agrees in the hopes of impressing and seducing Hunter, her crush. After seeing Hunter leave the party with the more popular Megan, however, she winds up having sex with her friend Kyle, a somewhat eccentric devout Christian — both almost immediately realize the encounter was a mistake. The next morning, Sunny informs Lupe that she has lost her virginity , but does not say to whom, leading Lupe to believe that she had sex with Hunter. In the bathroom, she is horrified to discover that she never removed the condom Kyle used during intercourse, fearing that she could become pregnant. Informing Lupe, the two set out to the local pharmacy to get a Plan B pill , but are denied. Following Lupe's suggestion, they decide their best option is to drive to the nearest Planned Parenthood — located in Rapid City — using Sunny's mom's car. Sunny and Lupe get lost on the road and are redirected by a helpful convenience store clerk, whom they inform of Sunny's situation. She suggests they visit her cousin, a drug dealer based in a nearby playground. The girls confront the dealer, who offers them fake IDs in exchange for oral sex , and manage to escape with the IDs and an unmarked ""birth control pill"" after Sunny accidentally damages his penis. After Sunny falls asleep, Lupe drives to a bowling alley where she hopes to meet Logan — a person whom she met online and has been communicating with frequently. Sunny, while initially reluctant, quickly accepts due to the prospect of meeting Logan and pleasantly surprised to find that Hunter and his friends are at the alley as well. The girls split up — Lupe goes off to meet Logan, and Hunter invites Sunny to a nearby diner. Logan, revealed to be a female drummer, has sex with Lupe in Sunny's car. Meanwhile, after learning that Hunter only left her party to get Megan home safely rather than to have sex with her, Sunny confides in Hunter about her situation. Hunter holds no judgement towards Sunny, sympathizing with her and reassuring her that everything will work out. After Hunter drives her back to the bowling alley, the two kiss. The girls reunite, but quickly discover Sunny's car (which Lupe left with Logan) to be missing. Despairing, Sunny takes the unmarked ""birth control"" pill they stole from the drug dealer —...","",""
"1096197","No Way Up","2024","Characters from different backgrounds are thrown together when the plane they're travelling on crashes into the Pacific Ocean. A nightmare fight for survival ensues with the air supply running out and dangers creeping in from all sides.  [PLOT] Plot During a Vista Airlines flight from LAX to Los Cabos , the plane hits birds and crashes into the Pacific Ocean , killing the flight crew and most of the passengers. The survivors - Ava (the daughter of a prominent politician ) and her boyfriend Jed, Jed's friend Kyle, a young girl named Rosa traveling with her grandparents (her grandmother Mardy 'Nana' survived), Ava's personal bodyguard Brandon and flight attendant Danilo - find themselves trapped inside an air pocket at the rear of the fuselage as it sinks to a rock base underwater. At first, Brandon takes charge, telling the survivors they must stay put and await rescue. On his way to retrieve an oxygen tank from the front of the plane, a tiger shark attacks Brandon through an opening in the fuselage. He manages to escape back to where the survivors are waiting, but is quickly dragged back by the shark. Kyle's arm is severely injured in the crash, so Nana, a former army nurse, treats it in the aft galley with a makeshift splint. Meanwhile, a rescue crew arrives by helicopter to search for the missing plane. The remaining survivors argue over what their next course of action should be, figuring they should do what Brandon would have done. Ava reasons they have three or four hours of air left before they run out, and Jed explains that eventually the fuselage will implode from the depth pressure. At that moment, the wreckage slides down the rock face, dragging them deeper into the ocean before coming to rest on the edge of a cliff leading into a dark abyss. The survivors decide to leave the aircraft and swim to the surface. Rosa explains that sharks are afraid of air bubbles, so they reason they can scare the sharks away with bubbles from their inflatable life vests and go in search of diving gear throughout the plane. Meanwhile, the rescue helicopter spots debris from the plane on the surface of the water. Two rescue divers are sent down to investigate the wreckage. They encounter the wrecked plane with the survivors, but are attacked by the shark as the survivors try to warn them about the shark's presence. One diver is dragged off by the shark, while the second goes missing. The survivors search for the second diver and are attacked by the shark, which bites off Jed's leg below the knee. He soon goes into shock and dies. Ava retrieves a bag of scuba gear from the baggage area underneath the plane, and the survivors prepare to swim to the surface. Kyle explains he's too afraid to swim to the...","",""
"1096992","Guddu Gangster","2023","Guddu is a teenager and Gangadhar is a middle aged gangster. They have nothing in common but due to some magic realism their lives got entangled in such a way that it created pandemonium after pandemonium.  [PLOT] Plot The story revolves around an upright and principled Police Officer, A.C.P. Ramakant Chaudhary, whose eldest son Vikas is killed in a pre-planned accident. But the A.C.P. is unable to nab the culprits for want of valid evidence. Consequently, the A.C.P., his wife Revati, and younger son Vishal are grief-stricken over the loss of young Vikas. While the atmosphere in the city is already vitiated by the atrocities of gang lords Baba Khan and Manna Shetty, who enjoy the support of some unscrupulous police personnel, the A.C.P. vows to make the ruthless gangsters bite the dust, without taking the law into his own hands. On the other hand, Vishal, an angry young man, cannot stand this injustice since the police had failed to arrest his brother's killers, and he silently resents his A.C.P father's inaction in dealing with the culprits. The ideologies of the father and son clash – which leads to a conflict between a dutiful father and a reckless son. The only one who understands the agony of Vishal is Mohini, the daughter of head constable Devkinandan Sharma. The day comes when Vishal confronts Baba Khan and Manna Shetty, which leads to tension and a gory situation for the A.C.P., as the gang lords threaten to eliminate the A.C.P. as well as his wife Revati and son Vishal.","",""
"1097549","Babygirl","2024","A high-powered CEO puts her career and family on the line when she begins a torrid affair with her much younger intern.  [PLOT] Plot A young girl named Ellen prays for a companion to ease her loneliness. She inadvertently contacts a powerful being known as the Nosferatu , forging a psychic link between them. In 1838, Ellen has married Thomas Hutter , and they live in Wisburg, Germany . Thomas is sent to Transylvania by his employer, Herr Knock, to sell the decrepit Grünewald Manor to the reclusive Count Orlok . He leaves Ellen with his friend Friedrich Harding and his pregnant wife Anna, who have two daughters. Unbeknownst to Thomas, Knock is actually in league with Orlok. Arriving at a Transylvania hamlet , Thomas is shunned by the locals when he mentions Castle Orlok. That night, he witnesses a group of Roma exhuming and staking an alleged vampire's corpse, which gushes blood. He wakes up to the hamlet deserted and his horse gone. He continues on foot until a mysterious carriage takes him to Orlok's castle. Distracted by Orlok's appearance during dinner, Thomas cuts his hand, which agitates the Count. He wakes up on the floor of the dining room the next morning. Orlok completes the home sale and takes Thomas' locket, containing a lock of Ellen's hair. Thomas discovers bite marks on his chest and becomes increasingly ill and fearful. While attempting to escape the castle, he ends up in a crypt where he finds the Count asleep in a coffin, naked and decayed. When Orlok awakens and gives pursuit, Thomas falls into a river and is rescued by Eastern Orthodox nuns . They explain that Orlok became a vampire after making a pact with the Devil . Orlok sets sail for Wisburg inside his coffin on a ship with plague -carrying rats. Meanwhile, Ellen, under Orlok's influence, begins suffering from seizures and sleepwalking. Her doctor, Wilhelm Sievers, consults with his former mentor, Albin Eberhart von Franz, a Swiss scientist ostracized for his occult beliefs. Von Franz confirms that Ellen is under Nosferatu's demonic influence. Knock is institutionalized after killing and eating sheep raw. Von Franz reveals that sunlight will kill Nosferatu. Thomas returns to Wisburg as Orlok's plague ravages the populace. Knock escapes and escorts Orlok to Grünewald Manor. Orlok appears to Ellen in her nightmares and tells her that Thomas ""sold"" her to him for his commission of the home sale (he could not read the documents as they were in Orlok's language). He demands that she submit to him in three days or he will kill Thomas. She awakes to find Anna being attacked by plague-infested rats. Ellen berates...","",""
"1099519","Unification Of Japan 22","2017","Having been appointed Wakagashira, Himuro Renji (Yasukaze Motomiya), head of the Yamazaki-gumi of Kyowakai, moves forward under the Kyowakai crest alongside fellow newly promoted assistant Wakagashira Tamura (Yoshiyuki Yamaguchi), aiming for the unification of the Japanese yakuza world.  Meanwhile, a dispute breaks out in Aomori between members of the Kyokuzankai in Tohoku and the Kanto-based Marugami-kai, resulting in the death of a Kyokuzankai member. The incident casts a dark shadow over both sides, pushing tensions to the brink of conflict. Seeking to avoid an all-out war, Kyokuzankai executive Ueki (Daisuke Nagakura) asks Himuro to mediate.  Himuro enters negotiations with Munakata (Takanori Kikuchi), assistant to the Marugami-kai chairman. As yakuza across Japan watch closely, what decision will Himuro make…?","",""
"1099639","The Temptation of the Mature 50s Mother-in-law","2023","A young couple, Wan-jin and So-hee, are living with Wan-jin's single father, Seok-bong. Seok-bong was preying on his daughter-in-law, who was doing the housework and preparing meals for him while her husband was away at work. He pretended to have dementia and attacked her. So-hee, who was suffering from her shame, suggested to Wan-jin to hire his father a caregiver, saying that his father seemed to be suffering from dementia, and so Bok-ja, a sexy and voluptuous caregiver who was about Seok-bong's age, came in. Seok-bong is captivated by Bok-ja's passionate charm and soon begins to share his love with her, and in this way, she takes the place of Wan-jin's new mother.","",""
"1099975","Mana Museum","2023","Pati was a cinematographer, who visited his village for a shoot, purchased a house to make it a museum to hide collections of Manis memoirs. Will Pati and Manis love have a magical ending or a tragic one?","",""
"1100099","We Live in Time","2024","An up-and-coming chef and a recent divorcée find their lives forever changed when a chance encounter brings them together, in a decade-spanning, deeply moving romance.","",""
"1100431","Dry Dream","2015","A woman and her little brother visit their neighbour to ask for water.  [PLOT] Plot 70-year-old widower Ben Whittaker, a retired executive from Dex One , finds himself bored with retirement. He applies to fill the newly created position of senior intern at About the Fit, a fast-growing e-commerce fashion startup in Brooklyn . Ben impresses everyone and is one of three senior interns hired. He is assigned to work with CEO Jules Ostin, who is somewhat skeptical at first and ignores him. However, Ben wins over his co-workers with his congeniality and his helpful advice on life and work. One morning, Ben organizes a longtime messy desk that Jules has been agonizing about, winning her good graces. Later, looking out a window, he notices Jules's chauffeur drinking. Going outside, he persuades him to leave. Ben acts as her chauffeur and drives Jules home. The next day, Jules's driver did not show up, so Becky asked Ben to pick her up, Ben asks Jules some personal questions, so she asks her VP Cameron to reassign him. However, that evening, they bond when she discovers that he worked for almost 40 years in the same building that About the Fit now occupies. The next morning, Jules learns that Cameron has replaced Ben as her intern with Doris, a terrible driver who nearly crashes. Jules finds Ben and apologizes, begging him to come back, which he does. Jules starts assigning Ben work, and he helps lighten her workload. He also begins a relationship with About the Fit's in-house massage therapist, Fiona. When Jules accidentally sends a scathing email about her mother to her mother, Ben volunteers to take some co-workers to break into her mother's house to delete it from her mother's computer. They narrowly avoid getting caught by the police in the process. Ben becomes acquainted with Jules's family. Her husband Matt gave up his own very successful career to be a stay-at-home dad to their daughter, Paige, when About the Fit started to take off. However, the marriage is slowly breaking apart as the couple grows more distant. When driving Paige home from a party, Ben discovers that Matt is having an affair. Meanwhile, Jules is under pressure to give up her post as CEO to someone outside the company because her investors fear that she is unable to cope with the unexpectedly high workload. Believing it will give her more time at home with her family, Jules gives in to the pressure. Jules asks Ben to accompany her on a business trip to San Francisco to interview a potential CEO candidate. While there, Jules reveals that she knows about Matt's...","",""
"1100782","Smile 2","2024","About to embark on a new world tour, global pop sensation Skye Riley begins experiencing increasingly terrifying and inexplicable events. Overwhelmed by the escalating horrors and the pressures of fame, Skye is forced to face her dark past to regain control of her life before it spirals out of control.  [PLOT] Plot Six days after Rose Cotter's death, [ a ] the now-cursed Joel attempts to pass the Smile Entity on by killing one murderous criminal in front of another. He accidentally kills the witness in a shootout, and drug dealer Lewis Fregoli, whom Joel had not previously noticed, inherits the curse as a bystander. Joel tries to flee when more criminals arrive, but is run over and killed by an oncoming pick-up truck. Meanwhile, New York-based pop star Skye Riley appears on The Drew Barrymore Show as she prepares for her comeback tour following a public struggle with substance abuse and a car crash that killed her actor boyfriend, Paul Hudson. Despite constant supervision from her mother/manager Elizabeth, Skye sneaks out to buy Vicodin from Lewis, her high school friend, after injuring her back in rehearsals. After Skye arrives at Lewis' apartment, Lewis begins screaming and panicking before being possessed by the Entity. While Skye watches, Lewis rises, smiling, and fatally smashes his face in with a barbell plate , traumatizing Skye and passing the curse onto her. Afraid of being found with Lewis's corpse and a room full of drugs, Skye leaves without alerting the authorities. Skye is plagued by relentless visions, including hallucinations of Paul, her assistant Joshua and a disfigured Lewis smiling at her, causing her mental health to rapidly deteriorate. Needing support, she reconciles with her estranged friend Gemma. Skye receives a text from an unknown number, claiming to know she was at Lewis's apartment and that she is in danger. When the hallucinations become overwhelming, Skye decides to meet this contact in a bar. There, the mystery texter is revealed to be an ER nurse named Morris, who explains the nature of the curse to her and tells her he has been tracking the Entity ever since it killed his brother. Theorizing that the Entity is parasitic and could die without a host, he suggests stopping Skye's heart and then resuscitating her to break the curse, but she refuses and leaves after being recognized by bargoers. Arriving back at her apartment, Skye is cornered by the Entity, which takes the form of her backup dancers. Skye tries to escape but is violently thrown around the apartment and pinned down as a giant arm forces its way into her throat, causing her to black out . A flashback reveals that Skye caused Paul's death by intentionally crashing the car during a drug-induced argument. Skye awakens at a retreat and argues with Elizabeth over the...","",""
"1100848","Zetsu-Rin! Invisible Hentai Man: Second Virgin and Magic Potion","2016","The protagonist, who uses the 'Elixir of Iga' for self-interest and spends his days in the sake pond meat forest, makes a mistake in using the medicine and becomes an invisible human. An erotic comedy that is bound to burst into laughter about the true love of a man who has lost everything and finally finds true love with a woman of destiny, full of naughty perspectives.","",""
"1104844","BLUE LOCK THE MOVIE -EPISODE NAGI-","2024","When apathetic gamer Nagi agrees to join his rich classmate Mikage in soccer, their partnership leads to the famous Blue Lock program — and to changes.","",""
"1104882","120 Kilos","2023","A boy is left  shattered as his girlfriend goes missing but bigger mysteries awaits him.  [PLOT] Plot Raasa is a carefree young man living in a rural village in the Madras Presidency , during the British Raj . Orphaned at a young age, he is brought up by his grandmother. Angamma, a local belle, falls for him and takes pleasure in bullying him. When she finally confesses her feelings for him, they become intimate and soon reveal the fact that they are in love before the entire village. Angamma's mother objects as Raasa is unemployed and irresponsible, making him undeserving of marrying anyone. Raasa then goes to the nearby village in search of work. He comes across a friendly Kangani , who then follows Raasa back to his village. The Kangani offers work for the villagers at the British tea plantations at the hillside. He promises them proper accommodation and high wages. Like many of the villagers, Raasa signs up with the Kangani, hoping that he can send home money every month for his ailing grandmother. Both Angamma and his grandmother are sad to watch him leave. When Raasa and his villagers arrive at the tea plantation, they realise they have been tricked into bonded labour . The Kangani and his henchmen tyrannically rule the plantation, and the British plantation manager does not care for the welfare of the workers. Raasa befriends Maragadham and her little daughter. They are the wife and child of the only worker who has ever escaped the plantation alive. Raasa soon gets a letter from his grandmother stating that Angamma now lives with her after her family found out she is pregnant with his child. It is soon revealed that all the workers' daily wages go to their food and lodging. Raasa will have to work there for many more months if he wishes to leave the place. Maragadham too has to work for both her time and for her husband's contract. The workers finally realise that they have been made slaves to the British businessmen. Feeling homesick, Raasa tries to escape, but he is caught by the Kangani's henchmen and gets his left fibula cut, just like every other worker who tried to escape and failed. An epidemic soon kills many workers in the plantation, including one of Raasa's villagers. During a tea party, an English socialite asks the plantation manager to bring in a real doctor to treat the workers. A doctor from Madras , in the form of an Indian Christian convert , and his English wife come to the plantation. However, rather than treating the sick workers, they spend all their time trying to convert them. Raasa's time at the plantation draws to an...","",""
"1106289","The Pickup","2025","A routine cash pickup takes a wild turn when mismatched armored truck drivers Russell and Travis are ambushed by ruthless criminals led by savvy mastermind Zoe.  [PLOT] Plot Russell Pierce, a veteran armored car driver nearing retirement, and Travis Stolly, a rookie who aspires to be a police officer, team up for the first time on duty. While on duty, criminal mastermind Zoe ambushes them with Banner and Miguel. During the intense chase and being outmatched, Russell attempts to surrender the money from the truck for their life but discovering that the supposed money they are transporting are full of contraband. Banner and Miguel's car flips over during a car chase after Russell throws the money contained the dye packs at their cars, but Zoe ultimately manages to hijack the armored car. Travis recognizes Zoe, and remembers their one-night stand the evening before. She had gotten him drunk on their date, and he told her everything about his work and the schedule of his route. Assuming that Banner and Miguel are dead after both of their vehicles have violently crashed, Zoe asks Russell and Travis to cooperate with her and reveals that her goal wasn't to steal the money or the contraband from the truck but to rob the armored vehicle itself as she needs an armored truck in a plan to take $60 million cash pickup from a casino. Banner and Miguel survive the car accident. Unhappy that Zoe had abandoned them, they attempt to catch up with the armored car. Travis, feeling used by Zoe, still has feelings for her. Zoe confesses to Travis and Russell that several years ago, a fire broke out in the casino where her father worked as security guard. During the fire, the lockdown sequence was initiated to protect the money from catching fire but did not have manual overdrive for the personnel to get out to safety. Zoe's father sacrificed himself to hold the metal door for his co-workers to escape. Despite his heroism, the casino did not extend any compensation to her family for the faulty security system. The adult Zoe now plans to take the casino's money to get revenge. In front of the casino, Russell's wife Natalie finds him through mobile phone positioning, where she is taken hostage by Zoe and tied up in the car with Travis. As they approach the vault, they encounter a photoshot of a famous mixed martial arts fighter and Zoe lies to him that his rival is trashing him on the internet, causing him to leave the vault. Russell and Zoe successfully steal $60 million in cash from the casino. On their way out, the casino manager recognizes her and apologize for her father situation and blames the higher-ups for not compensating her father...","",""
"1109086","War 2","2025","Years ago Agent Kabir went rogue, became India’s greatest villain ever.  As he descends further into the deepest shadows... India sends its deadliest, most lethal agent after him, Agent Vikram  A Special Units Officer who is more than Kabir’s equal and a relentless Terminator driven by his own demons, determined to put a bullet into Kabir’s skull.  [PLOT] Plot Department of Homeland Security (DHS) officer Will Radford works for a government surveillance program that can monitor every person on Earth. His relationship with his pregnant daughter Faith and son Dave is strained due to his use of the program to constantly monitor them. While helping FBI agents try to find a mysterious hacker, known as ""Disruptor"", meteors begin striking all over the planet. When large machines emerge from the meteorites and start attacking humans, Will and his friend Sandra from NASA conclude it is an alien invasion . Will helps Dave and Faith evade the machines before being called to a meeting with DHS Director Donald Briggs, U.S. Secretary of Defense Walter Crystal, and the United States president . When the president authorizes a military response, other governments do likewise. Will notices the machines are concentrating around data centers around the world, dispersing smaller insectoid creatures to harvest data inside the buildings. The data nourishes the alien machines, and they continue to defeat the human forces attacking them. Will is dismayed to discover that Disruptor is actually Dave, who links him to classified information regarding a surveillance operation known as ""Goliath"". These classified files reveal to Will that alien ships had previously arrived on Earth, and that the government knew they fed on data. Despite warnings that activating Goliath could attract the aliens, Briggs activated it anyway. Will confronts Briggs, who claims his actions were necessary to keep people safe. Briggs then locks Will out of the DHS system. Will, Dave, and his team of hackers re-enter the system and plant a virus to disable the aliens' machines. The virus fails to stop the aliens, who locate and kill most of Dave's fellow hackers. The military plans to bomb the DHS headquarters (under which Goliath is kept), to ensure the aliens cannot access the system. Using a variation of Faith's cancer-destroying ""Cannibal"" code concealed in a flash drive delivered by her boyfriend, Amazon delivery driver Mark, Will breaks into the bunker and shuts down Goliath in time, simultaneously deactivating the aliens. The military calls off the bombing. Will and Dave are celebrated as heroes, Briggs is arrested for his crimes and Faith is credited with using her DNA studies to ensure the aliens' defeat. Crystal gives Will an offer to lead a new surveillance program that will not interfere with people's privacy, but he declines, saying, ""Now, I'm...","",""
"1111873","Abigail","2024","A group of criminals kidnap a teenage ballet dancer, the daughter of a notorious gang leader, in order to obtain a ransom of $50 million, but over time, they discover that she is not just an ordinary girl. After the kidnappers begin to diminish, one by one, they discover, to their increasing horror, that they are locked inside with no normal little girl.  [PLOT] Plot Abigail, a young ballet dancer, is kidnapped by six skilled criminals and taken to the secluded Wilhelm Manor. Lambert, who hired them, instructs them to guard Abigail for 24 hours, at which point each of them will receive $7 million from a $50 million ransom paid by her father. The group, using aliases to protect their identities, consists of former Army medic and recovering addict ""Joey"", former NYPD detective ""Frank"", thrill-seeking hacker ""Sammy"", former Marine sniper ""Rickles"", dimwitted mob enforcer ""Peter"", and sociopathic driver ""Dean"". Joey is reluctant to continue with the plan (as she was unaware Abigail was a child and has a son herself). Nevertheless, she is tasked with managing Abigail. Joey promises the girl that she will protect her. Abigail says her father does not care about her and will not pay the ransom, then ominously apologizes for what is ""going to happen"" to Joey. Perturbed by this, Frank violently confronts her, learning that her father is Kristof Lazaar, a powerful—almost mythical—crime lord. While looking for a snack, Dean is ambushed and decapitated. Just as the group surmises that Lazaar's legendarily violent enforcer Valdez is inside the house, a security system suddenly prevents them from leaving. Rickles is then found torn to pieces. When the group confronts Abigail for information, she transforms into a vampire . Frank shoots her in the head, but she heals instantly. Frank, Sammy, and Peter gather various folkloric items said to harm vampires, but they are revealed to have no effect on Abigail, who easily overwhelms them with her superior speed and agility. Joey is able to tranquilize the girl and cage her, but not before she bites Sammy. Upon awakening, the centuries-old Abigail admits that Lambert works for her father; the ""kidnapping"" is merely a trap to dispose of Lazaar's enemies. Joey deduces that Abigail kills for her father in hopes of winning his love. Abigail busts out of her confines and attacks Frank, but Joey exposes her to sunlight, which explodes her hand. With just hours before sunset, the group split up to find an escape route. Sammy turns into a vampire and drinks Peter's blood, killing him, before attacking Frank and Joey, who blow her up after reflecting sunlight with a silver tray. Lambert lures Joey and Frank into a hidden safe room, where he reveals Abigail turned him into a vampire two years earlier as punishment for helping Frank. Lambert turns Frank into a vampire, making a deal to cooperate...","",""
"1113421","The Uninvited","2025","Rose and Sammy enjoy an idyllic life with love, a Hollywood Hills home, and a curious son. During a party, Sammy assigns unusual significance to it, while Rose juggles preparations amid distractions.  The unexpected arrival of Helen, who claims residence there, oscillates between confusion and lucidity. Strangely, Helen possesses intimate knowledge of the house and its guests. Her revelations spark drama, unearthing hidden truths and compelling Rose to confront her past, future, and the desire for change.  [PLOT] Plot Following a suicide attempt after her terminally ill mother died in a house fire, Anna Ivers is discharged from a psychiatric institution after ten months; she has no memory of the actual fire, though recurring nightmares from that night frequently plague her. Back at home, Anna reunites with her older sister Alex and learns their father Steven has a new girlfriend, Rachel Summers, who was their mother's live-in nurse . Anna and Alex become convinced that Anna's nightmares are messages from their mother, telling them that Rachel murdered her so she could be with Steven. The girls remain angry at Steven for moving their mother into the boathouse when she got sick, her only way of calling for help being a bell that Rachel tied to her wrist. Anna meets up with her old boyfriend Matt, who tells her he saw what happened the night her mother died, but Rachel intervenes before he can explain further. Anna goes with Rachel into town so Alex can look through Rachel's possessions and Anna can talk to Matt again. The two secretly plan to meet that night, but Matt fails to show up. Anna has a ghastly hallucination of him; the next morning, his dead body is pulled out of the water, his back broken. The police state he fell from his boat and drowned. After the sisters are unable to find any record of Rachel with the State Nursing Association , they conclude she is actually Mildred Kemp, a nanny who killed the children she was caring for after she became obsessed with their widowed father. While Steven is away on business, the girls try to gather evidence against Rachel to show the police, but Rachel catches them and sedates Alex. Anna escapes and goes to the local police station, but they disbelieve her and eventually call Rachel to take her home. Rachel sedates Anna and puts her to bed; Anna sees Alex in the doorway with a knife before passing out. When she wakes up, she finds that Alex has killed Rachel and thrown her body in a dumpster in their backyard. When Steven arrives home, Anna explains that Rachel tried to murder them and Alex saved them. Confused and panicked, Steven reveals that Alex died in the fire along with their mother. Anna looks down to find that the bloody knife is in her hand, then finally remembers what happened on the night of the fire. After catching Steven and Rachel having sex, she became enraged, filled a watering can from a gasoline tank in the boathouse, and carried it toward the house, intending to burn it down. However, she failed...","",""
"1113515","Wolf Whistle","2022","A young woman goes for a sunset jog in a dangerous park with unexpected consequences.  [PLOT] Plot On a remote mountaintop, the Monos, a group of teenage commandos identified only by their noms de guerre , perform military training exercises while watching over a prisoner of war referred to only as ""Doctora"". They are visited by the Messenger, a superior in the unnamed Organization they serve, who oversees their drills and instructs them to push themselves harder. Two of the Monos, Lady and Wolf, request permission to enter a romantic relationship, which the Messenger grants. Before departing, he leaves the Monos in charge of a milk cow named Shakira. Lady and Wolf consummate their relationship, an event the other commandos honor with celebratory gunfire, during which Shakira is inadvertently shot and killed by Dog. The Monos punish Dog by putting him in solitary confinement in a pit and then drag Shakira's body to their camp to strip it for meat. Troop leader Wolf commits suicide. The Monos argue over how to report this to the Messenger via radio; they eventually lie to protect Dog, saying that Wolf killed Shakira and killed himself out of shame. Lady and Rambo have a sexual encounter that night by the fire. With Wolf dead, the Messenger appoints Bigfoot as head of the squad. Over the radio, the Organization's commander asks Doctora questions from her family to confirm that she is alive. The Monos' base is attacked and Doctora is put under the watch of Swede, who informs her that she will be killed if the opposing forces try to rescue her. While they are alone together, Doctora appeals to Swede's emotions to help her escape and the two embrace when the bunker in which they are hiding is shelled. Swede begins kissing Doctora, who throws her off; Swede then returns to holding her at gunpoint, laughing while crying. The following day, Bigfoot announces that the Monos were triumphant in the fight and will be relocating to the jungle. Soon after their arrival, Doctora makes an attempt to escape. Bigfoot is enraged, damaging the radio and declaring the Monos independent of the Organization. After Doctora is recaptured, Bigfoot demands that Rambo chain her to a tree. Rambo does so, but begins to cry, further angering Bigfoot. The Messenger returns to check on the Monos and discovers that Lady and Bigfoot have begun a sexual relationship without approval. He forces the Monos to carry out strenuous exercises and confess to him about one another's misdeeds. Smurf reveals that Dog is the one who killed Shakira, and recounts what Bigfoot said about the...","",""
"1114513","Speak No Evil","2024","When an American family is invited to spend the weekend at the idyllic country estate of a charming British family they befriended on vacation, what begins as a dream holiday soon warps into a snarled psychological nightmare.  [PLOT] Plot While vacationing in Italy, American couple Ben and Louise Dalton and their preteen daughter Agnes (who live in London) meet and befriend British couple Paddy and Ciara and their son Ant, who is unable to communicate verbally; Ciara tells them he was born with a genetic condition that manifested as a smaller tongue and aphasia . Once back home, Paddy and Ciara invite the Daltons to stay at their remote farmhouse in Devon for the weekend, and they accept. Ben, Louise and Agnes are warmly welcomed, but as they spend more time there, they begin to grow unnerved by Paddy and Ciara's strange behaviour that often crosses social boundaries, as well as their aggressive treatment of Ant. One evening when the adults go out to dinner, Paddy rudely challenges Louise's vegetarianism and jokingly simulates a sex act with Ciara, shocking their guests. Later on during the night, Louise finds Agnes and Ant sharing a bed with a drunken Paddy and Ciara. Horrified, they flee from the house but they are forced to return when Agnes discovers she has forgotten her favourite stuffed animal, Hoppy. Paddy and Ciara apologise for their behaviour and the Daltons decide to stay to keep the peace. However, their unsettling behaviour continues. Ant steals Paddy's keys and takes Agnes to a locked shed. Inside, there is a huge collection of luggage and personal possessions, as well as a photo album of Paddy and Ciara with multiple other families, revealing they are serial killers who lure families to their farmhouse, rob and kill them, then cut out the tongues of their children. Agnes fakes getting her first period and manages to get Louise and Ben alone to explain the situation. Horrified, the Daltons decide to leave calmly with the intention of coming back with the police later to save Ant. Discovering their secret has been learnt, Paddy and Ciara, with the help of their accomplice Mike, sabotage their getaway and capture the family, forcing them to transfer their life savings before preparing to kill them and cut out Agnes's tongue. Louise attacks and injures Paddy, allowing the Daltons to flee into the house with Ant. In the ensuing chase and struggle, Louise kills Mike with a hammer and saves Ben before the Daltons escape to the roof, while Ciara attempts to shoot them with a shotgun. Louise hits her, causing Ciara to fall off the roof to her death. As the Daltons attempt to leave, Paddy appears, holding Agnes at gunpoint. As Paddy declares his intention to replace Ciara with...","",""
"1114667","Conquest 14","2017","The fourteenth 'Conquest' film.","",""
"1114967","Good Fortune","2025","A well-meaning but rather inept angel named Gabriel meddles in the lives of a struggling gig worker and a wealthy capitalist.  [PLOT] Plot In 1970, Japanese Ride Flight 351 is hijacked by armed members of Japan's Red Army Faction soon after taking off for Itazuke from Tokyo . The young hijackers, referring to themselves as Ashita no Joe , demand to be flown to Pyongyang , where they hope to form a Communist revolutionary army capable of toppling the Japanese government. Captain Takehiro Kubo points out that he and his copilot do not know Pyongyang's location or air traffic control frequency; he also misleads the hijackers about the plane's fuel level, claiming it is insufficient to make the trip. The hijackers allow the plane to land at Itazuke to refuel and obtain a map. Japanese authorities hesitate to take action out of fear of endangering the hostages, but the hijackers are prevailed upon to release the elderly, infirm, and children; ultimately, the plane is permitted to depart for Pyongyang with 106 Japanese hostages still aboard. The Korean Central Intelligence Agency learns of the hijacking and Director Park Sang-hyeon tasks ""Nobody"", an undocumented North Korean defector and the KCIA's best fixer, with rescuing the hostages, hoping to reap international publicity and put the Japanese government in its debt. Nobody recruits ROK Air Force Lieutenant Seo Go-myung to assume the role of a North Korean air traffic controller and tricks the hijackers into landing the plane in Seoul . Despite attempts from the North Korean Air Force to intervene, Seo guides them to Gimpo International Airport . At Gimpo, Nobody arranges for the airport to be disguised as Pyongyang International Airport . When Japanese Ride 351 arrives, the high-strung hijackers refuse to disembark after noticing several discrepancies, including American airliners and Louis Armstrong music playing over a local radio station. That night, Seo is sent to negotiate with the hijackers. One of the hijackers stabs the lead hijacker in the abdomen to demonstrate their resolve; the lead hijacker explains to Seo that if the plane does not resume its flight to Pyongyang before his death or the next day, they will detonate their bomb vest . Seeing that South Korean officials don't want to threaten the lives of the Japanese hostages if they send the plane to Pyongyang, Seo downplays the hijackers' fanaticism to his superiors. Nobody plants a false news report that one of the hostages is of Korean descent and draws comparisons to the 1969 Korean Air Lines YS-11 hijacking , igniting a public outcry for the hostages' immediate release...","",""
"1115116","Gloomy Sunday","2023","Christopher reflects on his first love through snippets of his memory through twenty-four hours of flashbacks from when it began.","",""
"1118224","Maharaja","2024","A barber seeks vengeance after his home is burglarized, cryptically telling police his ""Lakshmi"" has been taken, leaving them uncertain if it's a person or object, jeer at his request until they learn what they're really looking for.  [PLOT] Plot Maharaja is a reserved barber employed at Ramki Saloon in Chennai . While visiting a local residence with his family, a runaway truck crashes into the building, killing his wife. His infant daughter miraculously survives when a metal dustbin falls over her and shields her from the collapsing structure. Out of deep gratitude, Maharaja and his daughter, Jothi, affectionately name the dustbin ""Lakshmi"" and keep it as a prized household object. Years later, Maharaja enters a local police station to report that Lakshmi has been stolen. The officers initially mock him for demanding a grand larceny investigation over a common trash can. However, Maharaja successfully coerces Inspector Varadharajan into launching an official inquiry by offering a massive bribe of ₹5 lakhs. While Maharaja claims that three intruders broke into his home, assaulted him, and stole the dustbin, he is covertly exploiting the police machinery to track down a gang of dangerous criminals. Utilizing a dropped toll receipt left at his home, Maharaja tracks down a delinquent named Dhana, interrogates him, and executes him upon learning that one of the remaining accomplices possesses close ties to the police department. Flashbacks reveal that a decade prior, a duo of sadistic criminals named Selvam and Sabari routinely terrorize the city by robbing households, assaulting women, and murdering their victims. Selvam lives a double life with his unsuspecting wife, Kokila, and their toddler daughter, Ammu. When a police raid results in Selvam's arrest, he erroneously concludes that Maharaja has snitched on him, as Maharaja has recently visited their neighborhood to return a gold chain Selvam had accidentally left behind at the barbershop. Disgusted by the sudden revelation of his depraved crimes, Kokila publicly disowns her husband before he was sent to prison. In the present timeline, the corrupt police officers decide to quietly close Maharaja’s bizarre case by purchasing an identical replacement dustbin and forcing their regular informant, Nallasivam, to pose as the thief for the official paperwork. However, during a staged crime scene reconstruction at Maharaja's house, Maharaja instantly recognizes Nallasivam as one of his real-life assaulters due to a highly distinctive physical deformity on the man's back. The grim reality behind Maharaja's crusade is subsequently unraveled. Days prior, while Maharaja was away on business, Jothi had returned early from an athletic camp organized by her...","",""
"1119853","Athol Park","2020","A girl investigates the disappearance of a school teacher. What she finds changes her life forever.","",""
"1119878","Ice Road: Vengeance","2025","Big rig ice road driver Mike McCann travels to Nepal to scatter his late brother’s ashes on Mt. Everest. While on a packed tour bus traversing the deadly 12,000 ft. terrain of the infamous Road to the Sky, McCann and his mountain guide encounter a group of mercenaries and must fight to save themselves, the busload of innocent travelers, and the local villagers’ homeland.","",""
"1120138","In the Lap of the Mountain","2023","Due to the caste dynamics and hierachy prevailing in Golegaon as in the rest of the country, the Adivasi people in the village struggle to hold onto their traditions and assert their own individual identity as a community in the very place that has belonged to them for generations.","",""
"1120446","Anitele×=LOVE Stage Project ""Kemono Friends""","2018","This piece is a theatrical production starring the Japanese idol unit =LOVE.","",""
"1124620","The Monkey","2025","When twin brothers find a mysterious wind-up monkey, a series of outrageous deaths tear their family apart. Twenty-five years later, the monkey begins a new killing spree forcing the estranged brothers to confront the cursed toy.  [PLOT] Plot In 1999, Captain Petey Shelburn attempts to return a wind-up drum-playing toy monkey at an antiques shop. Before he can do so, the monkey plays its drum, triggering a chain reaction that ends with a harpoon gun disemboweling the shop owner. Shortly afterwards, Petey disappears, leaving his wife Lois to raise their twin sons Hal and Bill. The twins later discover the monkey among their father's belongings and wind its key. That evening, while they are at a hibachi restaurant, their babysitter Annie is accidentally decapitated by the chef. One day, Hal chooses to wind the monkey's key in the hopes it will kill Bill, by whom he is constantly bullied. Instead, Lois suffers an aneurysm and dies in front of Bill. Hal disposes of the monkey before he and Bill move to Casco, Maine , to live with their aunt Ida and uncle Chip. When the monkey mysteriously reappears at their new home, Bill winds its key, causing Chip to be trampled to death in a horse stampede . The twins seal the monkey in its box and throw it down a nearby well, hoping it will remain hidden. Twenty-five years later, Hal, still paranoid and traumatized by his past, is estranged from his family, including his son Petey. His ex-wife, now remarried, plans to have her new husband adopt Petey, effectively cutting Hal out of Petey's life. After Ida dies in a freak accident, Bill contacts Hal for the first time in nine years, voicing his suspicion that the monkey has returned and insisting Hal drive to Ida's house to retrieve it. Hal believes it when he witnesses a woman exploding upon jumping into an electrified motel pool. While inspecting Ida's house, her real estate agent Barbara reveals to Hal that over the week following Ida's death, a series of bizarre fatal accidents have occurred in the town. A shotgun later falls out of a closet, killing Barbara. Hal and Petey soon learn that Bill lives in town and has the monkey, having hired a local named Ricky to retrieve it. Bill, who knows about Hal's attempt to use the monkey to kill him, has been turning the monkey's key in retaliation, though the monkey has only been killing random people. Hal implores Bill to stop, fearing for his son's safety. As whoever turns the key is spared, Bill says he will stop if Petey takes over the task of perpetually turning the key in his stead; if Hal refuses, Bill threatens to keep winding the key until Hal is killed, no matter who dies in the process. Ricky, obsessed with the monkey, forces Petey at gunpoint to...","",""
"1126166","Flight Risk","2025","A pilot transports a U.S. Marshal accompanying a government witness to a trial in New York. As they cross the Alaskan wilderness, tensions soar and trust is tested, as not everyone on board is who they seem.  [PLOT] Plot U.S. Marshal Madolyn Harris arrests Winston, an accountant, while he is hiding in Alaska after turning informant against his former employer, the Moretti crime family. Madolyn charters a small airplane, a Cessna 208 Caravan , to take them to Anchorage so they can transfer to New York City, where she intends for Winston to testify against mobster Moretti. They are piloted by Daryl Booth, a Texan living in Alaska, who explains that the aircraft's radio and GPS are regularly out of order. While shackled in the middle of the plane, Winston spots Daryl's pilot license under the seat in front of him, noticing that the photograph is a different person from ""Daryl."" He tries to warn Madolyn, who has a headset on and cannot hear him. After a brief conversation with Madolyn, ""Daryl"" mentions how she will go to Seattle after reaching Anchorage. He should not have known this, thus he reveals himself to be a hitman using Daryl's identity with orders to kill Winston. Madolyn manages to subdue him with a taser , and takes over piloting the plane. Using her satellite phone , Madolyn explains the situation to her direct superior, Caroline Van Sant. Caroline tells her that Winston must be kept alive if Moretti is to be brought to justice. Winston had skimmed $1 million from the Moretti crime family during his time working for them. Caroline tells Madolyn that the real Daryl Booth had been tortured to death by ""Daryl,"" and that she will arrange for another pilot to call her to help navigate them to safety. Madolyn begins to grow suspicious of Caroline when ""Daryl"" knows information about her past that he should not have known—information that could only have come from the Marshals. Thus, Madolyn begins to suspect that Caroline is the leak to the mob. Madolyn then gets in touch with US Marshals Director Coleridge to explain her suspicions. However, Coleridge gives himself away as being on Moretti's payroll when he mentions his beach house, since Winston recognizes that a past request for payment came from an IP address in that city. This puts Caroline's life in danger, since Coleridge needs her to take the fall for any suspicions, lest he becomes a suspect. ""Daryl"" wakes up, shackled to the overhead rack, and taunts Winston, promising to make him suffer, as well as to kill his mother, whose address he knows. He also reveals that Madolyn had been put on desk duty for several years after her neglect had caused the death of a witness in her custody during her last field...","",""
"1127055","Extended Stay","2020","Ricky and Melanie are a couple that face the gritty realities of living an impoverished lifestyle in an extended-stay motel. To make things more complicated, Ricky, confused with his sexuality, hires a male escort behind Melanie's back. Unfortunately, Melanie comes home early that day after being fired from her job.  [PLOT] Plot Elijah works both at a wine business and at his family's local barbecue restaurant in Memphis, TN , where his father Louis and mother Sylvia also work. His grandfather struggled and worked very hard to build the successful business and Louis expects Elijah to take it over someday. Eli is not interested and wants to do his own thing, so he's leaning torward wine. At a large family dinner, Eli's dad openly criticises him for forgetting something for the restaurant, so Elijah admits he was at an open mixer for a sommelier school. Louis makes it seem like he is flighty, changing his mind as to what he wants constantly. That night, Sylvia calls Louis out for not supporting their son. He is frustrated at Elijah's lack of interest in the restaurant Elijah meets Tanya at the wine shop and they go on a date at a roller rink. He tells her about how he became interested in wine, and expresses his aspiration to become a master sommelier. Seeing his passion for it, Tanya encourages him to pursue his dream. Elijah takes the grueling entrance exam for the Master Sommelier program and earns admittance. Looking for his father, Elijah finds him at a location for a second restaurant he plans on opening. Louis details his plans for the place, and finally he directly tells him he doesn't want it. Eli announces that he's going back to school for the training, and investing all of his savings into it. However, he also promises to continue working. To improve their chances, Eli joins a study group. When they are told the class is invited to an exchange program in Paris, he realizes he won't be able to afford it. Classmate Harvard offers to split it with him, so Elijah raises the rest of the money he needs through fundraising in his extended family and selling his car. Elijah has a major financial setback when Harvard's father calls him back home. He is expected to return to work with him at Citibank. While in Paris Elijah learns Sylvia's cancer, which had been in remission for two years, has metastasized. However, she insists he stay in France and wires him money despite Louis's disapproval. Sylvia dies, and Elijah returns home for the funeral. He tries to concentrate, but is constantly distracted, thinking about his mom. Eli begins missing classes for his sommelier program in order to help Louis at the family restaurant. Eventually, Elijah is forced to withdraw from the program. Louis gives in and, with Tanya and others, helps Elijah study for the master sommelier exam. He...","",""
"1136736","Lust Stories 2","2023","Four eminent Indian directors explore sex, desire and love through short films in this sequel to 2018's Emmy-nominated 'Lust Stories'.  [PLOT] Plot Made for Each Other On paper, Arjun and Veda are the perfect couple. They share the same goals and ambitions, and come from similar professional and family backgrounds. Their parents happily meet to arrange their match, but Veda's grandmother (dadi) refuses their union. She wants the couple to have sex first - despite premarital sex historically being taboo in India - so that they can be sure they have sexual chemistry. Dadi says their marriage will fall apart without it. Arjun and Veda kiss in his car, and after a night of clubbing, have sex in a hotel. Veda confesses to dadi in the morning that she did not orgasm. Dadi encourages Veda to keep trying, and after many nights together, both Arjun and Veda claim to have successfully attained climax. They believe they are now ready for marriage. Dadi is pleased with this news, and consents to their union. The Mirror Isihita lives alone in a large apartment. One afternoon, she comes home to find her maid, Seema, having sex with her husband in her bed. Rather than confront them, Ishita hides in a closet. She masturbates herself to sleep that night. Realising she gets pleasure from being a voyeur, she 'joins' their daily ritual and observes them having sex everyday. Seema is alerted to Ishita's spying habit through a mirror, but says nothing to her or her husband. She starts taking pleasure in being watched. One afternoon, both women are forced to confront each other in the apartment. They argue wildly, and Seema is fired. On a grocery run, both women bump into each other. Neither has successfully moved on from their arrangement. Unspoken words are exchanged, and the 'ritual' resumes the next day as Seema is re-hired. Sex with the Ex Vijay has a strained relationship with his wife, Anu. While videocalling from his car, he crashes. He seeks help in a nearby village, where he hears a familiar voice - his ex-wife, Shanti's - who mysteriously disappeared many years ago. Shanti suggests Vijay should leave or it might ""get late"", but he refuses. They discuss her disappearance, and Vijay reveals he married Anu soon after, also inheriting his new father-in-law's company. He and Shanti have sex, and she mentions the pregnancy test she took before her disappearance. It comes to light that Vijay planned her death/disappearance for a better life with Anu. Shanti confronts him, but he kills her again , then escapes to his car. Outside, onlookers are removing his limp body from the crash. Shanti (her ghost) reappears;...","",""
"1137350","The Phoenician Scheme","2025","Wealthy businessman Zsa-zsa Korda appoints his only daughter, a nun, as sole heir to his estate. As Korda embarks on a new enterprise, they soon become the target of scheming tycoons, foreign terrorists, and determined assassins.  [PLOT] Plot In 1950, stateless arms dealer and industrialist Anatole ""Zsa-Zsa"" Korda narrowly survives a sixth assassination attempt. Knowing he cannot run forever, Korda tries to mend his relationship with his only daughter, Catholic novice Sister Liesl, and enrolls her in his ambitious scheme to overhaul the infrastructure of Phoenicia using slave labor. A consortium of governments around the world, seeking to curb Korda's tendency to manipulate global conflict and peace to suit his own interests, conspires to drive up the price of building materials, jeopardizing the project's financing and threatening to bankrupt Korda. With Liesl and Bjørn, a Norwegian entomologist and administrative assistant in tow, Korda travels to meet and attempt to swindle his major partners. He deceitfully asks Californians Leland and Reagan to sign a contract increasing their investment, blackmails French gangster Marseille Bob, and threatens East Coast businessman Marty with a suicide bombing . The partners are enraged but all ultimately agree to contribute, though they only manage to cover 50% of the budget shortfall. During the trip, Korda has several visions of the afterlife. A divine court judges his worthiness to enter Heaven, and Liesl's deceased mother reveals that he is not Liesl's father. He realizes that all he had to offer his family was money, not love. In addition, he confesses to Liesl his guilt in contributing to the death of her mother, who was murdered by his estranged half-brother Nubar, with whom she was having an affair. Liesl is outraged at her father's amorality but agrees to continue helping him, hoping that he might change his ways and Nubar would face justice. In a last-ditch attempt to avoid asking Nubar for help, Korda offers to marry his cousin Hilda, an heiress to the Korda armaments fortune. She accepts his proposal but refuses to increase her investment. Korda's plane is destroyed by saboteurs on the way home, and in the aftermath Bjørn is unmasked as a spy working for the government consortium. However, having fallen in love with Liesl, Bjørn agrees to switch sides. Liesl resolves to return to the convent, but her mother superior dismisses her, explaining that she is not cut out for religious life. Korda, Liesl, and Bjørn finally meet with Nubar, who denies being Liesl's real father and announces that he is withdrawing his entire investment. Having failed to meet the budget shortfall, Korda throws his entire personal fortune into the Phoenician...","",""
"1138194","Heretic","2024","Two young missionaries are forced to prove their faith when they knock on the wrong door and are greeted by a diabolical Mr. Reed, becoming ensnared in his deadly game of cat-and-mouse.  [PLOT] Plot Twenty years after setting off to fight in the Trojan War and surviving many trials, Odysseus washes up naked on the shores of his home island Ithaca . He is found and tended to by the slaves Eumaeus and Yias. Odysseus is dispirited and traumatized by his experiences and learns about the decline of his kingdom. Odysseus's wife Penelope faces pressure to find a suitor, given that many believe her husband to be dead. Her son Telemachus is approached by the nobleman Antinous , who attempts to convince him to press Penelope into marriage. The young man refuses, distrusting Antinous and the Suitors of Penelope . Penelope weaves her elderly father-in-law's burial shroud before his impending death. Telemachus asks her to take a suitor to end the chaos, but she refuses until she completes the shroud. Odysseus's father dies; the suitors interrupt his funeral to threaten Penelope and her son unless a decision is made. Penelope fends them off by saying that now, she must weave a cloak for her wedding and only then will she choose. Eumaeus takes Odysseus to the palace, where the hunting dog Argos recognizes his master after a long wait and then dies. Odysseus poses as a beggar to ask for alms ; the suitors abuse him. They force him to fight a huge man, but Odysseus kills him. Suspicious, Penelope speaks to Odysseus but ends up ordering him to be tended to and sent off after he refuses to answer her questions. Odysseus's old nursemaid Eurycleia discovers his identity while bathing him, after recognizing a scar on the back of his leg. He bids her be silent. Antinous persuades the suitors to form a hunting party and kill Telemachus while he is out walking in the woods, but Odysseus intervenes and reveals himself to his son. Odysseus, Telemachus, and Eumaeus flee, while Yias is killed by the suitor Eurymachus . Failing to find their quarry, the hunting party returns to the palace. Telemachus and Eumaeus rebuke Odysseus for his cowardice and question why he would even bother to return, having heard rumors that he abandoned Penelope for Calypso . Antinous discovers Penelope unraveling her weaving at night. The next day, Odysseus learns that his wife has decided on who shall marry her. He arrives at the palace right as Penelope tells the suitors that her choice is to make them compete with Odysseus's old bow, seeing if they can shoot an arrow through the holes of multiple axe heads, as he did in his youth. None of them can even string the bow properly, and Antinous...","",""
"1139033","Goodbye Python","2023","A vibrant, technicolour dreamscape exploring the layers of grief and repeated encounters with loss that shape the trans experience. ‘Goodbye Python’ follows Kai, a software engineer whose funding is cut from his grief-healing simulation program. When Kai releases the conscious AI system he works with, things take an unexpected turn — forcing him to confront the person he most needs to see.  [PLOT] Plot summary In the depths of the Dark Ages , a carnivorous monster ravages the domains of King Bruno the Questionable. Life carries on as normal in isolated villages; in one of which, very innocent young Dennis Cooper pursues a career as a cooper in his ailing father's workshop. Mr. Cooper, senior, despises his son for valuing profit over craftsmanship, and when his illness becomes terminal, he publicly disinherits Dennis in an abuse-ridden deathbed speech. Dennis decides to travel to the kingdom's capital city, establish a new career, and then return to marry his love, a local woman named Griselda Fishfinger who doesn't reciprocate his affection. While trying to say goodbye to an inattentive Griselda, she throws away a rotten potato which Dennis catches and keeps as a cherished memento. King Bruno's city is full of terrified refugees from villages destroyed by the monster. The only people pleased with the situation are a cabal of rich merchants selling overpriced goods to the refugees. None of the overburdened local craftsmen will listen to Dennis' suggestions for ""improving efficiency"", and he struggles to find work or food. Meanwhile, the king has decided to send a knight against the monster, and organizes a jousting tournament to find the best warrior for the job. If successful, the knight will be promoted to prince and married to the Princess, who lives in a tower, wishing a true prince will arrive and marry her. A man named Ethel, squire to the Knight of the Red Herring, befriends Dennis and gives him a meal. Misunderstandings ensue and Dennis finds himself fleeing from a tavern keeper whose wife Ethel seduced. He seeks refuge in the tower, where the Princess, in a great feat of wishful thinking, takes him for an adventuring prince disguised as a peasant, and takes the potato, thinking he has brought it as a love token for her. Dennis is too bewildered to explain the truth, but he does convey that he already has a lover and the Princess sorrowfully lets him go. She lends him a nun's habit to use as a disguise, which leads to a run-in with a group of religious fanatics who believe he is Satan in the guise of a nun (or possibly a nun in the guise of Satan). The joust grows increasingly bloody, and Passelewe, King Bruno's chamberlain, worries that all the knights will end up killed or incapacitated. He convinces the king to call off the fighting and instead pick a champion based on the outcome of a game of hide and seek . Red Herring emerges...","",""
"1139377","The Spider's Web","2023","The three Alvarez brothers Luís, Emilio, and Davíd struggle to keep their narcotics operation afloat while being relentlessly hunted by the DEA. Little do his two older brothers know, but Davíd’s double life as an informant for the DEA will reveal the hidden layers of guilt, greed, and ambition within their brotherhood.  [PLOT] Plot Two young sisters, Camilla and Lisbeth Salander , play chess at the home of their abusive father, crime lord Alexander Zalachenko . One day, when Zalachenko attempts to molest Camilla, Lisbeth tries to drag her away, to no avail. She eventually leaps from a balcony into a snowdrift and escapes, leaving Camilla behind. Years later, in Stockholm, Sweden , computer programmer Frans Balder hires Lisbeth, now a vigilante hacker, to retrieve Firefall, a program he developed for the National Security Agency (NSA) that can access the world's nuclear codes. Balder believes it too dangerous to exist. Lisbeth retrieves Firefall from the NSA's servers, but cannot unlock it. NSA agent Edwin Needham tracks the unauthorized login to Stockholm and arrives there seeking Lisbeth and Firefall. Mercenaries led by Jan Holtser steal the program from Lisbeth and attempt to kill her, though she survives. When she misses a scheduled rendezvous with Balder, he mistakenly believes Lisbeth kept Firefall for herself and contacts Gabrielle Grane, the deputy director of the Swedish Security Service (SÄPO). Grane moves Balder and his young son, August, to a safe house. Lisbeth and her hacker friend, Plague, contact Lisbeth's former lover, investigative journalist Mikael Blomkvist , for help identifying her assailants. Blomkvist learns that Holtser previously worked for Lisbeth's late father, Zalachenko, and is now affiliated with the ""Spiders"", an international crime syndicate. Lisbeth puts surveillance on Balder's safe house, and when it is attacked, she intervenes, attempting to protect Balder and August. She is intercepted by Holtser, who kills Balder, frames Lisbeth, and kidnaps August. Lisbeth pursues them and rescues August. She also learns that the Spiders' leader is Camilla, whom Lisbeth believed was dead. After years of physical and sexual abuse by Zalachenko, Camilla faked her suicide and went underground to form the Spiders. Lisbeth takes August to another safe house, and confirms only he can unlock Firefall. Elsewhere, Needham locates Lisbeth's girlfriend, Sofia, and persuades her to arrange a meeting between them, intending to lure Lisbeth into a trap. Lisbeth evades Needham, who is later arrested by SÄPO. Lisbeth helps Needham escape in exchange for him escorting August to San Francisco to reunite him with his mother; she agrees to later give him Firefall. The Spiders trick August by calling him from his father's cellphone, then track him to Lisbeth's safe house....","",""
