"tmdb_id","title","release_year","synopsis","themes","tones"
"391105","Amma Kanakku","2016","A mother tries to persuade her daughter who has given up on her studies to pursue her education despite the financial burdens.  [PLOT] Plot Dhayalan, Singaperumal and Nadunilayan live in the same community in a town near Neyveli , Tamil Nadu . They are expecting the arrival of their respective children and they all have different perspectives on child-rearing. Dhayalan makes his wife go for a traditional delivery at home, while Singaperumal instructs the doctor to perform a C-section on a scheduled date and time, for his child to have the best possible horoscope, pre-calculated based on the date and time of birth. All three of them have baby boys. Dhayalan names his son Vetriswaran, Singaperumal names his son Chakravarthy, and Nadunilayan names his son Mayilvaganam. Trouble brews at Dhayalan's home when he refuses to put his son at the age of two in a playschool. Dhayalan's wife wants their child to be sent to a specific play school since the other children in the neighbourhood are being enrolled there and are considered prestigious. Dhayalan's view is that the toddler needs to enjoy his childhood by playing and learning and joining a school at the age of 5. But after a heated argument, Dhayalan's wife attempts suicide for this and he agrees against his conscience and enrols their son in the playschool. As the boys grow, their fathers imbue different social aspects into their children. Dhayalan teaches his son to be friendly to society, trust people, enjoy every moment of life, and do good to the community. He teaches his son to follow a path of truth and integrity, considering human values above everything else. He also teaches his son how to behave friendly and talk socially with others. Singaperumal teaches his son not to trust anyone and focus only on academics, asks him to follow a timetable for everything and the goal is to achieve state topper in Class 10th and 12th exams, join a medical degree in a prestigious college and take up a master's medical degree in one of the United States ' top medical colleges. Nadunilayan teaches his son not to stand out on any particular aspect and to take a centrist position in everything. His ideology is to live a low-profile life because he understands if one is very good or very bad in any of the aspects, he attracts the attention of society. When Vetriswaran is in second grade, Dhayalan is furious with the teaching approach of this school, gets into an argument with the school management, and moves his son out of the private school to a government school. Dhayalan's wife is angered by this event and separates from him; she goes to her parents'...","",""
"391423","The Night Before Enlisting","2016","Three nights before enlisting, Seung-wook decides to leave his mark since he can't avoid the military so he flirts with everyone. However, his school senior So-yoon nor his blind date Il-hong will fall for him. The night before he leaves for the army, Seung-wook decides he's going to see some action with the two girls. The project of 'leaving a mark' starts now.  [PLOT] Plot A mysterious Japanese man arrives in Gokseong , a small village in the mountains of South Korea. Soon after, a bizarre infection breaks out, causing villagers to become deranged and violently kill their families. Officer Jong-goo's daughter, Hyo-jin, becomes one of the infected. Jong-goo then meets a mysterious young woman named Moo-myeong, who claims the Japanese stranger is an evil spirit. A local hunter reports seeing the stranger with glowing red eyes eating a deer carcass. After a series of disturbing events and violent deaths, Jong-goo enlists the help of a Japanese-speaking deacon, Yang I-sam. They investigate the stranger's house, discovering a shrine with photos and belongings of the murdered villagers, including Hyo-jin's shoe. As Hyo-jin's condition worsens, Jong-goo confronts the stranger, ordering him to leave the village. Jong-goo's family discovers a dead goat hanging at their gate, and Hyo-jin stabs their neighbor to death. A shaman named Il-gwang is consulted, who claims the stranger is a demon and performs a death-hex ritual. Jong-goo stops the ritual midway, instead taking Hyo-jin to the hospital. The next day, Jong-goo and his companions hunt down the stranger but are attacked by the reanimated corpse of another victim, giving the stranger time to flee. They eventually kill him, and Hyo-jin's health improves. Il-gwang encounters Moo-myeong and vomits blood. After his ritual fails, he leaves town in terror but a swarm of flying insects stops him. He calls Jong-goo, warning that Moo-myeong is the real demon, and the stranger was a shaman who was trying to kill her. Meanwhile, Yang I-sam receives news that his uncle Oh Seong-bok has killed his family. Jong-goo goes home and finds that Hyo-jin has disappeared. While looking for Hyo-Jin, Jong-goo runs into Moo-myeong, who he confronts about Hyo-jin's whereabouts. Moo-myeong claims his daughter is possessed by the stranger, who is consuming her life force. She also tells him his daughter is still alive, has just returned and will kill his family. She reveals that she has set a trap for the demon, and that all Jong-goo has to do is remain there and wait. Jong-goo replies that he is not sure if he believes her. The shaman phones him and says he must not let Moo-myeong tempt him. Moo-myeong instructs him to simply wait until the third crow of the rooster. Meanwhile, Hyo-jin returns home possessed and while eating with her hands, eyes a knife in the kitchen. While Jong-goo is engaged with...","",""
"391617","Kóblic","2016","Colonia Helena, Argentina. The mysterious Tomás Kóblic, a former Navy pilot, works as a fumigator while dealing with his dark past and the intrigues of the corrupt police commissioner…","",""
"391713","Lady Bird","2017","Lady Bird McPherson, a strong willed, deeply opinionated, artistic 17 year old comes of age in Sacramento. Her relationship with her mother and her upbringing are questioned and tested as she plans to head off to college.  [PLOT] Plot In the fall of 2002, Christine McPherson, who calls herself ""Lady Bird"", is a senior at a Catholic high school [ a ] in Sacramento, California . Despite her family's financial struggles, she longs to attend a prestigious college in ""a city with culture"" on the East Coast . During a car ride, Lady Bird's mother Marion tells her that she is ungrateful and her dreams are unrealistic. Lady Bird then jumps from the moving car, breaking her arm. Lady Bird and her best friend Julie join their school's theater program. Although Lady Bird resents Julie's comparative talent, she meets her new boyfriend Danny through the program. She spends her last Thanksgiving before graduation with Danny's wealthy family, disappointing Marion. However, Lady Bird catches Danny kissing a boy and breaks up with him. At Marion's behest, Lady Bird begins working at a coffee shop to earn money. She tries to become more popular by bonding with popular students Kyle and Jenna, exaggerating her family's wealth and vandalizing a nun's car with Jenna. She reconciles with Danny after he confronts her to apologize and tearfully expresses his fear of coming out , but leaves the theater program and spends less time with Julie. Lady Bird's new relationships begin to fall apart. After she is suspended from school for heckling a guest speaker at an anti-abortion assembly , Jenna tries to visit her and is dismayed to learn that Lady Bird dishonestly told her that Danny's grandmother's house was her own. Lady Bird kisses Kyle at a party, and tell each other that they are both virgins. However, after they have sex for the first time, Kyle reveals he isn't a virgin and unsuccessfully attempts to gaslight Lady Bird into thinking that he never admitted to being one. Deeply wounded, Lady Bird seeks comfort from her mother, who provides it to her without needing an explanation. Marion begs Lady Bird to only apply to California colleges, revealing that Lady Bird's father, Larry, has lost his job, meaning they cannot afford out-of-state tuition. Despite Marion's concerns, Larry secretly encourages her to apply to her dream schools, resolving to refinance their home mortgage if necessary. When admissions decisions are released, Lady Bird is dismayed to hear that her presumptive destination is UC Davis , only half an hour away. She is waitlisted for a university in New York City , but does not tell Marion. On prom night, Kyle, Jenna, and Jenna's boyfriend decide to skip the prom in favor of attending a...","",""
"391754","Gelo","2016","A working-class Punjabi woman battles the adverse conditions that farm laborers face, including an oppressive upper class and drug abuse.  [PLOT] Synopsis Gelo is the story of a girl whose name is Gurmel Kaur. She belongs to the Malwa belt of Punjab. The movie presents the problems of the farmers living in the Malwa belt of Punjab . [ 1 ] [ 2 ] ^ .mw-parser-output cite.citation{font-style:inherit;word-wrap:break-word}.mw-parser-output .citation q{quotes:""\""""""\""""""'""""'""}.mw-parser-output .citation:target{background-color:rgba(0,127,255,0.133)}.mw-parser-output .id-lock-free.id-lock-free a{background:url(""//upload.wikimedia.org/wikipedia/commons/6/65/Lock-green.svg"")right 0.1em center/9px no-repeat}.mw-parser-output .id-lock-limited.id-lock-limited a,.mw-parser-output .id-lock-registration.id-lock-registration a{background:url(""//upload.wikimedia.org/wikipedia/commons/d/d6/Lock-gray-alt-2.svg"")right 0.1em center/9px no-repeat}.mw-parser-output .id-lock-subscription.id-lock-subscription a{background:url(""//upload.wikimedia.org/wikipedia/commons/a/aa/Lock-red-alt-2.svg"")right 0.1em center/9px no-repeat}.mw-parser-output .cs1-ws-icon a{background:url(""//upload.wikimedia.org/wikipedia/commons/4/4c/Wikisource-logo.svg"")right 0.1em center/12px no-repeat}body:not(.skin-timeless):not(.skin-minerva) .mw-parser-output .id-lock-free a,body:not(.skin-timeless):not(.skin-minerva) .mw-parser-output .id-lock-limited a,body:not(.skin-timeless):not(.skin-minerva) .mw-parser-output .id-lock-registration a,body:not(.skin-timeless):not(.skin-minerva) .mw-parser-output .id-lock-subscription a,body:not(.skin-timeless):not(.skin-minerva) .mw-parser-output .cs1-ws-icon a{background-size:contain;padding:0 1em 0 0}.mw-parser-output .cs1-code{color:inherit;background:inherit;border:none;padding:inherit}.mw-parser-output .cs1-hidden-error{display:none;color:var(--color-error,#bf3c2c)}.mw-parser-output .cs1-visible-error{color:var(--color-error,#bf3c2c)}.mw-parser-output .cs1-maint{display:none;color:#085;margin-left:0.3em}.mw-parser-output .cs1-kern-left{padding-left:0.2em}.mw-parser-output .cs1-kern-right{padding-right:0.2em}.mw-parser-output .citation .mw-selflink{font-weight:inherit}@media screen{.mw-parser-output .cs1-format{font-size:95%}html.skin-theme-clientpref-night .mw-parser-output .cs1-maint{color:#18911f}}@media screen and (prefers-color-scheme:dark){html.skin-theme-clientpref-os .mw-parser-output .cs1-maint{color:#18911f}} ""Inspired by meaning"" . The Times of India . 3 March 2016. Archived from the original on 6 July 2017 . Retrieved 5 March 2016 . ^ "" 'Gelo' shows journey of a woman from promising life to dark...","",""
"391765","Toofan Singh","2017","The journey of a Punjabi Sikh boy who grew up during the chaotic, violent 1980s revolving around his chase for survival, equality and justice in order to protect and shield society and fight against brutality, crime and corruption.","",""
"391907","Purpose of Cohabitation","2016","Seung-gu and Yoon-hye enjoy the honeymoon. The photographer, Seung-gu, sells a glance with his senior cousin who is a neighbor cousin on his way to work. Yoon Hye, who has no hesitation in managing her body, goes to the gym for a workout and hears the breakup of Tae Joon, the PT in charge. Tae-jun, who was living in the girlfriend's house, is kicked out with a breakup, and to Tae-jun, where he can't go, Yoon-hye rents out a room for his newlyweds to cover the repair cost of the ride. Offer your own rent. And their purposeful cohabitation begins…  [PLOT] Plot On November 4, 1979, Iranian Islamists storm the United States Embassy in Tehran in retaliation for the right of asylum granted by President Jimmy Carter to Shah Mohammad Reza Pahlavi , whose Western-supported monarchy was overthrown by the Iranian Revolution . Sixty-six embassy staff are taken hostage, but six avoid capture and are secretly sheltered in the home of Canadian ambassador Ken Taylor . The U.S. State Department explores options for exfiltrating them from Iran and consults Tony Mendez , a U.S. Central Intelligence Agency exfiltration specialist. He criticizes their proposals but offers no alternative until inspired by watching Battle for the Planet of the Apes . The cover story he crafts for the escapees requires them to pose as Canadian filmmakers scouting exotic locations for a science-fiction film in Iran. On the advice of John Chambers , a Hollywood make-up artist who had previously worked for the CIA, Mendez works with film producer Lester Siegel to create a phony film production company. They successfully establish the pretense of developing Argo , a ""science fantasy adventure"" in the style of Star Wars , to lend the cover story credibility. The revolutionaries reassemble embassy photographs shredded before the takeover and realize some personnel are unaccounted for. Posing as a producer for Argo , Mendez enters Iran under the alias Kevin Harkins and meets with the six escapees, who are growing restless. With the cooperation and under the authority of the Canadian government, Mendez passes along to them Canadian passports and fake identities. The escapees reluctantly go along, knowing that Mendez is also risking his own life. A scouting visit to the bazaar to maintain their cover story takes a bad turn when a hostile shopkeeper harasses them, but their Iranian culture contact hustles them away from the hostile crowd. Mendez is told the operation has been canceled in favor of a planned military rescue of the hostages . He pushes ahead anyway, forcing his boss, Deputy Director Jack O'Donnell, to hastily re-obtain authorization for the mission and rebook their canceled tickets on a Swissair flight. Tensions rise at the airport, where the escapees' new ticket reservations are belatedly confirmed, and the head guard's call to the fake Hollywood production company is answered only at the last second. The escapees board the plane as airport authorities are alerted to the ruse but fail to stop the plane from taking off. U.S. involvement in...","",""
"391926","Silent Depression","2015","20 year old guy feels like he is hit by a midlife crisis and embarks on a journey to self discovery in a big city only to realize smartphones played a part in his depression.  [PLOT] Plot A 20-year-old guy that feels like he is hit by a midlife crisis and decides to embark on a journey of self-discovery in a crowded city [ 1 ] ^ .mw-parser-output cite.citation{font-style:inherit;word-wrap:break-word}.mw-parser-output .citation q{quotes:""\""""""\""""""'""""'""}.mw-parser-output .citation:target{background-color:rgba(0,127,255,0.133)}.mw-parser-output .id-lock-free.id-lock-free a{background:url(""//upload.wikimedia.org/wikipedia/commons/6/65/Lock-green.svg"")right 0.1em center/9px no-repeat}.mw-parser-output .id-lock-limited.id-lock-limited a,.mw-parser-output .id-lock-registration.id-lock-registration a{background:url(""//upload.wikimedia.org/wikipedia/commons/d/d6/Lock-gray-alt-2.svg"")right 0.1em center/9px no-repeat}.mw-parser-output .id-lock-subscription.id-lock-subscription a{background:url(""//upload.wikimedia.org/wikipedia/commons/a/aa/Lock-red-alt-2.svg"")right 0.1em center/9px no-repeat}.mw-parser-output .cs1-ws-icon a{background:url(""//upload.wikimedia.org/wikipedia/commons/4/4c/Wikisource-logo.svg"")right 0.1em center/12px no-repeat}body:not(.skin-timeless):not(.skin-minerva) .mw-parser-output .id-lock-free a,body:not(.skin-timeless):not(.skin-minerva) .mw-parser-output .id-lock-limited a,body:not(.skin-timeless):not(.skin-minerva) .mw-parser-output .id-lock-registration a,body:not(.skin-timeless):not(.skin-minerva) .mw-parser-output .id-lock-subscription a,body:not(.skin-timeless):not(.skin-minerva) .mw-parser-output .cs1-ws-icon a{background-size:contain;padding:0 1em 0 0}.mw-parser-output .cs1-code{color:inherit;background:inherit;border:none;padding:inherit}.mw-parser-output .cs1-hidden-error{display:none;color:var(--color-error,#bf3c2c)}.mw-parser-output .cs1-visible-error{color:var(--color-error,#bf3c2c)}.mw-parser-output .cs1-maint{display:none;color:#085;margin-left:0.3em}.mw-parser-output .cs1-kern-left{padding-left:0.2em}.mw-parser-output .cs1-kern-right{padding-right:0.2em}.mw-parser-output .citation .mw-selflink{font-weight:inherit}@media screen{.mw-parser-output .cs1-format{font-size:95%}html.skin-theme-clientpref-night .mw-parser-output .cs1-maint{color:#18911f}}@media screen and (prefers-color-scheme:dark){html.skin-theme-clientpref-os .mw-parser-output .cs1-maint{color:#18911f}} ""celebcartel.com"" . Retrieved 30 August 2016 .","",""
"392044","Murder on the Orient Express","2017","Genius Belgian detective Hercule Poirot investigates the murder of an American tycoon aboard the Orient Express train.  [PLOT] Plot In 1934, famed Belgian detective Hercule Poirot solves a theft at the Church of the Holy Sepulchre in Jerusalem . Intending to return to London, his friend Bouc arranges accommodations for Poirot aboard the Simplon -route train, the Orient Express . Alongside Bouc, Poirot's fellow passengers include widow Caroline Hubbard; businessman Edward Ratchett, his manservant Edward Masterman and secretary Hector MacQueen; elderly Russian Princess Natalia Dragomiroff and her maid Hildegarde Schmidt; Hungarian diplomat Count Rudolf Andrenyi and his wife Elena; physician John Arbuthnot; Mary Debenham, a governess; Pilar Estravados, a Spanish missionary; Cuban-American car salesman Biniamino Marquez; and Gerhard Hardman, an Austrian university professor. Having received threatening letters, Ratchett attempts to hire Poirot to protect him during the journey, but Poirot declines, not wanting to do business with a suspicious character. An avalanche derails the train's engine, stranding the passengers until a rescue crew can re-rail the locomotive. During the night, Poirot is awakened by strange noises in the hall next to his cabin and sees someone in a red kimono rushing down the aisleway. Ratchett is found murdered the following morning, stabbed a dozen times. Poirot and Bouc work together to hunt the murderer. Poirot discovers the burned remnants of one of Ratchett's threatening notes, and from it deduces that Ratchett was really John Cassetti, the man responsible for the kidnap and murder of Daisy Armstrong, an infant child. Daisy's death caused her mother, Sonia, to go into premature labour, killing her and the baby, and out of grief her father, Colonel John Armstrong, killed himself. The family maid, Susanne, accused of complicity in Daisy's murder, also committed suicide. Poirot finds a bloodstained handkerchief with a monogrammed ""H"", and a conductor uniform button in Mrs. Hubbard's cabin, leading him to find the uniform and kimono planted in his suitcase. Hubbard is later stabbed from behind and cannot identify the culprit. Poirot's interrogations of the passengers identifies direct connections between them and the Armstrong family. While interviewing Debenham, Poirot is shot in the shoulder by Arbuthnot, who confesses to the murder; Bouc incapacitates him before he can kill Poirot. However, Poirot quickly surmises that Arbuthnot, a former skilled army sniper, deliberately missed a killing shot. Poirot gathers and confronts the passengers outside the train,...","",""
"393007","Zweimal lebenslänglich","2015","Franziska Dreyer and Sebastian Pauli are a happy couple. When one day the police arrest her boyfriend on suspicion of murder, Franziska assumes it's a mistake. But in a trial marked by circumstantial evidence, Sebastian is tried, convicted and sentenced to life. Franziska believes he's innocent and fights to get him released. This puzzles her parents and friends who advise her to cut all ties to him. Her reaction is to marry Sebastian in prison. Then Franziska discovers completely unknown sides to her husband and now doesn't know who or what to believe any more.","",""
"393170","Kaptaan","2016","Kaptaan is Latest 2016 indian Punjabi Action Comedy Drama Film,directed By Mandeep Kumar,The star cast of the Film Gippy Grewal, Karishma Kotak, Monica Gill,The film is released on 20 May 2016","",""
"394117","The Florida Project","2017","The story of a precocious six year-old and her ragtag group of friends whose summer break is filled with childhood wonder, possibility and a sense of adventure while the adults around them struggle with hard times.  [PLOT] Plot In Columbus, Indiana , Jin Lee arrives from South Korea to watch over his estranged father who, while visiting the town to give a lecture about architecture, has fallen into a coma and is now in a local hospital. One day, Jin meets Casey, a young woman who works in a library near the hospital. Casey lives with and takes care of her mother, a recovering drug addict. Casey and Jin quickly build a rapport as she guides him around Columbus for several days. The two discuss the local architecture while simultaneously opening up about themselves to each other. Jin reveals his feelings of resentment toward his father, whom Jin believes to have cared more about work than for him. Casey also opens up about her dream of getting a job in architecture. However, she confesses that she cannot leave her mother in order to pursue it. Jin advises that it is her life and that Casey is holding herself back. One night, Casey and Jin are wandering around Columbus when Casey discovers that her mother had been lying to her and has possibly relapsed, though later learns she has just been seeing a new partner. Following this incident, Casey comes to the conclusion that it is in her best interest to move on and decides to leave Columbus in order to pursue her dream. Jin and Casey share a tender hug goodbye and Casey leaves, while Jin stays behind to watch over his ailing father.","",""
"395000","Young Mother 4","2016","Woo-jin, who is a repeater of college entrance exam, and Taek-sik's friend, Kang-hee come and visit Woo-jin's hometown on a small island. Woo-jin's mom, Hyeon-sook operates a small sashimi restaurant and a bed and breakfast to make a living on the island. Although Hyeon-sook has sex with Bong-seong, she rejects his proposals. One day, Woo-jin is terribly shocked to accidentally see his mom Hyeon-sook and Bong-seong having sex.  [PLOT] Plot As Mother's Day nears, a group of seemingly-unconnected people in Atlanta come to terms with their relationships with their mothers. Sandy is a divorced mother of two sons, Mikey and Peter, whose ex-husband, Henry, has recently married a younger woman, Tina. Still getting used to this, she meets Bradley, a former Marine, in the supermarket. Bradley's wife Dana, a Marine Lieutenant, died a year previously, leaving him with their two daughters, Vicky and Rachel. Kristin, adopted from birth, has her own daughter, Katie, and mulls over marrying the father of her child, Zack. She considers her life incomplete and her friend Jesse encourages her to search for her birth mother. Jesse also happens to be Sandy's best friend. Jesse is married and has a son, Tanner, with Russell, who is Indian. Her sister Gabi is married to her wife Max and has a son, Charlie. When their racist, homophobic parents, Earl and Florence, unexpectedly show up, they have to come to terms with who their daughters are and the partners they have chosen. As she's in Atlanta promoting her latest book, Miranda, an accomplished author and television personality, gets a surprise visit from Kristin, who is her daughter who she was forced to give her up for adoption at birth, as she was very young. Their making up leads to Kristin asking Zach to marry her on air and marrying on the same day, so Miranda can participate. Sandy, an interior designer, hopes to land a job designing the stage for Miranda’s new talk show, but numerous circumstances cause her to miss the design meeting. A frustrated Sandy causes a scene expressing all the reasons she was late in front of Miranda, who is left curious and asks to meet with Sandy. While Sandy tries to pitch her stage design, Miranda asks about Sandy’s personal life and her blunt and amusing answers impress Miranda enough to give her the designer job. Jesse and Gabi's parents ambush them and their partners on their camper-van, and with Russell's mom's help through Skype, force him to make up with Jesse. Later on, the families including his mom, who flies in from Vegas, celebrate Mother's Day with a picnic in the park. Sandy and Bradley meet again by chance in the hospital. She's there because of her younger son's asthma attack, he because of a mishap in the Mother's Day party he was throwing which ended with his going to the hospital for a broken leg. Helping her get unstuck from a vending machine, combined with his daughters' encouragement, Bradley...","",""
"395834","Wind River","2017","An FBI agent teams with the town's veteran game tracker to investigate a murder that occurred on a Native American reservation.  [PLOT] Plot During the winter on the Wind River Indian Reservation , U.S. Fish and Wildlife Service Agent Cory Lambert discovers the frozen body of 18-year-old Natalie Hanson of the Northern Arapaho tribe. FBI special agent Jane Banner arrives to investigate the possible homicide . Banner learns from Natalie's father, Martin, that his daughter was dating a new boyfriend whose name he does not know. Natalie's autopsy shows signs of blunt trauma and rape and confirms Lambert's deduction that Natalie died from pulmonary hemorrhage caused by inhaling subzero air . The medical examiner refuses to classify the death as a homicide, so Banner cannot get additional help from her supervisors. Lambert is informed by Natalie's brother Chip that Natalie's boyfriend is Matt Rayburn, a security guard at a nearby oil-drilling site. Lambert and Banner soon find Matt's naked, mutilated body in the snow. Lambert reveals to Banner that his 16-year-old daughter Emily, Natalie's best friend, died in a similar manner to Natalie three years earlier, and the case remains unsolved. Banner, tribal police Chief Ben Shoyo, and other law enforcement officers visit the drilling site, where Curtis, the security supervisor, and several security guards meet them. They claim Matt left a few days prior, following an argument with Natalie. One guard mentions they heard about Natalie's body being found, and Banner states that Natalie's name has not been released to the public. The guards claim they learned it by monitoring a police scanner . One of Banner's team notices the guards slowly surrounding them and draws his weapon. The confrontation quickly escalates into an armed standoff, which Banner defuses. In a flashback , Matt's drunken colleagues barge into his trailer while he is in bed with Natalie. Matt is provoked to violence, and the other guards continue the attack while one guard, Pete, rapes Natalie. Matt is beaten to death, but his attempt to fight back allows Natalie to try to escape by running cross-country to the mobile home where her brother lives. In the present, Lambert traces the tracks from where Matt's corpse was found back to the drilling camp. As Banner and the others approach Pete's trailer, Lambert radios a warning to Shoyo. Pete responds to a veiled warning from Curtis by firing a shotgun through the door, wounding Banner. A gunfight ensues, and Shoyo and the other officers are killed. As the remaining guards prepare to execute Banner, Lambert kills four with his rifle. A...","",""
"395990","Death Wish","2018","A mild-mannered father is transformed into a killing machine after his family is torn apart by a violent act.  [PLOT] Plot Paul Kersey, a trauma surgeon , lives with his wife Lucy and daughter Jordan in Chicago . When the family visits a restaurant with Paul's brother Frank, a valet parking attendant named Miguel secretly copies their address after hearing that they plan to stay out. Paul is suddenly called to the hospital, where Jordan and Lucy return home just as three armed criminals break into the house, leading to Lucy being shot and Jordan sustains a head injury when they try to fight back. Lucy dies from her injuries and Jordan survives, but is left in a coma. Paul becomes frustrated with the lack of police progress on the case, contemplating purchasing a firearm. When a gang member is brought to the hospital and his gun falls out, Paul secretly takes it and practices shooting. Later, Paul uses it to stop a carjacking, injuring his left hand in the process. A captured video of the carjacking goes viral, earning Paul the nickname Grim Reaper . After treating a boy who was attacked for refusing to sell drugs for a dealer called ""Ice Cream Man"", Paul shoots down Ice Cream Man in broad daylight. The news reports consistently demonstrate divided opinions of support and condemnation of Paul's developing war against violent criminals. Later at the hospital, Paul recognizes a dying Miguel on his operating table wearing a watch stolen from his house. Paul hacks into Miguel's phone, leading him to a liquor store that fences stolen goods. The owner Ponytail recognizes Paul and messages another criminal Fish. Fish sneaks in and accidentally kills Ponytail, while trying to shoot Paul. Fish mentions the second member of the group, Joe, before Paul kills him. The cops visit Paul to discuss the case and Paul destroys the phones to cover his tracks. Finding Joe at an auto body shop, Paul tortures him and Joe divulges that the third robber Knox had murdered Lucy. Paul later kills Joe and Knox calls Paul, arranging to meet in a nightclub bathroom, where they exchange fire and wound each other. Paul gets away, while Knox goes to the police and gives them a physical description of Paul. Arriving home, Paul is confronted by Frank, who answers the front door and is questioned by the detectives of his brother's whereabouts. During the intervention, the hospital calls to tell Paul that Jordan has regained consciousness. A week later, Paul leaves the hospital with Jordan, but Knox also joins them in the elevator on the way out of the hospital. Knox inadvertently gives Paul an idea that he...","",""
"395991","Only the Brave","2017","Members of the Granite Mountain Hotshots battle deadly wildfires to save an Arizona town.  [PLOT] Plot Fire and Rescue Crew 7 of Prescott, Arizona , superintended by Eric Marsh, responds to the Cave Creek wildfire . Eric predicts that the fire will threaten a residential area, but is disregarded by the assigned superintendent. Eric's fear comes true; he vents his frustration to fire chief and close friend Duane Steinbrink, warning that when a wildfire threatens Prescott, his crew will not be allowed to fight it directly as they lack Hotshot certification . Eric asks for Duane's help, who successfully vouches for the crew with the mayor of Prescott. Crew 7 has until the end of the fire season to pass the evaluation. Meanwhile, 21-year-old heroin addict Brendan McDonough learns that his ex-girlfriend Natalie is pregnant and does not want him involved with the child. Brendan is arrested for larceny , which prompts his mother to evict him from her house. Determined to provide support for his newborn daughter, Brendan interviews with Eric, who gives him an opportunity. After months of training, the crew are given an evaluation during a wildfire deployment as they were set to battle the Horseshoe 2 Fire in the Chiricahuas near the town of Portal . Eric commands his crew but is criticized by their evaluator, Hayes, who Eric bluntly disregards. The fire is halted by Eric's strategy and the crew are certified, officially becoming the first municipal hotshot crew in history, the Granite Mountain Hotshots . Throughout the season, the Granite Mountain crew are deployed across the country. Brendan, who's been anonymously dropping off baby supplies at Natalie's doorstep, is finally accepted by Natalie and allowed to see his daughter. Near Prescott, the crew saves a landmark Alligator juniper and are hailed as local heroes. After battling the fire, Brendan is bitten by a rattlesnake and is rushed to the hospital. Brendan expresses his concerns to Eric about being there for his daughter and asks if he would recommend him for a structural firefighting position next season. Eric snaps, stating that nobody would hire him due to his prior drug addiction. On the way home, Eric has an argument with his wife Amanda, who challenges him about this; reminding him about his own previous drug/alcohol addiction (from which he has been clean for a number of years and which lead to him meeting Amanda) The two talk about starting a family, which they had previously decided not to do due to the nature of their past. Amanda makes it clear to Eric that it is now something she would...","",""
"395992","Life","2017","The six-member crew of the International Space Station is tasked with studying a sample from Mars that may be the first proof of extra-terrestrial life, which proves more intelligent than ever expected.  [PLOT] Plot In the near future, an uncrewed space probe returns from Mars to Earth 's orbit with soil samples potentially containing evidence of extraterrestrial life . The probe is collected by the International Space Station , where exobiologist Hugh Derry revives a dormant cell that quickly grows into a multi-celled organism ; a group of schoolchildren vote to name the organism ""Calvin"". An atmosphere change in Calvin's container causes it to enter hibernation. To wake it up, Hugh administers an electric shock. Calvin becomes hostile, wrapping itself around Hugh's hand and crushing it. Calvin escapes its enclosure by fabricating a tool and devours a lab rat, growing in size. Engineer Rory Adams rescues Hugh, but Calvin grabs onto his leg, prompting Dr. David Jordan to seal the lab. After Rory fails to kill Calvin with fire, the organism kills him by forcing itself down his throat and assimilating his organs. It escapes the lab through a vent. The crew attempts to inform Earth, but the station's communication system shuts down before the entire message can be sent. The station commander, Ekaterina ""Kat"" Golovkina, performs a spacewalk to find and fix the communications system. Calvin attacks Kat and damages her spacesuit. As her suit fills with coolant, Kat returns to the airlock. Against David's wishes, Kat sacrifices herself to keep Calvin out of the station; however, Calvin latches on to the station before she drifts into space. Calvin attempts to re-enter the station through its maneuvering thrusters. The crew fire the thrusters to blast it away, but the loss of fuel sends the station into a decaying orbit , where it will burn up when it reenters Earth's atmosphere. Systems tech Sho Murakami suggests using the remaining fuel to get back into a stable orbit, even though it will allow Calvin to re-enter. The crew agree as Hugh says Calvin could potentially survive re-entry. The crew plan to seal themselves in one side of the station and quarantine Calvin in the other before venting the atmosphere to kill Calvin. Unknown to Hugh, who is a paraplegic , Calvin attaches itself to his leg and uses him to slip out of the quarantined area. The crew discovers Calvin feeding from Hugh after he collapses; as Hugh dies from blood loss, Sho seals himself inside a sleeping pod, while Calvin tries to break inside. David and Miranda use Hugh's corpse as bait to lure Calvin away and trap it. As they vent the atmosphere from Calvin's area, a spacecraft approaches the space...","",""
"396371","Molly's Game","2017","Molly Bloom, a young skier and former Olympic hopeful becomes a successful entrepreneur (and a target of an FBI investigation) when she establishes a high-stakes, international poker game.  [PLOT] Plot Molly Bloom is a world-class mogul skier , trained from a young age by her overbearing father, until a career-ending injury during a qualifying event for the 2002 Winter Olympics . Postponing her law school plans, she moves to Los Angeles where, working as a bottle service waitress, she meets real estate developer Dean Keith. He hires her as his round-the-clock office manager, and soon orders her to run his weekly underground poker game at The Cobra Lounge . Molly learns how to appeal to the rich and famous players, particularly the movie star “Player X”. Frustrated by Molly’s large tips, Dean fires her, but she poaches his players for her own lucrative and technically legal poker game. After the skilled but risk-averse Harlan Eustice loses a hand to hedge fund manager Brad Marion, a notoriously bad player, Harlan makes increasingly desperate bets on tilt until he owes Molly $1.2 million he cannot pay. Player X loans Harlan the money in exchange for half of his ongoing winnings, revealing that he has been staking Harlan for years. Bitter over Molly’s disapproval and lack of romantic interest in him, Player X spitefully draws her players to another game, and her poker ring collapses. Moving to New York City , Molly enlists models to recruit wealthy players as she establishes a new underground poker empire. With millions at stake, her dealer convinces her to take a percentage of the pot to offset potential losses, making the game an illegal gambling operation. When Brad’s hedge fund is exposed as a Ponzi scheme , he points law enforcement to Molly, who pays $500,000 in restitution to his victims rather than testify. The stress of her high-stakes life takes a toll as she becomes addicted to drugs, and allows wealthy members of the Russian mafia to join her game. [ 1 ] Molly's driver introduces her to the Italian mafia , but she declines to let them extort her players. In retaliation, a gunman attacks Molly in her home, stealing the contents of her safe and threatening to kill her and her mother. Unwilling to go to a hospital, Molly spends two weeks recuperating alone in her apartment, only to learn the mobsters have been caught up in unrelated arrests. Douglas Downey, a player infatuated with Molly, warns her that he has been forced to inform on her to the FBI . Her game is raided while over $4 million is seized from her bank account, and a penniless Molly moves home with her mother. Two years since running her last game, Molly has published a memoir to...","",""
"396422","Annabelle: Creation","2017","Several years after the tragic death of their little girl, a doll maker and his wife welcome a nun and several girls from a shuttered orphanage into their home, soon becoming the target of the doll maker's possessed creation—Annabelle.  [PLOT] Plot A dollmaker named Samuel Mullins and his wife Esther grieve for the loss of their seven-year-old daughter Annabelle, nicknamed ""Bee"", who dies when she accidentally steps in front of a driving car. Twelve years later, the Mullins open their home to provide shelter for Sister Charlotte and six girls left homeless by the closing of their orphanage. Despite having been warned to avoid Bee's locked bedroom, Janice, a young orphan disabled by polio , discovers a note saying ""Find me"" and sneaks into the room, which has mysteriously become unlocked. She finds a key for Bee's closet and opens it, where she finds an eerie porcelain doll. This unwittingly releases a powerful demon that begins to terrorize the girls. One night, the demon, taking Bee's form, appears to Janice, saying it wants her soul. Although she attempts to get away using a stairlift , the demon recalls the stairlift and hurls her violently down to the ground floor, leaving her severely injured and using a wheelchair. With Janice now confined to the first floor, her best friend Linda, now having to sleep alone, is tormented by the demon. One morning, the demon, posing as Sister Charlotte, wheels Janice into the old barn, where, in the form of Bee, it attacks and possesses her. Linda notices changes in Janice's behavior and tells Samuel that Janice snuck into Bee's room and found the doll. Samuel immediately believes Linda and heads inside, where he comes across a possessed Janice, who is able to walk. Janice transforms and brutally kills Samuel, who follows her while holding a crucifix, forcing him to drop it by breaking his fingers. Outside, Sister Charlotte hears his screams and is horrified to find him dead. That night, Linda sneaks out and discards Janice's doll into the nearby well. A strange noise comes from the well, and she is almost dragged into it, but Sister Charlotte saves her. Upon heading inside to find Janice missing, Sister Charlotte wakes the orphans, who look for her as Sister Charlotte speaks with the disfigured Esther, who is confined to her bedroom. Esther reveals that after Bee's death, they prayed to whatever entity would grant their wish to see their daughter again. An unknown entity answered, and though they briefly saw Bee's spirit, it convinced them to transfer its essence into one of Samuel's dolls. They agreed, but soon realized they had attracted a demon looking for a human host. One night, Esther saw Bee's spirit transforming into a demon, which then gouged out...","",""
"396535","Train to Busan","2016","When a zombie virus pushes Korea into a state of emergency, those trapped on an express train to Busan must fight for their own survival.","",""
"396924","Willy the 1st","2016","Willy, a boorish 50 something, finally moves out of his parents’ to start a new life","",""
"397243","The Autopsy of Jane Doe","2016","Father and son coroners receive a mysterious unidentified corpse with no apparent cause of death. As they attempt to examine the ""Jane Doe,"" they discover increasingly bizarre clues that hold the key to her terrifying secrets.  [PLOT] Plot In Grantham County, Virginia, the sheriff department finds the intact, half-buried corpse of an unidentified Jane Doe in the basement of a house where an inexplicable multiple homicide took place. No signs of forced entry are found, and it is determined that the victims were trying to escape the house where the killings took place. Jane's corpse is delivered to a morgue staffed by local coroner Tommy Tilden and his son Austin. Austin postpones a date with his girlfriend Emma to help his father with the autopsy , promising to meet her later that evening. Jane's waist indicates long-term usage of a corset , which went out of fashion several centuries earlier. They cannot determine her time of death; her lack of rigour mortis and blood still flowing in her veins indicate that her death occurred recently, but her eyes are cloudy, suggesting she has been dead for several days. Despite no external signs of trauma, her wrist and ankle bones are shattered, her tongue has been severed, one of her molars is missing, her lungs are blackened, and her organs reveal numerous stab wounds. Jimsonweed , a paralysing agent native to New England , is found in her stomach. The radio spontaneously begins changing stations. Austin sees people standing in the main corridor and goes to investigate, finding their cat, Stanley, mortally wounded. Tommy mercifully kills and reluctantly incinerates Stanley. Continuing the autopsy, he finds Jane's missing tooth in her stomach, wrapped in a piece of cloth bearing Roman numerals , letters, and an odd diagram; similar symbols are carved into the inside of her skin. The lights in the room suddenly explode, and Tommy and Austin realise the other corpses in the morgue have gone missing. They try to leave, only to find that the elevator is broken and a fallen tree is blocking the only exit. Their attempts to call for help fail when Austin’s cell phone and the office landline are unable to pick up a signal. In the bathroom, an unseen figure attacks Tommy. Beginning to attribute the strange happenings to Jane, Tommy and Austin return to the autopsy room to finish examining her. When the door locks itself, Austin hacks at it with an emergency axe. Through an opening, they see the disfigured face of one of the missing corpses, apparently reanimated. Unable to reach the cremation furnace, they use fuel to set Jane ablaze. Tommy extinguishes the quickly-spreading fire but finds the body still intact. When the elevator reactivates, Tommy and...","",""
"397469","New Folder 2","2015","Ho-jae has the building, the house, the fancy car that his parents left to him to manage as they live abroad for business. Ho-Jae was born with a silver spoon in his mouth. Ho-jae who pretends to be a dutiful son in front of his parents. He enjoys casual sex with women. For Ho-jae who had been living a life all his friends were envious of, there is a sudden wrench in the works. Did he play his con too well? His mother asks his aunt to introduce him to some nice girls. A sexy aunt and a devious nephew... their dangerous cohabitation starts!  [PLOT] Plot Intelligence officer Amanda Waller assembles two Task Force X teams, colloquially known as the "" Suicide Squad "", which consists of Belle Reve penitentiary inmates who agree to carry out missions in exchange for commuted sentences. The teams are sent to the South American island nation of Corto Maltese after an anti-American regime overthrows its government and are tasked with destroying the Nazi -era laboratory Jötunheim, which houses the secret experiment ""Project Starfish"". Upon making landfall, most of the first team is slaughtered by the Corto Maltese military, who capture Harley Quinn while team leader Rick Flag Jr. escapes. Elsewhere, the second team – led by assassin Bloodsport , whom Waller blackmailed in exchange for not sending his estranged daughter Tyla to prison, and consisting of Peacemaker , King Shark , Polka-Dot Man , Ratcatcher 2 , and her pet rat Sebastian – enters the country undetected, revealing that the other team was a deliberate decoy. Waller orders the squad to find Flag, who is being held at a rebel base. The team massacres the rebel soldiers, only to learn that rebellion leader Sol Soria had saved Flag. Despite the group's actions, Soria agrees to help them infiltrate the capital, where they capture Project Starfish's lead scientist, the Thinker . Harley is taken to Corto Maltese's new dictator, Silvio Luna, who wishes to marry her. Harley is initially enchanted by this proposition, but after learning of Luna's plans to use Project Starfish on political dissidents, she kills him and escapes. She joins the others, who use the Thinker to break into Jötunheim, in exchange for sparing his life, and begin rigging it with explosives. Flag and Ratcatcher 2 enter the Thinker's laboratory and find Starro the Conqueror , a giant starfish-like alien that creates smaller versions of itself to kill people and control their bodies. The Thinker explains that Starro was brought to Earth by American astronauts, that the U.S. government has secretly funded experiments on it for decades using Corto Maltesean citizens and political enemies of the prior dictatorship as test subjects, that said regime used Project Starfish to strengthen its rule, and that Waller sent them to cover up American ties to the project. An enraged Flag decides to leak a hard drive containing evidence of this, but is killed by Peacemaker, who is under orders from Waller to ensure the coverup. Meanwhile, a skirmish between the rest of the team and the military leads to...","",""
"397500","Sueño vagabundo","2015","Coping with his recent unemployment, a man battles with depression, facing the fact that he is not being able to provide for his family. In an act of desperation, he turns to his talents as a last resort... all the while he risks losing everything he was fighting for, trying to make his dreams come true.","",""
"397526","Distorsión","2015","A woman is stalked on social media by an obsessed photographer.","",""
"397567","Along with the Gods: The Two Worlds","2017","Having died unexpectedly, firefighter Ja-hong is taken to the afterlife by 3 afterlife guardians. Only when he passes 7 trials over 49 days and proves he was innocent in human life, he’s able to reincarnate, and his 3 afterlife guardians are by his side to defend him in trial.  [PLOT] Plot Firefighter Kim Ja-hong dies in the line of duty and is escorted to the afterlife by three Grim Reapers : Hae Won-maek, Lee Deok-choon and their leader Gang-rim. They are to escort and defend Ja-hong as his guardians in seven trials within 49 days . If he passes, he will be reincarnated and his guardians will be given credit towards their own reincarnation. In the first court, Hell of Murder , Ja-hong is tried for the death of his colleague, who was trapped beneath rubble during a fire and seemingly left to die by Ja-hong. Just as he is about to be sentenced, it is revealed that his colleague told him to prioritize saving civilians over himself. After rescuing eight others, Ja-hong attempted to go back for his colleague only to be held back as the building collapsed. The judge acquits Ja-hong. In the second court, Hell of Indolence , Ja-hong's guardians present his selflessness and diligence. Ja-hong blurts out that he only worked for money and is about to be punished when Gang-rim interjects, stating that the money was to support his brother and ailing mother, and thus secures his second acquittal. On the way to the Hell of Deceit , ghouls attack as the physics of Hell begins to morph. This change indicates that a member of Ja-hong's families had died and became a vengeful spirit. Gang-rim leaves the party to investigate while the remaining group proceeds. In the court, Ja-hong is accused of writing fake letters to the family of those who had died, one of whom is Ji-yeon, the daughter of his fallen colleague. Gang-rim supernaturally links with Deok-choon from the living world to defend Ja-hong, stating that he had also written fake letters to his mom to cheer her up, allowing her to focus on her health, and that the letters to Ji-Yeon, despite her understanding that her father was dead, helped her cope with her loss. The evidence is thrown out and the charges are dismissed. Gang-rim determines that it is Ja-hong's brother Soo-hong who has become the vengeful spirit. He finds that Soo-hong has been accidentally killed while on guard duty by his partner Dong-yeon, and his death was covered up by their superior, Lieutenant Park Moo-shin. Gang-rim foils an attempt by Soo-hong to kill Dong-yeon and learns that Soo-hong's grudge was not against Ja-hong, but rather Dong-yeon and Moo-shin. Dong-yeon tips off Soo-hong's mother on the location of his body and attempts suicide. He is saved by Gang-rim at Soo-hong's request after the latter agreed to cooperate....","",""
"397685","Wikén","2016","Four friends go on a weekend trip to a beach house where they are stalked by a masked man. Is this their last weekend alive?","",""
"397776","Cría Brava","2016","A revealing journey into the 'legal' cockfighting culture in Puerto Rico seen through the lives of a trainer, teacher, and veteran involved in this controversial global sport.","",""
"398181","You Were Never Really Here","2017","A traumatized veteran, unafraid of violence, tracks down missing girls for a living. When a job spins out of control, Joe's nightmares overtake him as a conspiracy is uncovered—leading to what may be his death trip or his awakening.  [PLOT] Plot Joe is a traumatized hired gun who specializes in rescuing trafficked girls, using brutal methods against their captors. He cares for his elderly mother in his childhood home in New York City . Joe has flashbacks of the abuse he and his mother faced from his violent father, and his brutal past in the military and FBI, and is troubled by suicidal thoughts . As he comes home one night, Joe is seen by Moises, the son of Angel, who acts as middleman between Joe and his handler, John McCleary. Joe tells McCleary that Angel knows his address and may pose a security risk. McCleary assigns Joe a new job from Albert Votto, a New York State Senator . Votto has offered a large sum of money to discreetly rescue his abducted daughter, Nina. He gives Joe the address of a brothel for wealthy patrons sent via an anonymous text. Joe stakes out the brothel, kills several security guards and patrons, and rescues Nina. While Joe and Nina await Votto's arrival in a hotel room, the news reports that Votto has committed suicide. Police officers gain access to the room with the help of the desk clerk, kill the clerk, and take Nina. Joe escapes after killing an officer sent to kill him. Joe finds that government agents killed McCleary, Angel, and Moises while searching for Joe's address. Arriving back at his home, Joe discovers that two agents have murdered his mother and have been waiting for him. He kills one agent and mortally wounds the other. As the agent is dying, he reveals that Votto and Governor Williams are pedophiles and child traffickers and that Nina is Williams's favorite. He explains that Williams is directing the authorities to cover up the trafficking. Joe drives to a lake in a forest to give his mother a water burial and fills his pockets with stones, with the intent of killing himself. As he sinks, he has a vision of Nina. Removing the stones from his pockets, he swims back to the surface. Joe follows Williams to his country home and fights his way in, only to discover Williams with his throat slit. He searches the house and discovers Nina, who is seated at a dining room table, alongside a bloody straight razor . Although Joe has become increasingly upset, Nina reassures him that she is alright. The two go to a diner to discuss their future. Joe has a violent suicidal fantasy and passes out. Nina wakes him, saying, ""It's a beautiful day."" He agrees, and they leave together.","",""
"398222","Yongju Valley","2015","Yong-hwa is a gangster from the Yongju Valley. He is harassed for money by Chairman Kang and in the end decides to start an adult broadcasting system online. With sexy BJ Marshal in the lead, Yong-hwa manages to get a tremendous reaction from the online viewers. BJ Bang-wool becomes jealous of BJ Marshal and soon they start competing...  Will their sexy scandal be a success?","",""
"398818","Call Me by Your Name","2017","In the summer of 1983, a 17-year-old Elio spends his days in his family's villa in Italy. One day Oliver, a graduate student, arrives to assist Elio's father, a professor of Greco-Roman culture. Soon, Elio and Oliver discover a summer that will alter their lives forever.  [PLOT] Plot In the summer of 1983, Elio Perlman, a 17-year-old Jewish French-Italian boy, lives with his parents in rural Northern Italy. Elio's father, a professor of archaeology, invites a 24-year-old Jewish-American graduate student, Oliver, to live with the family over the summer and help with his academic paperwork. Elio, an introspective bookworm and musician, initially thinks he has little in common with Oliver, who appears confident and carefree. Elio spends much of the summer reading, playing piano, and hanging out with his childhood friends, Chiara and Marzia. During a volleyball match, Oliver touches Elio's back, but Elio brushes it off. Elio later finds himself jealous upon seeing Oliver kiss Chiara. Elio and Oliver spend more time together, taking long walks into town, and accompanying Elio's father on an archaeological trip. Elio is increasingly drawn to Oliver, even sneaking into Oliver's room to smell his clothing. Elio eventually confesses his feelings to Oliver, who tells him they cannot discuss such things. Later, in a secluded spot, the two kiss for the first time. Oliver is reluctant to take things further, and they do not speak for several days. Elio goes on a date with Marzia and the two have sex. Elio leaves a note for Oliver to end their silence. Oliver writes back, asking Elio to meet him at midnight. Elio agrees and they sleep together for the first time. Afterward, Oliver tells Elio, ""Call me by your name and I'll call you by mine"". The morning after, Elio is briefly conflicted about their encounter and takes out his sexual frustration by masturbating with a peach. When Oliver finds him, Elio cries about how little time he and Oliver have left together. Marzia confronts Elio after not hearing from him for three days. He responds indifferently, hurting her. As the end of Oliver's stay approaches, Elio's parents, who appear aware of the bond between the two, recommend that he and Oliver visit Bergamo together before Oliver returns to the U.S. They spend three romantic days together. Heartbroken after Oliver's departure, Elio calls his mother to ask her to pick him up from the train station and take him home. Marzia is sympathetic to Elio's feelings and says she wants to remain friends. Elio's father, observing his unhappiness, tells him that the bond he had with Oliver was rare and that he envies Elio because he never had what Elio and Oliver had. He consoles Elio by advising him to keep his heart open for more joy and experiences...","",""
"398924","A Bag of Marbles","2017","At the beginning of the 1940s, in a France occupied by Nazi forces, lived the Jewish Joffo family. Happy and tight-knit, she sees her future darken when all members of the family are forced to wear the yellow star. Fearing the worst, the parents organized their family to flee to the free zone in the south of the country. Maurice, twelve years old, and Joseph, ten years old, will therefore leave alone in order to maximize their chances of finding their older brothers already settled in Nice.  The brothers left to their own devices demonstrate an incredible amount of cleverness, courage, and ingenuity to escape the enemy invasion and to try to reunite their family once again.  [PLOT] Plot In occupied France during World War II , two young Jewish brothers, Maurice and Joseph, are sent by their parents to the Zone libre , and display courage, intelligence and ingenuity as they escape the occupiers and try to reunite their family. At the very end of the film, Maurice and Joseph, who became barbers like their father, are shown in the present day (2017) in a Paris cafe.","",""
"398978","The Irishman","2019","Pennsylvania, 1956. Frank Sheeran, a war veteran of Irish origin who works as a truck driver, accidentally meets mobster Russell Bufalino. Once Frank becomes his trusted man, Bufalino sends him to Chicago with the task of helping Jimmy Hoffa, a powerful union leader related to organized crime, with whom Frank will maintain a close friendship for nearly twenty years.  [PLOT] Plot In a nursing home , elderly Irish American World War II veteran Frank Sheeran narrates his time as a hitman for the Italian-American Mafia . In 1950s Philadelphia , Sheeran works as a union delivery truck driver, where he starts selling some of the meat shipments to a local Philadelphia Italian American gangster known as ""Skinny Razor,"" a member of the Philadelphia crime family headed by Angelo Bruno . After the delivery company accuses Sheeran of theft, union lawyer Bill Bufalino gets the case dismissed when Sheeran refuses to name his customers to the judge. Bill introduces Sheeran to his cousin Russell Bufalino , head of his namesake crime family in Northeastern Pennsylvania. Sheeran begins to carry out jobs for him, as well as members of the South Philadelphia underworld, including ""painting houses,"" a euphemism for contract killing. Sheeran is soon introduced to Jimmy Hoffa , head of the International Brotherhood of Teamsters , who has financial ties with the Northeastern Pennsylvania crime family. He is struggling to deal with fellow rising Teamster Anthony ""Tony Pro"" Provenzano , in addition to mounting pressure from the federal government. Hoffa becomes close with Sheeran and his family, especially his daughter Peggy; in turn Sheeran becomes his chief bodyguard . After the 1960 election of John F. Kennedy , Bufalino is thrilled while Hoffa is furious. Kennedy's brother, Robert F. Kennedy , whom he appointed Attorney General , forms a ""Get Hoffa"" squad to bring down Hoffa, who is eventually arrested and convicted in 1964 for jury tampering . While Hoffa is in prison, his replacement as Teamsters president, Frank ""Fitz"" Fitzsimmons , misuses the union's pension fund and gives interest-free loans to the Mafia. Hoffa's relationship with Tony Pro, himself arrested for extortion , also deteriorates beyond repair when Hoffa refuses to help restore his forfeited pension. Hoffa's sentence is commuted by President Richard Nixon in 1971, although he is forbidden from partaking in any Teamsters activities until 1980. Despite his parole terms, Hoffa undertakes a plan to reclaim his power atop the Teamsters. His growing disrespect for other Teamster leaders and his intention to separate the union from the Mafia begin to worry Russell. During a dinner in Sheeran's honor in October 1973, Russell pleads with Sheeran to confront Hoffa and warn him that the heads of the crime families are displeased with his behavior. Hoffa then informs Sheeran that he ""knows...","",""
"399035","The Commuter","2018","A businessman, on his daily commute home, gets unwittingly caught up in a criminal conspiracy that threatens not only his life but the lives of those around him.","",""
"399055","The Shape of Water","2017","An other-worldly story, set against the backdrop of Cold War era America circa 1962, where a mute janitor working at a lab falls in love with an amphibious man being held captive there and devises a plan to help him escape.  [PLOT] Plot In 1970, pro-tennis player Billie Jean King and her manager, Gladys Heldman , confront promoter Jack Kramer , who has organized a tennis tournament for which the top prize for women is one-eighth of the men's prize despite equal ticket sales. King and Heldman threaten to start their own tour but Kramer won't alter the terms, citing the inferiority of women's tennis. When King, and fellow tennis players Julie Heldman , Valerie Ziegenfuss , Judy Dalton , Kristy Pigeon , Peaches Bartkowicz , Kerry Melville Reid , Nancy Richey , and Rosie Casals sign on as the “Original 9” players of what becomes the WTA Tour , Kramer bans them from tournaments organized by the U.S. Lawn Tennis Association . While the women's tour struggles during its early days, Billie Jean King begins an affair with Marilyn Barnett, her hairdresser, threatening her marriage to Larry King . Meanwhile, men's pro-tennis player Bobby Riggs 's marriage to the wealthy Priscilla Whelan is in trouble because of his addiction to gambling. Thrown out of his house when he can't conceal a Rolls-Royce he won in a tennis bet, he hits upon the idea of a challenge match against the top woman player, boasting that even at age 55 he can beat any woman. The women's tour has slowly gained a stronger foothold, with the Women's Tennis Association formed in 1973. Riggs continues to pressure King to play him. Eventually, Riggs persuades Margaret Court , who recently overtook King to gain the World No. 1 ranking , to play a match in May 1973. Riggs easily defeats Court and King decides she has to accept his challenge, but demands a final say as to the arrangements. King trains intensely, while Riggs relaxes. King objects to Kramer as a game announcer, threatening to not play unless he withdraws, which he does. After a slow start, King wins the match, changing the future of women's tennis. A textual epilogue states that King divorced her husband in the 1980s, retired from tennis in 1990, and later became involved in a long-term same-sex relationship while Riggs reunited with his wife but never quit his gambling habit.","",""
"399057","The Killing of a Sacred Deer","2017","Dr. Steven Murphy is a renowned cardiovascular surgeon who presides over a spotless household with his wife and two children. Lurking at the margins of his idyllic suburban existence is Martin, a fatherless teen who insinuates himself into the doctor's life in gradually unsettling ways.  [PLOT] Plot After performing an open heart surgery , Steven Murphy, a cardiothoracic surgeon in Cincinnati, goes to a diner where he meets 16-year-old Martin Lang, whose father died a few years earlier. Steven invites Martin to meet his family - comprising his wife Anna, their daughter Kim, and their son Bob. Martin makes a good impression on everyone, but seems to especially get along with Kim. The following night, Steven goes to Martin's house for dinner at Martin's request. After Martin goes to bed, Martin's mother initiates sex with Steven; when he rejects her, she tells him that it is Martin's wish for them to have sex, after which Steven angrily leaves. Martin visits Steven's office, complaining of chest pain. Steven runs tests on Martin, all of which produce normal results. Martin invites Steven over again, but Steven declines. Martin's demands for Steven's attention grow increasingly frequent and desperate, and Steven becomes gradually more frustrated and concerned, especially when he learns that Martin gave Kim a ride home on his motorcycle. One morning, Bob finds himself unable to move his legs. Steven and Anna rush him to the hospital, where numerous tests are performed. Martin then reveals that his father died while Steven was operating on him. Martin blames Steven for his death and believes that to make things even, Steven must kill a member of his own family; if Steven refuses, all four will eventually die within a few days, beginning with paralysis, an inability to eat, and finally bleeding from the eyes. Steven has Martin ejected from the hospital. Later, Bob begins inexplicably refusing to eat, even when Steven begins furiously forcing him to. Kim, who has fallen in love with Martin, collapses while singing in her school's choir and is also hospitalized. When she also starts rejecting food, she and Bob are both given feeding tubes. Steven finally confides in Anna about his history with Martin, eventually admitting that he had consumed alcohol before performing Martin's father's surgery. Martin phones Kim, instructing her to stand up and walk. She complies, only to become paralyzed again when he hangs up. Anna, witnessing this, confronts Martin and proclaims that he has no right to force her children to suffer. Martin asserts that this is merely justice for his father. Kim and Bob are discharged. After Anna chastises Steven for his passive attitude toward their situation, Steven ties Martin up in their basement, beats him, and shoots his legs....","",""
"399170","Logan Lucky","2017","Trying to reverse a family curse, brothers Jimmy and Clyde Logan set out to execute an elaborate robbery during the legendary Coca-Cola 600 race at the Charlotte Motor Speedway.  [PLOT] Plot 90-year-old Lucky lives in an isolated house in the small desert town of Piru, California . At a convenience store, Lucky buys a pack of cigarettes and a carton of milk. The owner, Bibi, says that her son Juan is having his tenth birthday in a week. That evening, Lucky stops at a bar called Elaine's and has Bloody Marias with the locals. One of the regulars, Howard, is depressed that his pet tortoise , named President Roosevelt, has escaped. The next morning, Lucky becomes entranced by the blinking numbers on his coffeepot. He gets light-headed and falls over, smashing his ceramic mug. At a clinic, Dr. Christian Kneedler gives Lucky a clean bill of health and says that Lucky has out-smoked the majority of people his age. At a diner, Lucky mentions how he fell and everyone becomes concerned for his safety. That night, Lucky calls a friend while watching TV. Lucky says that when he was a boy in Kentucky, he shot a mockingbird with his BB gun . It was the saddest thing he ever experienced. Back at the bar, Lucky listens to a story from local Paulie about how he met and married his wife. Lucky, on the other hand, never married or had any lasting relationships. Lucky sees Howard talking with lawyer Bobby Lawrence about making a will for himself and wanting to leave all of his possessions to President Roosevelt. Lucky becomes hostile and challenges Bobby to a fight outside. However, Paulie says that Bobby will not fight and that Lucky should go home. Later, Loretta, a woman who works at the diner, visits Lucky to check on him. While smoking marijuana , Lucky shows Loretta old photos of his time in the US Navy , and they watch old VHS tapes of Liberace concerts. While having coffee at the diner, Lucky runs into Bobby and mentions his accident. In turn, Bobby talks about a time when he nearly got hit by a garbage truck and tells Lucky to always be prepared for the unexpected. Lucky visits a pet store and buys a box of crickets . Lucky meets Fred, a World War II Marine veteran, and mentions his time in the US Navy during the war in the Pacific . Lucky got his nickname from having the relatively safe job of cook on an LST . [ a ] Fred tells a story about how after the Marines secured a beach, the locals began to commit suicide by jumping off cliffs. After a battle, he encountered a child, smiling amidst the carnage. Fred remarked to his fellow Marine that at least someone was glad to see them, only to be told that the girl was a Buddhist and was smiling at the...","",""
"399174","Isle of Dogs","2018","In the future, an outbreak of canine flu leads the mayor of a Japanese city to banish all dogs to an island used as a garbage dump. The outcasts must soon embark on an epic journey when a 12-year-old boy arrives on the island to find his beloved pet.  [PLOT] Plot A thousand years ago, dogs were free to roam as they pleased. However, the cat-supremacist Kobayashi Dynasty declared war on dogs, seeking to eradicate them. A child warrior sympathetic towards the threatened dogs decapitated the head of the Kobayashi Clan, ending the war, and was immortalized as the Boy Samurai of Legend. In 2038, an outbreak of canine flu spreads throughout the Japanese city of Megasaki. The city's authoritarian mayor, Kenji Kobayashi, ratifies an official decree banishing all dogs to Trash Island, despite the insistence of Professor Watanabe, the mayor's political opponent, that he is close to creating a cure. The first deported canine is a white and black-spotted male dog named Spots Kobayashi, who served as the bodyguard of 12-year-old orphan Atari Kobayashi, the mayor's distant nephew and ward . Six months later, Atari hijacks a plane and flies it to Trash Island, now nicknamed ""the Isle of Dogs"", to search for Spots. After crash-landing, Atari is rescued by a dog pack ostensibly led by an all-black canine named Chief, a lifelong stray, along with Rex, Boss, Duke, and King. With their help, Atari finds a locked cage that apparently contains Spots' skeleton, but they realize it is not him. They then fend off a rescue team sent by Mayor Kobayashi to retrieve Atari. Chief initially declines to continue helping Atari, but is convinced by Nutmeg, a female ex- show dog whom Chief is smitten with. The pack seeks advice from sage-like dogs Jupiter and Oracle, who surmise that Spots might be held captive by an isolated tribe of dogs rumored to be cannibals . Meanwhile, Watanabe finally develops a successful serum and shows the results to Kobayashi, who merely dismisses him. By order of the mayor's hatchet man Major Domo, the professor is placed under house arrest and assassinated with poisoned sushi . Tracy Walker, an American exchange student , member of a pro-dog activist group and Nutmeg's owner, suspects a conspiracy and begins to investigate, in the process developing feelings for Atari. Kobayashi and his political party are revealed to be responsible for the dog flu outbreak and aim to succeed at exterminating dogs where Kobayashi's ancestors failed. During their journey to the dog tribe, Chief and Atari are separated from the others. Atari gives Chief a bath, revealing his white and black-spotted coat and thus his striking resemblance to Spots. The two bond and rejoin the rest of the pack. Another rescue team attacks them, but...","",""
"399366","Marrowbone","2017","A young man and his three younger siblings are plagued by a sinister presence in the sprawling manor in which they live.  [PLOT] Plot In 1968, Rose Fairbairn brings her four children: Jack, Jane, Billy, and Sam from England to her childhood home, the Marrowbone Residence, in rural Maine . She tells them they will use 'Marrowbone', Rose's maiden name. A local girl named Allie befriends them. Rose's health worsens and she soon dies, leaving Jack, the eldest, to care for his siblings. Before dying, Rose makes Jack promise that he and his siblings stay together and hide the news of her death until he can become their legal guardian. Later, a man shows up on the property, causing Jane and Jack to panic. Six months later, the siblings still live in the house, with mirrors covered to protect from a ""ghost"" in the loft. Jack visits the town for necessities and courts Allie, a library employee, while hiding his past. Tom Porter, the town lawyer managing the Marrowbone estate, has unrequited feelings for Allie. Tom tells Jack he will collect the fee and Rose's signature to finalize the estate transfer to her. Desperate for money and fearing Tom will find out about Rose's death, the siblings decide to use their father's money box and forge her signature on the papers. After several incidents, they believe the ""ghost"" is their father, who was bricked up in the attic and left to starve after discovering them. Meanwhile, Tom attempts to persuade Allie to come to New York with him, where he is set to begin a new job at a big law firm, but Allie rejects his advances. Before leaving, he gives her information on the Marrowbone family's past. Allie learns that their father, Simon Fairbairn, was a serial killer who was convicted and later broke out of jail, possibly to hunt them down. She also learns that Simon abused Jane, and Sam is his and Jane's baby. Meanwhile, Jane is convinced that Simon is still alive. Tom is informed that his new employer is no longer interested in an employee, but a partner. He is offered a share of the firm, which he doesn't have the money for. Tom believes the Marrowbone siblings have more money, and he blackmails Jack. Billy confronts Jack about Simon and urges Jack to deal with him together before Jack has a seizure. Jane decides they must tell Allie the truth. The siblings arrange for Allie to meet at the secluded spot where she and the siblings first met, but Allie only finds their diary. She reads it, which reveals that Simon found the house six months ago, and Jack locked his siblings inside the attic to keep them safe. He tries to give Simon back the money box, who...","",""
"399402","Hunter Killer","2018","Untested American submarine commander, Capt. Joe Glass of the USS Arkansas, is on the hunt for a U.S. sub in distress in the Arctic Ocean. He soon learns a secret Russian coup is in the offing, a conspiracy that threatens to dismantle the world order. With crew and country on the line, Glass must coordinate with an elite group of Navy SEALs to sneak through enemy waters, rescue the kidnapped Russian president, and hopefully prevent World War III.  [PLOT] Plot When the body of a young woman is found on a lumber truck in Minnesota , Detective Walter Marshall suspects that the victim leapt to her death to escape from a captor. A breakthrough is inadvertently made in the case when former judge Michael Cooper's vigilante sting to capture a child predator results in his ward Lara being kidnapped. Through a tracker in Lara's earrings, Marshall finds her and other captive young women in a mansion owned by Simon Stulls, a man who appears to suffer from mental disability. Simon is arrested, and the police attempt to determine if he is responsible for the abductions. In investigating Simon's background, they discover that he was born from rape and his mother attempted suicide before giving birth to him. While Simon is in custody, the police force finds themselves being targeted by another attacker. Technician Matthew Quinn is killed in a car bombing, and fellow technician Glasow is forced to free Simon when the life of his infant daughter is threatened. The police recapture Simon after he has killed his father, just as Cooper discovers that Lara is missing. Believing Simon to be responsible, Cooper ambushes his police transport when he is surprised by another man who looks exactly like Simon. It is then revealed that Simon is a pair of identical twins, one who is responsible for the kidnappings and one who is truly mentally disabled. The twins kill Cooper and kidnap police profiler Rachel Chase before escaping. Using a tracker that Simon left in the police station, a team led by Marshall locates the twins by an icy lake where they are holding Rachel and Lara. Lara escapes, and Marshall takes the mentally disabled twin hostage to convince the murderous twin to release Rachel. After Rachel is freed, Marshall tells the disabled twin to hug his brother, who complies, causing both brothers to fall through the ice and drown. Afterwards, Lara reads a letter from Cooper thanking her for all that she has done. Marshall visits his daughter Faye accompanied by Rachel, implying that Marshall and Rachel have entered into a relationship.","",""
"399404","Darkest Hour","2017","In May 1940, the fate of World War II hangs on Winston Churchill, who must decide whether to negotiate with Adolf Hitler or fight on knowing that it could mean the end of the British Empire.  [PLOT] Plot In May 1940, the opposition Labour Party in Parliament demands the resignation of British prime minister Neville Chamberlain for being too weak in the face of the Nazi onslaught. Conservative Party colleagues want Lord Halifax as his successor, but Halifax does not feel it is his time. Chamberlain chooses the only man whom the opposition will accept as leader of a national government : Winston Churchill , who had correctly predicted the danger from Adolf Hitler before the war but has a poor reputation in Parliament. As Germany invades the Low Countries, Churchill is brusque with his new secretary Elizabeth Layton for mishearing him, which earns him a rebuke from his wife Clementine . King George VI , who is sceptical of Churchill due to his actions during the abdication crisis , reluctantly invites him to form a government . Churchill includes Chamberlain as Lord President of the Council and Halifax as Foreign Secretary . Parliament reacts coolly to Churchill's first speech promising "" Blood, toil, tears and sweat "". Chamberlain and Halifax are appalled by Churchill's refusal to negotiate for peace, and plan to resign from the government to force a vote of no confidence and create a situation in which Halifax would likely become prime minister. Churchill visits French prime minister Paul Reynaud , who thinks that Churchill is delusional for not admitting that the Allies are losing the Battle of France , while Churchill is furious that the French do not have a plan to counterattack. Although US president Franklin Roosevelt is sympathetic to Churchill's plight, his actions are limited by an isolationist Congress and the Neutrality Acts . Churchill draws ire from his cabinet and advisers for delivering a radio address in which he falsely implies the Allies are advancing in France, earning him a rebuke from the king. Halifax and Chamberlain continue to push to use Italian Ambassador Giuseppe Bastianini as an intermediary with Germany. The British Expeditionary Force is trapped at Dunkirk and Calais , and Britain begins preparing for a German invasion . Against the advice of the War Cabinet, Churchill orders Brigadier Nicholson in Calais to lead the 30th Infantry Brigade to distract the enemy and buy time for the evacuation of soldiers from Dunkirk. The debacle in France causes the War Cabinet to support negotiating with Germany. Under heavy pressure, Churchill agrees to consider a negotiated peace but chokes on the words as he tries to dictate a letter...","",""
"399566","Godzilla vs. Kong","2021","In a time when monsters walk the Earth, humanity’s fight for its future sets Godzilla and Kong on a collision course that will see the two most powerful forces of nature on the planet collide in a spectacular battle for the ages.  [PLOT] Plot Five years after the three headed dragon-like extraterrestrial, King Ghidorah , awakened giant monsters, known as "" Titans "", and was defeated by Godzilla , [ a ] Kong is monitored by Monarch within a giant dome on Skull Island , which has been struck by a perpetual storm. Jia, the last Iwi native and young adopted daughter of Kong expert Ilene Andrews, visits Kong. Jia is deaf and communicates using American Sign Language . Andrews grows concerned that the storm will eventually consume the island, but she dismisses ideas to move Kong to a new home, fearing that Godzilla would come for him once he leaves the island. Apex Cybernetics employee and Titan conspiracy podcast host Bernie Hayes extracts data suggesting sinister activities at Apex's Pensacola facility. Godzilla suddenly attacks the facility and Bernie stumbles on a massive device emitting a beacon during the rampage. Madison Russell, a listener to Bernie's podcast, enlists her friend Josh Valentine to investigate Godzilla's attacks. Apex CEO Walter Simmons recruits former Monarch scientist and Hollow Earth theorist Nathan Lind to guide a search for a power source into the Hollow Earth, the Titans' home world. Lind is hesitant as his brother died in a previous expedition to the Hollow Earth due to a strong reverse-gravitational effect . He agrees after Walter reveals that Apex has developed HEAVs (Hollow Earth Anti-gravitational Vehicles), specialized craft able to withstand the gravity field. Lind convinces Andrews to let Kong guide them via an entrance in Antarctica . Lind, Andrews, and an Apex team led by Walter's daughter Maia board a barge escorted by the US Navy , carrying a sedated and restrained Kong. Godzilla attacks the convoy and defeats Kong, then retreats after the ships trick him into thinking they are destroyed. Kong is airlifted to the Hollow Earth entrance, and the team follows him into the tunnel in the HEAVs. Bernie joins Madison and Josh in their investigation. They sneak into the wrecked Apex base, discover a secret underground facility, and become locked into a hyperloop transport to Apex's Hong Kong headquarters where they find a test of Mechagodzilla , which is telepathically controlled by Ren Serizawa, the son of the late Ishirō Serizawa , [ b ] via neural networks from the severed head of Ghidorah. [ c ] Walter intends to harness the Hollow Earth's energy to overcome Mechagodzilla's power supply limitations. Inside the Hollow Earth, Kong and the team find an...","",""
"399579","Alita: Battle Angel","2019","When Alita awakens with no memory of who she is in a future world she does not recognize, she is taken in by Ido, a compassionate doctor who realizes that somewhere in this abandoned cyborg shell is the heart and soul of a young woman with an extraordinary past.  [PLOT] Plot In the year 2563, 300 years after Earth was devastated in a catastrophic war against the United Republic of Mars (URM), scientist Dr. Dyson Ido salvages a disembodied female cyborg with an intact human brain in the Iron City scrapyard. He unites it with a new cyborg body and names her "" Alita "" after his late daughter. Alita wakes with no memory and befriends Hugo, who dreams of moving to the wealthy sky city Zalem. She also meets Dr. Chiren, Ido's ex-wife. Hugo introduces Alita to Motorball, a Rollerball -like sport played by cyborg gladiators . Hugo secretly robs cyborgs of their parts for Vector, owner of the Motorball tournament and de facto ruler of the Factory, Iron City's governing authority. One night, Alita follows Ido. They are ambushed by killer cyborgs led by Grewishka. Ido is injured and Alita instinctively fights using ""Panzer-Kunst"", a lost combat art for machine bodies. She kills two cyborgs and damages Grewishka who retreats. Ido reveals that he is a Hunter-Warrior, a bounty-hunter hired by the Factory. Grewishka seeks help from Dr. Chiren, who is working for Vector. Alita believes fighting will help her rediscover her past but Ido discourages her from becoming a Hunter-Warrior. Alita finds an advanced cyborg body of a Berserker, shock troops of the enemy URM, of which Alita realizes she was a member. Ido refuses to install Alita in it, which upsets her. Alita registers as a Hunter-Warrior. At the Kansas Bar, she and Hugo attempt to recruit other Hunter-Warriors to help take down Grewishka. Hunter-Warrior Zapan provokes Alita and she beats him in a fight, triggering a bar brawl until Ido arrives. An upgraded Grewishka appears and challenges Alita to a duel, having been sent by Zalem's overlord, Nova, to destroy her. Alita's body is damaged by Grewishka before Ido, Hugo, and Hunter-Warrior dogmaster McTeague force Grewishka to retreat. Ido apologizes and transplants Alita into the Berserker body. Having fallen in love with Hugo, Alita enters a Motorball tryout for the prize money to send Hugo to Zalem. Hugo decides to quit his criminal job. He confronts his partner Tanji, but Zapan appears, kills Tanji and frames Hugo for the murder. Hugo escapes and calls Alita for help. She abandons the race and finds him just as Zapan mortally wounds Hugo. Dr. Chiren saves Hugo by attaching his severed head to Alita's life support system. When Zapan attempts to stop Alita, she seizes his Damascus blade and cuts off his face. Ido transplants Hugo's...","",""
"400136","Resident Evil: Vendetta","2017","When a fearless enemy out for revenge unleashes a brutal and deadly new virus, BSAA captain Chris Redfield enlists the help of Agent Leon S. Kennedy and Professor Rebecca Chambers to bring down the death merchant and save New York City.  [PLOT] Plot In 2014, [ a ] BSAA agent Chris Redfield is tracking Glenn Arias, a former CIA operative-turned arms dealer. Arias, wanting revenge against the U.S. government for killing his friends and family in a drone strike at his wedding, is developing and smuggling bioweapons into the country, so Chris and other agents infiltrate a mansion in Mexico , to rescue their missing undercover source, Cathy White. There, Chris's fellow agents are ambushed by zombies and death traps, with Chris being the sole survivor. Outside the mansion, Chris faces Arias, who reveals that Cathy has become a zombie under his control. As Arias leaves with his associates, father and daughter Diego and Maria Gomez, the BSAA rescues Chris by slaughtering Cathy and the remaining zombie horde. Four months later, Professor Rebecca Chambers , former S.T.A.R.S. unit member and survivor of the Mansion Incident , studies the new ""Animality Virus""—""A-virus"" for short—that can lay dormant inside any individual until the right trigger is presented. The virus has three components: the base virus, the triggering virus, and the vaccine. Maria attacks the research labs and releases the virus via the aerosol form. While her colleagues turn into zombies, Rebecca formulates a vaccine to make herself immune and is eventually rescued by Chris and his BSAA team: D.C., Damian, and Nadia. He briefs her on his mission. Rebecca recognizes the zombies' loyalty to the host and makes a connection to Las Plagas, the bioweapon used by the Los Illuminados who Division of Security Operations (DSO) agent Leon S. Kennedy once encountered in Europe , theorizing that the remaining members of the cult are providing information to Arias in developing the A-virus. She, alongside Redfield, heads to Colorado to bring Leon on board but is unwilling at first after experiencing guilt on having to kill the infected SWAT team sent to back him up during a viral outbreak disguised as a bomb threat and his repetitive experiences. During this conversation, Maria and Diego attack the trio. They successfully capture Rebecca, while Chris and Leon, who agree to help finish the mission, devise a rescue operation, decrypting Arias' plan of a large-scale viral attack on New York City . Arias then challenges Chris to rescue Rebecca, who is injected with a vaccine-resistant virus that threatens to turn her into a zombie as part of his personal plan to re-start the failed wedding. As Arias' associates initiate their attack on New York by...","",""
"400155","Hotel Transylvania 3: Summer Vacation","2018","Dracula, Mavis, Johnny and the rest of the Drac Pack take a vacation on a luxury Monster Cruise Ship, where Dracula falls in love with the ship’s captain, Ericka, who’s secretly a descendant of Abraham Van Helsing, the notorious monster slayer.  [PLOT] Plot In 1897, Dracula and his friends travel in disguise on a train to Budapest, the capital of the Hungarian part of Austria-Hungary . However, Drac's arch-nemesis Professor Abraham Van Helsing boards the train and unveils the monsters; the monsters escape by climbing through the roof, and Drac pushes his friends off the train for their safety. Van Helsing becomes obsessed with destroying Drac but is constantly outsmarted by him. In the present day, one year after the second film, Drac is running his hotel business smoothly with Mavis and Johnny. Drac is depressed that he has remained single since his wife's death despite his attempts to meet someone. Misinterpreting this as stress from overwork, Mavis books a cruise so they can all take a break and spend more time together as a family. Drac, Johnny, Mavis, Dennis, Vlad, and the hotel guests board a cruise ship called Legacy . Drac sees the ship's captain, Ericka, and falls in love with her at first sight, something that he thought was impossible as he had already ""zinged"" before. Ericka afterwards goes to a private and secret room on the lower decks where she meets up with Abraham van Helsing, secretly her great-grandfather. Van Helsing has almost entirely mechanized his body to avoid death and has a plan to eliminate all the monsters: on the cruise's arrival at the lost city of Atlantis, he will use an Instrument of Destruction in Atlantis' ruins. Van Helsing makes Ericka promise to not assassinate Drac beforehand, but she makes repeated unsuccessful attempts to do so anyway. Drac's friends hear Ericka complain about her inability to get him and misinterpret this as a sign of affection. Drac nervously asks Ericka out on a date, and she accepts since she sees this as another opportunity to kill him. As they dine on a deserted island, Ericka unexpectedly begins to fall in love with Drac, after they learn about each other's pasts where they lost their loved ones – for Drac, it was his beloved Martha, and for Ericka, it was her parents. Mavis discovers her father is interested in Ericka and becomes suspicious of her motives. The cruise ship reaches Atlantis, which has been converted into a casino. Drac decides to tell Mavis the truth about Ericka but gets distracted seeing Ericka enter an underground crypt. Drac follows her, with Mavis not far behind, and learns that Ericka is after a ""family heirloom"". With Drac's help, she evades the booby traps around the object and escapes. Mavis arrives and confronts...","",""
"400160","The SpongeBob Movie: Sponge on the Run","2020","When his best friend Gary is suddenly snatched away, SpongeBob takes Patrick on a madcap mission far beyond Bikini Bottom to save their pink-shelled pal.  [PLOT] Plot In Bikini Bottom , Plankton works on a new plan to steal the Krabby Patty formula while Karen argues that SpongeBob is actually responsible for all his previous failures and not Mr. Krabs . Meanwhile, in Atlantic City , selfish ruler King Poseidon uses up all the slime from his latest sea snail, which is necessary to maintain his appearance. Poseidon decrees the obtaining of a new snail, and Plankton kidnaps SpongeBob's pet snail Gary so that SpongeBob will no longer interfere with his plans. The next morning, SpongeBob learns from Patrick that Gary was taken to Atlantic City. As part of his plan, Plankton offers Otto, a robot built by Sandy , to take them to the city, hoping they never return. Without SpongeBob cooking Krabby Patties, the Krusty Krab's enraged customers trash the restaurant despite Mr. Krabs and Squidward 's efforts to stop them. Otto drives SpongeBob and Patrick to an old Western town where they meet a tumbleweed spirit named Sage. He reveals to SpongeBob and Patrick that they are dreaming, and must overcome a special mission to continue their search, giving them a ""Challenge Coin"" to grant them bravery. They enter a tavern haunted by ghostly zombie pirates and decide to free their souls from the evil spirit ""El Diablo"". Diablo traps the duo, but is accidentally disintegrated by them, freeing the pirates' souls as SpongeBob and Patrick are woken up by Otto. Now accompanied by Sage, SpongeBob discovers that Poseidon will enslave him with the rest of his previous snails when Gary's slime runs out. Arriving at Atlantic City, Sage warns the pair not to be distracted by the city's attractions, but they ignore his warnings. After a fun-filled night, SpongeBob and Patrick wake up in front of Poseidon's palace and enter it. Both are arrested and imprisoned in the dungeon when they try to take Gary. Back in Bikini Bottom, Plankton arrives at the Krusty Krab, in which Mr. Krabs willingly gives him the formula, feeling depressed without SpongeBob, causing Plankton to feel unsatisfied. Later, upon hearing that SpongeBob and Patrick will be executed in a luxury show in Poseidon's Palace, Mr. Krabs, Squidward, Sandy, and a repentant Plankton decide to save them. In prison, SpongeBob and Patrick discover that they have lost the ""Challenge Coin"" that allowed them to be brave, but Sage reveals to SpongeBob and Patrick that the ""Challenge Coin"" never had powers and that the bravery came from themselves. Before SpongeBob and Patrick can be executed,...","",""
"400193","Lueurs","2015","Vanessa, aged eighteen, has just come out of prison and is staying at her half-sisters that she does not know that well. Each night, captivated by the chimaeras, the noise and the fury, she is reborn.","",""
"400535","Sicario: Day of the Soldado","2018","Agent Matt Graver teams up with operative Alejandro Gillick to prevent Mexican drug cartels from smuggling terrorists across the United States border.  [PLOT] Plot A suicide bombing by ISIS in a Kansas City grocery store kills 15 people. In response, the U.S. government orders CIA officer Matt Graver to apply extreme measures to combat Mexican drug cartels who are suspected of having smuggled the terrorists across the Mexico–United States border. Graver and the Department of Defense decide the best option is to instigate a war between the major cartels, and Graver recruits operative Alejandro Gillick for the mission. Graver also meets with private military company boss Andy Wheeldon to procure mercenaries, helicopters, and encrypted communication equipment for the U.S. to maintain plausible deniability while combating the Mexican cartels. Gillick assassinates a high-profile lawyer of the Matamoros cartel in Mexico City while Graver and his team kidnap Isabel Reyes, the daughter of Carlos Reyes (kingpin of the Sonoran cartel, rivals of the Matamoros), in a false flag operation. Graver, Gillick, and their team take Isabel to a safe house in Texas and stage a DEA raid pretending to rescue her from the Matamoros cartel. They take her to an American military base while the team organizes her return to Mexico. They plan to leave her behind in a Mexican Federal Police depot located inside territory controlled by her father's rivals to escalate the inter-cartel conflict further. However, after they cross into Mexico, the corrupt police escort turns against them and attacks the American Humvees. In the firefight that ensues, Graver and his team kill 25 Mexican policemen to escape the ambush. The dead policemen become mainstream news. Amidst the chaos, Isabel, who realizes that Graver's team may have been behind her abduction, tries to escape and runs away into the desert. Gillick goes after her alone while the rest of the team returns to the U.S. Meanwhile, the American government determines that at least two of the suicide bombers in Kansas City were domestic terrorists, not foreign nationals, and thus were not smuggled into the U.S. by the cartels. To quell tensions with Mexico, the United States Secretary of Defense orders the CIA to abandon the mission. Learning that Isabel witnessed the Americans shooting the Mexican police, the Secretary orders the team to erase all proof of American involvement by killing Isabel and Gillick. Graver, in turn, warns Gillick and orders him to kill Isabel, but Gillick refuses and turns rogue to keep her alive. Gillick and Isabel have found shelter at an isolated farm in the desert...","",""
"400617","Phantom Thread","2017","In 1950s London, a renowned dressmaker's meticulous lifestyle begins drastically changing as his relationship with his young muse intensifies.  [PLOT] Plot In 1954 London, fashion designer Reynolds Woodcock creates dresses for members of high society, including royalty. His clients view him as a genius whose creations enable them to become their best selves, but his creativity and charm are matched by his obsessive and controlling personality. Cyril, his sister, manages his fashion house's day-to-day operations and tries to protect him from anything that might distract him from his work. The superstitious Reynolds is haunted by their mother's death and often stitches hidden messages into the linings of the dresses he makes. After designing a new gown for a revered client, Lady Harding, Reynolds visits a restaurant near his country house and meets a foreign waitress, Alma Elson. She accepts his invitation to dinner. Their relationship blossoms, and she moves in with him, becoming his model, muse, and lover. Cyril initially mistrusts and dominates Alma, but comes to respect her willfulness and determination. At first, Alma enjoys being part of Reynolds's work, but he proves aloof, hard to please, and finicky; as a result, they start to bicker. When Alma tries to show her love for Reynolds by surprising him with a romantic dinner, he lashes out, calling it an ""ambush"", questioning her motives, and suggesting that she go back to where she came from. Alma retaliates by poisoning his tea with wild mushrooms gathered outside the country house. As he readies a wedding gown for a Belgian princess, Reynolds collapses, damaging the dress and forcing his staff to work all night to repair it. He becomes gravely ill and has hallucinations of his mother. Alma stays by his side, nursing him back to health. After Reynolds recovers, he tells Alma that a house that does not change ""is a dead house"" and asks her to marry him. Taken aback, she hesitates, but then accepts. After a honeymoon in Switzerland , Reynolds and Alma start bickering again as Reynolds's domineering personality reasserts itself. Cyril tells Reynolds that Lady Harding is now a client at a rival fashion house and suggests that his classic, conservative designs may be going out of style. Reynolds blames Alma for upending his routines, saying she doesn't fit in and has turned Cyril and him against each other. Alma overhears him. At the country house, Alma makes Reynolds an omelet poisoned with the same mushrooms as before. As he chews his first bite, she informs him that she wants him weak and vulnerable, then strong again after she has taken care of him....","",""
"400928","Gifted","2017","Frank, a single man raising his child prodigy niece Mary, is drawn into a custody battle with his mother.  [PLOT] Plot In St. Petersburg, Florida , seven-year-old Mary Adler, a mathematical genius , lives with her uncle and de facto guardian, Frank. Her best friend is her 43-year-old neighbor, Roberta Taylor. Frank, a former philosophy professor and now boat mechanic, feels strongly that Mary should attend a normal elementary school so she can have a normal childhood. In first grade, Mary shows remarkable mathematical talent, which impresses her teacher, Ms. Stevenson. It emerges that Mary's mother, Diane, had been a promising mathematician , dedicated to the Navier–Stokes problem (one of the unsolved Millennium Prize Problems ) before taking her own life when Mary was six months old. Mary has lived with Frank ever since. Despite Mary's initial disdain for average children her own age, and her boredom with their classwork, she begins to bond with them when she brings her one-eyed cat, Fred, for show-and-tell . Later, she defends a classmate from a bully on the school bus. The principal, having discovered Mary's math talent, encourages Frank to send Mary to a private school for gifted children , offering the opportunity of a scholarship. Frank turns it down, based on his family's experiences with similar schools. The principal contacts Frank's estranged mother and Mary's maternal grandmother, Evelyn. Evelyn, a former mathematician herself, believes that people with capabilities such as Mary's have an obligation to use their talents to help further society, and feels that Mary should be specially tutored in preparation for a life devoted to mathematics, as Diane was. But Frank is adamant that his sister would want Mary to be in a normal school and have the childhood she did not have. Evelyn sues Frank for full custody . While she is on the stand in court, it is revealed that not only did Evelyn homeschool Diane, she kept her socially isolated, so that she could be completely focused on mathematics. When Diane and her teenage boyfriend ran away to a ski resort, Evelyn pressed kidnapping charges and filed a lawsuit against his parents until he cut ties with Diane. Diane attempted suicide for the first time shortly after, something Evelyn argues was an isolated incident. When Frank takes the stand, he admits working at a low-paying job without health insurance. His lawyer, worried that the judge will side with Evelyn due to her financial resources, convinces Frank to take a deal orchestrated by Evelyn's lawyer. Mary is placed in foster care , where she can attend the...","",""
