"tmdb_id","title","release_year","synopsis","themes","tones"
"582913","The Room","2019","Kate and Matt discover that a part of their house can grant wishes. In the wake of two miscarriages, what they want most is a child.  [PLOT] Plot Matt and Kate, a young couple, move to Upstate New York , having purchased a home. While renovating, they discover a large, hidden room. Additionally, the electricity in the house occasionally surges, causing lights to flicker. The couple also learns that a murder occurred on the property, decades before. Matt learns that the killer is a "" John Doe "" and that he is still alive and in a psychiatric hospital. He also inadvertently discovers that The Room can grant wishes. He tells Kate, and both quit their jobs with The Room providing everything they desire. Realizing that nothing they wish for has any real value, Kate falls into a depression. To cheer her up, Matt tells her he wants to try to have a baby, but she becomes angry, reminding him of two previous miscarriages. She says she can't put herself through that pain again and storms out of the room, but ends up using the Room to create a baby, Shane. Matt wants her to use the Room to uncreate the baby, but neither she nor Matt is actually able to bring themselves to do so. Later, Matt goes to visit ""John Doe"" at the hospital. John warns Matt, insisting that he and Kate should leave the house and forget The Room. Matt discovers that Room-created items age and turn to dust when taken beyond the confines of the house. Kate tells Matt she is taking the baby out for some fresh air. He tries to dissuade her, but ultimately chooses not to stop her. Once the baby is outdoors, he ages to a young child in seconds. Kate screams for Matt, who runs outside and takes Shane back inside the house. The couple's marriage deteriorates as Kate attempts to parent Shane, while Matt ignores him. Shane grows impatient and bored since Kate will not allow him to leave the house, telling him that he is sick and that there are germs outside. Soon Shane discovers The Room and creates an outdoor area inside it, causing an argument between the parents. ""John Doe"" calls the home and reveals to Matt that he was a child-wish granted by The Room and is able to exist outside of the house because of his parents' deaths, allowing him to become part of the real world. He tells Matt that if Kate dies, Shane will be able to live outside the house. Kate overhears the conversation and attempts to crash her car, but cannot bring herself to do so. When she returns, the couple reunites and have sex, unknowingly watched by Shane. The next morning, they discover that Shane has gone outside and aged himself into a teenager, though he still has...","",""
"583083","The Kissing Booth 2","2020","With college decisions looming, Elle juggles her long-distance romance with Noah, changing relationship with bestie Lee and feelings for a new classmate.  [PLOT] Plot Elle's senior year begins with classmates gossiping that she and Noah are breaking up. This makes her fear elevate as Noah has befriended an attractive British girl named Chloe on Instagram. Elle and Lee are planning the kissing booth again for the Charity Fair. So, he is trying to convince her to ask Marco Peña, the new transfer student dubbed the new ""Noah Flynn,"" to be one of the kissers. Beating Marco on the dancing game, she forces him to participate in the booth. Noah suggests Elle apply to Harvard , which clashes with her lifelong plan to study at University of California, Berkeley with Lee (where their moms met and became best friends). So, Elle does it secretly. Talking with her father about college tuition, Elle learns money is a problem, so decides to participate with Lee in a dance competition with a huge cash reward for first place. Elle visits Noah in Boston , meeting his new friends and Chloe, making her even more insecure. Finding Chloe's earring under Noah's bed causes her to leave Boston early. Confronting Noah, he assures her nothing has happened between him and Chloe and asks her to trust him, though she is still skeptical. Lee slips during one of their practice sessions (later revealed to be fake) so proposes that Marco become her dance partner, which she is not too happy about, but eventually does. As Marco and Elle start spending time together, they grow closer, and an attraction starts to develop between them. Unbeknownst to Elle, Lee is having problems with Rachel, as Elle goes everywhere with them so does not give them alone time. After forgetting Rachel waiting at the movies, she asks Lee to talk with Elle, which he promises but never does. The Halloween Dance arrives, and Lee forgets to tell Rachel they changed costumes (Rachel was a marshmallow while Lee and Elle were going to be graham crackers making a s'more ), further upsetting her. Elle shares a dance with Marco, almost kissing him but she stops the kiss when she realises that the OMG’s are watching and judging. Lee finds Elle's application to Harvard in his car trunk, angering him. Elle and Marco excel at their competition performance, and she kisses him at the end of their dance, not knowing Noah was in the crowd, causing him to exit quickly. At Thanksgiving dinner at the Flynn's, Noah brings Chloe, which upsets Elle. Lee then confronts her for not telling him about her application to Harvard and Rachel is also upset with her. When Rachel discovers Lee never spoke...","",""
"584626","Ananthu v/s Nusrath","2018","Ananthu is advocate belonging to an orthodox Brahmin family, who falls in Love with Nusrath Fathima baig, a Muslim girl. How Ananthu wins his love is the plot. Whole love story revolves in Court and Narrated in a humorous way.","",""
"585083","Hotel Transylvania: Transformania","2022","When Van Helsing's mysterious invention, the ""Monsterfication Ray,"" goes haywire, Drac and his monster pals are all transformed into humans, and Johnny becomes a monster. In their new mismatched bodies, Drac and Johnny must team up and race across the globe to find a cure before it's too late, and before they drive each other crazy.  [PLOT] Plot During Hotel Transylvania's 125th anniversary celebration, Dracula is planning to retire and leave the hotel to Mavis and Johnny. Mavis overhears this and tells Johnny who excitedly tells Dracula his plans to renovate the hotel. Worried about Johnny ruining the hotel, Dracula lies that there is a ""monster real-estate law"" which only lets monsters own the hotel, leaving him disappointed. Professor Abraham Van Helsing decides to help Johnny by using a ray powered by a crystal that turns humans into monsters and vice versa. After testing it on his guinea pig Gigi, he uses it on Johnny who turns into a dragon. Learning about Johnny's monster form, Dracula tries to turn him back to normal but accidentally turns himself into a human, breaking the ray's crystal in the process. Van Helsing tells Dracula and Johnny that they can turn themselves back to normal by getting another crystal in the Cave of the Reflexión in South America , so Dracula and Johnny set off to do so. Dracula's friends Frank, Wayne, Griffin and Murray end up becoming humans as well, as a result of drinking from a fountain that was contaminated by the ray. After learning about Dracula and Johnny's whereabouts on the news, Mavis and Ericka confront Van Helsing, but they are attacked by Gigi. Van Helsing discovers that the effects of the ray are unstable, as the monster transformation will keep mutating until the subject becomes a mindless beast. The rest of the gang head to South America to find Dracula and Johnny. While traveling through South America, Dracula and Johnny begin to bond. During a camp-out, Johnny teaches Dracula about how if he only sees the worst in things, he will miss out on the best parts. Dracula begins to confess that he lied about the monster real-estate law, but the rest of the group finds them, interrupting him. Things turn sour when Dracula admits his deception regarding passing over the hotel to Mavis and Johnny. This prompts an upset Johnny to believe Dracula does not consider him family and to mutate further before running away. Mavis goes to find Johnny while Dracula and the rest of the gang go to the Cave of the Reflexión. Mavis finds Johnny, but the transformation has turned him very volatile. She leads him to the cave where they finally find the crystal. When Mavis tries to turn Johnny back to normal, the ray fails to work, as Johnny has been a monster for too long. Dracula lets himself get captured by Johnny and tells him he now sees him as family. This...","",""
"585268","War","2019","Khalid, entrusted with the task of eliminating former soldier turned rogue Kabir, engages in an epic battle with his mentor who taught him everything.  [PLOT] Plot .mw-parser-output .ambox{border:1px solid #a2a9b1;border-left:10px solid #36c;background-color:#fbfbfb;box-sizing:border-box}.mw-parser-output .ambox+.mw-empty-elt+.ambox,.mw-parser-output .ambox+.mw-empty-elt+.mw-empty-elt+.ambox,.mw-parser-output .ambox+.mw-empty-elt+.mw-empty-elt+.mw-empty-elt+.ambox{margin-top:-1px}html body.mediawiki .mw-parser-output .ambox.mbox-small-left{margin:4px 1em 4px 0;overflow:hidden;width:238px;border-collapse:collapse;font-size:88%;line-height:1.25em}.mw-parser-output .ambox-speedy{border-left:10px solid #b32424;background-color:#fee7e6}.mw-parser-output .ambox-delete{border-left:10px solid #b32424}.mw-parser-output .ambox-content{border-left:10px solid #f28500}.mw-parser-output .ambox-style{border-left:10px solid #fc3}.mw-parser-output .ambox-move{border-left:10px solid #9932cc}.mw-parser-output .ambox-protection{border-left:10px solid #a2a9b1}.mw-parser-output .ambox .mbox-text{border:none;padding:0.25em 0.5em;width:100%}.mw-parser-output .ambox .mbox-image{border:none;padding:2px 0 2px 0.5em;text-align:center}.mw-parser-output .ambox .mbox-imageright{border:none;padding:2px 0.5em 2px 0;text-align:center}.mw-parser-output .ambox .mbox-empty-cell{border:none;padding:0;width:1px}.mw-parser-output .ambox .mbox-image-div{width:52px}@media(min-width:720px){.mw-parser-output .ambox{margin:0 10%}}@media print{body.ns-0 .mw-parser-output .ambox{display:none!important}} This article's plot summary may be too long or excessively detailed . Please help improve it by removing unnecessary details and making it more concise. ( June 2025 ) ( Learn how and when to remove this message ) In New Delhi , Major Kabir Dhaliwal is assigned to assassinate an Iraqi terrorist named Farid Haqqani , but instead kills veteran RAW agent V. K. Naidu declaring himself rogue. Defence Minister Sherna Patel and Colonel Sunil Luthra assign Kabir's former student Captain Khalid Rahmani to eliminate him. In a flashback, Khalid yearns to join Kabir's squad, but is initially rejected due to his father Major Abdul Rahmani betraying the army in a previous mission, leaving Kabir with two gunshot wounds and his partner dead. After being persuaded by Luthra, Kabir is openly hostile towards Khalid and reluctantly agrees to let Khalid join his team. The squad consists of agents Saurabh, Prateek, Muthu and Aditi. The team goes on a successful mission in Tikrit , Iraq to kill Haqqani's associates and are able to arrest a terrorist named Basheer Hassib, causing...","",""
"585511","Luck","2022","Suddenly finding herself in the never-before-seen Land of Luck, the unluckiest person in the world must unite with the magical creatures there to turn her luck around.  [PLOT] Plot Sam Greenfield, an orphaned young woman with a life plagued by misfortune, is forced out from her foster home , much to the dismay of her younger friend and roommate Hazel, who is hoping to be adopted and not fostered soon. One night, after sharing food with a black cat, Sam finds a penny she hopes to give to Hazel for her collection of lucky items that may help her get adopted. The next day, Sam notices that the penny has made her luck improve. However, she loses the penny by inadvertently flushing it down a toilet. While bemoaning her error, Sam encounters the cat again and says what happened, which causes the cat to berate her for losing the penny. Shocked that the cat could talk, Sam follows the cat through a portal to the Land of Luck, where creatures like leprechauns create good luck for the people on Earth. The cat, named Bob, needs the penny for traveling purposes and will be banished if word gets out that he lost it. Bob and Sam make a deal to get another penny from the Penny depot for Hazel to use before returning it to Bob. Bob uses a button from Sam to pass off as a penny while she sneaks into the Land of Luck using clothes belonging to Bob's personal leprechaun, Gerry. Throughout the journey, Sam comes to learn that bad luck is managed underneath the Land of Luck. Following a disaster at the Penny depot which causes Gerry to learn about Sam's identity, Gerry uses a drone to retrieve the missing penny on Earth. However, the drone gets lost in the In-Between, a space between the Good and Bad Luck lands. Sam and Bob go to the In-Between, which is managed by a unicorn named Jeff. Jeff manages the Bad Luck Apparat, a machine that keeps bad luck specks from sticking which feeds the Randomizer, another machine that sends both good and bad luck into Earth. Jeff reveals that he found the penny and has returned it to the depot. Undeterred, Sam decides to visit Babe, the dragon who manages the good luck, in hopes to get another penny. Babe tells Sam how better things would be if everyone had good luck before giving her a new penny. But Sam sacrifices her penny after Bob is caught for faking his travel penny to spare him from banishment. Still wanting to help Hazel, Sam and Bob decide to temporarily shut down the Bad Luck Apparatus to prevent bad luck from going to the Randomizer and give Hazel the luck she needs to get adopted. However, the bad luck specks start to clog Jeff's machines and destroy the good luck and bad luck stones within the...","",""
"586047","Seobok","2021","Ex intelligence agent Ki-heon is tasked with safely transporting Seo Bok, the first ever human clone, who holds the secret of eternal life. Several forces try to take control of Seo Bok to serve their own agendas.","",""
"586863","Les Misérables","2019","Stéphane has recently joined the Anti-Crime Squad in Montfermeil, in the suburbs of Paris, France, where Victor Hugo set his famed novel “Les Miserables”. Alongside his new colleagues Chris and Gwada – both experienced members of the team – he quickly discovers tensions running high between local gangs. When the trio finds themselves overrun during the course of an arrest, a drone captures the encounter, threatening to expose the reality of everyday life.  [PLOT] Plot The film begins with images of the crowd in Paris celebrating the victory of the French team at the 2018 FIFA World Cup on the Avenue des Champs-Élysées , perceived and celebrated in France as a moment of brotherhood among people of different social classes, ethnicities, and backgrounds. Soon after, Stéphane Ruiz, a police officer who recently moved to Paris and joined the anti-crime brigade, is assigned to work with squad leader Chris and brigadier Gwada on duty in the nearby city of Montfermeil . Chris often aggressively abuses his power on young people, with Gwada complacent in that abuse; while feeling unease, Stéphane doesn't interfere. Meanwhile, Issa, a known juvenile delinquent , steals Johnny, a lion cub, from a circus, causing its owner Zorro to go to the local community leader known as ""the Mayor"" and threaten to return with firearms if Johnny is not returned. Chris and his squadron are tasked with finding and retrieving the cub. One of Issa's friends takes a picture of Issa with the cub and posts it on Instagram , leading Chris to find out that Issa is the culprit. They chase, capture, and handcuff him, but he claims that the cub had run away. Issa's friends then attack the three officers, throwing things at them to stop them from taking Issa in. When Issa tries to run away, Gwada, having accidentally tear-gassed himself during the chase, shoots him in the face with a flash-ball . Issa's friends scatter, but the squadron realizes that they have been filmed by a drone, which escapes. While Stéphane wants to take a badly wounded Issa to a hospital, Chris and Gwada refuse, and instead, the trio take him with them in their search for the drone's owner. The trio arrives at a local neighborhood contact of Chris, leaving Issa in their care and using information given to them by that contact to find Buzz, the person the drone belongs to, forcing him to flee before he can upload the video. Buzz, who still carries the drone's memory card, escapes the squadron and takes shelter with Salah, a restaurant owner and key member of the local Islamic community . Both the squadron and the Mayor, having found out, arrive at Salah's restaurant. After a tense confrontation during which Chris attempts to illegally arrest Buzz, Ruiz convinces Salah to give him the memory card, claiming that Issa's shooting was just an accident. After recovering Issa and the cub (which happened to be spotted near them), the squadron takes the two to the circus. Although Issa is...","",""
"587158","Stepdaddy","2019","Patricia goes to Wyatt’s house for dinner. They eat soggy spaghetti and she gets too drunk. She asks him for a personal favor, he deals her a personal blow. Her dad comes over later in the night.","",""
"587412","K.G.F: Chapter 2","2022","The blood-soaked land of Kolar Gold Fields (KGF) has a new overlord now - Rocky, whose name strikes fear in the heart of his foes. His allies look up to Rocky as their Savior, the government sees him as a threat to law and order; enemies are clamoring for revenge and conspiring for his downfall. Bloodier battles and darker days await as Rocky continues on his quest for unchallenged supremacy.","",""
"587496","The Rental","2020","Two couples on an oceanside getaway grow suspicious that the host of their seemingly perfect rental house may be spying on them. Before long, what should have been a celebratory weekend trip turns into something far more sinister.  [PLOT] Plot Charlie, his wife Michelle, his brother Josh, and Josh's girlfriend/Charlie's business partner Mina rent a remote house on the Oregon Coast for a weekend getaway. The caretaker, Taylor, gives them the housekey, but they get a negative impression of him. In the evening, Michelle gives the others MDMA (ecstasy), but she does not take any herself and goes to bed early. After Josh passes out on the couch, Mina and Charlie kiss in the hot tub and have sex in the shower. The next morning, Michelle and Josh leave for a hike. Charlie and Mina agree their one-night stand was a mistake and will remain a secret. While taking a shower, Mina discovers a hidden camera and alerts Charlie; the two believe Taylor installed it. Charlie stops her from calling the police, fearing Michelle and Josh would learn of their affair. He assures her that Taylor would not reveal the footage because he would have to admit spying on them. That night, Josh realizes his dog is missing, while Michelle takes ecstasy and calls Taylor over to fix the hot tub. Josh is suspicious that Taylor may have taken the dog, so he confronts Taylor upon his arrival, but he denies it. Taylor fixes the hot tub, and Mina privately confronts him about the hidden camera in the shower, which he claims to be unaware of. Mina threatens to call the police but Taylor calls her bluff and they start arguing loudly. Josh rushes in and, assuming Taylor was attacking Mina, beats him unconscious. Mina is forced to reveal the hidden camera, but while the group discusses what to do outside, a masked stranger sneaks in and suffocates Taylor. When the others find Taylor dead in the bathroom, they assume that he died from Josh's beating. Frantic, Michelle demands they call the police, but Charlie refuses, unwilling to let Josh, who has previously been incarcerated, return to prison. He suggests staging Taylor's death as an accident by throwing him off the cliff into the ocean. Michelle refuses to take part and goes to the bedroom. The other three carry Taylor's body to the cliff. It falls onto an outcrop, forcing Josh to go down and push it into the sea. Back at the house, Michelle is lured into a room where a TV plays the footage of Charlie and Mina having sex. Michelle angrily confronts Charlie and drives off. Down the road, she runs over metal spikes, crashes into a tree, and is attacked by the stranger while texting Charlie for help. Charlie goes to search for Michelle. He finds her dead body on the road and is then...","",""
"587792","Palm Springs","2020","When carefree Nyles and reluctant maid of honor Sarah have a chance encounter at a Palm Springs wedding, things get complicated when they find themselves unable to escape the venue, themselves, or each other.  [PLOT] Plot On November 9, in Palm Springs , Nyles wakes up and fails to consummate sex with his girlfriend Misty. That evening, Nyles attends a wedding reception for Tala and Abe. There, he bonds with the maid of honor, Tala's depressed half-sister Sarah. Nyles and Sarah leave the party to have sex in the nearby desert. As he undresses, Nyles is hit by an arrow shot by an assailant, then he crawls into a cave, warning Sarah not to follow him. Concerned for Nyles, she follows him and is sucked into a vortex. Sarah wakes up and realizes that it is November 9 again. She confronts Nyles, and he explains that by following him into the cave, Sarah has become stuck in a time loop with him; falling asleep or dying resets the loop, repeating November 9. Nyles reveals that the man who shot him, Roy, is from the wedding and that Nyles inadvertently trapped him in the time loop. For revenge, Roy sometimes hunts down Nyles, as he enjoys putting him through pain even though his ""deaths"" are only temporary. Sarah tries various methods to escape the loop, but is unsuccessful. Nyles, having already been in the loop for a long time, has become complacent and carefree, abandoning hope of escape. Sarah resigns herself to her fate and adopts Nyles' carefree and reckless lifestyle. Nyles and Sarah become close. They begin to look forward to their days together, where they are free to do anything without consequence. One night, Nyles and Sarah camp out in the desert, get high, and have sex. The day after, Sarah sleeps in and is woken up by Abe, with whom she had sex on November 8, the night before the wedding. Guilt-ridden, Sarah refuses to talk to Nyles about their previous night, expressing nihilism about their life in the loop. After being pulled over by Roy disguised as a cop, Sarah runs him over. She and Nyles argue, leading him to admit that he had sex with Sarah many times in the loop, something he previously lied about. An angry Sarah starts avoiding Nyles. Nyles feels lost without Sarah and spends days aimlessly moping, discovering Abe and Sarah's affair in the process. One day, Nyles visits Roy at his home in Irvine . Having now experienced a painful injury at the hands of Sarah, Roy realizes what he has put Nyles through, and they reconcile. Meanwhile, Sarah spends her days studying to become an expert in quantum physics and general relativity . After some experimentation, she believes that exploding oneself in the cave will break the time loop. Sarah offers Nyles a chance...","",""
"587807","Tom & Jerry","2021","Tom the cat and Jerry the mouse get kicked out of their home and relocate to a fancy New York hotel, where a scrappy employee named Kayla will lose her job if she can’t evict Jerry before a high-class wedding at the hotel. Her solution? Hiring Tom to get rid of the pesky mouse.  [PLOT] Plot A cat named Tom , who dreams of being a jazz pianist, moves to Manhattan and busks in Central Park , while a brown mouse named Jerry is in search of a new home. After Tom's piano is destroyed in an altercation, and Tom is exposed as a fraud and a regular cat playing the piano by the residents in Central Park all because of Jerry's antics, he chases Jerry, but accidentally tackles a young woman named Kayla Forester, causing her to lose her job. Down on her luck, Kayla wants to prove her talents and looks for a position at the city's fanciest hotel, the Royal Gate, where Jerry moves in and Tom fails to break in. Kayla, with a stolen resume , is hired to help plan a high-profile wedding and gets a tour of the hotel, while Jerry's usual antics involve stealing food and items to ramp up his new home, and Tom plans more strategies to enter the hotel and capture Jerry. Local celebrities Preeta Mehta and her fiancé Ben are greeted, as they arrive, along with their pet bulldog Spike and cat Toots . All, except for Spike, are unaware of Jerry stealing from Preeta's handbag. As the couple and their pets are escorted to their room, Jerry's presence is revealed, which puts the wedding and the hotel at risk. Kayla offers to catch Jerry, but fails and realizes that he will be hard to catch. After many failed attempts, Tom successfully enters the hotel, and his ensuing chase after Jerry wrecks a hotel room. Due to noise complaints, Kayla comes to check and befriends Tom, due to their shared goal of catching Jerry. The hotel's owner and general manager Mr. Dubros hires Tom to exterminate Jerry, while Tom and Kayla's boss Terence threatens to fire them if Tom cannot catch Jerry. After more failed attempts, Tom designs an elaborate mouse trap that gets Jerry out of the hotel. Meanwhile, Kayla helps with the wedding plans and learns that Preeta's engagement ring is missing. Jerry returns, to clash with Tom on the piano, and reveals to Kayla that he had Preeta's ring and agrees to give it back to her in exchange for letting him live in the hotel. Before Kayla can agree, Terence returns from walking Spike and notices Tom looking for Jerry hiding in Kayla's coat pocket, creating a scene that causes Spike, Tom, and Jerry's chase to destroy the lobby. Terence is suspended, while Kayla is promoted to event manager, for returning Preeta's ring. Kayla tells Tom and Jerry that they will have to get along and spend the next day bonding if they want to stay in the hotel, to which...","",""
"587836","Decembers","2018","The ghost of a photo-journalist killed during the December 1989 US invasion of Panama returns exactly 10 years later to resolve his family’s conflicts. Inspired by the story of his own family, in his feature-length debut, Enrique Costas Ríos poetically blends together archival footage and fictional scenes that recreate events from the invasion while tracing links to the true-life story of Spanish journalist Juantxu Rodriguez who was killed during the invasion.","",""
"588135","Synthetic Overture","2017","A group of young people address their smartphone addiction and the isolation of online validation.  [PLOT] Plot .mw-parser-output .hatnote{font-style:italic}.mw-parser-output div.hatnote{padding-left:1.6em;margin-bottom:0.5em}.mw-parser-output .hatnote i{font-style:normal}.mw-parser-output .hatnote+.mw-empty-elt+.hatnote{margin-top:-0.5em}@media print{body.ns-0 .mw-parser-output .hatnote{display:none!important}} See also: Jesus Christ Superstar § Plot A theatrical troupe travel by bus to the Negev Desert to perform a modern-day re-enactment of the Passion of Christ told through song . Carl Anderson , already in character as Judas Iscariot , wanders away from the group as they prepare their props and costumes and dance to the overture . Judas, a member of a humanitarian movement, is worried its leader, Jesus , has lost sight of their cause and he now preaches about being the son of God instead of speaking out on social injustices. He clashes with Jesus over his association with Mary Magdalene ( historically accused of being a prostitute ) and how he allows her to purchase expensive ointments for him instead of instructing her to help the poor . Jesus defends Mary and tells Judas the poor will always be there, but he will not. Meanwhile, temple priests led by Caiaphas and Annas , afraid that Jesus' popularity will undermine their authority and lead to conflict with their Roman occupiers , resolve to have Jesus executed . As crowds greet Jesus upon his arrival in Jerusalem for Passover , Jesus rejects both Caiaphas' order to disperse them and his follower Simon 's suggestion to lead them into an uprising against Rome. While in Jerusalem, Jesus furiously forces out money lenders and merchants from the temple and encounters a leper colony in the outskirts, where Mary Magdalane contemplates her complex feelings for him . Meanwhile, Judas expresses his concerns about Jesus to the priests, but resists betraying him until the priests offer him money, suggesting he could use it for charitable means, in return for helping them to arrest Jesus. Jesus shares the Passover meal with his followers in the Garden of Gethsemane , where he doubts their loyalties, predicting that Peter will deny knowing him and Judas will betray him. An argument between Jesus and Judas ensues, with Judas angrily accusing Jesus of letting his ideals become corrupted. When the rest of his followers fall asleep, Jesus questions God's intention for him, ultimately deciding to accept what happens as being part of his plan. Judas fulfills his betrayal by leading Roman guards to Jesus, who allows himself...","",""
"588228","The Tomorrow War","2021","The world is stunned when a group of time travelers arrive from the year 2051 to deliver an urgent message: Thirty years in the future, mankind is losing a global war against a deadly alien species. The only hope for survival is for soldiers and civilians from the present to be transported to the future and join the fight. Among those recruited is high school teacher and family man Dan Forester. Determined to save the world for his young daughter, Dan teams up with a brilliant scientist and his estranged father in a desperate quest to rewrite the fate of the planet.  [PLOT] Plot In December 2022, biology teacher and former Green Beret Dan Forester fails to land a job at the United States Army Research Laboratory . While he watches the televised 2022 FIFA World Cup final , soldiers from the year 2051 arrive on the playing field through a time portal to warn that future humanity is near extinction due to alien invaders: the White Spikes. In response, the world's military forces are sent to the future, but less than 20% survive, prompting a global draft. Dan, conscripted for a seven-day tour, is fitted with an electronic vambrace that tracks him and will automatically return him to his own time following his seven days. Dan's wife, Emmy, encourages Dan to seek out his estranged engineer father, James Forester, to remove the vambrace so the family can go on the run. Dan meets with James; angry over his father having abandoned the family, he instead leaves with the vambrace intact. During orientation, one recruit, Charlie, notices the draftees are mostly older adults: Dan deduces that they were all people known to have died before 2051. Dan and the other draftees are deployed to Miami Beach, Florida in the future but are dropped at the wrong coordinates, high above the city, and most fall to their deaths. Romeo Command orders the remaining recruits to rescue staff at a nearby laboratory. The lab staff are dead, but the team recovers their research data before the area is bombed. Dan and the survivors make it to a military camp in Puerto Plata in the Dominican Republic , where Dan discovers that Romeo Command is headed by his now-adult daughter, Colonel Muri Forester. After a strained reunion, the two embark on a successful mission to capture a female White Spike, which are rarer than the males. Muri later reveals that Dan became disillusioned after losing the research job, which caused her parents' divorce and estrangement from his daughter, just as James did when Dan was a child. Dan also learns he died in a car crash when Muri was 16. Dan and Muri, along with the captured female, are transported to the Jumplink site on a fortified ocean oil platform . They work on a toxin that targets the female, but the arrival of an enormous White Spike swarm quickly overwhelms the base. Muri is severely injured and tells Dan to take the toxin to the past and mass produce it, believing that humanity will not survive in this timeline. Before Muri dies, the two reconcile, and Dan is successfully returned to the past with the toxin. He attempts...","",""
"589685","Echoes","2019","In this ruminative snapshot, a swimmer with a clogged ear finds herself drawn back to the sea.","",""
"589705","Udgharsha","2019","A thriller film directed by Sunil Kumar Desai, starring Sai Dhanshika, Tanya Hope and Thakur Anoop Singh in the lead roles.","",""
"589965","Half Songs","2018","An old music store that sold vinyl records is closing down in Mumbai. Shweta, an intern at an online music magazine works on her first feature story about the closing of the store. In an almost empty shop, she finds years of memories. The old man and his nephew who run the store become the subject for her story. Shweta discovers a diary of song lyrics Vivek had hidden away from the world. The shy musician in him finds them incomplete. She inspires him to continue making songs. While the story of the shop ends, another story begins for Vivek and Shweta, that of love and music.  [PLOT] Plot Dr. M. K. Das, an M.S. gold medalist, joins Medimax, a corporate hospital in Hyderabad , as a mortuary surgeon. Four days after starting, he alters a patient's prescription without the consent of his senior, Dr. Bharadwaj, after noticing improper medication. Although the patient recovers, Bharadwaj fires Das due to his ego and perceived unprofessional behaviour. Left with no choice, Das opens a clinic at the dilapidated Shantabhai Memorial Charity Hospital in his locality. Meanwhile, police search for Deva, an elusive crime boss who returns to Hyderabad after his mentor and foster father, Dada, is murdered by a rival mobster David with the help of Dada's deceptive son, Ajay. During a shootout with the police, Deva is injured and escapes to Shantabhai Memorial Charity Hospital, where Das treats him without realizing his identity. Upon learning that Deva is a crime boss, Das chooses not to report him due to his condition. Impressed by Das's integrity and naivety, Deva befriends him, affectionately nicknaming him ""Gold"" due to his medal. Deva and his henchman renovate the clinic, causing patient flow to surge. As Das gets busy as a practicing physician, he is equally baffled by the number of gangsters surrounding him daily. Das falls in love with Pooja, unaware that she is an undercover cop assigned to capture Deva. Simultaneously, Deva reveals his unspoken feelings for journalist named Jahnvi. As Das attempts to bring Deva and Jahnvi together by posing Deva as a CBI officer, Deva finds himself becoming more humanized. To facilitate Deva's arrest, Pooja asks Das to invite Deva to a dinner at a restaurant. While the police wait to ambush him, Deva learns of Ajay's location and kills him in front of Das. Disturbed by the murder and Deva's disregard for human life, Das severs ties with him and rejoins Medimax after promising to organize a successful organ donation camp. Heartbroken by the rift, Deva meets his henchman's terminally ill child with blood cancer, who requests him to ""scare death"". Deva arranges for the child's treatment, but the child dies. Meanwhile, with Deva's secret assistance, Medimax's organ donation camp succeeds, earning Das the respect of Bharadwaj. Devastated by the child's death, Deva contacts Jahnvi to arrange a live broadcast in which he reveals his true identity as the wanted mob boss and credits Das with inspiring his transformation. However, David kidnaps Das and forces Deva into a private standoff. Deva arrives at David's...","",""
"590223","Love and Monsters","2020","Seven years since the Monsterpocalypse began, Joel Dawson has been living underground in order to survive. But after reconnecting over radio with his high school girlfriend Aimee, Joel decides to venture out to reunite with her, despite all the dangerous monsters that stand in his way.  [PLOT] Plot The destruction of a large Earth-bound asteroid releases unknown chemicals. As a result, cold-blooded animals on Earth mutate into large monsters and kill off most of humanity. During the evacuation of Fairfield , Joel Dawson is separated from his girlfriend Aimee but promises to find her. However, a giant monster attacks their car, killing his parents. Seven years later, Joel is part of a small survivor group living in an underground bunker. While the rest of the group fight monsters and seek supplies, Joel, who freezes up in dangerous situations, is relegated to kitchen and base maintenance duties. After a giant ant breaches his colony, killing one of the survivors, Joel decides to set off on a quest to reunite with Aimee, so that he doesn't end up alone. The rest of the group support his decision, handing him a map, equipment and supplies. Passing through the suburbs, Joel is attacked by a giant toad but is saved by a stray dog named ""Boy."" The dog follows Joel on his journey, warning him against poisonous berries and other dangers. Joel falls into a nest of worm monsters called ""sand gobblers"", when two survivors, Clyde Dutton and Minnow, rescue him. They are heading north to the mountains, where fewer monsters live due to the colder weather and higher elevation. They teach Joel some basic survival skills, and that not all monsters are hostile. They invite Joel to join them, but he insists on continuing his journey to find Aimee. As they part ways, Clyde gives Joel a grenade. Continuing west, Boy becomes trapped by a giant centipede monster. Joel freezes, but eventually saves Boy with his crossbow. Sheltering in an abandoned motel, they meet a robot named Mav1s. Before her battery dies, Mav1s powers his radio long enough for him to briefly contact Aimee. She tells him that other survivors have reached her colony, promising to lead them to safety. The next day Joel and Boy are attacked by a queen sand gobbler. They hide, but Boy barks, giving away their position. Joel kills the queen with the grenade, and yells at Boy for putting them in danger, causing Boy to run away. After swimming across a pond, Joel is covered in venomous leeches and hallucinates, but is rescued before he collapses. Joel wakes to finally see Aimee. She leads a beach colony of elderly survivors who depend on her. He is introduced to the survivors, as well as Brooks ""Cap"" Wilkinson, a ship captain, and his crew, who had all recently arrived on a large yacht. As everyone...","",""
"590995","The Craft: Legacy","2020","An eclectic foursome of aspiring teenage witches get more than they bargained for as they lean into their newfound powers.  [PLOT] Plot Lily Schechner moves into the town with her therapist mother, Helen, to live with Helen's new boyfriend Adam Harrison and his three sons, Jacob, Isaiah, and Abe. At the new school, she begins her period and bleeds through in class, and is mocked by classmates. When school bully Timmy Andrews antagonizes Lily, she telekinetically pushes Timmy into the lockers. Her feat is witnessed by three girls, Frankie, Tabby, and Lourdes. When Lily communicates with them telepathically , the girls reveal themselves as fellow witches and invite her to join their coven . With the fourth member, the coven can now perform the complex ritual to freeze time. The girls experiment with their powers, including levitation . They cast a spell on Timmy, changing his behavior to be more sensitive. After learning of the incident at school, Adam scolds Lily, but Helen defends her. Lily overhears them arguing and goes outside where Abe talks to her about his father's authoritarian beliefs. Timmy invites the coven to his and apologizes to Lily, eventually making peace with the coven. When Timmy is at Lily's home for a school project, he admits that he is bisexual and had sex with Isaiah, Jacob's elder brother. Later, Lily places a love spell on Timmy and the two kiss. The next morning, during class, the coven is told by their teacher that Timmy allegedly committed suicide the night before. Lily admits to her friends about her kiss and love spell. They sever ties with her and bind themselves from magic. Sensing something dangerous from Adam, Lily asks Helen to move out, to no avail. Searching Adam's office for something to use against him, Lily finds her own adoption papers. Helen reveals that Lily's biological mother is one of Helen's psychotherapy patients. After Timmy's funeral , Helen tells Lily she agrees to move out. Helen also admits that she knows about her powers. The conversation prompts Helen to ask Lily to give her powers to Helen. When Lily grows suspicious of her, Helen shapeshifts into Adam who has disguised himself with his own magic. Adam tells her he is a member of a pagan cult and that he has been after her powers since the beginning, before knocking her unconscious. Lily awakens in a forest at night with Adam, who reveals that he murdered Timmy and plans to kill her too. When Timmy's spirit contacts Lily's friends through a Ouija board and tells them about being murdered by Adam, they arrive to save Lily. They try to freeze time, but Adam subdues them quickly....","",""
"591120","The Pirates: The Last Royal Treasure","2022","A gutsy crew of Joseon pirates and bandits battle stormy waters, puzzling clues and militant rivals in search of royal gold lost at sea.  [PLOT] Synopsis The story is about Moo-chi (Kang Ha-neul), the head of the bandits, who claims to be the best swordsman in Goryeo, and Hae-rang (Han Hyo-joo), the owner of a pirate ship that conquered the sea. Although they are destined to be together on the same boat, they continue their windless voyage, bumping into each other in the mountains and seas, from birth to opposite extremes. One day, while clearing the pirate ship, they find out that the treasure of the royal family that disappeared without a trace is hidden somewhere, and they set out on a dangerous adventure in search of the largest treasure that will never be seen again in their pirate life. But they weren't the only ones after the missing treasure. Bu Heung-soo (Kwon Sang-woo), a traitor who will do anything to get what he wants, also jumps into the sea to claim the treasure.","",""
"591844","Special Partners","2018","Three couples reassess their relationships while on a weekend away in the Alps.  [PLOT] Plot In the not-too-distant future, the most cutting-edge technology has honed romantic relationships down to a science: A computerized test can determine the likelihood of successful partnership between two individuals, and androids—known as “synthetics”—have been designed as the ideal partners, ones who are completely understanding and will never leave. Zoe and Cole work in the research facility responsible for developing this technology. Zoe and Cole are friends but Zoe harbors a crush on him, and is disappointed when she takes the compatibility test and finds out they have a 0% compatibility. When she tells Cole this information, he gently tells her that she is a synthetic. Synthetics had always been programmed to know they were synthetics, but Zoe was a new model and an experiment to see if a synthetic could pass as a human. Although Zoe has been implanted with false memories that she believed were her own, as in Blade Runner , it is clear that Zoe is special as she has developed her own feelings. Cole gently takes Zoe into the world with this new self-awareness, seeing her reactions, but also falling in love with her. He is wary of getting physical with her, but they eventually do. Zoe feels that Cole is holding back. When Zoe is hit by a car, exposing her synthetic intestines, it causes Cole to pull away from Zoe after repairing her. Meanwhile, the AI company has shifted direction to releasing Benysol, a pill which gives the person taking it the feeling of being in love for several blissful hours. It is a huge success, with people going to Benysol clubs and even hanging out in certain parks to meet partners they take it with. Cole and Zoe clearly miss each other, but they both take Benysol with multiple partners, which only leaves them feeling empty. Cole's friends encourage him to be with Zoe, even though she is synthetic, but he cannot do it. One day Zoe visits the AI lab and discovers a room full of Zoes, the next generation of her, Zoe 2.0. She realizes that she does not wish to live without Cole and visits the brothel where she asks the owner to shut her down. However, at the last minute she changes her mind and some of the brothel girls take her to her apartment, where Cole finds her and professes his love. She cries, which her model was not supposed to be able to do.","",""
"592350","My Hero Academia: Heroes Rising","2019","Class 1-A visits Nabu Island where they finally get to do some real hero work. The place is so peaceful that it's more like a vacation... until they're attacked by a villain with an unfathomable Quirk! His power is eerily familiar, and it looks like Shigaraki had a hand in the plan. But with All Might retired and citizens' lives on the line, there's no time for questions. Deku and his friends are the next generation of heroes, and they're the island's only hope.  [PLOT] Plot The League of Villains are pursued by several Heroes while driving a truck carrying a life support capsule. Endeavor arrives and manages to destroy the truck, with the Villains revealed to be clones created by Twice as it crashes. The figure within the capsule, a villain named Nine who allowed himself to be experimented on by Daruma Ujiko , escapes during the crash and regroups with his team of villains to fulfill their dream to create a society ruled by those with strong Quirks. While Ujiko gave him a copy of All For One 's Quirk, capable of acquiring eight more Quirks besides his own Weather Manipulation, Nine needs a special Cell Activation Quirk to cure himself of a terminal disease that worsened as a side-effect of his modification. U.A. High's Class 1-A has been sent to the remote Nabu Island as part of a safety work program. Izuku Midoriya , the current wielder of One for All, meets Mahoro Shimano and her younger brother Katsuma , residents of the island. Despite some hostility from the sister, Izuku bonds with them along with his rival Katsuki Bakugo , and discover that Katsuma wishes to become a hero, although Mahoro seeks to dissuade him, fearing for his safety. Meanwhile, Mahoro and Katsuma's father is attacked by Nine's group and his Quirk is taken, but the Quirk is incompatible with Nine's blood type . Learning about the man's children on Nabu, they theorize that one of them would have the Quirk with the right blood type. Nine's gang arrives on the island and destroy all means of escape and communication. Class 1-A learns of the invasion and split up to stop the villains and protect the island's residents. Nine finds the children and confirms Katsuma possesses the Quirk he seeks, but Izuku intervenes. Nine ends up greatly overpowering Izuku with his multitude of Quirks, even with Bakugo's help, and they are defeated. However, Nine is forced to retreat after overusing his Quirks, allowing Class 1-A to save Izuku, Bakugo, and the Shimanos. After 1-A regroups, they deduce why Nine wants Katsuma after he uses his Quirk to heal Izuku and Bakugo. They decide to prepare and fight the villains while awaiting the arrival of other Heroes. After evacuating the islanders to a small island, the class successfully separate Nine from his gang, with them each being defeated by the students. However, Nine is successfully able to incapacitate all the remaining students, and once again overpowers Izuku and Bakugo by ingesting Quirk-empowering drug fluids,...","",""
"592834","My Spy","2020","A hardened CIA operative finds himself at the mercy of a precocious 9-year-old girl, having been sent undercover to surveil her family.  [PLOT] Plot JJ is a former Army Ranger newly hired as a CIA operative. However, his lack of subtlety causes him to blow his first major mission: busting an illegal weapons-grade plutonium trade in Pripyat between the Russian mafia and Hassan, a Middle East terrorist. Despite this, his boss David Kim assigns JJ and tech operator Bobbi, who hero-worships JJ, to keep an eye on the in-law family of Victor Marquez, a French illegal arms dealer who has obtained construction plans for a miniaturized nuclear bomb which he intends to sell to Hassan. Victor lost these plans to his brother David, who hid them before Victor murdered him. Kim suspects they may be with David's American wife Kate and their 9-year-old daughter Sophie, who moved from France back to Wicker Park, Chicago after his death. JJ and Bobbi move into the building where Kate and Sophie live, and set up their surveillance. However, Sophie soon finds one of their hidden cameras, backtracks its signal and stumbles upon the operation post. Confronting JJ and Bobbi, she blackmails JJ into keeping her company while she tries to fit into an American kid's life and make some new friends at her school Oaktree Charter School. Despite JJ's social awkwardness, the two slowly begin to bond, and JJ also becomes acquainted with Kate and her neighbors Carlos and Todd. Sophie has JJ train her in the basics of the espionage trade, and brings him and her mother closer together. However, Kim eventually finds out about JJ's personal involvement with his targets and takes him and Bobbi off the mission. JJ reveals his assignment to Kate, who rejects him in disgust. At the same time, Victor discovers and counteracts the CIA's surveillance and coerces his lawyer Koll into revealing where David might have hidden the plans. After faking his own death, Victor travels to Chicago, confronts Kate, JJ, and Sophie and retrieves the plans. Carlos and Todd burst in and intervene, revealing themselves as independent arms dealers who are also after the plans. Bobbi's clumsy attempt to help results in Victor escaping with the plans and Sophie as his hostage. JJ and Kate pursue Victor to an airfield in Naperville , where JJ grounds Victor's escape plane and starts a fistfight with him. In her attempt to escape, Sophie accidentally sets the plane in motion, leaving it hanging at the edge of a cliff on some wire fencing. Victor forces Sophie, who has hidden the real plans, to surrender them. Before he can shoot them, Kate clubs him onto the...","",""
"592875","Uriyadi 2","2019","A young man struggles for justice for the victims who are affected by the chemical plant leakage which lead to many deaths in the village.  [PLOT] Plot Raj Prakash, a wealthy NRI businessman, wants to open an insecticide factory in London , but was denied the required permissions due to the toxicity of the key compound MIC used. Using the influence of local politicians, Raj Prakash set up the insecticide factory in Tamil Nadu and did good business through exports until the insecticide was eventually banned by the UN , eventually declining his export business. With dwindling returns, Raj Prakash proposed to open a copper sterlite factory after learning of its concentration in the area, but was faced with backlash from the local people, forcing him to withdraw his ambitions. With the insecticide factory being his only business, Raj Prakash decided to double the returns from the existing factory, which was already in a derelict state. Lenin Vijay, Saravanan and Pazhanisamy are three best friends in the town of Sengathirumalai who eventually secure a job in the insecticide factory with the help of a recommendation. Vijay also falls in love with Isai Vani, a medical doctor working in the same factory. On their first day, their neighbour Seenu, who is working in one of the units of the factory, is admitted to the hospital due to sustained burns, but is pronounced dead at the hospital and his death is ruled out as accidental poisoning. Later on, the factory is deemed unfit during a periodical audit due to improper maintenance of the MIC storage tanks, resulting in a significantly higher storage temperature than the normal storage temperature. During the audit, Raj Prakash intervenes and bribes the auditor into ignoring the observed issues while promising him a share of the profits. Raj Prakash gets acquainted with Sengai Kumar, a lower-caste politician who tries to manipulate the elections by bribing voters. Due to improper maintenance of pipes and the storage tank, Saravanan gets splashed by MIC in the face along with three others. They are taken to the hospital, but they eventually succumb to their injuries. Vijay and Pazhanisamy are distraught and heartbroken at Saravanan's death. Sengai uses this situation to spark a protest to close down the factory, but it has been secretly funded by Raj Prakash to instill sympathy in the minds of the locals. Vijay learns from Isai Vani that the deaths of Seenu and Saravanan were caused by MIC ingestion. While Saravanan had directly come into contact with the chemical, Seenu's prosthetic leg was made of polyurethane made in the same factory, which upon ignition...","",""
"593643","The Menu","2022","A young couple travels to a remote island to eat at an exclusive restaurant where the chef has prepared a lavish menu, with some shocking surprises.  [PLOT] Plot Wealthy foodie Tyler Ledford brings his date Margot Mills to Hawthorn, an exclusive restaurant on a private island operated by celebrity chef Julian Slowik. Their fellow guests are food critic Lillian Bloom and her editor Ted Feldman, wealthy regulars Richard and Anne Liebrandt, washed-up movie star George Diaz and his personal assistant Felicity Lynn, business partners Soren, Dave, and Bryce, who work for Slowik's angel investor Doug Verrick, and Slowik’s alcoholic mother, Linda. The group is given a tour by maître d'hôtel Elsa, who notes that Margot is not Tyler's original guest. Dinner begins, and Slowik introduces a series of increasingly unsettling courses. For the third course, uncomfortable truths about each guest are laser-etched on tortillas . Sous-chef Jeremy Louden kills himself at the start of the fourth course, and when Richard tries to leave, the staff cuts off his finger as a warning to the others. Unhappy with Verrick's interference, Slowik has him drowned in front of the guests. The fifth course commences with Slowik allowing himself to be stabbed by Katherine, an employee he sexually harassed. The female guests dine with Katherine while the male guests are given the chance to escape the island, with Slowik's staff catching them all; Ted, the last to be caught, is given a Passard egg dish as a reward. Slowik explains that the guests were invited because they have either caused him to lose his passion for his craft or exploited food artisans like himself, and states all will be dead by the night's end. Since Margot's presence was unplanned, Slowik privately gives her the choice of dying with the staff or the guests. When she hesitates, he chooses the staff. Margot admits she is an escort named Erin, whose clients included Richard, who hired her to roleplay as his daughter. Slowik reveals that Tyler was informed the guests would be killed, but was so desperate to experience the restaurant that he hired Margot to replace his ex-girlfriend because Hawthorn does not seat lone diners. Invited to cook by Slowik, Tyler hastily creates an unflattering dish that fails to live up to his pretensions. Slowik humiliates him and whispers in his ear, causing a deflated and defeated Tyler to leave the kitchen. Slowik sends Margot to the smokehouse to retrieve a barrel needed for dessert, but finds Tyler, who hanged himself out of embarrassment. Sneaking into Slowik's living quarters, Margot is attacked by a jealous Elsa, fearing Margot will replace...","",""
"594047","Norie","2019","Yuki lost his mother after a long illness, when he and his sister were still children. For loved ones, she is now only a distant voice, a foreign face on photos, a ghost who visits them in their dreams, an increasingly blurred memory. Munemitsu, his father, has done all he could to fill this unfathomable emptiness, even forgetting. But to no avail, given that Norie is still there, like a latent and sprawling presence, entwining the invisible bonds of the family. But who really was Norie?  [PLOT] Plot .mw-parser-output .ambox{border:1px solid #a2a9b1;border-left:10px solid #36c;background-color:#fbfbfb;box-sizing:border-box}.mw-parser-output .ambox+.mw-empty-elt+.ambox,.mw-parser-output .ambox+.mw-empty-elt+.mw-empty-elt+.ambox,.mw-parser-output .ambox+.mw-empty-elt+.mw-empty-elt+.mw-empty-elt+.ambox{margin-top:-1px}html body.mediawiki .mw-parser-output .ambox.mbox-small-left{margin:4px 1em 4px 0;overflow:hidden;width:238px;border-collapse:collapse;font-size:88%;line-height:1.25em}.mw-parser-output .ambox-speedy{border-left:10px solid #b32424;background-color:#fee7e6}.mw-parser-output .ambox-delete{border-left:10px solid #b32424}.mw-parser-output .ambox-content{border-left:10px solid #f28500}.mw-parser-output .ambox-style{border-left:10px solid #fc3}.mw-parser-output .ambox-move{border-left:10px solid #9932cc}.mw-parser-output .ambox-protection{border-left:10px solid #a2a9b1}.mw-parser-output .ambox .mbox-text{border:none;padding:0.25em 0.5em;width:100%}.mw-parser-output .ambox .mbox-image{border:none;padding:2px 0 2px 0.5em;text-align:center}.mw-parser-output .ambox .mbox-imageright{border:none;padding:2px 0.5em 2px 0;text-align:center}.mw-parser-output .ambox .mbox-empty-cell{border:none;padding:0;width:1px}.mw-parser-output .ambox .mbox-image-div{width:52px}@media(min-width:720px){.mw-parser-output .ambox{margin:0 10%}}@media print{body.ns-0 .mw-parser-output .ambox{display:none!important}} This article needs a plot summary . Please add one in your own words. ( July 2025 )","",""
"594075","The Guru","2019","In the south of Chile on the Chiloé Island, Carlos Ruiz works as an operator in an industrial cannery. He is one of the cogs that makes the machine turn, except when he is a machine himself, like when he delivers blows on the punching-ball. A machine that dreams of glory. Because in his other life, Carlos is little-by-little becoming “the Guru”, who ceaselessly trains in what little leisure time he has so that he can win his match.  [PLOT] Synopsis Raghuraman is the son of a local Hindu temple priest in an idyllic village. The people, Hindus and Muslims, live in harmony. When ambitious politicians goons, disguised as Muslims, cause trouble at the local temple, tensions break out between the two communities leading to widespread religious riots. Raghuraman, after his family is killed, joins a Hindu extremist gang to take revenge by attacking a group of Muslims who have taken refuge in a Guru's ashram. After infiltrating the ashram, he meets Vaidehi who suggests he meditate for a few moments. During meditation, he experiences an altered state of consciousness and perceives being transported into another world. In this new world, everyone is blind. They believe the sense of sight to be a lie and is considered as blasphemy to even talk about it. Children are taught from a very young age that sight does not exist. Raghuraman befriends Ramanagan, a man he saves from death. Raghuraman tries to tell them that there is a world of sight and that he can see, but they refuse to believe him and warn him that such talk will get him killed by the king and the elders. Living with the man, he learns of their daily life and culture. He notices that they have built a world where sight is not required for anything. He observes when a baby is born in the valley, the juice of a special fruit is given to the infant by the midwives immediately. Ramanagan informs Raghuraman this is the fruit of the sacred tree which was given to them by a goddess when the infants of the valley started to die upon being born. Intrigued by this, Raghuraman climbs the tree and eats the tasty and highly addictive fruit which is called Ilama pazham (Ilama fruit) by the valley people, the seeds of which are extremely poisonous, which is a common delicacy among them. After eating it, he turns blind and helpless. He is captured by the king's soldiers and is ordered to be executed by forcing him to eat the seeds of Ilama pazham, a very rare and cruel punishment. After the soldiers follow the orders, he is left to die and is surprised when he wakes up hours later having gotten his sight back. He uses his newfound knowledge to spread the truth about their blindness and the cure. He convinces Ramanagan and his family to trust him and eat the seeds and they too gain their eyesight. The news spreads like wildfire and more and more people begin to eat the seeds and follow Raghuraman. When the king and advisers learn of this, they arrest...","",""
"594149","Insula","2019","An anthropology student and her companion, a film student, want to direct a documentary about a community of hunter-gatherers in Argentina. The difference between the well-off young urbanites and the filmed subjects appears in the first shooting moments already: the sound recorder obsessed with the loss of his Swiss Army knife, incongruous yoga sessions in the middle of a miserable village, tedious explanations causing perplexity and quiet irony on the part of the Wichi, whose full collaboration is still required for this project that intends to ‘increase the visibility’ of a traditional way of life threatened by land disputes...","",""
"594151","Le pays","2019","Chady and David work on cargo ships on Lake Geneva. They are both foreigners in Switzerland. On the oscillating waters of the lake, the young men, who are haunted by the memories of their home countries, share secrets, memories and the same feeling of being uprooted. A strange intimacy forms between the two men.  [PLOT] Synopsis François, a small-time drug dealer, dreams of starting a new life as the official distributor of Mr. Freeze ice pops in the Maghreb region. However, he discovers that his mother Dany has lost all his savings gambling. An opportunity to acquire the needed capital arises when he is sent on a drug-buying mission to Spain by Poutine, the erratic kingpin of the city. But François's entourage gets involved, which soon disrupts everyone's plans.","",""
"594217","Ordinary Landscape","2019","“Four unaligned rows, 37 faces turned towards the camera lens. Autumn 1958, a family of Breton peasants in their Sunday best, gathered around the eldest. Smartly dressed for the photo. A modest living honestly earned by laborious work”. This is what the narrator proclaims at the beginning of the film, leading us to see things through his eyes. The photo, taken on the occasion of the golden wedding anniversary of the director’s grandparents, is the catalyst of Ordinary Landscape and the symbol of a way of life that is now gone.  [PLOT] Plot Kim Ki-taek and Chung-sook live in a semi-basement flat ( banjiha ) in Seoul with their daughter Ki-jung and son Ki-woo. As the family has financial struggles and low-income jobs, family friend Min-hyuk gives them a scholar's rock meant to promise wealth. Leaving to study abroad, he suggests that Ki-woo lie about his qualifications to take over Min-hyuk's job as an English tutor for Da-hye, the daughter of the wealthy but naïve Park family. Min-hyuk trusts Ki-woo because he likes Da-hye and wants to ask her out when he returns. After Ki-jung helps forge a certificate for him, Ki-woo, posing as a Yonsei University student named ""Kevin"", goes to the Parks' home, where he is hired by the mother Mrs Park by the end of his first lesson. The Kims' scheme is to secure jobs for each family member within the Park household while concealing their true identities. Ki-woo recommends ""Jessica,"" actually Ki-jung, as an art therapist for the Parks' young son, Da-song, who has been traumatised from having a seizure after seeing a ""ghost"" in their kitchen. Ki-jung then frames Yoon, the Parks' chauffeur, by making it appear as though he had a sexual encounter in the car, leading to Ki-taek being hired as his replacement. The Kims exploit the peach allergy of the Parks' longtime housekeeper, Moon-gwang, to convince Mrs Park that Moon-gwang has tuberculosis , and Chung-sook is hired as her replacement. Meanwhile, Ki-woo begins a secret romantic relationship with Da-hye. While the Parks are away on a camping trip, the Kims revel in the luxuries of the house when Moon-gwang suddenly appears at the door, claiming to have forgotten something in the basement. She goes through a hidden entrance to an underground bunker created by the house's architect and previous owner, who had kept its existence secret from the Parks. There, Moon-gwang's husband, Geun-sae, has been hiding from loan sharks and is revealed to be the ""ghost"" Da-song saw. Moon-gwang begs Chung-sook to allow Geun-sae to continue living there in exchange for regular payments, but the three other Kims, who are eavesdropping, accidentally reveal their true identities. Moon-gwang films them and threatens to expose their deception to the Parks. After the Parks call to inform the Kims that they are returning early due to a sudden severe rainstorm, the Kims quickly destroy all evidence of their ruse and subdue Moon-gwang and Geun-sae in the bunker, although Moon-gwang is injured during the struggle. The Kims manage to...","",""
"594347","The House","2019","The house referenced in the title is an old building, whose past splendour is recognisable despite the apparent lack of upkeep. This enormous house, in the middle of the forest, was a health cure site that Casanova and Voltaire apparently visited in their time. The spring was blocked and Nestlé, which was using it, closed the house.  [PLOT] Plot Emily and Randall arrive at Randall's parents' beach house in a remote vacation town. Upon their arrival, they are pleased to see that the town looks deserted. When they enter the house, Emily and Randall go upstairs and have sex and then have a small disagreement. They soon learn that another couple is already staying at the beach house—Mitch and Jane Turner, old friends of Randall's father. Jane is terminally ill, and Mitch hopes to give her one last happy vacation. Because the house has plenty of room, both couples decide to stay. They eat dinner together, and Randall eats a local oyster, while Emily refuses. Afterward, Randall suggests they all share some edible marijuana which he brought with him, to which Jane and Mitch agree. While high, Mitch notices the strange water texture, and they all see glowing microbes covering the beach and trees. Jane leaves to see it up close but starts coughing after a while and gets disoriented when a strong fog starts to form around the area. After breathing in the fog, Emily becomes disoriented as well and passes out. She awakens to a sick Jane throwing up and goes to sleep. When she wakes up the next day, she finds a catatonic Jane sitting in the kitchen, covered in skin lesions, and Mitch missing. Randall and Emily decide to go to the beach, which they are surprised to find is completely empty. After a while, Randall gets sick to his stomach and rushes back to the house. In the bathroom, he sees the water from the sink forming strange patterns; then, hearing Jane moan, he goes to help her. On the beach, Mitch suddenly appears. He muses that something about the area feels off, then tells Emily he is going for a swim; instead, he drowns himself. Panicked Emily steps on a washed up Portuguese man o' war . It stings her and Emily sees a worm-like creature crawling in an open wound. She manages to crawl up to the house and remove the worm. She finds a sickened Randall being pursued by Jane, who has milky white eyes and strange fluid leaking from her mouth. Managing to lock Jane in the house, Randall and Emily escape into the slowly thickening fog. By nightfall, the fog covers the area and Randall has become even sicker. Emily discovers a police car with a radio inside, and she manages to contact someone. The person on the other end asks if ""they have been exposed"" and tells them to barricade themselves and to not breathe in the fog. They break into a house for shelter. They find that the water is now a completely...","",""
"594767","Shazam! Fury of the Gods","2023","Billy Batson and his foster siblings, who transform into superheroes by saying ""Shazam!"", are forced to get back into action and fight the Daughters of Atlas, who they must stop from using a weapon that could destroy the world.  [PLOT] Plot Four years after Thaddeus Sivana 's defeat, [ a ] Hespera and Kalypso , daughters of the Titan Atlas , break into the Acropolis Museum in Athens to steal the Wizard 's broken staff. Taking it to the Wizard, imprisoned in the Gods' Realm, they force him to repair it and reactivate its powers. In Philadelphia , Billy Batson and his "" Shazamily "" are drifting apart as they grow up and pursue their interests. One day, they rescue a group of people when the Benjamin Franklin Bridge suffers damage, but they are criticized for not being able to prevent it from collapsing, in addition to other recent collateral damage, being nicknamed ""The Philly Fiascos"" by the public. [ 1 ] Billy is worried about being kicked out of the Vasquez family home when he turns eighteen. In a dream, the Wizard warns him about the Daughters of Atlas, prompting the Shazamily to research them. The Shazamily enter the Rock of Eternity , where they encounter the sentient pen Steve. It writes about the three daughters of Atlas, and they realize that Anthea, Atlas's youngest daughter, is none other than a girl named Anne. She is someone Freddy Freeman is going to meet. When Freddy meets Anne, he shows off his superhero self. Hespera and Kalypso arrive with the staff and steal his powers. Billy and the Shazamily try to save Freddy, but the daughters kidnap him, encasing the city within an indestructible dome and trapping everyone inside. He is subsequently imprisoned within the Wizard in the Gods' Realm. The Shazamily asks Steve to help draft a letter to negotiate with Hespera for Freddy's release. Billy meets her at a local restaurant and, although the meeting is initially cordial, she and Kalypso soon fight the Shazamily. Pedro loses his powers during the battle, while Hespera is captured and taken to the Rock. Having planned her capture, Hespera easily breaks out and steals the Golden Apple , the seed of the Tree of Life . Meanwhile, Freddy and the Wizard attempt to escape the Gods' Realm with the sympathetic Anthea's help, just as Hespera returns with the Apple. The Daughters argue as Hespera and Anthea want to use the Apple to revive their realm, while Kalypso wishes to plant it on Earth to destroy it. Freddy steals it but is soon discovered. Billy and the Shazamily show up, and Freddy reacquires his powers. Billy and the Shazamily emerge with the Wizard at the Vasquez home, where they reveal their secret identities to their foster parents. Kalypso appears with the dragon Ladon to...","",""
"595183","The Nap","2019","A girl wraps her grandmother in a spiral of fantasy, causing amnesia to her.  [PLOT] Plot Kalan Varkey is a butcher in a rural village in Kerala who meets with his assistant Antony before dawn each day to slaughter a buffalo and prepare its meat for sale in the market. One morning a buffalo slips its bindings, escaping into the hilly forest. Soon after a large haystack is set ablaze and the entire village wakes up to put out the fire. Hearing of the buffalo's escape, and believing that it was responsible, the men of the village begin an urgent hunt for the animal. As the day progresses the villagers repeatedly try and fail to corner and kill the buffalo. The crops at a rubber plantation are trampled, a drink vendor's cart is smashed, and the village's bank and convenience store are both destroyed. The villagers begin to turn on Varkey, blaming him for the destruction. Meanwhile, the police refuse to help as killing cattle is illegal. They merely warn people to stay inside until the buffalo is caught. The frustrated villagers seek the help of Kuttachan, a renowned local poacher . Antony is unhappy to see Kuttachan back in the village; in a flashback it is revealed that the two men previously rivals for the affections of Varkey's sister Sophie. Antony got Kuttachan arrested by informing the police that Kuttachan was stealing sandalwood from the local church. As Kuttachan prepares for the hunt by chopping up a metal bucket handle into pieces of buckshot, the villagers argue over which of them deserves to land the killing blow on the buffalo. Elsewhere in the village, the disruption—both from the buffalo's rampage and the hunt—spreads further, causing other personal and social issues to come to the surface. Law and order begins to break down, with some of the men setting off fireworks and committing random acts of vandalism. Kuriachan, a wealthy man who had been planning an elaborate feast of buffalo dishes for his daughter's wedding, ventures out to try and find some chicken instead. He is seized by a group of workers who strip him naked and bring him to the hunt as a good luck trophy. Kuriachan's daughter tries to elope with her boyfriend, but a neighbour catches and scolds her. After night falls, the buffalo is found at the bottom of a well. Antony takes credit, insisting that chasing it into the well had been his plan all along. Kuttachan wants to shoot it, but Antony demands that they bring it back to the surface first so that he and Varkey can still slaughter it and sell the meat. Varkey is indifferent, taking a nap as the others argue....","",""
"595413","The Sheriff","2019","Fernando is Kamëntsa, indigenous and autochthonous to the Sibundoy Valley, in the south of Colombia. He is over 40, but still lives in his grandmother’s house and often parties. He is popular and earns a living as a broadcaster on the local radio. His family does not approve of his behaviour since he does not seek to change his lifestyle, in which he finds pleasure. Fernando was recently elected Sheriff.  [PLOT] Plot .mw-parser-output .ambox{border:1px solid #a2a9b1;border-left:10px solid #36c;background-color:#fbfbfb;box-sizing:border-box}.mw-parser-output .ambox+.mw-empty-elt+.ambox,.mw-parser-output .ambox+.mw-empty-elt+.mw-empty-elt+.ambox,.mw-parser-output .ambox+.mw-empty-elt+.mw-empty-elt+.mw-empty-elt+.ambox{margin-top:-1px}html body.mediawiki .mw-parser-output .ambox.mbox-small-left{margin:4px 1em 4px 0;overflow:hidden;width:238px;border-collapse:collapse;font-size:88%;line-height:1.25em}.mw-parser-output .ambox-speedy{border-left:10px solid #b32424;background-color:#fee7e6}.mw-parser-output .ambox-delete{border-left:10px solid #b32424}.mw-parser-output .ambox-content{border-left:10px solid #f28500}.mw-parser-output .ambox-style{border-left:10px solid #fc3}.mw-parser-output .ambox-move{border-left:10px solid #9932cc}.mw-parser-output .ambox-protection{border-left:10px solid #a2a9b1}.mw-parser-output .ambox .mbox-text{border:none;padding:0.25em 0.5em;width:100%}.mw-parser-output .ambox .mbox-image{border:none;padding:2px 0 2px 0.5em;text-align:center}.mw-parser-output .ambox .mbox-imageright{border:none;padding:2px 0.5em 2px 0;text-align:center}.mw-parser-output .ambox .mbox-empty-cell{border:none;padding:0;width:1px}.mw-parser-output .ambox .mbox-image-div{width:52px}@media(min-width:720px){.mw-parser-output .ambox{margin:0 10%}}@media print{body.ns-0 .mw-parser-output .ambox{display:none!important}} This article's plot summary may be too long or excessively detailed . Please help improve it by removing unnecessary details and making it more concise. ( September 2025 ) ( Learn how and when to remove this message ) Young Rio Cutler kills his alcoholic and abusive father one night in an unsuccessful attempt to save his mother from being beaten to death. Grant Cutler, Rio's uncle, hears the gunshot and enters the house. Furious over his brother's murder, Grant attacks Rio, receiving a stab wound in the process. Both Rio and his sister Sara escape when Sara steals a horse before they take shelter in an abandoned shack; intending to meet their mother's friend in Santa Fe . When they wake, they are greeted by Billy the Kid and his gang. Rio shows a picture of his mother to Billy, who reveals that he too killed his father in defence of his mother. When one of the gang goes outside to check on the horses, he is shot by Sheriff Pat Garrett and the posse who have the gang trapped in the shack. A gunfight ensues, and Garrett's posse takes the gang prisoner. Sara...","",""
"595512","Hunters","2019","A man releases a huge balloon in the dark night… In the south of France, two men lead us on a strange treasure hunt through crisscrossing roads, armed with GPSes and maps. An observational and absurd road movie, where it is a matter of climbing up trees, celestial explosions and mysterious links between men separated by hundreds of kilometres.  [PLOT] Plot Dipankar Nair runs an elephant sanctuary, but things have turned bad as hunters are frequently killing elephants for their tusks. Dipankar's son Raj is a veterinarian in Mumbai , who arrives for the 10th anniversary of his mother's death and visits his childhood elephant playmates Bhola and Didi. Keshav is a hunter, who has an eye on huge tusks of Bhola which could fetch good money. Keshav kills Bhola for his tusks and also Dipankar when the latter tries to save him. The cops arrive at the funeral of Dipankar and falsely implicate him and Raj of being with the hunters. After being taken into the prison, Raj fights them all and frees himself after Didi pulls the window out with Shankara, Raj's childhood friend as her mahout with a reporter named Meera, who has arrived with Raj to write an article on the elephant sanctuary. Raj also reveals to them that the Inspector who framed him for being with hunters is a part of the group that supports elephant tusk smuggling. Raj's best friend Dev is also revealed to be with the hunters. Dev and Raj fight, after which the hunters arrive, where they injure Raj and kill Dev, who was in a bid to save Raj. The hunters also capture Shankara, while Meera captures all this in a video. Gajja Guru, who is Raj's teacher, nurses Raj with Meera. With a dead hunter's phone, Raj learns that the buyers are in Paradeep , where Shankara is also kept. Raj attacks the factory where he kills all the bodyguards and hunters and saves Shankara. Raj attacks Keshav and wounds him, where he goes to save the others. Using this as an opportunity, Keshav picks up his gun, but Gajja Guru and Didi arrive and kill Keshav. The buyers are captured by the police while Didi delivers a baby named Asha. Three months later, Didi's child Asha is also shown to Meera's millions of followers. When Raj receives a call from his office, he replies that it will be a while before he is back at work because ""Things have gotten a bit wild out here!""","",""
"595743","SAS: Red Notice","2021","An off-duty SAS soldier, Tom Buckingham, must thwart a terror attack on a train running through the Channel Tunnel. As the action escalates on the train, events transpire in the corridors of power that may make the difference as to whether Buckingham and the civilian passengers make it out of the tunnel alive.  [PLOT] Plot Black Swans is a family-owned private military company led by American citizens William Lewis and his adult children Grace and Oliver. SAS commander George Clements hires them to clear a remote village in Georgia for a transnational Britgaz gas pipeline. When the villagers resist, Black Swans massacre them. Their atrocities are secretly filmed, leading to red notices and accusations of crimes against humanity . The International Criminal Court demands that the UK government extradite the accused, who live in North London , to the Hague to stand trial. Prime Minister Atwood secretly orders Clements to kill rather than arrest William on the scene to cover up his involvement. William orders his children and the rest of the team to escape to the United States while he and some of his loyal men stall the SAS. SAS operator Tom Buckingham, who was involved in serving the red notice, takes his girlfriend, Dr Sophie Hart, on a train journey from London to Paris where he intends to propose to her. Sophie is unsure whether they understand each other properly, whereas Tom is unsure whether he truly loves her. The Black Swans remnants, led by Grace Lewis, hijack their train while it is en route to the English Channel, to blow the gas pipe network there as payback, taking all of the passengers on board hostage at gunpoint. Using his military skills, Tom escapes from the train and evades capture. When he attempts to rescue Sophie, she refuses to leave the other passengers, who may need medical assistance, and she asks him to save a young girl. Tom regularly updates his position and sends intelligence to Declan Smith, a member of the SAS Counter Terrorism Team and his friend. Declan, who has been bribed by the Black Swans, sends a rescue team into a trap. Grace asks for a $500 million ransom from Britgaz or else she will blow up the tunnel and reveal the secret Britgaz gas pipeline in the tunnel. After inviting Clements to negotiate, Grace has one of her team secretly record their conversation as insurance. Grace finds out via Declan that Tom's girlfriend is on the train and takes her hostage. Tom returns to the train, but he fails to rescue Sophie. Grace escapes with her through the gas pipeline, pursued by Tom. Grace's team uploads the video of Clements and tries to escape among the hostages, but SAS snipers kill them. Upon not finding Grace among the hostages, Clements realises that Declan is guilty. Once out of the pipe, Grace blows up the pipeline, and Tom...","",""
"595985","Cold Blood","2019","A legendary but retired hit man lives in peace and isolation in the barren North American wilderness. When he rescues a woman from a snowmobiling accident, he soon discovers that she's harboring a secret that forces him to return to his lethal ways.  [PLOT] Plot Henry, a professional assassin, retires to a cabin in the frozen forests near the Canadian border. He lives there in isolation and silence until coming across a crashed snowmobile and a seriously injured young woman, who gives her name as Melody. Henry fends off the wolves who attempt to attack her, and begins to treat her wounds, extracting several splinters and shards of woods with the limited means he has at his disposal. However, as the woman heals, he begins to grow suspicious of her lack of personal identity documents, cellphone, and investigates the area around the crash. He demands she leave his house as soon as possible, despite her lack of ability. Due to Henry's treatment and care of her, Melody begins to recover. Upon seeing Henry sitting outside, back to her, seemingly fishing, she reassembles a gun hidden in her backpack and shoots him in the head. Unbeknownst to her, she shot a straw mannequin. Henry detains her and interrogates her for details. She reveals her true name is Charlie, and she came here to kill Henry to avenge his assassination of her father. Charlie's father, a millionaire, had neglected her all her life, and she wishes only to make his memory proud. Henry reveals he already knew that and the second part of the contract he was hired under was to assassinate her as well. Henry frees her to go into the wild, but she returns to the cabin. A former bodyguard of her father shows up at the cabin to rescue Charlie. Henry kills him in a shootout. The next morning, tired of his life as an assassin, he calls the police on himself. Charlie hits Henry over the head; he shoots the wolf behind her and seems to be about to shoot her when he drops the cartridge from the gun. He is fatally shot by the police who showed up. Charlie is taken care of by the police. She returns to Henry's cottage to find he has left her his copy of The Art of War along with the phone number of the person who hired him to kill her.","",""
"596161","Let Him Go","2020","Following the loss of their son, a retired sheriff and his wife leave their Montana ranch to rescue their young grandson from the clutches of a dangerous family living off the grid in the Dakotas.  [PLOT] Plot In 1961 Montana , retired sheriff George Blackledge lives on a ranch with his wife Margaret, their son James, James's wife Lorna and infant son Jimmy. One afternoon, Margaret sees James's horse return without him. George finds James's body by a creek; he had fallen off his horse and broken his neck. In 1963, Lorna marries her new boyfriend, Donnie Weboy; she is not in love with him but needs his support with Jimmy. One afternoon, while out shopping, Margaret sees Lorna, Donnie and Jimmy getting ice cream. When Jimmy drops his, Donnie forcefully grabs Jimmy's arm. When Lorna steps in, Donnie strikes her. Margaret later goes to their house to check in on them, but a neighbor reveals that they have left town. Margaret packs her bags, planning to rescue Jimmy. George reluctantly joins her. George and Margaret speak to a sheriff who mentions a lead in Forsyth , a shop owner related to the Weboys. He tells them to look in Gladstone , North Dakota . George discovers that Margaret brought his revolver with them. Outside of Gladstone, they come across Peter Dragswolf, a young Native-American. He provides them with food and warmth for the evening, and suggests that they look for Bill Weboy, Donnie's uncle who is rude and cocky. The following morning, George and Margaret meet Bill. He speaks to Donnie's mother Blanche, who says that she wants to meet the Blackledges. At her house, she initially appears pleasant. However, when Lorna and Jimmy arrive, she starts to make rude comments toward the Blackledges and speaks sternly toward Lorna. The next day, George and Margaret visit Lorna at work. They plead with her to return home to Montana with Jimmy, but Lorna is worried what Donnie will do if she tries to leave. However, she is convinced to sneak out later while the Weboys are asleep. That night, Blanche, Donnie and Bill, along with Blanche's two other sons Marvin and Elton, break into the Blackledges' motel room. When Margaret tells Blanche that Donnie struck Lorna and Jimmy, she asks Donnie if it is true, then slaps him and then Margaret to ask how hard he hit Lorna. She then orders him to hit Margaret, which he does. When Bill tries to take advantage of Margaret, George grabs his gun and points it at them. The men overpower George, then Blanche orders Donnie to chop off George's fingers with a hatchet, which he does. When they leave, Margaret takes George to the hospital. An officer later tells them that he spoke to the Weboys, who insist George attacked...","",""
"597208","Nightmare Alley","2021","An ambitious carnival man with a talent for manipulating people with a few well-chosen words hooks up with a female psychologist who is even more dangerous than he is.  [PLOT] Plot In 1939, Stan Carlisle hides the corpse of his deceased father under the floorboards of a run-down house before setting the house ablaze. That evening, he walks into a traveling carnival and watches a geek show in which a deranged man eats a live chicken. Stan runs into the carnival's strongman, and is offered a temporary job for the night. He is subsequently convinced by carnival owner, Clem, to stay, and begins working with Madame Zeena, the carnival's clairvoyant act, and her alcoholic husband, Pete. Stan begins courting fellow performer, Molly, and asks her to leave the carnival with him, but she refuses. Madame Zeena and Pete teach Stan how to use the coded language and cold reading tricks in their act, while warning him against pretending to speak to the dead . Stan also learns that Clem hires troubled alcoholics to be his geeks, then gives them opium -laced alcohol so they stay. One night, Pete asks Stan for alcohol and is found dead the next day. Local law enforcement raid the carnival after learning about the geek show. Stan uses his cold reading skills to placate the local sheriff and manipulate him into showing leniency. Shortly thereafter, Molly agrees to leave the carnival with Stan. Two years later, Stan runs a successful psychic act for the wealthy elite of Buffalo . Molly performs as his assistant, but their relationship has deteriorated as Stan demands perfection from Molly. During a performance, psychologist Dr. Lilith Ritter interrupts and tries to expose their act. Stan bests and humiliates Ritter with his cold reading skills, then reads the man sitting with Ritter, Judge Kimball. After the show, Kimball asks Stan to help him and his wife communicate with their dead son. Stan agrees over Molly's objections. Stan meets with Ritter to purchase information on Kimball. Ritter agrees, but requests Stan sit for a psychotherapy session in lieu of payment. That night, Molly invites Madame Zeena and other performers to the hotel for an impromptu party. Madame Zeena warns Stan not to do Kimball's reading, claiming to have read his plans from tarot . Stan performs a successful reading for Kimball and his wife and is paid handsomely. He offers to split the fee with Ritter, but she declines, instead agreeing to hide the money from Molly. Stan informs Ritter that Kimball has offered to introduce him to Ezra Grindle, a very wealthy industrialist and her former patient. At Stan's request, Ritter reluctantly provides incomplete information about...","",""
"599083","Ottam","2019","Set in Trivandrum, the story of Ottam unfolds in a day, and progresses through the lives of two youngsters - Abhi and Vinay. What does destiny have in store for these young men?  [PLOT] Plot Set in Trivandrum, the story of Ottam unfolds in a day, and progresses through the lives of two youngsters - Abhi (Nandu Anand) and Vinay (Roshan Ullas). What does destiny have in store for these young men?","",""
"599139","12 Deep Red Nights","2015","1. 'Driver' Told by an attractive female customer that he'll receive a lot of money if he kills her, chauffeur In-sik decides to take her up on the offer... 2. '11:55 PM' Translator Young-ran, working overtime alone at his publication office, is about to call it a night-but at 11:55 PM, somebody buzzes.... 3. 'atmosFEAR' High-end audio equipment in hand, sound designer Kwanghyun heads to the park at night to record the ambiance. Through his headphones, however, he hears something entirely different. 4. 'The Secret Night' Young female employee Youngmin, given incentive to steal sensitive company information, sneaks into the office at night. Everything goes according to plan-but on her way out, she runs into fellow coworker Hayoon, who won't seem to let her leave. Slowly, their long-suppressed inner feelings start to come out...  [PLOT] Plot 18 years ago, Pushkaran and his son, Kunal, were forced to leave Kashmir by terrorists. They relocate to Mumbai , where Kunal grows up. Kunal's father later dies in a train accident, and relatives from Jammu contact Kunal after the funeral, informing him that his father had promised to look after a young woman named Renuka. He agrees to fulfill his father's promise. When Renuka arrives, she and Kunal fall in love and get married. They spend their honeymoon at a hotel, where they encounter Johnny, a womaniser. The newlyweds consummate their marriage and enjoy their honeymoon until a few nights later, when police storm in and arrest them. It is revealed that their intimate night was secretly recorded and uploaded onto a porn website . Kunal realizes that Johnny is responsible. Renuka is forced by the police to sign papers and testify against her husband. Kunal tells her the truth and begs her not to sign the papers. The feelings of guilt, embarrassment, and confusion prove too much for Renuka, who jumps off the ledge and dies by suicide in front of Kunal. He is sent to prison because he refuses to admit to the false charge. Eventually, he is able to prove himself innocent. Now free, he tracks down Johnny and discovers he is working for Simi Roy, a businesswoman who is secretly the porn website creator; she lives in Zürich , Switzerland. Kunal leaves for Zürich to take revenge against Johnny and Simi. In Zürich, he meets Ali, a modern-day emo who runs an adult shop. In Ali's shop, he sees a magazine featuring an adult actress he'd seen on the website where his and Renuka's video was featured. Kunal and Ali track the girl down in a bar, where she works as a prostitute . When Kunal finds a woman being held hostage there, he beats up the bodyguards but gets hit by Simi Roy. The next day, he overhears Simi arguing with her abusive daughter, Tanya, about her sexual activities with her girlfriend. He asks Simi about the porn website, but she lies to him. Kunal and Ali lure Johnny and his goons into a trap. During the fight, Ali is fatally stabbed by Johnny. Before dying, he manages to kill Johnny and his men, and reveals that Simi is indeed the mastermind; she also controls the red light district in Zürich. Kunal asks Tanya for help; in return, he will help her ruin Simi's reputation. Simi is devastated when she sees her own daughter on her porn website, and it gets all over the news. In the ensuing confrontation, Tanya kills Simi before Simi can kill Kunal....","",""
"600354","The Father","2020","A man refuses all assistance from his daughter as he ages and, as he tries to make sense of his changing circumstances, he begins to doubt his loved ones, his own mind and even the fabric of his reality.  [PLOT] Plot Anne visits her father Anthony in his flat after he has driven away the latest of several carers . He has dementia and constantly forgets important life events and where things are around his flat, including his watch. He tells Anne he believes his carer stole his watch and that he will never move out of his flat. She tells Anthony she is moving to Paris to be with a man, which confuses Anthony since he does not recall any men in her life since the end of her marriage to James. Anne says that if he keeps refusing to have a carer, she will have to move him into a nursing home. The next day, Anthony encounters an unknown man, Paul, in his flat. Paul says he is Anne's husband and that Anthony is living in their flat. Anne returns but appears to Anthony as a different woman. When a new carer, Laura, arrives for an interview, Anthony tells Laura he was a professional dancer and insists he does not need any assistance. Anthony later says Laura reminds him of his other daughter Lucy, whom he has not seen for a long time. Anthony is taken to a doctor and rejects the idea that he has memory problems. Later, he tells Laura how proud he is of Lucy, a painter. She tells him she is sorry about Lucy's accident, but Anthony is confused as he has no recollection of the accident. Over the course of the film, it becomes clear that Anthony has really been living with Anne for years, but believes he still lives in his own flat. After Anne comes home, she and her husband – who is sometimes called Paul and sometimes James, and appears as two different men – have an argument over a holiday that had to be cancelled because of Anthony's needs, and about Anne's sacrifices for her father. Paul asks Anthony how long he plans to stay in their flat and annoy everyone; this sequence of events is repeated later, and on the second occasion Paul slaps him. Anthony wakes up and walks out of the flat, finding himself in a hospital hallway. He remembers Lucy lying in a hospital bed with blood on her face. He then wakes up in a completely different bedroom, which is in a nursing home. His nurse arrives, having earlier appeared as both Anne and Laura, but now identifying herself as Catherine. She informs him that Anne lives in Paris and visits on occasional weekends. Another nurse named Bill also visits, identical to one of the men who earlier appeared to be Anne's husband. Anthony breaks down in tears over his inability to understand what is happening to him, as well as Anne's...","",""
"601666","I Care a Lot","2021","A court-appointed legal guardian defrauds her older clients and traps them under her care. But her latest mark comes with some unexpected baggage.  [PLOT] Plot In 2019, Sarah begins working as a care assistant at Bright Sky Homes, a care home in Liverpool . She is good at connecting with the residents, in particular a middle-aged man called Tony, who has early-onset Alzheimer's disease . Tony frequently walks out of the building and wanders the streets to try and go to his mother's house, forgetting that she has died and their home now belongs to another family. The work load is tough, but everyone's world is turned upside down when the COVID-19 pandemic hits the UK in March 2020. Like most other care homes across the country, Bright Sky suffers a COVID-19 outbreak amongst residents. This is made all the worse by a severe lack of personal protective equipment (PPE) with supplies in NHS hospitals being prioritised above homes. One night, when Sarah is left as the only carer on duty, Bright Sky resident Kenny suffers a serious coughing fit. Sarah calls the COVID-19 hotline, as well as NHS 111 , but no ambulances are available in the area. Angry and frightened, Sarah wakes up Tony, who is also Kenny's best friend. He manages to turn Kenny over, but he is still in a bad way. Later, Sarah finds out that Tony has been given new medicine by Steve, the head of the home. She confronts Steve, who tells her that Tony's GP had insisted upon the change. Enraged, Sarah takes Tony out of Bright Sky and takes him to a caravan owned by her family, where they stay for twelve days. Sarah is found by her dad Bob, who commends her actions by asking her if she needs any supplies. Whilst playing Shithead , Tony and Sarah are found by the police, who received a tip-off from some dog walkers who spotted them. Tony is returned to Bright Sky and Sarah is arrested. Sarah, in the back of a police car, breaks the fourth wall and warns the audience against turning a blind eye to the needs of others in society, from those in social care to those using food banks . The film ends with statistics about deaths in UK care homes at the beginning of the pandemic and the insufficient amount of PPE the government provided. [ 1 ] ^ .mw-parser-output cite.citation{font-style:inherit;word-wrap:break-word}.mw-parser-output .citation q{quotes:""\""""""\""""""'""""'""}.mw-parser-output .citation:target{background-color:rgba(0,127,255,0.133)}.mw-parser-output .id-lock-free.id-lock-free a{background:url(""//upload.wikimedia.org/wikipedia/commons/6/65/Lock-green.svg"")right 0.1em center/9px no-repeat}.mw-parser-output .id-lock-limited.id-lock-limited...","",""
"601796","Alienoid","2022","Gurus in the late Goryeo dynasty try to obtain a fabled, holy sword, and humans in 2022 hunt down an alien prisoner that is locked in a human's body. The two parties cross paths when a time-traveling portal opens up.  [PLOT] Plot After a short prologue, the plot moves to the modern day and then back to fantasy Goryeo, though scenes from the two time periods are interspersed. Prologue: 1380 A.D. In a prologue set in 1380 A.D., monk warriors attempt to defeat an alien and its human host but fail. Guard and Thunder, two humanoid robots, arrive from the future and successfully extract the alien from its host. Before dying, the former host asks Guard to take care of her baby, but he explains that they cannot interfere in human affairs. Guard and Thunder return to their home base in the modern day, but upon their return, Guard discovers that Thunder has smuggled the infant back with them. Timeline 1: 2012–2022 A.D. Guard raises the baby girl, Lee Ahn, without revealing his true identity (Thunder is disguised as their family SUV). Relying on her memories of Thunder talking to her when she was an infant, Lee Ahn becomes increasingly suspicious of Guard and discovers more and more of the truth about Guard, Thunder, and how she came to live with them. Lee Ahn finds her way to Jisan Hospital, the site of an incoming alien prisoner transport. Guard and Thunder explain the mechanics of alien imprisonment: when an alien prisoner is injected into a human host, it remains confined to its host's subconscious — the human loses their memories of the implantation and does not know they are a host. The alien's consciousness can be awakened under certain circumstances, such as breathing in haava (the atmosphere of their native planet) or being cut by Guard's knife-shaped power source. Aliens can only survive in Earth's atmosphere for five minutes, after which they must either return to their original host, or move to a new host (in which case they again lose consciousness). It is hinted that the host can become aware of the prisoner even without an external mechanism, as happened in the prologue. Shortly after the transport ship deposits its prisoners and departs, a prisoner-aligned alien ship arrives on Earth. Its pilot plans to awaken the Controller using Guard's power source, then release the concentrated haava on board the ship to transform Earth's atmosphere — this would simultaneously awaken all of Earth's alien prisoners and poison all of humanity. The pilot succeeds in awakening the Controller and releasing one sphere of haava, devastating several city blocks and awakening two other alien prisoners. Guard, Thunder, and Lee Ahn work together to kill the alien pilot and prevent the...","",""
"602063","Rurouni Kenshin: The Final","2021","In 1879, Kenshin and his allies face their strongest enemy yet: his former brother-in-law Enishi Yukishiro and his minions, who've vowed their revenge.  [PLOT] Plot The leader of the Shanghai mafia , Yukishiro Enishi , arrives in Tokyo to search for the former government assassin Himura Kenshin . He and his allies, who all have a grudge with Kenshin, begin their assault on the city. They first fire a cannon at the Akabeko restaurant, resulting in multiple casualties. Kenshin discovers a note with the written characters jinchū (人誅, lit. ""human judgment""). Enishi sends one of his allies to destroy the Maekawa Dojo, and another to the Chief of Police' home. Sagara Sanosuke heads to the Maekawa Dojo whilst Kenshin checks on the Chief and defeats Enishi's ally. On his way back, he is confronted by Enishi, who states that his goal is for Kenshin to suffer the pain he felt when Kenshin killed his sister, Yukishiro Tomoe . Kenshin reveals to Kamiya Kaoru , Sanosuke, Myōjin Yahiko and Takani Megumi that fifteen years ago when he worked for the Imperialists , he fell in love with Tomoe, who, unbeknownst to him, was a spy for the Shogunate . Her original intention was to kill Kenshin to avenge Akira Kiyosato, her late fiancé and the one who gave Kenshin his first scar before being killed by him. However, the two fell in love and got married. When the assassins whom she allied with tried to ambush Kenshin, Tomoe blocked them and was accidentally killed by Kenshin himself. Before her last breath, she was holding a knife as she caressed Kenshin's cheek, and gave him his second scar, resulting in cross-shaped scars on his cheek. Oniwabanshu members Shinomori Aoshi and Makimachi Misao arrive to assist Kenshin, bringing Tomoe's diary. Saitō and his troops are sent to a trap set by Sawagejō Chō , revealed to be working with the mafia. Enishi's troops begin bombing various areas of Tokyo. During the attacks, Shinomori is wounded while Kenshin defeats the man responsible for the Akabeko restaurant attack. Meanwhile, Enishi beats up Sanosuke and kidnaps Kaoru. However, he is unable to kill her, as she reminds him of his sister and his trauma. Kenshin prepares to face Enishi and redeem himself for Tomoe's death. As he struggles in his fight against the mafia, Misao and Saitō appear with the police to help him. In Enishi's mansion, Kenshin encounters Wu Heishin and his guards. His former enemy Seta Sōjirō appears, revealing that from Kenshin's words, he was able to move on from his past. He helps Kenshin, enabling him to move forward to find Enishi. The two battle until Kenshin lets Enishi stab him, apologizing to his broken rival....","",""
"602223","The Forever Purge","2021","All the rules are broken as a sect of lawless marauders decides that the annual Purge does not stop at daybreak and instead should never end as they chase a group of immigrants who they want to punish because of their harsh historical past.  [PLOT] Plot In 2048, eight years after Charlie Roan's presidential election , the New Founding Fathers of America (NFFA) party has been re-elected and have re-instituted the annual Purge with its original rules . White supremacists and nativism have surged nationwide following their re-election, and many outside the ruling party are concerned that the upcoming Purge will inflict more damage on the country than the NFFA realizes. Mexican couple Juan and Adela illegally cross the border into Texas to build a new life near Austin , with Juan working as a farmhand on the Tucker family ranch while Adela works in town. Ten months later, on the eve of the 2049 Purge, Juan and Adela join a migrant community behind a walled sanctuary with armed security to protect them. As the Purge begins, Adela witnesses a nationalist Purger group, who declare themselves to be the Purge Purification Force (PPF), intent on killing those people that they consider non-American. The migrant community survives the Purge with no incidents. Come morning, Juan and Adela return to their jobs, but both notice that many of their co-workers did not report to work. Adela is attacked by two self-proclaimed Forever Purgers, but she is rescued by her boss, Darius, before the police arrests both for killing their attackers. Juan and fellow migrant co-worker T.T. discover that the Tucker family has been taken hostage by their white farmhands, Forever Purgers, intending to take the ranch for themselves. Patriarch Caleb Tucker sacrifices himself and distracts the Purgers long enough for Juan and T.T. to rescue his son Dylan, Dylan's pregnant wife Cassie, and Dylan's sister Harper. As they drive off to search for Adela, the news confirms that civilians nationwide, connecting via social media, have declared a Forever Purge, opposing NFFA orders to stand down. The group rescues Adela and Darius from Purgers. Darius stays behind to search for his family while the others escape from a burning Austin. At a gas station, they hear news reports that, to protect non-Purger civilians, Canada and Mexico have opened their borders for the next six hours. Following that, the borders will close and entry will be denied. The group decides to escape across the Mexican border at El Paso . By the time the group arrives in a chaotic El Paso, the NFFA has invoked martial law across the United States to contain the violence. Fighting through El Paso, Adela and Cassie are split from the group by military forces. At the same...","",""
"602269","The Little Things","2021","Deputy Sheriff Joe ""Deke"" Deacon joins forces with Sgt. Jim Baxter to search for a serial killer who's terrorizing Los Angeles. As they track the culprit, Baxter is unaware that the investigation is dredging up echoes of Deke's past, uncovering disturbing secrets that could threaten more than his case.  [PLOT] Plot One night in 1990, a teenaged girl drives on a deserted highway, stalked by a motorist. After pulling into a gas station, she finds it closed. A terrifying pursuit on foot begins. She manages to catch the attention of a passing truck driver and escapes her stalker. Some time later in Bakersfield , Kern County Sheriff's Office Deputy Sheriff Joe ""Deke"" Deacon is sent to the Los Angeles County Sheriff's Department to collect evidence pertaining to a recent murder. A former LASD detective, Deacon accompanies newly appointed lead detective Jimmy Baxter to the scene of a new murder in L.A. Deacon notices similarities between the M.O. of the killing and the M.O. of an old serial murder case he was unable to solve. That night, a woman named Ronda Rathbun is followed by a car while jogging and is reported missing the following morning. Baxter learns from Captain Farris that Deacon had gotten divorced and suffered a heart attack due to his obsession with the unsolved case. So, he is advised not to involve him any further, but Deacon takes vacation leave from his station to assist in solving Baxter's case. The next night, the police discover the body of another victim washed up beneath a bridge. Baxter learns the M.O. is consistent with the earlier murder and others: the victims were all prostitutes who were stabbed to death. Deacon begins investigating Albert Sparma, a suspect working at a repair shop in proximity to the murders. He tails him but is thwarted, so he takes him in for questioning. While under interrogation, Sparma taunts the detectives and is released after provoking Deacon into an angry outburst. The young woman pursued in the desert is interviewed but has seen Sparma in handcuffs at the police station, which compromises her eligibility as an objective witness to identify him as a suspect. The FBI will take charge of the investigation within the week, giving Deacon and Baxter less time to resolve it. Farris informs Baxter that eight years prior, Sparma confessed to a murder which he could not possibly have committed and is thus an unlikely suspect. Baxter and Deacon nonetheless continue investigating. Sparma's fingerprint is similar to the killer's but not a definitive match. Their next move is an illegal search at Sparma's apartment. With Baxter standing guard outside, Deacon unsuccessfully searches the apartment for incriminating evidence, only finding newspaper clippings related to the cases. Suddenly Sparma's police scanner goes off and...","",""
"602287","Market Raja MBBS","2019","An arrogant don is possessed by the ghost of a medical college student and turns meek. Now, his accomplices have hide this fact from the outside world and ensure the return of the actual don.","",""
