"tmdb_id","title","release_year","synopsis","themes","tones"
"428707","Kuroko's Basketball the Movie: Last Game","2017","Kuroko reunites with the ""Generation of Miracles"" when former rivals are humiliated in an exhibition game against a notorious street basketball team.","",""
"428777","Paraguay Remembered","2017","Veteran French doc director Dominique Dubosc revisits the South American country where he taught ethnology, made his first films and got a taste of life under a military dictatorship.  [PLOT] Plot On the Amazon River , a poacher hides from an unknown creature in his boat. When it breaks through the boat and corners him, he commits suicide with his Colt Police Positive revolver . A film crew is searching for the Shirishamas, a long-lost indigenous Amazonian tribe . The group consists of director Terri Flores, cameraman and childhood friend Danny Rich, production manager Denise Kalberg, Denise's boyfriend and sound engineer Gary Dixon, narrator Warren Westridge, anthropologist Professor Steven Cale, and boat skipper Mateo. The group encounters stranded Paraguayan snake hunter Paul Serone, who claims he can help find the Shirishamas. Most of the crew are uncomfortable around Serone, and Cale clashes with him several times about Shirishama lore. Eventually, Cale is stung by a wasp , and an allergic reaction swells up his throat and leaves him unconscious. Serone performs an emergency cricothyrotomy , saving Cale's life. Soon after, with Gary's help, Serone takes over the boat, revealing his true goal: finding and capturing a giant green anaconda he had been tracking. Danny, Mateo, and Serone search the wreckage of the poacher's boat. An old newspaper photograph reveals that Mateo, Serone, and the poacher hunted together, including snakes. Leaving the poacher's ship, Mateo falls into the water, where the giant male anaconda, measuring 25 ft (7.6 m), ambushes and kills him, while the other two return to their boat, unaware of Mateo's fate. Serone manipulates Gary into helping him ensnare the creature, enticing him with the promise of a $1 million prize. That night, he uses a dead monkey as bait to catch the creature, which proceeds to emerge and attack the crew. He attempts to capture the snake, but it coils around Gary, crushing him. Terri tries to shoot the anaconda, but Serone intervenes, allowing the creature to devour Gary, devastating Denise. The crew overpowers Serone and ties him up as punishment. The next day, the boat becomes jammed near a waterfall . Terri, Danny, and Westridge enter the water to winch it loose. Denise attempts to kill Serone to avenge Gary's death, but he overpowers and strangles her with his legs, then dumps her corpse into the river . When the creature returns, Westridge distracts it for Terri and Danny to retreat. Serone breaks free during the attack and assaults Danny. The snake mounts a tree branch and attacks Westridge, unintentionally uprooting the tree, which kills Westridge in the subsequent fall. The snake...","",""
"428798","Moonam Naal Njayarazhcha","2016","The film takes a deeper look at the social status of people who are forcefully converted to a different religious belief, and how they are looked down upon.","",""
"429200","Good Time","2017","After a botched bank robbery lands his younger brother in prison, Connie Nikas embarks on a twisted odyssey through New York City's underworld to get his brother Nick out of jail.  [PLOT] Plot Wade Wilson comes across an old man being mugged in an alley, and races to change into his Deadpool costume before he helps the man. As Wilson struggles to get dressed in a nearby phone booth, the man is shot. Wilson emerges, now as Deadpool, only to find the man dead and the mugger long gone.","",""
"429245","Even Though I Don't Like It","2016","Mixed-up model and bar hostess Kotoko sleeps with her coworker Genki, but can't seem to let herself sleep with the guy she really likes.  [PLOT] Plot In 1929, in New York City , Maxwell Perkins is a successful editor at Scribner's and discoverer of great authors such as F. Scott Fitzgerald and Ernest Hemingway . He lives in a ""cottage""—actually, a mansion—just outside the city with his wife and five daughters. One day, in his office, he reads the drafts of O Lost , a novel by Thomas Wolfe . Struck by the content, Perkins decides to publish it and begins to collaborate with the author. It is eventually published as Look Homeward, Angel and proves to be a commercial success: 15 thousand copies sold in a month. Perkins and Wolfe become best friends, while Wolfe's relationship with Aline Bernstein , a married woman 20 years his senior, is severely tested after the novel's publication. Max manages to publish Wolfe's successful second novel, Of Time and the River , after several years of exhausting revision. Wolfe is in Paris where he follows the events remotely, thanks to news received from Perkins. On his return to New York, he immediately goes to work, writing his new book. His turbulent character leads him to quarrel with Perkins, destroying the relationship between them, resulting in Wolfe turning to another editor. Aline finally leaves Wolfe, because she feels he needs to experience how to be truly alone. After Perkins has reconciled himself with Wolfe's absence, a phone call comes from Wolfe's mother: he has contracted miliary tuberculosis . Despite surgery, Wolfe shows no signs of improving. After a few weeks he dies but before dying he writes a letter to Max, expressing his immense affection for him.","",""
"429351","12 Strong","2018","A team of special forces head into Afghanistan in the aftermath of the September 11th attacks in an attempt to dismantle the Taliban.  [PLOT] Synopsis After taking hostages in a Stockholm bank, ex-con Lars Nystrom demands the release of his old partner in crime from prison. As the situation escalates, Lars starts to let down his guard as he develops an uneasy bond with one of the female employees.","",""
"429459","Questioning","2015","In this dog world, a hard-to-crack police officer tries to uncover a truth about Biscroc's theft.  [PLOT] Plot On Father's Day weekend, architect Evan Webber remains home to complete his work project and attend his physical therapy appointment for his injured shoulder while his wife and children go on a pre-planned vacation. His wife Karen, a successful artist, leaves her assistant Louis in charge of her sculpture that needs to be moved to an art gallery for her show. Two young women, Genesis and Bel, knock on Evan's door during a rainstorm. Soaking wet, they tell him they are looking for the address of a party but their phones are not working. Evan allows them in to dry off and use the Internet. The girls play with the family dog, Monkey, and flirt with Evan while he orders an Uber for them. As the evening wears on, Genesis and Bel repeatedly push his boundaries, questioning him about fidelity and human nature, getting Evan to dodge them a few times, including when Bel tries to kiss him. The girls disappear to the bathroom when their driver arrives; when Evan brings them their clothes, he finds them naked. He rejects them yet again, trying to convince them to leave, refusing their advances, but they ignore him, seduce him and he has a threesome with them. The next morning, Evan finds himself stuck with the girls. Both of them act erratic, messy and destructive, and it is apparent that they have no intention of actually leaving the house anymore. Eventually they vandalize Karen's sculpture after Evan tries to force them out, and he threatens to call the police, but they claim they are underage, threatening in turn to have him charged with statutory rape. Vivian, his physical therapist, arrives, but upon meeting Genesis who pretends to be Evan's lover, she angrily leaves. As they continue taunting him and almost push him to his breaking point, Evan finally calls the police and begins to report a break-in. Disconnecting the call, the girls agree to be taken home. At night, after finishing cleaning the house, Evan is attacked and knocked out by Genesis. He wakes up tied to his bed, and after Bel torments him and both of them threaten to answer one of Karen's facetimes if he doesn't comply, Bel proceeds to climb onto him and rapes him, while Genesis records them with Evan's phone. Evan breaks free and charges at Genesis, but she stabs him right into his operated shoulder with a fork. She and Bel tie Evan to a chair with an electrical cord, torturing him into answering their provoking questions about his infidelity. Louis arrives for the sculpture and discovers...","",""
"429469","Old Home","2016","Encounters, re-encounters and mismatches. Joaquim is moved by a single feeling: nostalgia.  [PLOT] Plot Sara Diaz is a single mother living in New York City with her two kids, 11-year-old David and 8-year-old Tia. One night, she comes home from work to find David in a neighbor's house, where his friends drink and smoke marijuana ; after she angrily crashes the party and brings him home, they fight and he accidentally falls over a glass coffee table, injuring his forehead . She quickly bandages him and they make peace before tucking him in. On the next day, David's teacher notices his bruise and sends him to the school infirmary, which prompts the principal to summon ACS agent Luis Sanjuro, who questions Tia about the events of the previous night and takes both children to institutional care . Upon learning of this, Sara goes to their school and is advised by the principal to go to the juvenile court to get them back. Her case is assigned to Martha Schulman, a Black judge suffering from empty nest syndrome after her son Elliot goes to college, and Sara learns she'll be represented by Alexandra 'Ally' Fisher, a top-of-the-class but inexperienced young attorney appointed to her pro bono . In the first hearing, due to a highly-publicized error that led to the death of a 5-year old girl , the ACS is reluctant to recommend Tia and David's return home as counselor Keith Denholz requests for Sara to undergo a drug test, with which she complies; however, the case is further complicated during a second hearing when the results are positive for marijuana and PCP and Sara loses her temper at the courtroom, prompting Martha to send the children to a temporary foster care and suggest her anger management therapy. This, along with Ally's apparent hesitance to litigate, deeply frustrates Sara. Upon discovering her husband Jason is having an affair with the Caucasian wife of a very close friend of hers, Martha cuts his clothes with scissors, confronts him and angrily kicks him out of their house. After a third hearing - in which the ACS disputes Sara's former claim that Shawn Monroe, Tia and David's father, is dead and both Martha and Sara lash out at each other - Sara kidnaps her children from care and runs away, but eventually calls Ally for help: they share their life experiences and slowly begin to repair their initially taut relationship. This encourages Ally to confront her grandmother about a molestation suffered at the hands of her uncle Frank when she was little, a claim repeatedly downplayed by the latter ""for the sake of the family"". Upon learning Shawn -...","",""
"429474","Waiting for Cecilia","2016","It's morning. Lisandra drinks coffee, Roberto reads the newspaper. The two old friends have issues to solve before Cecilia arrives.  [PLOT] Plot In the sleepy suburb of Grosse Pointe, Michigan , a group of neighborhood boys—now grown men—reflect upon their memories of the five Lisbon sisters, ages 13 to 17, in 1975. Unattainable due to their overprotective Catholic parents, math teacher Ronald Lisbon and his homemaker wife Sara, the girls—Therese, Mary, Bonnie, Lux, and Cecilia—are enigmas who fill the boys' conversations and dreams. During the summer, the youngest sister, Cecilia, slits her wrist in a bathtub, but survives. Her therapist, Dr. Horniker, suggests to her parents that her suicide attempt was a cry for help, and she would benefit from wider interaction with her peers, particularly boys. Despite that, Mrs. Lisbon is unwilling to allow her daughters a normal social life. Mr. Lisbon persuades her to allow a chaperoned party to make Cecilia feel better. However, after other boys make fun of Joe, a teenager with Down syndrome, Cecilia excuses herself and takes her own life by leaping from her second-story bedroom window, impaling herself on a spiked iron fencepost below despite her young age (born 19th of october 1961) Afterwards, the Lisbon parents watch over their remaining daughters even more closely. This further isolates the family and heightens the air of mystery surrounding the girls, particularly to the neighborhood boys. At the beginning of the school year, Lux, the most rebellious sister, enters into a secret, short-lived romance with Trip Fontaine, the school heartthrob. In hopes of becoming closer to her, he comes over to the Lisbons' and watches television with the family. Trip persuades Mr. Lisbon to let him take Lux to the homecoming dance by promising to provide dates for Therese, Mary and Bonnie, and going as a group, to which their parents agree, with Mr. Lisbon chaperoning the dance. After being voted homecoming king and queen, Trip persuades Lux to ditch their group and take a walk on the football field, where they have sex. Afterwards, she falls asleep and he abandons her. At dawn, Lux wakes up alone and takes a taxi home, where she is met by her distraught parents. Due to Lux breaking curfew, the girls are all punished, taken out of school and confined to the family home. By using flashlight signals and playing records over the telephone, they share their feelings with the group of neighborhood boys. Lux rebels and becomes promiscuous, having anonymous sexual encounters on her house's roof late at night with a succession of boys and men; the boys spy on her from...","",""
"429617","Spider-Man: Far From Home","2019","Peter Parker and his friends go on a summer trip to Europe. However, they will hardly be able to rest - Peter will have to agree to help Nick Fury uncover the mystery of creatures that cause natural disasters and destruction throughout the continent.  [PLOT] Plot In Ixtenco , Mexico, Nick Fury and Maria Hill investigate an unnatural storm and encounter the Earth Elemental . Quentin Beck , a super-powered individual, arrives and defeats the creature. Fury and Hill subsequently recruit him. In New York City, the Midtown School of Science and Technology completes its year, which was restarted to accommodate the students who disintegrated five years earlier due to Thanos 's actions; they had reappeared un-aged , thanks to the actions of the Avengers . [ a ] The school organizes a two-week summer field trip to Europe, where Peter Parker —who is still mourning the death of his mentor Tony Stark —plans to reveal to classmate MJ his attraction to her. Happy Hogan informs Peter that Fury intends to contact him, but Peter ignores Fury's phone call. Peter and his classmates travel to Venice , Italy, where the Water Elemental attacks. While Peter helps protect his classmates, Beck arrives and defeats the creature. Fury meets with Peter and gives him Stark's eyeglasses . The glasses enable him to communicate with and take command of the artificial intelligence E.D.I.T.H. , which has access to Stark Industries ' databases and commands a large orbital weapons supply . Beck claims to have entered from an alternate reality within the multiverse , where the four Elementals killed his family and destroyed his civilization. With only the Fire Elemental left to destroy, Beck predicts it will attack Prague , Czech Republic. Peter declines Fury's invitation to join the fight and returns to his class trip, but Fury secretly changes the class's itinerary to divert the students to Prague. Peter is forced to help Beck fight the Fire Elemental to again protect his friends. Beck manages to destroy the creature with Peter's help. Fury and Hill invite Peter and Beck to Berlin , Germany to discuss forming a new superhero team, but Peter decides that Beck should go alone and transfers control of E.D.I.T.H. to him. Once Peter leaves, Beck celebrates alongside ex-Stark Industries employees, with whom he had been working to masquerade as a superhero. Beck, who was fired from his position as Stark's holographic-illusions specialist due to his unstable nature, uses advanced projectors to simulate his powers and the Elementals. He plans to use E.D.I.T.H.'s orbital weaponized drones to increase the scale of his illusions and fraudulently establish himself as an Avenger-level hero. After MJ tells Peter she knows he is Spider-Man, they discover that...","",""
"430121","Selfie Raja","2016","Selfie Raja is a carefree young man who marries the daughter of a police commissioner. However, things take a humorous turn after a criminal creates problems in his marital life.","",""
"430259","Fukri","2017","An engineering dropout who traps himself in one trouble or the other, meets a wonderful woman and her cousin who changes his life.","",""
"430384","My Wife's Sister","2016","Ji-seon is living with her sister and her husband after a divorce. Her sister Ji-yeong leaves for a work trip and Ji-seon is at home all alone with her brother-in-law. The two can't hide their sexual passion and they cross the line. Every time Ji-yeong leaves, the two enjoy risky sex...","",""
"430424","See You Up There","2017","In November 1918, a few days before the Armistice, when Lieutenant Pradelle orders a senseless attack, he causes a useless disaster; but his outrageous act also binds the lives of two soldiers who have nothing more in common than the battlefield: Édouard saves Albert, although at a high cost. They become companions in misfortune who will attempt to survive in a changing world. Pradelle, in his own way, does the same.  [PLOT] Plot In November 1918, a few days before the Armistice, Edouard Péricourt saves Albert Maillard's life. The two men have nothing in common but the war. Lieutenant Pradelle, by ordering a senseless assault, destroys their lives while binding them as companions in misfortune. On the ruins of the carnage of WWI, condemned to live, the two attempt to survive. Thus, as Pradelle is about to make a fortune with the war victims' corpses, Albert and Edouard mount a monumental scam with the bereaved families' commemoration and with a nation's hero worship. [ 1 ] ^ .mw-parser-output cite.citation{font-style:inherit;word-wrap:break-word}.mw-parser-output .citation q{quotes:""\""""""\""""""'""""'""}.mw-parser-output .citation:target{background-color:rgba(0,127,255,0.133)}.mw-parser-output .id-lock-free.id-lock-free a{background:url(""//upload.wikimedia.org/wikipedia/commons/6/65/Lock-green.svg"")right 0.1em center/9px no-repeat}.mw-parser-output .id-lock-limited.id-lock-limited a,.mw-parser-output .id-lock-registration.id-lock-registration a{background:url(""//upload.wikimedia.org/wikipedia/commons/d/d6/Lock-gray-alt-2.svg"")right 0.1em center/9px no-repeat}.mw-parser-output .id-lock-subscription.id-lock-subscription a{background:url(""//upload.wikimedia.org/wikipedia/commons/a/aa/Lock-red-alt-2.svg"")right 0.1em center/9px no-repeat}.mw-parser-output .cs1-ws-icon a{background:url(""//upload.wikimedia.org/wikipedia/commons/4/4c/Wikisource-logo.svg"")right 0.1em center/12px no-repeat}body:not(.skin-timeless):not(.skin-minerva) .mw-parser-output .id-lock-free a,body:not(.skin-timeless):not(.skin-minerva) .mw-parser-output .id-lock-limited a,body:not(.skin-timeless):not(.skin-minerva) .mw-parser-output .id-lock-registration a,body:not(.skin-timeless):not(.skin-minerva) .mw-parser-output .id-lock-subscription a,body:not(.skin-timeless):not(.skin-minerva) .mw-parser-output .cs1-ws-icon a{background-size:contain;padding:0 1em 0 0}.mw-parser-output .cs1-code{color:inherit;background:inherit;border:none;padding:inherit}.mw-parser-output .cs1-hidden-error{display:none;color:var(--color-error,#bf3c2c)}.mw-parser-output .cs1-visible-error{color:var(--color-error,#bf3c2c)}.mw-parser-output .cs1-maint{display:none;color:#085;margin-left:0.3em}.mw-parser-output .cs1-kern-left{padding-left:0.2em}.mw-parser-output .cs1-kern-right{padding-right:0.2em}.mw-parser-output .citation .mw-selflink{font-weight:inherit}@media screen{.mw-parser-output .cs1-format{font-size:95%}html.skin-theme-clientpref-night...","",""
"430447","Mary and The Witch's Flower","2017","Mary Smith, a young girl who lives with her great-aunt in the countryside, follows a mysterious cat into the nearby forest where she finds a strange flower and an old broom, none of which is as ordinary as it seems.  [PLOT] Plot Mary Smith moves into the Shropshire [ 1 ] country estate of her Great Aunt Charlotte. The bored, friendless girl unsuccessfully tries making herself useful through chores. A local boy named Peter teases her for her clumsiness and wild red hair. Tib and Gib, Peter's cats, lead Mary to some mysterious glowing flowers. The gardener Zebedee identifies the flowers as ""fly-by-night""; legend has it that witches covet the flower for its magical power. The next day, Gib disappears. Tib leads Mary to a broomstick but she accidentally bursts a fly-by-night bulb on it. The bulb releases magical power, making the broomstick come to life and enabling Mary to ride it like a witch. The Little Broomstick whisks Mary away to a complex of buildings in the clouds, known as Endor College for witches. Headmistress Madam Mumblechook assumes Mary is a new pupil with Tib as her familiar , and takes her on a tour of the college. She introduces Mary to Doctor Dee, the college's renowned chemistry teacher. Mary finds herself able to perform advanced spells such as invisibility. Madam and Dee become convinced that Mary is a prodigy because of her performance as well as her red hair, which is a distinguishing feature among the best witches. Mary admits that her magical ability comes from fly-by-night, and that Tib belongs to Peter. Madam's attitude changes then but she lets Mary return home once Mary turns over Peter's address. That night, Madam sends a message to Mary, informing that she's kidnapped Peter, and demands that Mary bring the fly-by-night bulbs to her. She and Tib quickly fly back to Endor with the bulbs, but Madam and Dee imprison her in their transformation laboratory. Mary finds Peter locked in with her, and discovers that Dee has been experimenting on animals, including Gib, transforming them into fantastical creatures. From the spell book she took from Madam's office, Mary uses a spell to undo the transformations and unlock the lab. They try escaping on the Little Broomstick, but Peter is recaptured. The Little Broomstick takes Mary to an isolated cottage on a tiny island that seems to be alive. Inside the cottage, Mary finds notes on spells and a mirror that Charlotte uses to contact her. Through visions, Charlotte reveals that the cottage was her old home, and she used to be a red-haired pupil who excelled at Endor. One day, Charlotte found fly-by-night on the campus, leading Madam and Dee to obsessively use the flower to transform all humans into witches....","",""
"430474","Deep","2017","In 2100, when humanity has abandoned the earth, a colony of extravagant creatures still thrives in the deepest abyss of the ocean.  [PLOT] Plot In a post-apocalyptic future the planet was subjected to an ecological catastrophe, and as a result the Earth was flooded. At the same time, sea inhabitants also suffered a catastrophe. The Colossal squid Kraken managed to save several inhabitants and formed a safe place to live with them, which is a colony located in the deep sea of the Atlantic Ocean . Kraken's grandson, Deep, considers life to be boring, but shows an interest in objects made by humans . He also involves his friends: anglerfish Evo and shrimp Alice. Soon one of Deep's ""pranks"" accidentally endangers the inhabitants of his home and encloses them by stones. Deep learns from Kraken that only the white whale Nathan can help them, and tells his grandson the necessary landmarks to identify where Nathan can be found. Deep, Evo and Alice set out to find Nathan. After passing several landmarks, the friends get to the Titanic , where they find the vampire squid Norma. She makes them listen to her musical performance, and tells them that in order to find Nathan, they need to get to Broadway. The heroes leave the ship with difficulty, since Norma would not let them go. Along the way, Deep is attacked by the Moray eel Maura, but immediately after hearing from him that he has friends, she admits that she is lonely. Deep adds Maura to the team, despite the fact that Alice and Evo are against taking a predator that accidentally ate them on the first night. Having reached the Brooklyn Bridge , the friends find themselves surrounded by crabs , where their leader, the yeti crab Rico, challenges them to a dance battle. Alice's performance strikes Rico, and he falls in love with her. After that, the heroes pass the Brooklyn Bridge onto the streets of flooded New York City . They enter the radiation zone and overcome a number of zombie piranhas . The characters have a disagreement when it becomes apparent they are lost, and everyone accuses Deep of taking them on a dangerous journey. They meet the penguin Darcy and his assistants: the walrus Luigi and the dolphin Ralph. While Darcy and Luigi distract the main characters by watching the film about the project ""Ark-1"" and ""Ark-2"" (which are spacecraft that saved humans and ground animals respectively, by leaving the Earth and settling another planet), they discuss the plan to freeze them and leave the Earth on the ""Ark-3"" (which is for aquatic animals). When the heroes are placed in a trap, they finally met Nathan, who is chained, and immediately learn of...","",""
"431138","In a Cage","2016","It’s the story of an encounter: a caged bear who can’t sing meets a little bird who can’t fly but who can sing beautifully. Their friendship will be mutually beneficial and together they will overcome their disabilities.  [PLOT] Premise The film follows Gary Faulkner , an ex- construction contractor and unemployed handy man who believes that God has sent him to capture Osama bin Laden in Pakistan . The story is based on the real-life Faulkner , who traveled to Pakistan looking for bin Laden.","",""
"431565","ATM","2015","Antho, Thumba, Chetty, and Bombay live in a slum area. They make a living by resorting to petty thefts and crimes and most of their deeds ends up in trouble. Antho has a lover, Chetty is a bike kidnapper, Thumba is a drug seller, and Bombay considers himself to be a dhadha who frequently boasts about being a gang leader in the city of Mumbai in the past. Swathi played by Jackie Shroff, is a North Indian underworld don who ropes in, these four people to rob a bank. The rest of the film narrates build-up to the bank robbery and subsequent events associated with it.  [PLOT] Plot Vijay Salgaonkar is an orphan who dropped out of school at the fourth grade. He is now a businessman running a cable TV service in Goa , the Mirage Cable Company. He is married to Nandini and has two daughters: Anju, his adopted elder daughter and Anu, his youngest daughter. His only interest, apart from his family, is watching films. He has often helped people with ideas he learned from films. During a school camp, a nude video of Anju gets recorded by another student, Sameer ""Sam"" Deshmukh, who is the son of the Inspector-general of police Meera Deshmukh. Sam uses the video to blackmail Anju for sexual favors. That night, he turns up at her house and when Nandini arrives, she pleads with him to delete the video and leave Anju alone. He agrees on the condition that Nandini sleep with him. Anju while trying to knock the phone with the video out of Sam's hand, strikes his head accidentally with a rod, killing him. Anju and Nandini bury Sam's dead body in a compost pit, and this act is witnessed by Anu. The next morning, arriving home, Vijay is informed of the incident by Nandini and quickly devises a scheme to save his family from the police. He constructs an elaborate coverup for the murder and creates an airtight alibi for the family by taking a trip to Panaji for a religious sermon Nandini had previously requested to attend. However, he returns for the same trip a week later and reinforces their earlier visit - with just the dates changed so the witnesses will corroborate their presence on the day of the murder. He removes Sam's broken phone and disposes of his car in a lake, which is seen by Sub-inspector Laxmikant Gaitonde, who holds a grudge against Vijay. Meera, realizing that her son has gone missing, starts an investigation. She begins to suspect Vijay and his family and they are called in for questioning. Having predicted that this would happen, Vijay coaches his family on how to explain their alibis to the police. When questioned individually, the family stick to their alibis. Meera questions the owners of the establishments that Vijay had met during his trip. Their statements prove Vijay's alibi. A CCTV camera footage of Vijay being at a bank ATM in Panaji on Sunday, October 3, proves Vijay's alibi and as an evidence. Meera deduces that Vijay had gotten acquainted with the owners, and manipulated them into lying. Meera arrests the family and Gaitonde uses force to try to extract the truth out of them. Meera learns about the video that Sam...","",""
"431580","Abominable","2019","A group of misfits encounter a young Yeti named Everest, and they set off to reunite the magical creature with his family on the mountain of his namesake.  [PLOT] Plot A young Yeti escapes from a compound in Shanghai owned by wealthy businessman Mr. Burnish, who intends to use him to prove the existence of yetis to the world. Meanwhile, teenager Yi lives with her mother and Nai Nai (grandmother) in an apartment building. She leads a busy life, and neglects to spend time with her family and her friends, basketball fan Peng and his tech-savvy and popular older cousin Jin, who is on bad terms with Yi. Yi is a violinist, but has not played in front of others since her father's death, as he was a violinist (which is the priamry reason for her self-isolation). Instead, she goes to the rooftop of her home and plays a song her father taught her each night. One evening, Yi encounters the Yeti near her cubby house on the roof of her apartment building, and names him ""Everest"". While hiding him from Burnish Industries's helicopters, Yi gains his trust by feeding him baozi and treating his wounds. Yi learns that Everest wants to reunite with his family on Mount Everest , while Everest learns about Yi's desire to travel across China - something her father had always wanted. When Burnish Industries's private security forces close in on Everest's hiding place, Everest flees with Yi. Peng and Jin follow behind the duo. After narrowly escaping a Burnish helicopter at the Oriental Pearl Tower , Yi and Everest flee on a ship carrying red cola cans, followed by Peng and a reluctant Jin. Yi, Everest, and the boys reach a port in southern China and travel on a truck. After their crate falls off the truck, they end up in a forest. There, Everest awes the humans with his mystical powers of stimulating growth among blueberry plants. Meanwhile, Mr. Burnish and zoologist Dr. Zara continue the hunt for Everest. Following Everest and his human friends' trail, they catch up with them in the Sichuan region, where Everest uses his power to cause a dandelion to grow to a gigantic size. While Yi, Everest, and Peng manage to escape on the wind-blown seed head, Jin is left behind and captured by Burnish Industries's Goon Leader. Despite Zara's pretense of caring for animals, Jin learns that she is planning to hunt down Everest to sell him, and that the Goon Leader is working alongside her. He also learns that the seemingly cold-hearted Burnish has a soft spot for animals, including Zara's pet albino jerboa Duchess. He manages to escape the camp, and pursues the others on foot. Meanwhile, Yi, Everest, and Peng reach the Gobi Desert , where they...","",""
"431693","Spies in Disguise","2019","Super spy Lance Sterling and scientist Walter Beckett are almost exact opposites. Lance is smooth, suave and debonair. Walter is… not. But what Walter lacks in social skills he makes up for in smarts and invention, creating the awesome gadgets Lance uses on his epic missions. But when events take an unexpected turn, Walter and Lance suddenly have to rely on each other in a whole new way.  [PLOT] Plot Lance Sterling, a cocky secret agent of H.T.U.V. (Honor, Trust, Unity and Valor), is sent to recover an attack drone from Japanese arms dealer Katsu Kimura in Japan . As soon as the buyer, cybernetically enhanced terrorist Killian, arrives, Lance breaks in against the orders of H.T.U.V. director Joy Jenkins, defeats Kimura and his gang, and manages to escape with the briefcase containing the drone. Lance returns to the H.T.U.V. headquarters to confront Walter Beckett, a socially inept MIT graduate and outcast young scientist, for equipping nonlethal weapons into his suit. Walter tries to convince Sterling that there is a more peaceful way to save the world but Lance fires him before he can explain his latest invention: ""biodynamic concealment"". Lance discovers the briefcase to be empty and is confronted by Marcy Kappel, an internal affairs agent, who reveals footage of Lance – actually Killian in a holographic disguise – leaving with the drone, labeling him as a traitor. Lance escapes the H.T.U.V. and decides to track down Walter to help him disappear. Meanwhile, Killian breaks into the H.T.U.V. covert weapons facility. While searching Walter's home for his invention, Lance ingests the concoction and transforms into a pigeon by undergoing "" chromothripsis "". Before Walter and Lance can decide what to do next, Marcy and other H.T.U.V. agents chase the duo through the city, but the duo escape in Lance's spy car. The two track down Kimura at a resort in Playa del Carmen , Mexico. There, they learn of Killian's whereabouts in Venice, Italy before Marcy and the H.T.U.V. can capture them again. Arriving in Venice, Walter is confronted by the H.T.U.V., who are unaware of Lance's condition. Revealing that she knows about Wendy, Walter's mother who was a police officer who died on duty, Marcy tries to convince him to help turn Lance in, but Walter refuses. Suddenly, a drone distracts the H.T.U.V. and allows Walter and Lance to escape. The two discover the drone carrying the H.T.U.V. agent database, and Walter manages to retrieve it. However, Killian shows up, takes the database and prepares to kill Walter. With help from hundreds of pigeons in the surrounding area, they distract Killian and flee. Disguised as Lance once more, Killian escapes the H.T.U.V., shaking Marcy's suspicions of Lance upon her seeing him with a robot hand. Whilst underwater in a submarine, Walter reveals he planted a tracking device on Killian and locates him at the weapons facility....","",""
"432041","Fisionomia Belém","2015","Some white man talk about the city of Belém, Brazil.","",""
"432527","Padmaavat","2018","Rajputana, India, 13th century. The tyrannical usurper Alauddin Khilji, sultan of Delhi, becomes obsessed with Queen Padmavati, wife of King Ratan Singh of Mewar, and goes to great lengths to satisfy his greed for her.","",""
"433498","Papillon","2017","Henri “Papillon” Charrière, a safecracker from the Parisian underworld, is wrongfully convicted and sentenced to life imprisonment in the penal colony of French Guiana, where he forges a strong friendship with Louis Dega, a counterfeiter who needs his protection.  [PLOT] Plot Henri ""Papillon"" Charrière , a safecracker from the Parisian underworld, is framed for murder. Though he has an alibi from his lover, Nenette, Papillon is convicted and condemned to the notorious Devil's Island penal colony in French Guiana — a hellish prison from which nobody has escaped. On the ship to South America, Papillon meets Louis Dega , a quirky counterfeiter from Marseille. That evening Dega is awakened as two convicts murder a prisoner sleeping next to him in order to cut open his stomach and steal the money he had swallowed. Papillon forms an unlikely alliance with Dega, who is targeted by the other prisoners who suspect him of also hiding money. Papillon saves Dega's life and is punished for fighting by the guards. In exchange for Papillon's protection, Dega agrees to finance Papillon's escape, ultimately resulting in a bond of lasting friendship. When Papillon and Dega are ordered to carry away a guillotined body, a guard starts to whip Dega. Papillon strikes the guard with a rock and runs into the jungle for his first escape. He is given two years of silent solitary confinement. After the warden learns he has been receiving extra food, his rations are cut in half until he gives up the name of his supplier. Papillon does not betray Dega. The second escape plan is made from the prison infirmary, while Papillon is feigning insanity from his confinement. Dega does the warden's bookkeeping and has money to fund the escape. Celier has a connection to get a boat, and the sexually abused Maturette is the fourth to join the dangerous venture. Dega drugs the guards using pills meant to sedate a supposedly insane Papillon and the three others escape over the walls to the jungle, with Dega injuring his leg in the process, to reach a boat Dega paid for. As a storm approaches, it is clear they will not all survive in the small leaky boat. Celier wants to kill the injured Dega but Papillon defends Dega, who stabs and kills Celier as he fights with Papillon. After a treacherous storm destroys their boat, the three survivors find themselves being cared for in a Colombian convent. Their apparent freedom is short lived. The Colombian authorities arrive, kill Maturette, and return Papillon to Royal Island, where he is subjected to five years in solitary confinement . Dega is sent to Devil's Island . Papillon is released from solitary as a weathered older man and sent to Devil's Island, where the high cliffs provide a natural barrier for escape attempts....","",""
"433808","The Ritual","2017","A group of college friends reunite for a trip to the forest, but encounter a menacing presence in the woods that's stalking them.  [PLOT] Plot In a pub, five friends—Phil, Dom, Hutch, Luke, and Rob—discuss plans for a holiday. Rob suggests hiking in Sweden but gets rebuffed. Afterward, Luke and Rob leave to purchase alcohol but get involved in a robbery which soon turns violent. While Luke hides, the robbers harass and eventually kill Rob. Six months later, the remaining four start a hiking trip along Kungsleden in northern Sweden in memory of Rob. After Dom injures his knee, Hutch suggests cutting through the forest rather than following the marked trail. Luke is against it but Dom insists that if there's a shortcut, they should use it. Upon entering the forest, the group comes across a gutted and hanged moose , and Runic symbols carved in the trees. At night, a torrential rainstorm forces them to take shelter in an abandoned cabin. They find necklaces bearing similar symbols and an effigy of a decapitated human torso made of twigs, with antlers for hands. During the night, Luke has a nightmare about the robbery. The next morning, they awake to find Luke's chest bleeding from puncture wounds, Hutch screaming in terror and having wet himself, a catatonic Dom screaming for his wife Gayle, and a naked Phil praying to the effigy. Disturbed, the group tries to leave the woods through a side trail not shown on the map, despite Luke's protests. While discerning their location, Luke spots a large figure amongst the trees, but Dom doubts him. In their ensuing argument, Luke claims they wouldn't be in the forest if it weren't for Dom and Dom calls Luke a coward for letting Rob die. As they continue hiking, they find an abandoned tent overgrown in foliage, with a backpack and wallet that has a credit card that expired in 1984. Everyone but Hutch sees it as a bad sign, but Hutch says they must be close to the lodge and on a path that others use. Later that night, the group is awakened by Phil's screams. Hutch is missing and his tent has partially collapsed. The remaining three search for him, but by dawn, they realize they are lost. Eventually, they find a gutted Hutch impaled on tree branches and give him an impromptu burial. Around sunset, Phil is dragged away and killed by an unseen creature. Luke and Dom flee. They find a torch-lined path leading to a small settlement. Upon rushing into a cottage, they are knocked unconscious. Luke and Dom awake to find themselves restrained in a basement. An elderly woman inspects Luke's chest wounds, revealing she bears a similar marking. Two men drag Dom...","",""
"434291","12 Weeks","2015","In a public mall bathroom, Lilly, François, and their 6-year-old daughter bid farefell to an unborn family member.  [PLOT] Plot Childhood friends Reed Richards and Ben Grimm have worked together on a prototype teleporter for seven years, eventually attracting the attention of Professor Franklin Storm , director of the Baxter Foundation , a government-sponsored research institute for young prodigies. Reed is recruited to join them and aid Storm's children, scientist Sue Storm and her brother engineer Johnny Storm . While the board doubts the reliability of Storm's protégé Victor Von Doom , the originator of the ""Quantum Gate"", Victor goes with it because of the presence of Sue. The experiment is successful, and the facility's supervisor, Dr. Allen, plans to send a group from NASA to venture into a parallel dimension known as "" Planet Zero "". Disappointed at being denied the chance to join the expedition, Reed, Johnny and Victor along with Ben use the Quantum Gate to embark on an unsanctioned voyage to Planet Zero, which they learn is a world filled with otherworldly substances. Victor attempts to touch the green lava-like substance, causing the ground they are standing on to erupt. Reed, Johnny and Ben return to their shuttle just as Sue brings them back to Earth and Victor is seemingly killed after he falls into the collapsing landscape. The Quantum Gate explodes, altering Reed, Sue, Johnny and Ben on a genetic level and granting them superhuman abilities beyond their control: Reed can stretch like rubber , Sue can become invisible and generate force fields , Johnny can engulf his entire body in fire and fly, and Ben acquires a rock-like hide which gives him superhuman strength and durability. They are then placed in government custody to be studied and have their abilities tested. Blaming himself for the accident, Reed escapes from the facility and tries to find a cure for their changes. One year later in 2015, Reed is now a fugitive and has built a suit that helps him control his ability. Hiding in Central America , he is eventually found by the United States military with Sue's help and captured by Ben, who has become a military asset along with Johnny and Sue. Johnny and Sue have been outfitted with specialized suits designed to help them control their abilities. Reed is brought to Area 57, where Dr. Allen conscripts him into rebuilding the Quantum Gate in exchange for giving Reed the resources to find a cure. Arriving in Planet Zero, Dr. Allen's explorers find Victor, who has been fused to his spacesuit and now possesses telekinetic abilities, and bring him back to...","",""
"434355","Taxi 5","2018","A police officer who's transfered in the police of Marseille gets assigned to take down a group of Italian robbers who drive the powerfull Ferrari's with the older niece of Daniel, a terrible driver who gets the legendary white taxi.  [PLOT] Plot Sylvain Marot, inspector of the Paris police, is considered one of the best police officers in the French capital, who dreams of serving in the special forces. After it is found out that he slept with the Mayor's wife, he is transferred to the municipal police of Marseille, whose mayor is the former Commissaire Gibert. While chasing a taxi driver, he ends up drowning the patrol car and as a result enters into a skirmish with the city police. Gibert informs the team about a ""gang of Italians"", who use two powerful Ferrari for committing their crimes, and instructs Marot to arrest them. Due to the local police cars being under-powered, he realizes he won't be able to keep up with a Ferrari. Alain, a colleague of Marot, tells the newcomer about the legendary taxi of Marseille and about the adventures of Daniel and Emilien. But years have passed: the car is now in Morocco, Emilien has left the police, and Daniel lives in Miami. Sylvain and his team find Daniel's nephew, Eddie Makhlouf, who was the taxi driver he was chasing. Sylvain offers Eddie a deal; find his uncle's taxi, and he will be set free. Eddie makes a counter-offer, stating that he wishes to be the driver of the taxi when they find it. They find the car, but it turns out that the nephew does not have the talent of his uncle. The next day, they begin operation ""Mafia"", as named by Gibert. As the thieves are escaping, Gibert makes a mistake leading to a car pile-up, one of the victims of which is revealed to be the Minister he had met previously. Sylvain chases after the thieves, but is still unable to keep up with their cars. Realizing that the car needs more modifications, he ends up leaving the taxi with Eddie's sister, Samia. Sylvain is immediately smitten by her and tries to make a move but is turned down. He goes with Eddie to meet an ""Italian"" Rashid, who informs them about a place where the Italians train - an abandoned racing track. Sylvain and Eddie go there and win the race. One of the robbers, Tony Dog, a former driver for Formula 1 , offers Sylvain a job and invites him to a private party. The entire municipal police team is sent there. Eddie, disguised as a waiter, enters Dog's office and finds the plan for the next robbery - the theft of a diamond ""Cassiopeia"". He shows Sylvain the evidence, but when they hear someone coming, they try to hide in the room. Both overhear the robbers speaking to two corrupt city cops. Because of Eddie's stupidity, they get caught and Eddie ends up...","",""
"435053","A Done Deal","2016","Remy, a hitman for a small-time Montreal mobster, has to kill Fernand, an old associate who talks too much. The plan is simple: invite him for coffee, offer him a ride and shoot him in the alley. Easy! A done deal...  [PLOT] Plot James flees from a farmhouse and escapes into the woods. A screaming woman tries to follow, but is wounded by a gunshot. Lying on the ground, she is doused with gasoline and set on fire by Vincent and Simon. Deputy Sheriff Daniel Carter is on duty, sitting in his patrol car when he finds James crawling along the road and rushes him to the local hospital, which has been largely abandoned following a fire, where his estranged wife Allison Fraser works as a nurse. At the hospital are Dr. Richard Powell, nurse Beverly, intern Kim, pregnant patient Maggie, her grandfather Ben, and patient Cliff; with the staff at the hospital working as a skeleton crew. Daniel discovers an entranced Beverly murdering Cliff, her face flayed of skin. Beverly moves toward Daniel who shoots her dead. Daniel collapses due to a seizure and experiences a strange vision. State trooper Mitchell enters the hospital to collect James after discovering the bloody scene at the farmhouse. Daniel goes outside to call in Beverly's death from his patrol car but is tackled and stabbed by a robed cultist. He manages to return to the hospital as cultists surround the building. James, Daniel, and Mitchell find that Beverly's corpse has transformed into a tentacled creature. Vincent and Simon enter the lobby and hold the group at gunpoint, demanding to get to James. James takes Maggie hostage to protect himself and stabs Powell, who falls to the floor and dies. The Beverly-Creature appears and takes Mitchell, its tentacles penetrating his body. Vincent and Simon kill the Beverly-Creature and regroup with the others in the lobby, setting Mitchell's body on fire. Vincent and Simon accompany Daniel to retrieve a shotgun from a patrol car, while Allison ventures into the basement to collect medical supplies for delivering Maggie's baby. Powell, no longer dead, manages to capture Allison. Daniel and Vincent go to search for her and find photographs and files indicating Powell was the cult's leader. Powell phones Daniel from the in-house morgue, taunting him and mentioning the vision Daniel experienced while unconscious. Kim and Ben stay with Maggie while Daniel, Vincent, and Simon interrogate James. James explains that Powell has the power to transform people. The three men force James to come with them downstairs. Allison regains consciousness on an operating table where Powell explains he has found a way to defy death after the loss of his daughter Sarah. Having flayed off his face, Powell shows...","",""
"435239","Grands Travaux","2016","Grands travaux is situated at the Institute Anneessens-Funck, a Dutch-speaking vocational school in the centre of Brussels where young students have come to learn an occupation. The film documents and stages that which gives shape to their lives: the practical assignments and classes at school, football, the ups and downs of their love lives, as well as the ongoing search for housing and employment. Depicting the daily life within the school walls, Grands travaux also aims at sketching an image of Brussels today, placing its youngsters at the very centre.  [PLOT] Premise David, a Parisian photographer, finds his life irreversibly changed after an encounter with an entity that forces its victims to swap bodies following sexual intercourse.","",""
"435366","Fabricated City","2017","In real life, Kwon Yoo is unemployed, but in the virtual game world he is the best leader. Kwon Yoo is then framed for a murder. With the help of hacker Yeo-wool, he tries to uncover the truth behind the murder case.  [PLOT] Plot In October 1988, twelve-year-old Bill Denbrough makes a paper sailboat for his seven-year-old brother Georgie . Georgie sails the boat along rainy streets, only to have it fall down a storm drain. Attempting to retrieve it, Georgie sees a clown in the drain, who introduces himself as "" Pennywise the Dancing Clown "". Pennywise bites off Georgie's arm and drags him into the sewer. The following summer, Bill and his friends Richie Tozier , Eddie Kaspbrak , and Stanley Uris run afoul of older bullies Henry Bowers , Belch Huggins, Patrick Hockstetter , and Victor Criss. Bill calculates that his brother's body may have washed up in the marshy wasteland ""The Barrens"". He investigates with his friends, believing Georgie may still be alive. Bill's classmate Ben Hanscom learns that unexplained tragedies and child disappearances have plagued the town for centuries. Fleeing Bowers' posse, Ben meets Bill's group in the Barrens. They find the sneaker of missing girl Betty Ripsom, and Patrick is killed by drowned children while searching the sewers. Bill and Ben develop feelings for bullied girl Beverly Marsh . The group befriends orphan Mike Hanlon having rescued him from Bowers. Each member of the group has encountered terrifying manifestations of Pennywise: Ben is chased by a headless undead boy, Beverly is attacked by a sink spewing blood only children can see, Eddie is chased by a rotting leper , Stan witnesses a painting of a woman coming alive, Mike relives his parents burning alive, and a phantom of Georgie haunts Bill. Dubbing themselves ""The Losers Club"", they realize they are all being stalked by the same entity, which they call as ""It"". They determine that It appears as their individual worst fears, awakening from hibernation every 27 years to feed on the children of Derry , and that it travels via the sewer lines, which all lead to an old well under an abandoned house on Neibolt Street. Pennywise attacks them while they look through photos in Bill's garage. Beverly shows little fear of Pennywise. The group ventures to confront him, only to be separated and terrorized by their fears. As Pennywise gloats to Bill about Georgie, It charges at them, but Beverly stabs him in the head with a metal spike. Pennywise retreats after injuring Ben. The group flees with only Bill and Beverly fighting Pennywise. Weeks later, after Beverly confronts and incapacitates her sexually abusive father, Pennywise abducts her. The Losers Club returns to the abandoned house to...","",""
"435601","V.I.P.","2017","A son to a high-ranked official in North Korea commits a series of murders going across the countries around the world. The movie depicts the following events as South Korea, North Korea and Interpol start chasing down after him.  [PLOT] Plot The son of a high-ranking North Korean official, Kwang-il ( Lee Jong-suk ), is suspected of committing serial rapes and murders of women around the world. To stop the killer, South Korea, North Korea and Interpol chase after him. [ 1 ] ^ .mw-parser-output cite.citation{font-style:inherit;word-wrap:break-word}.mw-parser-output .citation q{quotes:""\""""""\""""""'""""'""}.mw-parser-output .citation:target{background-color:rgba(0,127,255,0.133)}.mw-parser-output .id-lock-free.id-lock-free a{background:url(""//upload.wikimedia.org/wikipedia/commons/6/65/Lock-green.svg"")right 0.1em center/9px no-repeat}.mw-parser-output .id-lock-limited.id-lock-limited a,.mw-parser-output .id-lock-registration.id-lock-registration a{background:url(""//upload.wikimedia.org/wikipedia/commons/d/d6/Lock-gray-alt-2.svg"")right 0.1em center/9px no-repeat}.mw-parser-output .id-lock-subscription.id-lock-subscription a{background:url(""//upload.wikimedia.org/wikipedia/commons/a/aa/Lock-red-alt-2.svg"")right 0.1em center/9px no-repeat}.mw-parser-output .cs1-ws-icon a{background:url(""//upload.wikimedia.org/wikipedia/commons/4/4c/Wikisource-logo.svg"")right 0.1em center/12px no-repeat}body:not(.skin-timeless):not(.skin-minerva) .mw-parser-output .id-lock-free a,body:not(.skin-timeless):not(.skin-minerva) .mw-parser-output .id-lock-limited a,body:not(.skin-timeless):not(.skin-minerva) .mw-parser-output .id-lock-registration a,body:not(.skin-timeless):not(.skin-minerva) .mw-parser-output .id-lock-subscription a,body:not(.skin-timeless):not(.skin-minerva) .mw-parser-output .cs1-ws-icon a{background-size:contain;padding:0 1em 0 0}.mw-parser-output .cs1-code{color:inherit;background:inherit;border:none;padding:inherit}.mw-parser-output .cs1-hidden-error{display:none;color:var(--color-error,#bf3c2c)}.mw-parser-output .cs1-visible-error{color:var(--color-error,#bf3c2c)}.mw-parser-output .cs1-maint{display:none;color:#085;margin-left:0.3em}.mw-parser-output .cs1-kern-left{padding-left:0.2em}.mw-parser-output .cs1-kern-right{padding-right:0.2em}.mw-parser-output .citation .mw-selflink{font-weight:inherit}@media screen{.mw-parser-output .cs1-format{font-size:95%}html.skin-theme-clientpref-night .mw-parser-output .cs1-maint{color:#18911f}}@media screen and (prefers-color-scheme:dark){html.skin-theme-clientpref-os .mw-parser-output .cs1-maint{color:#18911f}} ""이종석, 영화 'VIP' 출연 확정...악역 파격 변신 (공식)"" . Sports Chosun . 2016-08-19. Archived from the original on 2017-08-22 . Retrieved 2016-11-21 – via Naver.","",""
"436270","Black Adam","2022","Nearly 5,000 years after he was bestowed with the almighty powers of the Egyptian gods—and imprisoned just as quickly—Black Adam is freed from his earthly tomb, ready to unleash his unique form of justice on the modern world.  [PLOT] Plot Noa, a woman from Portland , is increasingly disillusioned with online dating and the crass men she encounters. A man calling himself Steve flirts with her at a supermarket and they exchange numbers. On their first date, the two form a bond. After several dates, Steve invites Noa for a weekend getaway to a surprise destination. Against the advice of her best friend Mollie, Noa agrees. Planning to travel early the following day, Noa spends the evening at Steve's luxury home, but he drugs her cocktail and she collapses. Noa awakens in captivity, chained to the floor. Steve explains that he is a butcher of human meat, which he both consumes and sells to wealthy gastronomic cannibals [ a ] for whom he regularly lures and abducts young women. He informs Noa that he will keep her alive as long as possible in order to keep her meat fresh as he intends to surgically remove pieces of her body over time. Noa speaks to a woman named Penny who is being held captive in an adjacent cell, who says that she has suffered multiple meat harvests and that another woman, Melissa, has gone insane. Noa attempts to escape when given an opportunity to shower and Steve harvests meat from her buttocks as punishment. Meanwhile, Mollie becomes concerned about Noa's disappearance and begins investigating with her friend Paul, a bartender who served Noa and Steve on their first date. After searching online, Mollie discovers Steve is actually named Brendan and is married to a woman named Ann with whom he has children. Mollie visits Ann and informs her of Brendan's apparent affair. Brendan arrives and denies any knowledge of Noa when questioned by Mollie. As she leaves, Mollie calls Noa's phone, which begins ringing in Brendan's pocket. Ann, realizing she's been exposed, knocks Mollie unconscious. In a shower scene, Ann is shown to have a prosthetic leg . Noa learns from Penny that she is the only prisoner who had sex with Brendan. She makes herself more alluring and pretends to be curious about the taste of human meat. Brendan invites her to share a gourmet dish of human meat with him, which Noa pretends to enjoy but secretly vomits up. Meanwhile, Brendan takes Mollie away for harvesting. Brendan invites Noa to a formal dinner, providing her a pink dress to wear. Between dishes, Brendan shows Noa a concealed case containing the belongings of two dozen victims; amongst the trophies, Noa recognizes Mollie's phone. Following dinner and dancing, Noa persuades Brendan to have sex with...","",""
"436356","High & Low The Movie","2016","Chiku is a devastated and dangerous town with 5 gangs fighting fiercely. Mugen and the Amamiya Brothers clashed, leading to Mugen disbanding.  [PLOT] Plot Wealthy executive Kingo Gondō is engaged in a struggle to gain control of the company National Shoes. The board of the company is split between executives seeking to make cheap and low-quality shoes, and the ageing largest shareholder who makes sturdy but unfashionable shoes. Gondō rejects these plans, envisioning a strategy requiring high production costs for long-term profitability. He has secretly set up a leveraged buyout to gain control of the company, mortgaging all his property. Just as he is about to put the plan into action, Gondō receives a phone call from someone claiming to have kidnapped his son, Jun, for a ransom of ¥30 million . [ a ] Gondō is prepared to pay the ransom, but the call is dismissed as a prank when Jun returns home from playing outside. However, Jun's playmate Shin'ichi, the child of Gondō's chauffeur, is missing as the kidnappers had mistakenly abducted him instead. In another phone call, the kidnapper reveals that he has discovered his mistake but still demands the same ransom. Gondō is forced to make a decision whether to pay the ransom to save the child or complete the buyout. After contemplating it, Gondō announces that he will not pay the ransom, fearing that doing so would jeopardise his job, his finances, and the future of his family. His plans are thwarted when his top aide lets the ""cheap shoes"" faction know about the kidnapping in return for a promotion should they take over. Finally, after continuous pleading from the chauffeur and under pressure from his wife, Gondō decides to pay the ransom. The evening prior to the ransom exchange, with police assistance, Gondō fixes two briefcases to contain pods that release a foul odour when submerged in water or pink smoke when burnt. Following the kidnapper's instructions, the money is put into the briefcases and thrown out from a moving train as police attempt to monitor the area. Shin'ichi is safely recovered at the site of the money drop. The police undertake an investigation using clues from the kidnapper's phone calls and Shin'ichi's memory to determine his identity. They eventually find the hideout where Shin'ichi was kept prisoner, discovering two bodies of the kidnapper's accomplices suspiciously killed by an overdose of heroin . The police surmise that the kidnapper engineered their deaths by supplying them with uncut drugs. Meanwhile, Gondō is forced out of the company and his creditors demand the collateral put up against his loan in lieu of the debt....","",""
"436905","Abduction","2016","Alex discovers that his mother has been abducted by aliens. Because of the evilness that he perceives in the world, Alex wants to be abducted too and follows the purple rabbit’s trail.  [PLOT] Premise The daughter of a rich property developer is kidnapped and held hostage for ransom by a group of radicals. After being brutalised and brainwashed she eventually becomes converted to their cause. [ 1 ] [ 2 ] [ 3 ] ^ .mw-parser-output cite.citation{font-style:inherit;word-wrap:break-word}.mw-parser-output .citation q{quotes:""\""""""\""""""'""""'""}.mw-parser-output .citation:target{background-color:rgba(0,127,255,0.133)}.mw-parser-output .id-lock-free.id-lock-free a{background:url(""//upload.wikimedia.org/wikipedia/commons/6/65/Lock-green.svg"")right 0.1em center/9px no-repeat}.mw-parser-output .id-lock-limited.id-lock-limited a,.mw-parser-output .id-lock-registration.id-lock-registration a{background:url(""//upload.wikimedia.org/wikipedia/commons/d/d6/Lock-gray-alt-2.svg"")right 0.1em center/9px no-repeat}.mw-parser-output .id-lock-subscription.id-lock-subscription a{background:url(""//upload.wikimedia.org/wikipedia/commons/a/aa/Lock-red-alt-2.svg"")right 0.1em center/9px no-repeat}.mw-parser-output .cs1-ws-icon a{background:url(""//upload.wikimedia.org/wikipedia/commons/4/4c/Wikisource-logo.svg"")right 0.1em center/12px no-repeat}body:not(.skin-timeless):not(.skin-minerva) .mw-parser-output .id-lock-free a,body:not(.skin-timeless):not(.skin-minerva) .mw-parser-output .id-lock-limited a,body:not(.skin-timeless):not(.skin-minerva) .mw-parser-output .id-lock-registration a,body:not(.skin-timeless):not(.skin-minerva) .mw-parser-output .id-lock-subscription a,body:not(.skin-timeless):not(.skin-minerva) .mw-parser-output .cs1-ws-icon a{background-size:contain;padding:0 1em 0 0}.mw-parser-output .cs1-code{color:inherit;background:inherit;border:none;padding:inherit}.mw-parser-output .cs1-hidden-error{display:none;color:var(--color-error,#bf3c2c)}.mw-parser-output .cs1-visible-error{color:var(--color-error,#bf3c2c)}.mw-parser-output .cs1-maint{display:none;color:#085;margin-left:0.3em}.mw-parser-output .cs1-kern-left{padding-left:0.2em}.mw-parser-output .cs1-kern-right{padding-right:0.2em}.mw-parser-output .citation .mw-selflink{font-weight:inherit}@media screen{.mw-parser-output .cs1-format{font-size:95%}html.skin-theme-clientpref-night .mw-parser-output .cs1-maint{color:#18911f}}@media screen and (prefers-color-scheme:dark){html.skin-theme-clientpref-os .mw-parser-output .cs1-maint{color:#18911f}} Ebert, Roger (December 11, 1975). ""The Abduction Movie Review & Film Summary"" . www.rogerebert.com . Retrieved October 19, 2016 . ^ ""Movie Review - - The Screen: 'Abduction' -...","",""
"436931","Pokémon the Movie: I Choose You!","2017","Ash Ketchum wakes up late one morning after having broken his alarm clock in his sleep. He eventually makes it to Professor Oak's lab, but is told that the three starter Pokémon, Bulbasaur, Squirtle, and Charmander, have already been taken by Trainers who were on time. However, Oak reveals that he has one more Pokémon, an Electric-type named Pikachu. Despite its volatile and feisty personality, as well as its refusal to get inside a Poké Ball, Ash happily takes Pikachu for his journey.  [PLOT] Plot The ten-year-old aspiring Pokémon Trainer Ash Ketchum wakes up late one morning after having broken his alarm clock in his sleep. He eventually makes it to Professor Oak's lab, but he is told by Oak the three starter Pokémon ( Bulbasaur , Squirtle , and Charmander ) have already been taken by Pokémon Trainers who were on time. However, Oak reveals he has one more Pokémon, which is a Pikachu . Despite Pikachu's volatile and feisty personality, as well as his refusal to get inside a Poké Ball, Ash happily takes Pikachu on his journey. Outside of Pallet Town, Ash encounters a wild Pidgey. When Pikachu refuses to fight it, Ash tosses a rock at it, but it hits a Spearow that mistakes Pikachu as the culprit. Soon, more Spearow shows up forcing Ash and Pikachu to run. Injured and tired, Ash tells Pikachu to get inside his Ball, but he once again refuses. Instead, Pikachu defends Ash from the Spearow flock by summoning a large Thunderbolt that scares them away. As the storm ceases, Ho-Oh flies above and drops a feather called a Rainbow Wing. Ash and Pikachu decide to go and find the Legendary Pokémon. After hearing the Legendary Pokémon Entei is nearby, Ash and several other Trainers rush into the woods to look for it. Ash finds the Entei but ends up fighting over it with a young girl Trainer named Verity and an aspiring young boy Pokémon Professor named Sorrel. When Entei escapes, Ash and Verity argue and Sorrel leaves, urging them to find shelter. As they look for shelter, Ash and Verity find a Charmander, which they quickly learn belongs to an arrogant Trainer named Cross who left it out in the rain. Cross refuses to take Charmander back, calling it weak, so Ash and Verity come across a cave where Sorrel happens to be and help Charmander back to health. Sorrel reveals that Ho-Oh only gives the Rainbow Wing to the ""Rainbow Hero"" who is destined to fight it, as a shadow Pokémon named Marshadow watches. The next morning, Ash convinces Charmander to join them. The group follows the Rainbow Wing, which guides them toward the Raizen Mountain Range, to meet Ho-Oh. Charmander evolves into Charmeleon. Verity sees a Suicune at a nearby lake. Cross returns and challenges Ash's Charmeleon with his Incineroar. Charmeleon is savagely defeated, causing Ash much grief. Upset over his loss to Cross, Ash openly admits that he could have won with Pikachu and wishes he had gotten Bulbasaur and Squirtle with him. Alone in the woods, Marshadow puts Ash in a sleep-like state as...","",""
"436969","The Suicide Squad","2021","Supervillains Harley Quinn, Bloodsport, Peacemaker and a collection of nutty cons at Belle Reve prison join the super-secret, super-shady Task Force X as they are dropped off at the remote, enemy-infused island of Corto Maltese.  [PLOT] Plot Intelligence officer Amanda Waller assembles two Task Force X teams, colloquially known as the "" Suicide Squad "", which consists of Belle Reve penitentiary inmates who agree to carry out missions in exchange for commuted sentences. The teams are sent to the South American island nation of Corto Maltese after an anti-American regime overthrows its government and are tasked with destroying the Nazi -era laboratory Jötunheim, which houses the secret experiment ""Project Starfish"". Upon making landfall, most of the first team is slaughtered by the Corto Maltese military, who capture Harley Quinn while team leader Rick Flag Jr. escapes. Elsewhere, the second team – led by assassin Bloodsport , whom Waller blackmailed in exchange for not sending his estranged daughter Tyla to prison, and consisting of Peacemaker , King Shark , Polka-Dot Man , Ratcatcher 2 , and her pet rat Sebastian – enters the country undetected, revealing that the other team was a deliberate decoy. Waller orders the squad to find Flag, who is being held at a rebel base. The team massacres the rebel soldiers, only to learn that rebellion leader Sol Soria had saved Flag. Despite the group's actions, Soria agrees to help them infiltrate the capital, where they capture Project Starfish's lead scientist, the Thinker . Harley is taken to Corto Maltese's new dictator, Silvio Luna, who wishes to marry her. Harley is initially enchanted by this proposition, but after learning of Luna's plans to use Project Starfish on political dissidents, she kills him and escapes. She joins the others, who use the Thinker to break into Jötunheim, in exchange for sparing his life, and begin rigging it with explosives. Flag and Ratcatcher 2 enter the Thinker's laboratory and find Starro the Conqueror , a giant starfish-like alien that creates smaller versions of itself to kill people and control their bodies. The Thinker explains that Starro was brought to Earth by American astronauts, that the U.S. government has secretly funded experiments on it for decades using Corto Maltesean citizens and political enemies of the prior dictatorship as test subjects, that said regime used Project Starfish to strengthen its rule, and that Waller sent them to cover up American ties to the project. An enraged Flag decides to leak a hard drive containing evidence of this, but is killed by Peacemaker, who is under orders from Waller to ensure the coverup. Meanwhile, a skirmish between the rest of the team and the military leads to...","",""
"437026","The Exchange","2017","They are on their way and Eva is still insecure. Her deep love and devotion for Jaime has led her to accept a special offer: swinging in order to arouse their marriage after fifteen years. Jaime seems doubly confident: a curvy 19-year-old Brazilian is waiting for him, while Eva has to resign herself to an uninspiring and unattractive partner. What looked like a night of playing, liberation and revitalization for this husband and wife becomes a mess inside four walls when Jaime discovers that their partners for the evening are not who they said they were.  [PLOT] Plot In a pub, five friends—Phil, Dom, Hutch, Luke, and Rob—discuss plans for a holiday. Rob suggests hiking in Sweden but gets rebuffed. Afterward, Luke and Rob leave to purchase alcohol but get involved in a robbery which soon turns violent. While Luke hides, the robbers harass and eventually kill Rob. Six months later, the remaining four start a hiking trip along Kungsleden in northern Sweden in memory of Rob. After Dom injures his knee, Hutch suggests cutting through the forest rather than following the marked trail. Luke is against it but Dom insists that if there's a shortcut, they should use it. Upon entering the forest, the group comes across a gutted and hanged moose , and Runic symbols carved in the trees. At night, a torrential rainstorm forces them to take shelter in an abandoned cabin. They find necklaces bearing similar symbols and an effigy of a decapitated human torso made of twigs, with antlers for hands. During the night, Luke has a nightmare about the robbery. The next morning, they awake to find Luke's chest bleeding from puncture wounds, Hutch screaming in terror and having wet himself, a catatonic Dom screaming for his wife Gayle, and a naked Phil praying to the effigy. Disturbed, the group tries to leave the woods through a side trail not shown on the map, despite Luke's protests. While discerning their location, Luke spots a large figure amongst the trees, but Dom doubts him. In their ensuing argument, Luke claims they wouldn't be in the forest if it weren't for Dom and Dom calls Luke a coward for letting Rob die. As they continue hiking, they find an abandoned tent overgrown in foliage, with a backpack and wallet that has a credit card that expired in 1984. Everyone but Hutch sees it as a bad sign, but Hutch says they must be close to the lodge and on a path that others use. Later that night, the group is awakened by Phil's screams. Hutch is missing and his tent has partially collapsed. The remaining three search for him, but by dawn, they realize they are lost. Eventually, they find a gutted Hutch impaled on tree branches and give him an impromptu burial. Around sunset, Phil is dragged away and killed by an unseen creature. Luke and Dom flee. They find a torch-lined path leading to a small settlement. Upon rushing into a cottage, they are knocked unconscious. Luke and Dom awake to find themselves restrained in a basement. An elderly woman inspects Luke's chest wounds, revealing she bears a similar marking. Two men drag Dom...","",""
"437068","A Taxi Driver","2017","May, 1980. Man-seob is a taxi driver in Seoul who lives from hand to mouth, raising his young daughter alone. One day, he hears that there is a foreigner who will pay big money for a drive down to Gwangju city. Not knowing that he’s a German journalist with a hidden agenda, Man-seob takes the job.  [PLOT] Plot In 1980, Kim Man-seob is a debt-laden and widowed single father who works as a taxi driver in Seoul . Overhearing another taxi driver bragging about a 100,000 won job to bring a foreign client to Gwangju , Man-seob steals the client, unaware of the events in Gwangju. The client is Jürgen ""Peter"" Hinzpeter , a German journalist wanting to report on the increasing civil unrest in Gwangju . The two men are stopped by soldiers as they approach Gwangju, but manage to enter with Peter posing as a businessman. In Gwangju, they encounter a group of college students, who warm up to Peter and invite him aboard their pickup truck. Man-seob turns back, reluctant to be involved in the civil unrest. Along the way, he takes pity on an old woman and brings her to the local hospital to look for her son, who turns out to be one of the college students. Peter confronts Man-seob about abandoning him and offers to pay up part of the fare, but the college students and the local taxi drivers refuse to let Peter pay until Man-seob fulfils the agreed-upon trip. Man-seob takes Peter and another student Jae-sik to a protest at the Provincial Office, where protesters greet the trio with food and gifts. Peter films the crackdowns that follow. Plainclothes Defense Security Command (DSC) officers attempt to arrest Peter, but the three evade capture. That evening, Man-seob's taxi breaks down and Tae-soo, one of the local taxi drivers, tows the taxi to his shop for overnight repair and lets the men stay at his place for the night. During dinner, the television station is bombed, and the three head there for Peter to film the turmoil. The officers recognize Peter and chase the three men; Man-seob is assaulted and Jae-sik is captured, but before he is taken away, he yells for Peter to share the footage with the world. Distressed about his young daughter and unable to contact her, Man-seob departs for Seoul the next morning with the fake Gwangju license plates Tae-soo has given him. In Suncheon , he overhears reports of the events in Gwangju; the media claims North Korean infiltrators caused the chaos. Overwhelmed with guilt, he drives back to the hospital in Gwangju to find Peter in shock and Tae-soo mourning over Jae-sik's corpse. Peter, encouraged to continue filming by Man-seob, urges Man-seob to return to Seoul and see his daughter, but Man-seob insists on staying by his side. At a street protest, soldiers open fire at civilians, including those rescuing the wounded. Man-seob and...","",""
"437109","The Villainess","2017","Honed from childhood into a merciless killing machine by a criminal organization, assassin Sook-hee is recruited with the promise of freedom after ten years of service. However, secrets from her past destroy everything she’s worked for and now she embarks on a roaring rampage of revenge.  [PLOT] Plot .mw-parser-output .hatnote{font-style:italic}.mw-parser-output div.hatnote{padding-left:1.6em;margin-bottom:0.5em}.mw-parser-output .hatnote i{font-style:normal}.mw-parser-output .hatnote+.mw-empty-elt+.hatnote{margin-top:-0.5em}@media print{body.ns-0 .mw-parser-output .hatnote{display:none!important}} For clarity, this summary is in chronological order, unlike the way the story is told in the actual film. Sook-Hee, a 7-year-old girl, witnesses her father's death but does not get a look at the killer's face; she only hears a whistled tune. Jang-Chun, a former friend of her father's who was jealous of a stolen jewel that her father had acquired, is present during the murder and finds the hiding Sook-hee. He kidnaps her and eventually sells her to a child prostitution ring. She is about to be assaulted by a client when assassin Lee Joong-sang saves her. Joong-sang kills the client, and she kills a henchman in the door just before the latter can shoot Joong-sang. Joong-sang takes Sook-hee with him and trains her to be an assassin. While getting older, Sook-Hee becomes more and more devoted to Joong-sang, and tells him that she is willing to let go of her revenge if he were to marry her. He hesitantly agrees. While on their honeymoon , he fakes saving gang member Choi Chun-Mo and stages his own death. Later, Sook-hee is shown a mangled corpse and told it to be Joong-sang's. She goes on a rampage, taking out the gang Choi Chun-Mo says to have been his target, so her husband's murderers. Cops eventually surround her. Impressed, South Korea's intelligence agency selects her for recruitment as an asset. They provide her with plastic surgery , fake her death, assign her the new identity of Yeon-soo, and train her and other women in physical and social skills. Yeon-soo soon learns that she is pregnant. The agency offers her and her child freedom if she is willing to work for them for ten years. She accepts and while in training gives birth to a daughter, Eun-hye. After exceeding her fellow trainees in combat skill, she is assigned her first assassination, in which she accidentally kills her target in front of his daughter. Yeon-soo is later given an apartment to share with Eun-hye. Unknown to Yeon-soo, Kwon-sook, the agency's chief, places agent Jung Hyun-soo in the apartment next door; he is to befriend Yeon-soo and keep tabs on her. While on a mission with assassin Min-ju, Yeon-soo is caught stealing a phone. Min-ju is badly injured in the ensuing fight, and...","",""
"437342","The First Omen","2024","When a young American woman is sent to Rome to begin a life of service to the church, she encounters a darkness that causes her to question her own faith and uncovers a terrifying conspiracy that hopes to bring about the birth of evil incarnate.  [PLOT] Plot In Rome , 1971, Father Brennan presses Father Harris about an occult conspiracy; Harris gives him a photograph of a baby with the name ""Scianna"" inscribed. Harris is killed when a pipe falls from a church construction scaffold and splits his head open. Amid political protests , American novice nun Margaret Daino arrives at the Vizzardeli Orphanage. She meets Cardinal Lawrence, Father Gabriel, Abbess Silva, Sister Anjelica, and her roommate and fellow novice Luz. Luz invites Margaret to a disco , where they meet two men. Margaret dances with the man named Paolo before blacking out. She awakens the next day with no memory of what happened. Margaret bonds with the mistreated orphan Carlita, who is plagued by disturbing visions. Father Brennan warns her about Carlita, saying ""evil things"" will happen. She spots Carlita showing Sister Anjelica a drawing of a pregnant woman being restrained; moments later, Sister Anjelica immolates and hangs herself. Brennan explains that radicals within the Catholic Church , desperate to regain power against the rise of secularism , seek to bring about the birth of the Antichrist to create fear and drive rebellious disbelievers back to the Church, with Carlita intended to be his mother. During a field trip, a riot breaks out and Margaret experiences a demonic hallucination. Abbess Silva postpones Margaret's vows and orders her to distance herself from Carlita. She runs into Paolo; horrified, he tells her to ""look for the mark"" before being struck and killed by an oncoming truck. In the Abbess's office, Margaret uncovers a hidden, underground chamber and a series of subject files, all labeled ""Scianna"". They contain photos of dysmorphic babies , all with a birthmark in the shape of three sixes , with Carlita as the only one to survive to adolescence. Margaret attempts to flee with Carlita, but is intercepted and spots the mark on Carlita's palate before being imprisoned. Father Gabriel frees Margaret and they examine the stolen files with Father Brennan, discovering that another baby survived. Margaret locates the mark on her own scalp and suddenly remembers that she was forcefully impregnated in a satanic ritual the night she blacked out at the disco. They come to realize that the orphanage heads have determined that the Devil will need to mate with his own spawn in order to conceive the Antichrist, and Margaret had been brought to Rome as her half-sister Carlita was too young. They drive to a doctor who can abort the...","",""
"437494","The Wall","2015","Shanghai. A multitude of towers of concrete buildings without personality. Inside, close studios where live anonymous, folded on themselves, until CHUNG, single, decided to hang a picture on the wall.  [PLOT] Plot During the reign of Emperor Renzong , a group of European mercenaries travels to China, searching for gunpowder . A few miles north of the Great Wall , they are attacked by a monster. Only Irishman William Garin and Spaniard Pero Tovar survive. They sever its arm and bring it with them. Upon reaching the Wall, they are taken prisoner by the Nameless Order, led by General Shao and Strategist Wang. The Nameless Order exists to combat Tao Tei , alien monsters that arrived from a meteorite and attack once every sixty years. [ 1 ] The Order's commanders are surprised by the monsters' first assault, which has come one week early. Shortly after, a horde of Tao Tei assail the Wall. During the battle, Garin and Tovar are freed by Ballard, an Englishman who came east twenty-five years earlier and has stayed ever since. Garin and Tovar display amazing battle skills, saving the life of young warrior Peng Yong and slaying two monsters, which earns them the Order's respect. Both sides sustain heavy losses before the monsters' queen aborts the attack. The three Europeans secretly plan to steal gunpowder and flee during the next monster attack. That night, two Tao Tei reach the top of the Wall. General Shao is killed so he places Commander Lin in charge of the Nameless Order. An envoy from the capital arrives with an ancient scroll that suggests that the monsters are pacified by magnets. Wang believes the magnetic stone Garin carries enabled him to slay the Tao Tei he encountered. To test the hypothesis, he suggests they capture a Tao Tei alive and agrees to help. This delays the escape plans, angering Tovar, who nevertheless agrees to assist Garin. In a new fight with the Tao Tei, the Westerners capture a monster and prove the theory. However, the Imperial envoy claims the creature and takes it to the capital to present to the Emperor. It is revealed that the previous attacks had been a distraction so that the Tao Tei could dig a tunnel at the base of the Wall. While Lin investigates, Tovar and Ballard steal black powder and escape, knocking Garin unconscious for trying to stop them. Garin is arrested and jailed for his apparent betrayal. Some distance away, Tovar is abandoned by Ballard who is captured by bandits who later accidentally ignite the powder causing an explosion. At the capital, the envoy presents the captive Tao Tei to the Emperor. The creature awakens and reveals its position to its queen, who signals the Tao Tei to attack. Lin orders the use of...","",""
"437557","Blockers","2018","When three parents discover that each of their daughters have a pact to lose their virginity at prom, they launch a covert one-night operation to stop the teens from sealing the deal.","",""
"437736","Pacte Sacré","2017","","",""
"438148","Minions: The Rise of Gru","2022","A fanboy of a supervillain supergroup known as the Vicious 6, Gru hatches a plan to become evil enough to join them, with the backup of his followers, the Minions.  [PLOT] Plot In 1976, an eleven-year-old Gru dreams of becoming a supervillain, assisted by the Minions , whom he has hired to work for him. Gru is ecstatic when he receives an audition invitation from the Vicious 6, a supervillain team now led by Belle Bottom, who hope to find a new member to replace their founder, the supervillain Wild Knuckles, following their betrayal and attempted murder of Knuckles during a heist to steal the Zodiac Stone—a stone connected to the Chinese zodiac . Gru's interview goes poorly but, much to the outrage of the Vicious 6, he steals the stone and escapes with Minions Kevin, Stuart and Bob, handing it to another Minion, Otto, for safekeeping. At his basement lair, Gru is outraged that Otto has traded the zodiac stone for a pet rock , firing the Minions before going alone to find it. However, Knuckles kidnaps Gru before taking him to San Francisco and informs the Minions that if they do not give him the stone within 48 hours, Gru will be killed. Failing to locate the stone, Kevin, Stuart and Bob leave for San Francisco to rescue Gru, while Otto leaves in pursuit of a biker whom he realizes has the stone as a necklace. When they reach Knuckles' house, they are chased by his goons until Master Chow, a former kung fu teacher who now makes a living at an acupuncture clinic, rescues them by defeating the goons. The Minions learn kung fu, ending their training prematurely, and go to Knuckles' home to rescue Gru. Meanwhile, Otto catches up to and befriends the biker at Death Valley , who gives the stone back and takes him to San Francisco. Gru begins to bond with Knuckles after the latter's goons quit on him, and later saves him from being eaten by crocodiles in his pool. To begin teaching Gru how to be a villain, the two rob the Bank of Evil. In the meantime, the Vicious 6, having realized that Knuckles is alive, destroy his house in an attempt to find him. Failing to do so, they head towards Chinatown , with Kevin, Stuart and Bob in pursuit. Returning to his destroyed house, a distraught Knuckles laments his friends' betrayal and decides to give up villainy, sending Gru away. During a Chinese New Year parade in Chinatown, Otto and Gru find each other with the stone but are cornered by the Vicious 6, who in turn are confronted by Anti-Villain League agents. The Vicious 6 then use the stone to turn themselves into enormous superpowered versions of animals from the Zodiac and prepare to kill Gru by tying him to the hands of a clock tower to...","",""
"438631","Dune","2021","Paul Atreides, a brilliant and gifted young man born into a great destiny beyond his understanding, must travel to the most dangerous planet in the universe to ensure the future of his family and his people. As malevolent forces explode into conflict over the planet's exclusive supply of the most precious resource in existence - a commodity capable of unlocking humanity's greatest potential - only those who can conquer their fear will survive.  [PLOT] Plot In the distant future, Duke Leto Atreides is assigned by the Padishah Emperor Shaddam IV to replace Baron Vladimir Harkonnen as the fiefholder of Arrakis , a harsh desert planet and the sole source of "" spice "", a valuable psychotropic substance that imparts heightened vitality and awareness. Spice is also key to interstellar travel . Emperor Shaddam, fearful of Leto's rising power, plots for House Harkonnen, aided by his Sardaukar troops, to retake Arrakis and destroy House Atreides. Leto is suspicious of the Emperor but weighs the risks against the power of controlling Arrakis and making an alliance with its mysterious natives, the Fremen . Leto's concubine , Lady Jessica , is an acolyte of the Bene Gesserit —a sisterhood whose members possess advanced physical and mental abilities. As part of a centuries-long breeding program , they instructed her to bear a daughter whose son would become the Kwisatz Haderach—a messianic superbeing with the prescience necessary to guide humanity to a better future. Jessica disobeyed and bore a son, Paul , whom she trains in Bene Gesserit practices. Paul also receives mentorship from Leto's aides Duncan Idaho , Gurney Halleck , Wellington Yueh , and Thufir Hawat . The Reverend Mother and Imperial Truthsayer Gaius Helen Mohiam subjects Paul to a highly dangerous gom jabbar test to assess his humanity and impulse control, which he passes. Paul begins having troubling visions of the future. House Atreides arrives on Arrakis. The Fremen revere Paul and Jessica, which she explains is due to the Bene Gesserit sowing beliefs on Arrakis centuries earlier. An attempt to assassinate Paul fails. At a secret meeting on the Harkonnen planet Giedi Prime , Mohiam insists that Baron Harkonnen spare Paul and Jessica in his coup, to which he duplicitously agrees. Leto meets and negotiates with Fremen chieftain Stilgar and meets the Imperial Judge of the Change , Dr. Liet Kynes , a planetologist who lives among the Fremen. During a flight over the desert, they rescue a stranded spice-harvesting crew from a giant sandworm , and Paul's exposure to the spice triggers intense premonitions. Yueh betrays the Atreides and disables Arrakeen's shields, allowing the Harkonnens and Sardaukar to invade. Yueh incapacitates Leto, planning to exchange him for his wife, the Baron's prisoner. Yueh replaces one of Leto's teeth with a poison gas capsule with which Leto can assassinate the Baron. After the Baron kills Yueh, Leto releases the gas,...","",""
"438650","Cold Pursuit","2019","The quiet family life of Nels Coxman, a snowplow driver, is upended after his son's murder. Nels begins a vengeful hunt for Viking, the drug lord he holds responsible for the killing, eliminating Viking's associates one by one. As Nels draws closer to Viking, his actions bring even more unexpected and violent consequences, as he proves that revenge is all in the execution.  [PLOT] Plot Kim Fupz Aakeson, writer of the book After being awarded Citizen of the Year by the ski resort of Kehoe, Colorado , snowplow driver Nels Coxman's life is disrupted when his son dies from a forced heroin overdose, murdered by a Denver drug cartel . Nels saws the barrel off a rifle and kills three members of the cartel (Speedo, Limbo, and Santa), dumping their bodies over a nearby waterfall, wrapped in chicken-wire fencing. This allows fish to eat the flesh, whilst the wire keeps the bones at the bottom of the water; a disposal method that Nels read about in a crime novel. Meanwhile his wife, Grace, angry at his seemingly cold lack of grief, leaves him. The cartel's drug lord , Trevor ""Viking"" Calcote, suspects that the deaths are the work of his rival White Bull, a Ute with whom he has managed to avoid conflict. Viking has one of Bull's gangsters murdered, not realising it is White Bull's only son. This drives White Bull to seek vengeance and he orders his men to kidnap Viking's young son Ryan in retaliation, which starts a gang war. Nels's brother Brock, once a mob enforcer known as Wingman, tells Nels that killing Viking requires a hired assassin and recommends a hitman known as ""The Eskimo"". The Eskimo agrees to kill Viking for US$ 90,000 but decides to get more money from Viking by informing him that Coxman has hired him for the hit. However, Viking does not appreciate the Eskimo's lack of ethics and has him killed. Viking assumes the Eskimo meant Brock Coxman (rather than Nels) and brings him in. Since Brock is dying of cancer anyway, he claims responsibility to protect his brother. Viking tries to stop the conflict with White Bull escalating, by using one of his own men (Dexter) as a scapegoat and sending White Bull his head (unbeknownst to Viking, his right-hand man Mustang, was in a gay relationship with Dexter). White Bull isn't satisfied though and he shoots the messenger. Meanwhile, Nels kidnaps Ryan from his prep school before White Bull's men can get to him. Nels wants to draw Viking into an ambush, but his identity is revealed by the school's janitor, who is promised US$ 10,000 for the information, but is instead killed after his disclosure. In a phone call, Nels tells Viking to come to his house alone. Viking says it will take him three hours, but he already knows the address and is only minutes away. Nels takes Ryan with him to work though and Viking finds the house empty. While teaching Ryan how to drive the snow equipment, Nels meets...","",""
"438674","Dragged Across Concrete","2019","Two policemen, one an old-timer, the other his volatile younger partner, find themselves suspended when a video of their strong-arm tactics becomes the media's cause du jour. Low on cash and with no other options, these two embittered soldiers descend into the criminal underworld to gain their just due, but instead find far more than they wanted awaiting them in the shadows.  [PLOT] Plot In the fictional city of Bulwark, recent parolee Henry Johns chastises his mother for returning to prostitution and taking drugs, before reuniting with his handicapped younger brother Ethan. Three weeks later, police detectives Brett Ridgeman and Anthony Lurasetti are suspended without pay by the police department after a video surfaced revealing them committing police brutality on a drug dealer. Both detectives are desperate to look for money, with Ridgeman needing cash to move to a safer neighborhood for his family, while Lurasetti stalls in proposing to his girlfriend Denise. On a tip from Friedrich, a wealthy businessman with criminal connections, Ridgeman recruits Lurasetti to help him surveil and rob Lorentz Vogelmann, a heroin distributor. Vogelmann commits a series of violent robberies to pay for a customized bulletproof van. Henry and his childhood friend Biscuit are then hired by Vogelmann as getaway drivers for a bank robbery in which Vogelmann and his crew - Grey Gloves and Black Gloves - take employees and customers as hostages. A bank employee, Kelly Summer, who came back to work from her maternity leave , is executed by the bank robbers after preventing a colleague from notifying the police via email. The thieves castrate the bank manager and then escape with the bullion and a hostage, Cheryl, while being tailed by Ridgeman and Lurasetti, which Henry notices. Unsettled by Vogelmann and his henchmen's brutality, Henry and Biscuit are then forced to surrender their weapons. Realizing they may be killed, Henry chooses not to reveal to Biscuit or the thieves that they are being followed by the detectives. Lurasetti learns of the atrocities committed by the thieves and berates Ridgeman for not intervening sooner or notifying the authorities, but Ridgeman asserts that law enforcement would be too late, and only the two of them can deal with the thieves. Lurasetti opts against delaying his marriage proposal to Denise and leaves her a voicemail guiding her to the engagement ring. Arriving at a garage in the countryside, Biscuit leaps out of the van and is shot, as Henry wounds Grey Gloves with a hidden gun. Mortally wounded, Biscuit swallows the van's key, imploring Henry to take care of his mother, and is shot dead by the thieves. Cheryl is sent to pull Biscuit's body into the van and Black Gloves cuts the key out of Biscuit's stomach, as Ridgeman and Lurasetti arrive and ram the van, knocking it over. Cheryl is coerced by Vogelmann into...","",""
"438695","Sing 2","2021","Buster and his new cast now have their sights set on debuting a new show at the Crystal Tower Theater in glamorous Redshore City. But with no connections, he and his singers must sneak into the Crystal Entertainment offices, run by the ruthless wolf mogul Jimmy Crystal, where the gang pitches the ridiculous idea of casting the lion rock legend Clay Calloway in their show. Buster must embark on a quest to find the now-isolated Clay and persuade him to return to the stage.  [PLOT] Plot Buster Moon is thriving with his newly rebuilt theater. Johnny, Rosita, Gunter, Meena, and Miss Crawly work as his cast and crew, while Ash performs as a soloist at a rock club. Buster's show fails to impress Crystal Entertainment's talent scout Suki Lane from Redshore City. Encouraged by Nana Noodleman, Buster gathers his crew and they travel to the city to make an impression. After being denied entry into Crystal Entertainment, they sneak in for an audition with entertainment mogul Jimmy Crystal. As Jimmy is uninterested in Buster's original pitch, Gunter suggests a space-themed sci-fi musical that features songs from Clay Calloway, a legendary rock star who disappeared after his wife Ruby died 15 years ago. Intrigued, and assuming that Clay will be part of the show, Jimmy greenlights it and lets Buster and his friends stay at his hotel during production. Miss Crawly finds where Clay lives and goes to visit him, but he scares her away with a paintball gun . During rehearsal, Rosita reveals to have acrophobia after learning she needs to make a high jump, prompting Jimmy to insist Buster have his daughter Porsha play her part instead. Buster reluctantly writes Rosita a minor role. Top choreographer Klaus Kickenklober is hired to teach Johnny to dance, but is unnecessarily harsh, causing Johnny to fall behind. Johnny later comes across street dancer Nooshy, who takes over as his teacher. Meena is cast in a romantic scene with a well-intentioned, but heavily egocentric actor named Darius but is unable to act the part convincingly, having never been in love before. She later meets and falls in love with an ice cream vendor named Alfonso. Jimmy eventually finds out that Buster never contacted Clay about the show and threatens to harm Buster if he does not deliver. Ash and Buster visit Clay to convince him to join the show. He refuses at first, finding it too emotionally painful to perform after Ruby's death, but Ash changes his mind. Back at the theater, Buster offers Porsha to switch roles with Rosita, as Porsha's acting skills are poor. Porsha misinterprets this as Buster firing her and leaves. After news of the ""firing"" is broadcast, an outraged Jimmy nearly drops Buster off the hotel's roof before locking him in his closet. Suki frees Buster and warns him to evacuate Redshore City. Ash arrives at the hotel room with the crew and Clay, who advises Buster not to hide as he did. After overhearing Jimmy insulting him and his crew on television, Buster...","",""
"439079","The Nun","2018","A priest with a dark past and a novice nearing her final vows are sent by the Vatican to Romania to investigate a nun's death and face a demonic force.  [PLOT] Plot In 1952 Romania , two Roman Catholic nuns living at the Saint Cartha's monastery are attacked by an unseen evil force. The surviving nun, Sister Victoria, flees the attacker, a demon appearing as a nun, and hangs herself to avoid being used as a vessel by the demon. Her body is discovered by Frenchie, a villager who transports supplies to the nuns. Upon learning of the incident, The Vatican sends Father Burke with Sister Irene, a nun in her novitiate , to Romania to investigate. The pair meet Frenchie and travel to the abbey, where they examine Victoria's body and take a key from her corpse. They then meet the Abbess , who informs them that because the nuns observe silence during the night, they must return the next day. Frenchie decides to leave the convent while Father Burke and Sister Irene stay behind. As Frenchie is leaving, he is attacked by a demonic entity in the form of Sister Victoria's corpse. Later that night, Burke is rescued by Irene after being lured by hallucinations of a boy he failed to save after a botched exorcism and is buried alive in the graveyard by the demonic entity. Irene and Burke return to the abbey the next day, but only Irene can enter, as it is cloistered . She meets the other nuns and learns that they pray constantly, swapping shifts, to keep the entity at bay. The abbey was built in the Dark Ages as a castle for the Duke of St. Carta, an influential aristocrat obsessed with the occult. The duke summoned the demon through a rift in the catacombs but was killed by Christian knights , who sealed the rift with a vial filled with the Blood of Christ and reclaimed the abbey to contain the evil. But the bombings during World War II reopened the rift, unleashing the entity. Through a book he saw and took after being buried alive, Burke identifies the demon as Valak and discovers the Abbess has been dead all along. Valak attacks Irene, who joins the nuns in prayer to ward it off. When she reunites with Burke and Frenchie, she discovers that none of the nuns she saw and talked to were real, and she had been praying alone. Sister Victoria had been the last nun in that abbey and had sacrificed herself to stop Valak from possessing her. Theorizing that Valak can only be stopped if they seal the rift again with the blood of Christ from the reliquary, as the knights did, the trio retrieves the vial with Victoria's key. Irene asks Burke to elevate her status to a professed nun, which he does. In the tunnel, she is possessed by...","",""
"440021","Happy Death Day","2017","Caught in a bizarre and terrifying time warp, college student Tree finds herself repeatedly reliving the day of her murder, ultimately realizing that she must identify the killer and the reason for her death before her chances of survival run out.  [PLOT] Plot Ngoc Minh Quan, a Chinese-Vietnamese-British widower , Vietnam War veteran , and former special forces operator, runs a Chinese restaurant in London . He lost two daughters to pirates when he escaped Vietnam , and his wife died when his daughter, Fan, was born. Fan and 11 other people are killed in a terrorist bombing in Knightsbridge ; an IRA splinter group dubbing itself the ""Authentic IRA"" claims responsibility. Quan visits Scotland Yard daily for information and offers Commander Bromley £20,000 for the names of the bombers. Though sympathetic, Bromley tells him he is hindering the investigation. Quan leaves the restaurant with his friend and partner, Lam. Later, Quan travels to Belfast to meet deputy First Minister of Northern Ireland and Sinn Féin political advisor Liam Hennessy, a former Provisional IRA leader who has renounced violence. Quan demands the names of the bombers, but Hennessy denies any knowledge, so Quan sets off a homemade bomb in Hennessy's building and leaves a fake explosive on Hennessy's car as a warning. Hennessy orders IRA weapons dumps searched for missing Semtex and tells his right-hand man, Jim Kavanagh, to get Quan out of the city. Hennessy's men track Quan, but he fights them off and escapes. Later, Quan photographs Hennessy kissing his mistress, Maggie Dunn, and threatens to blackmail him. Hennessy enlists his nephew Sean Morrison, a former Royal Irish Regiment soldier and skilled tracker, to meet with Bromley. Morrison tells Bromley that each IRA cell will change code words to identify the rogue bombers; Bromley agrees to assist on condition that the British take them out, not the IRA. Quan follows Hennessy to his farmhouse and attacks it with more bombs. As Hennessy's men search for him, Quan maims them with traps before he is wounded by Kavanagh, forcing him to flee. Hennessy's former IRA commander, Hugh McGrath, confronts him about the searches, accusing Hennessy of caring more about his position within the British government than the IRA's cause. Soon after, Quan also confronts Hennessy, threatening him and giving him 24 hours to reveal the names of the bombers. A double-decker bus is blown up in London, killing 16 more people, but no code word is given, creating distrust between Hennessy and Bromley. Bromley notifies Hennessy that they have discovered the bomber's identity and tracked McGrath to his farm. Bromley threatens to raid the farm unless Hennessy forces McGrath to reveal who and where the terrorists...","",""
"440161","The Sisters Brothers","2018","Oregon, 1851. Hermann Kermit Warm, a chemist and aspiring gold prospector, keeps a profitable secret that the Commodore wants to know, so he sends the Sisters brothers, two notorious assassins, to capture him on his way to California.  [PLOT] Plot In the American West in 1851, gunfighters Eli and Charlie Sisters are hired by the wealthy ""Commodore"" to kill a man named Hermann Warm. John Morris, a private detective, has been hired by the Commodore to track Warm down, and hand him over to the Sisters brothers. Morris finds Warm traveling by wagon train to California with the Gold Rush and befriends him. They travel to Jacksonville where Morris has arranged his rendezvous with the Sisters brothers. Warm finds Morris' handcuffs, realizes his true intentions, and threatens him at gunpoint but Morris overpowers him. Warm reveals that he plans to find gold using a chemical formula of his own invention; the Sisters brothers have been sent to retrieve the formula, most likely by torturing Warm before killing him. Refusing to allow an innocent man's murder, Morris frees Warm and the two leave Jacksonville. On the road toward San Francisco , Warm reveals that his ultimate plan is to create a utopian society in Dallas, Texas. The brothers' pursuit is plagued by misfortune. A grizzly bear attacks their camp and mauls Eli's horse, Eli becomes very ill from swallowing a spider in his sleep and Charlie is repeatedly drunk and too hung over to ride. When they discover Morris' betrayal in Jacksonville, they follow the pair to the town of Mayfield. At Ms. Mayfield's hotel and brothel, she denies having seen Warm and Morris but offers the brothers a warm welcome. A sympathetic prostitute warns Eli of an impending attack and he attempts to leave with a drunken Charlie but they are cornered by Mayfield's gunslingers. The brothers kill the gunslingers and interrogate Mayfield as to Warm's and Morris’ whereabouts, before murdering and robbing her. In San Francisco, Charlie and Eli argue about continuing their hunt. Eli wishes to retire and open a store, but Charlie angrily rejects this idea. The next day, Charlie reveals that he has found a claim staked in Morris' name a few days' ride away. Eli agrees to complete the hunt as their final job. On the way to the claim site, the brothers are ambushed and captured by Warm and Morris, who are then attacked by Mayfield's men sent before her death to claim the formula for herself. The four team up to kill Mayfield's men, after which Charlie and Eli agree to help Warm and Morris find gold in exchange for half the takings. Morris is revealed to be a wealthy young man from Washington DC, who came west in rebellion against his father, now dead, and to whom Warm's Dallas...","",""
