"tmdb_id","title","release_year","synopsis","themes","tones"
"719128","Idol Sex: LA Korean Women","2020","Typhoon and Taeyang brothers are sharing. The visitor today is Jessica from LA. Applying for an idol audition is her purpose. She is so cheerful and open to the burden. The fatal temptation of a strange woman who appeared one day and the fate of the brothers shaking in front of her.","",""
"719355","Roof-top star","2020","Byung-han attends the acting class that Young-chun is leading, and senses something odd about the atmosphere.","",""
"720557","Tiger 3","2023","Spy couple Tiger and Zoya face a ruthless enemy with a personal vendetta.  [PLOT] Plot In London , October 1999, a teenage Zoya witnesses her father, ISI agent Rehan Nazar, die in a car bomb blast. After his funeral, Zoya is visited by Nazar's protege Aatish Rehman, who persuades her to join the ISI . In the present day, Avinash ""Tiger"" Singh Rathore is assigned by his late former boss Shenoy's [ a ] successor, RAW chief Maithili Menon, to rescue Tiger's former aid, Gopi Arya, who was captured during a mission in Afghanistan while trying to extract information from the Taliban about a mission being planned in Pakistan . Following his rescue, Gopi reveals to Tiger that Zoya is a double agent working for the Pakistanis, and is involved in the mission, before succumbing to his injuries. Tiger begins to spy on Zoya and is later assigned by Menon to safeguard an arms supplier, Jibran Sheikh in St. Petersburg, Russia , who worked with Gopi and escaped to the country after being discovered in Pakistan. Tiger witnesses Zoya's attempt to assassinate Sheikh; after saving him, Tiger is captured by Aatish, who reveals that he forced Zoya to assassinate Sheikh by near-fatally drugging and kidnapping her and Tiger's son Junior. A flashback reveals Tiger's past links to both Zoya and Aatish: in 2011, Aatish sought to derail a peace treaty between India and Pakistan in Vienna by assassinating the Indian Army Chief , General Ribeiro. Aatish tasked Zoya with the job, but she refused to cooperate and uses the telephone to covertly make the Indian consulate eavesdrop, where, unknown to her, the call was received by Tiger, who was unaware of her identity back then. Aatish's pregnant wife Shaheen Baig decided to assassinate the general herself, but was shot and killed by Tiger. Aatish denied that his agents knew about the plan, leading to his imprisonment and ousting from the ISI . Tiger recruits a team comprising Rakesh [ b ] and Karan [ c ] from his last known mission, the two of them being accompanied by newbie Nikhil, to steal a briefcase for Aatish, containing missile launch codes in Istanbul in exchange for Junior. However, Aatish has Tiger and Zoya framed as traitors by their respective countries, despite releasing Junior, leading to Tiger's imprisonment at a military prison in Northern Pakistan . Tiger is sentenced to death , but manages to escape with the help of Pathaan . He hides in Islamabad and meets his adopted son Hassan. [ d ] Tiger's team, Zoya and ISI agents Abrar and Javed return to Islamabad , where they learn that Aatish and General...","",""
"721267","The Takatsu River","2019","Set along the river basin of Shimane Prefeture's Takatsu River, a government-protected river, this drama portrays various people living in an area burdened by decreasing population as they carry on the tradition of ""Kagura"" Shinto music and dance which is said to be the roots of Kabuki. Directing from his own screenplay is Nishikori Yoshinari of Railways.  Saito Manabu (Komoto Masahiro) operates a ranch on a mountain and worries his son Tatsuya (Ishikawa Raizo) has been making a habit of skipping Kagura practice. Then Manabu learns his alma mater elementary school will be closed down.","",""
"721895","John & Jen","2020","This is the story of Jen and her relationships with the two Johns of her life: her younger brother, who was killed in Vietnam, and his namesake, the son who is trying to find his way in a confusing world. Jen and her younger brother, John, are growing up in the ever-changing world of mid-century America. As the country becomes divided over the war in Vietnam, so does the family, and battle lines are drawn between the once-close siblings. When John is killed in Vietnam, Jen is left to reconcile her memory of their fractured relationship along with her son and brother's namesake.  [PLOT] Plot summary In Regency England , the wealthy and beautiful 20-year-old Emma Woodhouse lives with her widowed father at his Hartfield estate in the Surrey village of Highbury. A frequent visitor to Hartfield is George Knightley , a close friend of the family and owner of nearby Donwell Abbey. George is the brother of John Knightley, the husband of Emma's sister Isabella who lives in London. Emma prides herself on her matchmaking skills, and successfully arranges the marriage of her old governess, Miss Taylor, to Mr Weston. She befriends Harriet Smith, a naive young woman of uncertain parentage who boards at a local girls' school, and persuades her to decline a marriage proposal from a respectable farmer, Robert Martin, instead recommending the local vicar, Mr Elton. George Knightley privately expresses his disapproval, telling Emma that she is encouraging Harriet to aspire to a man who can never accept her. On the way home from a dinner party, Emma finds herself alone in a carriage with Mr Elton. To her shock, he proposes marriage, leading to an awkward rejection. Only then does she learn that what she had mistaken for affection towards Harriet was merely Mr Elton's attempt to woo Emma herself. Mr Elton subsequently leaves the area, returning six weeks later with a new wife, the pretentious Augusta. Two long-anticipated visitors arrive: Jane Fairfax, the highly accomplished niece of Miss Bates , a genteel but poor family friend who is notable for her incessant chatter; and the charming Frank Churchill who, always required to be at his wealthy aunt's beck and call, has had few opportunities to visit. Emma finds herself intrigued by Frank and is envious of Jane's talents. Frank's arrival prompts the Westons to hold a ball , at which Mr Elton rudely snubs Harriet. She is rescued by George Knightley, who asks her to dance. Emma and Knightley also share a dance, awakening romantic feelings between them. During a picnic at Box Hill , Frank urges the company to play a lighthearted game, and Emma, in a moment of thoughtless humour, insults Miss Bates, causing her great distress. Knightley privately reprimands Emma for her unkindness, prompting her to reflect on her behaviour. She apologises to Miss Bates, who forgives her. Harriet confides to Emma that she has again found love; she does not name the man, but Emma assumes she is referring to Frank Churchill. The sudden death of Frank's aunt leads to the revelation that Frank and Jane Fairfax have been secretly...","",""
"722149","Luther: The Fallen Sun","2023","A gruesome serial killer is terrorizing London while brilliant but disgraced detective John Luther sits behind bars. Haunted by his failure to capture the cyber psychopath who now taunts him, Luther decides to break out of prison to finish the job by any means necessary.  [PLOT] Plot David Robey, a wealthy trader and serial killer , blackmails and kidnaps cleaner Callum Aldrich. DCI John Luther is assigned to the case and promises Callum's mother, Corinne, he will find her son. Concerned about his involvement, Robey digs up dirt on the various illegal acts Luther has committed as a police officer, resulting in him being fired, prosecuted and imprisoned. [ a ] Years later, Robey coaxes Corrine and the parents of other victims to a house where he burns their children's corpses. Corrine visits Luther in prison, admonishing him for not finding her son's killer. Robey transmits an audio recording of him murdering Callum to Luther in prison via radio. Luther informs DCI Odette Raine, the new head of Serious and Serial Crime, of the broadcast. He liaises with prison guards and former associate McCabe to break him out. Raine brings in retired DSU Martin Schenk as a consultant. Luther traces Robey to Piccadilly Circus , where Raine deploys SCO19 . The two confront him there, but some people he has blackmailed cause a distraction by publicly killing themselves. Robey escapes into the London Underground after fighting Luther and murdering an armed police officer. Robey kidnaps Raine's daughter, Anya. He blackmails Raine to bring him Luther in exchange for Anya’s life. Raine meets with Luther, points a gun at him, and forces him to climb into a car trunk. She has a change of heart and reluctantly agrees to work with him. They visit Robey's ex-wife Georgette and discover he owns property abroad. DS Archie Woodward, Raine's subordinate, is blackmailed by Robey into killing Georgette but is intercepted by Schenk. Archie commits suicide. Luther and Raine travel to Robey's mansion in rural Norway, where they discover he tortures kidnapped victims to death on a live stream called ""The Red Bunker"". The two are overpowered, and Robey tries to force them to hurt each other to save Anya. Luther reveals Georgette told the police the location and they are en route. After a brutal fight, the three are able to escape the bunker, and Luther chases Robey into a frozen lake, where Robey drowns. Luther is rescued by police divers and Schenk. Recovering from his injuries back in London, he is approached by a senior MI5 official, who, it is implied, offers him a job in lieu of going back to prison. Cite error: There are <ref group=lower-alpha> tags or {{efn}} templates on this page, but the references will not show without a {{reflist|group=lower-alpha}}...","",""
"723072","Host","2020","Six friends hire a medium to hold a séance via Zoom during lockdown — but they get far more than they bargained for as things quickly go wrong. When an evil spirit starts invading their homes, they begin to realise they might not survive the night.  [PLOT] Plot Robert Atkinson, a bank employee, is left feeling worthless after an afternoon fling with his boss's wife. The same day, he closes a lucrative deal with a bank client, placing the money in a safety deposit box. Robert plans to use the money to turn his life around but he succumbs to one of his various vices instead, and proceeds to gamble all the money away, while borrowing even more. Unaware that he is under surveillance, Robert is approached by a stranger, Lau Hoi Ho, at a gambling hall. Ho offers to pay off his debts, under the condition that Robert agrees to transport a briefcase from London to Amsterdam . Finding himself in a desperate situation and attracted by the offer, Robert agrees to the deal. [ 1 ] US DEA agent Herbert Summers, who is seated next to Robert on his flight to Amsterdam, reveals his true identity and discloses that he is on the trail of Triad leader Lau Hoi Ho. Robert is placed in a compromised position and forced to assist the DEA in Ho's capture. After arriving at his hotel, Robert finds out that it is overbooked and his room is no longer available. The hotel manager, Gerrie, summons a favour from Vera Tribbe, who happens to have a room available nearby. Robert and Gerrie proceed to Vera's house, unaware of being followed by the Chinese mafia. After settling in, Robert makes Vera's acquaintance and they seem to develop a fondness for each other. From here, events spiral out of control. Robert goes missing and his brother Steve goes searching for him. DEA agent Summers is enmeshed in the shadowy waterways of Amsterdam as he follows the thread of his investigation to the story's final denouement. [ 2 ] ^ .mw-parser-output cite.citation{font-style:inherit;word-wrap:break-word}.mw-parser-output .citation q{quotes:""\""""""\""""""'""""'""}.mw-parser-output .citation:target{background-color:rgba(0,127,255,0.133)}.mw-parser-output .id-lock-free.id-lock-free a{background:url(""//upload.wikimedia.org/wikipedia/commons/6/65/Lock-green.svg"")right 0.1em center/9px no-repeat}.mw-parser-output .id-lock-limited.id-lock-limited a,.mw-parser-output .id-lock-registration.id-lock-registration a{background:url(""//upload.wikimedia.org/wikipedia/commons/d/d6/Lock-gray-alt-2.svg"")right 0.1em center/9px no-repeat}.mw-parser-output .id-lock-subscription.id-lock-subscription a{background:url(""//upload.wikimedia.org/wikipedia/commons/a/aa/Lock-red-alt-2.svg"")right 0.1em center/9px no-repeat}.mw-parser-output .cs1-ws-icon...","",""
"723234","Dad","2019","Esther lives with her dad and takes care of him every day. However, due to his madness, she has him locked in his room.  [PLOT] Synopsis A portrait of contemporary fatherhood , the film blends the reflections of Howard's own father, film director Ron Howard , other Hollywood celebrity fathers and everyday men from around the world on what being a father means to them.","",""
"723562","Actresses: Sex Audition","2020","Cheonbong, a third-class movie director, goes hunting with Dae-do as the newly-established assistant director Mi-young. However, hunting is just an excuse, and Cheonbong's interest is more on Jet-Bob. Chun-bong tries to fill his greed by deceiving Mi-young, who doesn't know the industry. Cheonbong's wife, Eunwoo Son's soccer coach, Together with Seong-gyu, he goes on a journey of deviation. Daebu-do is a place of memories that Cheonbong and Eun-woo enjoyed during their dating. Unfortunately, the couple enjoys an overnight meeting at a neighboring pension. They burn each other's bodies in the same space without knowing each other's existence... The life of a couple in this era of tightrope walking between Eros and Tanatos. Digging secretly into the crack's space.  [PLOT] Plot Jeanne Tantois is a shy young woman with a longstanding fascination with amusement-park rides. She builds miniature mechanical attractions in her bedroom and has difficulty relating to other people. She lives with her outgoing mother Margarette, whose uninhibited approach to relationships frequently embarrasses her. Jeanne begins working nights at a local amusement park, where a new ride called ""Move It"" has recently been installed. Her manager, Marc, is attracted to her and attempts to begin a relationship, but Jeanne becomes increasingly preoccupied with the new attraction. She privately renames it Jumbo. While cleaning and maintaining Jumbo after the park closes, Jeanne begins to interpret its lights, sounds and movements as responses to her presence. She develops a system of communication with it and comes to believe that the attraction reciprocates her feelings. Their encounters become increasingly intimate, culminating in a dreamlike sexual experience in which Jeanne imagines herself surrounded by Jumbo's machinery and black oil. At the same time, Margarette begins a relationship with Hubert, a visitor from outside the area. Margarette is initially pleased when Jeanne tells her that she has fallen in love, assuming that she means Marc. When she discovers that Jeanne is referring to an amusement-park ride, she reacts with disbelief and hostility. Jeanne nevertheless insists that her feelings are real. Margarette rejects Jeanne's relationship with Jumbo and throws her out of the house. Distressed, Jeanne returns to the park and later has sex with Marc, but remains attached to Jumbo. At the park's end-of-season party, Marc names Jeanne Employee of the Year before announcing that Move It will be removed because it has failed to attract enough visitors. Jeanne attacks him onstage. Hubert criticizes both Marc and Margarette for their treatment of Jeanne. Margarette eventually reconciles with her daughter and accepts her relationship. Before Jumbo leaves the park, Jeanne holds a wedding ceremony beneath the ride, attended by Margarette and Hubert.","",""
"724108","R-Rated Idol Seung-ha's Fancy Walk","2020","Seo-yeon is being tutored by Woo-hyeon who is younger than her. She grew interested in her tutor, Woo-hyun, the first time she met him, and he is also fond of Seo-yeon. Seo-yeon succeeded in seducing Woo-hyeon with the help of her friend Min-joo. Even if Min-joo is aware of what Seo-yeon feels, she approaches Woo-hyeon. Seo-yeon gets mad at her best friend when she met Woo-hyeon. Min-joo, aware of the fact that it's her faultis also angered by Seo-yeon's appearance and tells her to meet Jeong-soo, her friend. Seo-yeon is also angry and tells Min-joo that she have to meet Jeong-soo as well. A bittersweet story about a man who is a very close friend is just about to start.","",""
"724109","Hole-in-law","2020","An omnibus movie about the jealousy of a man who can't stand the fact that his favorite woman slept with another man in two episodes.  Episode 1  At a drinking party led by Jae-hoon, movie director Sang-min meets Hye-jin. Sang-min compliments and sleeps with her favorite Hye-jin while watching her movie. The next morning, Hye-jin's friend Mina left early because of her job, Jae-hoon and Sang-min, who were watching a movie together in Hye-jin's bed are attracted by the atmosphere and curiosity and enjoy 2 to 1.  Episode 2  Sang-min meets his school friend Ji-eun at the club.  When his foreign friend James showed interest in Ji-eun, Sang-min suddenly became interested in Ji-eun.  That night, Sang-min finds out that Ji-eun slept with James, and visits Ji-eun's house with complex emotions mixed with like, anger and jealousy and confesses that he likes her.  [PLOT] Plot After being fired from eleven major newspapers due to his behavior, temper, and alcoholism, Charles ""Chuck"" Tatum winds up in Albuquerque, New Mexico , and offers himself to the publisher of the small Sun-Bulletin . Skeptical of Tatum, editor and publisher Jacob Boot hires him for $60. A year later, Tatum has grown bored with the slow pace of Albuquerque life. Boot sends Tatum and the newspaper's young photographer , Herbie Cook, to cover a rattlesnake hunt. When they stop for gas, the pair learn about Leo Minosa, a local man trapped in a collapsed cliff dwelling , and the two investigate. Tatum talks his way past the deputy sheriff and enters the cave with Cook. Despite falling rocks, Tatum ventures close enough to Leo to pass him some amenities. Tatum takes photographs of the trapped man, tries to cheer him up, and begins scheming his big story. Leo's wife Lorraine is eager to leave Leo and their struggling gas station, but as tourists flock to the rescue site, the financial windfall leads her to go along with Tatum's scheme. After filing an initial report on the accident, Tatum persuades local sheriff Gus Kretzer to give him exclusive access to Leo in return for reportage that will guarantee Kretzer's reelection. Kretzer and Tatum convince construction contractor Sam Smollett to drill down to Leo from above rather than through the cave, extending the rescue time from twelve hours to a week to keep the story going, the sheriff pressuring him into this as he is the police contractor. The rescue site becomes an all-day carnival and Tatum starts drinking again. Cook loses his idealism and dreams of selling pictures to high-profile papers. Tatum quits the Sun-Bulletin , persuading Cook to quit with him, and talks Nagel, his former boss in New York, into hiring him to report exclusively from the scene for $1,000 a day. Five days into the event, Leo develops pneumonia and is given twelve hours to live. Tatum sends a news flash to Nagel: Leo will be rescued in twelve hours. However, Smollett tells him that shoring up the cave walls is now impossible due to the drilling. Leo tells Tatum that there is a fifth-year anniversary present for Lorraine in their bedroom. Tatum forces a reluctant Lorraine to open the gift, a fur stole, and Tatum makes her wear it. She protests, and Tatum begins to choke her with the stole. She stabs Tatum with a pair of scissors, and he drives away to the local church. Tatum takes the local priest to Leo to administer his last...","",""
"724113","La invitada","2017","The old salt has caught a mermaid and does not know what to do with it.  [PLOT] Synopsis Cara de Ángel is a sensitive teenager in search of his identity, trying to understand what it means to be a man in a world shaped by hostile masculinity. To earn a place in the neighborhood pack and prove his manhood, he joins a robbery; they plan to break into the house of a man they want revenge on. Driven by sexual desire, he explores his connection with Gabriela, a girl from the neighborhood he believes he’s in love with, and Jhonny, the lead singer of a punk band he deeply admires. His impulsive, hormone-fueled choices lead him into betrayal and mark the end of his innocence. [ 1 ] ^ Cite error: The named reference ficg was invoked but never defined (see the help page ).","",""
"724495","The Woman King","2022","The story of the Agojie, the all-female unit of warriors who protected the African Kingdom of Dahomey in the 1800s with skills and a fierceness unlike anything the world has ever seen, and General Nanisca as she trains the next generation of recruits and readies them for battle against an enemy determined to destroy their way of life.  [PLOT] Plot On the night before a job interview, Tess Marshall arrives at a house she has booked on Airbnb in Brightmoor, Detroit . However, the house has been double-booked and is occupied by a man named Keith. Initially unnerved, Tess warms to Keith and stays while he sleeps on the couch. She awakens in the night to find her bedroom door open, but Keith assures her he did not open it. At her job interview, the interviewer warns Tess that she is staying in a dangerous neighborhood. As she returns to the house, a stranger runs towards her urging her to leave, and she hurries inside. She accidentally locks herself in the basement and discovers a hidden room with a camera, a stained mattress, a bucket and a bloody handprint. Keith returns to the house and frees Tess. Ignoring Tess's warning, he investigates the room. When he does not return, Tess follows and finds a subterranean tunnel, where she finds Keith injured. A naked, deformed woman appears and bashes Keith's skull against a wall, killing him. The house's owner, a Hollywood actor named AJ, is fired from a television series following allegations of rape. With mounting legal costs and being ostracized from the filming community, AJ travels to Detroit to inspect the house before listing it for sale. He finds the hidden tunnel and tries to measure it, believing it may increase the house's value. The woman attacks him, and he falls into a pit where he meets Tess. In 1982, Frank, the house's original owner, buys supplies for a home birth and stalks a woman. In the present, Tess and AJ are locked in a pit. The woman tries to feed AJ milk from a bottle. Tess urges AJ to drink, explaining that the woman wants them to act like her babies. When AJ refuses, the woman drags him away and forcibly breastfeeds him. Tess escapes with the help of the homeless Andre, the stranger from before, who warns her that the woman will come after her at nightfall. With the woman distracted, AJ finds a room that she refuses to approach. Inside, he encounters a bedridden Frank and finds VHS tapes of Frank abducting and raping women. Frank shoots himself with a concealed revolver. The police dismiss Tess's story, assuming she is intoxicated. She breaks back into the house, retrieves her car keys, and drives into the woman as she leaves the house. Tess returns to the basement to rescue AJ, but he mistakenly shoots her with Frank's revolver. Outside, the woman's body has vanished. Tess and AJ shelter with Andre, who explains that the woman...","",""
"725201","The Gray Man","2022","When a shadowy CIA agent uncovers damning agency secrets, he's hunted across the globe by a sociopathic rogue operative who's put a bounty on his head.  [PLOT] Plot In 2003, senior CIA official Donald Fitzroy visits a prisoner named Courtland Gentry in Florida. Eight years earlier, Courtland was a minor convicted of killing his abusive father to protect his brother. Fitzroy offers him his freedom in exchange for working as an assassin in the CIA's Sierra program, an elite black ops unit, which will allow him to exist in the gray. In 2021, Courtland, now known as ""Sierra Six"", is working with fellow CIA agent Dani Miranda to assassinate a target named Dining Car suspected of selling off national security secrets in Bangkok during the national Songkran festival. Unable to do so stealthily without harming civilians, he attacks Dining Car directly, mortally wounding him. Before dying, he reveals he was also in the Sierra program as Sierra Four. He hands Six an encrypted drive detailing the corruption of CIA official Denny Carmichael, the lead agent on the assassination mission. Carmichael is elusive about the true purpose of the mission and the contents of the drive when confronted by Six, and Six refuses evacuation from Bangkok with Carmichael's men. Sending the drive to former Sierra Program handler Margaret Cahill in Prague , he calls a now-retired Fitzroy to request extraction. Carmichael hires mercenary Lloyd Hansen, a former CIA agent kicked out for his sociopathic tendencies, to track down Six and retrieve the drive. Lloyd does so by kidnapping Fitzroy's niece Claire, forcing Fitzroy to authorize Six's murder by the extraction team. However, Six kills them and escapes. Frustrated, Carmichael sends his subordinate Suzanne Brewer to oversee Lloyd and keep him in line. Lloyd keeps Claire hostage in a mansion in Croatia , at his base of operations. He also puts a massive bounty on Six's head to get mercenaries and assassins to hunt him down. Six heads to Vienna to find the serial number of Claire's pacemaker from Laszlo Sosa, but he betrays him for the bounty. Six escapes from Sosa's entrapment just as Lloyd arrives with his team and kills Sosa, while Six kills all of Lloyd's teammates and is rescued by Miranda from Lloyd. Her reputation is shot thanks to the Bangkok mission and she initially plans to bring him in to salvage her CIA career. Six convinces her to drive him to Cahill's apartment in Prague, where she decrypts the drive. It reveals the extent of Carmichael's corruption on behalf of a mysterious benefactor working for a shadow government . Lloyd sends several teams of assassins to Cahill, and a...","",""
"725377","The Mirror","2020","A mute French orphan goes on a journey to fix her superstitious guardian's magical mirror which changes her life forever.  [PLOT] Plot The very beautiful but wicked enchantress , the Evil Queen , narrates insisting that this is her story: she had married the widower king, who one day left to fight a great evil that had invaded the land, but never returned. The Queen rules in his absence , while confining her young stepdaughter, Princess Snow White , to the palace . Ten years later, Snow White is now a young woman who desires to explore the kingdom, deciding to sneak out. Walking through the forest , she meets the visiting Prince Alcott of Valencia and his valet Runbock, who have been robbed by a band of dwarfs ; she and Alcott are instantly smitten with each other. Snow White arrives in the town and finds the people are destitute due to the Queen's heavy taxation . Meanwhile, the Queen is introduced to Alcott and is also smitten. She decides to marry him for his wealth to solve the kingdom's financial troubles and throws a ball to woo him. Unbeknownst to her, Snow White secretly attends, planning to ask Alcott to help her regain her throne and restore the kingdom. The Queen spots them dancing and orders her manservant Brighton to take Snow White into the forest and feed her to a monster known as ""the Beast"". Showing deep care and concern for Snow White, Brighton spares her and requests that she run away from the Beast. The latter collapses at the dwarfs' hideout, who take her in and introduce themselves as Will Grimm, Butcher, Wolf, Napoleon, Half Pint, Grub, and Chuck. When Brighton collects more taxes levied by the Queen to pay for her expensive parties, the dwarfs rob him. Snow White takes the money and returns it to the townspeople, crediting the dwarfs, whom the people hail as heroes. The Queen informs Alcott that Snow White is dead. When he hears the bandits have robbed Brighton, he goes after them. In the forest, he discovers that Snow White is in league with the dwarfs, who have trained her in combat . Both believing each other to be in the wrong, Snow White and Alcott duel . He returns, defeated, and informs the Queen that Snow White was the dwarfs' leader and is alive. The Queen enters her Mirror House to consult her reflection, the Mirror Queen. She has her temporarily turn Brighton into a cockroach as punishment for his betrayal and deception and requests a love potion to make Alcott fall in love with her, the same one she once used on Snow White's father. The Queen accidentally gives him a "" puppy love "" potion, however, so Alcott becomes devoted to her like a puppy....","",""
"726036","Madhura Wines","2021","Ajay is an alcoholic, struggling to get over the break-up with his girlfriend in college, Madhura. He then meets Kiseema, who falls for him after knowing his past. Meanwhile  Anand, who owns Madhura Wines too is devastated that Ajay is ruining his life with his drinking problem. What happens to the brewing relationship between Ajay and Anjali now?","",""
"726139","Project Silence","2024","Due to sudden deteriorating weather conditions, visibility on the Airport Bridge is severely impaired, leaving people stranded and at risk of the bridge collapsing due to a series of chain collisions and explosions. Amidst the chaos, the canine subjects ""Echo"" from the military experiment ""Project Silence,"" who were being transported in secret, break free, and all human survivors become targets of relentless attacks.  [PLOT] Plot Abigail, a young ballet dancer, is kidnapped by six skilled criminals and taken to the secluded Wilhelm Manor. Lambert, who hired them, instructs them to guard Abigail for 24 hours, at which point each of them will receive $7 million from a $50 million ransom paid by her father. The group, using aliases to protect their identities, consists of former Army medic and recovering addict ""Joey"", former NYPD detective ""Frank"", thrill-seeking hacker ""Sammy"", former Marine sniper ""Rickles"", dimwitted mob enforcer ""Peter"", and sociopathic driver ""Dean"". Joey is reluctant to continue with the plan (as she was unaware Abigail was a child and has a son herself). Nevertheless, she is tasked with managing Abigail. Joey promises the girl that she will protect her. Abigail says her father does not care about her and will not pay the ransom, then ominously apologizes for what is ""going to happen"" to Joey. Perturbed by this, Frank violently confronts her, learning that her father is Kristof Lazaar, a powerful—almost mythical—crime lord. While looking for a snack, Dean is ambushed and decapitated. Just as the group surmises that Lazaar's legendarily violent enforcer Valdez is inside the house, a security system suddenly prevents them from leaving. Rickles is then found torn to pieces. When the group confronts Abigail for information, she transforms into a vampire . Frank shoots her in the head, but she heals instantly. Frank, Sammy, and Peter gather various folkloric items said to harm vampires, but they are revealed to have no effect on Abigail, who easily overwhelms them with her superior speed and agility. Joey is able to tranquilize the girl and cage her, but not before she bites Sammy. Upon awakening, the centuries-old Abigail admits that Lambert works for her father; the ""kidnapping"" is merely a trap to dispose of Lazaar's enemies. Joey deduces that Abigail kills for her father in hopes of winning his love. Abigail busts out of her confines and attacks Frank, but Joey exposes her to sunlight, which explodes her hand. With just hours before sunset, the group split up to find an escape route. Sammy turns into a vampire and drinks Peter's blood, killing him, before attacking Frank and Joey, who blow her up after reflecting sunlight with a silver tray. Lambert lures Joey and Frank into a hidden safe room, where he reveals Abigail turned him into a vampire two years earlier as punishment for helping Frank. Lambert turns Frank into a vampire, making a deal to cooperate...","",""
"726209","Leave the World Behind","2023","A family's getaway to a luxurious rental home takes an ominous turn when a cyberattack knocks out their devices—and two strangers appear at their door.  [PLOT] Plot Misanthrope Amanda Sandford arranges an impromptu weekend getaway at a vacation rental with her husband Clay and their kids, Archie and Rose. After arriving at the rental, Amanda goes to the store. While shopping for groceries, Amanda sees a man stocking up on large quantities of canned food and water. Later, while the family relaxes at a nearby beach, they evade an oil tanker crashing on shore. When they return to the house, they notice the TV and internet connection are not working and a pair of deer stare at them. That night, the owner, George H. (""G.H."") Scott, and his daughter, Ruth, arrive at the house. Seeking shelter, G.H. explains that a blackout caused their return. Amanda is suspicious and doesn't want them to stay. Clay, however, trusts them and lets them stay the night. Later in the night, the television switches to displaying an Emergency Action Notification from the Emergency Alert System on all channels. The next morning, Rose is frustrated that the internet connection and TV are still down, which has prevented her from watching the series finale of Friends . Amanda notices four news alerts on her phone, two of which are about the blackout affecting the East Coast , the third alert about a hacker attack being behind the power outage and the final one beginning with the word ""Breaking"" and containing corrupted or encrypted text. Rose sees a much larger herd of deer standing motionless in the backyard. Attempting to learn about the disruptions and fix the internet connection, Clay drives to town while G.H. heads to his neighbor's house. Clay gets lost and exits his car to look around, missing a few seconds of clear reception on the radio broadcasting news of the cyberattack having catastrophic environmental effects in the Southern US. He finds a Spanish-speaking woman seeking help, but abandons her and eventually encounters a drone dropping leaflets written in Arabic. G.H. searches the neighbor's home, finds a satellite phone inside, and finds there is no signal from the satellites. On the beach nearby, he discovers the wreckage of a plane crash just before narrowly escaping another airliner crashing. Rose walks with Archie in the woods, where they come across an empty shed and Archie removes a tick from his ankle on the way back. Returning to the house, G.H. confides to Amanda the events he has witnessed. He thinks that satellite connectivity has been disrupted, but he is cut off by a loud, shrill noise that lasts several seconds....","",""
"726759","Tetris","2023","In 1988, American video game salesman Henk Rogers discovers the video game Tetris. When he sets out to bring the game to the world, he enters a dangerous web of lies and corruption behind the Iron Curtain.  [PLOT] Plot At the 1988 Consumer Electronics Show in Las Vegas, Dutch video game designer Henk Rogers of Bullet-Proof Software discovers Tetris , a captivating puzzle game developed by Soviet programmer Alexey Pajitnov . Tetris is owned by the Soviet Union 's ELORG . Rogers learns that the worldwide licensing rights were sold to British entrepreneur Robert Stein, who sublicensed them to Robert Maxwell 's Mirrorsoft , headed by Maxwell's son, Kevin . Rogers acquires the rights to distribute Tetris in Japan for PC , console , and arcade . Rogers pitches a partnership to Nintendo CEO Hiroshi Yamauchi , proposing to adapt Tetris for the Famicom home console and arcades. Yamauchi agrees, and Rogers secures a $3 million loan from bank manager Eddie, using his family home as collateral . However, Kevin informs Rogers that Sega has already been promised arcade rights, complicating Rogers's ability to move forward with the Famicom version. Rogers desperately presses Nintendo for an advance on residuals , hoping to buy enough time to secure the needed rights, but is instead redirected to Nintendo's Seattle headquarters. There, Rogers proposes Tetris as the launch title for Nintendo's upcoming Game Boy handheld console instead of Super Mario Land . Nintendo of America 's President Minoru Arakawa and General Counsel Howard Lincoln agree, provided Rogers secures handheld rights. Rogers negotiates with Stein in London, offering $25,000 for the handheld rights. However, Stein later promises the rights to Atari Games for $100,000. Realizing he must deal directly with ELORG, Rogers travels to Moscow despite the risks of operating in a tightly controlled Soviet system. ELORG chairman Nikolai Belikov deems Rogers' Famicom version of Tetris illegal; Rogers deduces Stein exploited ambiguous contract language to sublicense rights beyond PC versions. Rogers reveals these manipulations, leading Belikov to draft a new contract defining platform-specific rights. Rogers meets Pajitnov, and they gradually develop a friendship. The growing potential of Tetris attracts scrutiny from Valentin Trifonov, a corrupt Communist Party official with KGB connections. Trifonov attempts to leverage Tetris as a political and financial asset, threatening Rogers, Pajitnov, and their families. Trifonov pressures Belikov into selling Tetris to Mirrorsoft. Belikov tells Kevin that Mirrorsoft can have Tetris if they are wired $1 million within a week. Belikov then privately talks to Rogers about making his own...","",""
"727340","Hunt","2022","After a high-ranking North Korean official requests asylum, KCIA Foreign Unit chief Park Pyong-ho and Domestic Unit chief Kim Jung-do are tasked with uncovering a North Korean spy, known as Donglim, who is deeply embedded within their agency. When the spy begins leaking top secret intel that could jeopardize national security, the two units are each assigned to investigate each other.  [PLOT] Plot In the 1980s, when the military dictatorship reached its peak, South Korean Agency for National Security Planning (ANSP) Foreign Unit chief Park Pyong-ho and Domestic Unit Chief Kim Jung-do worked together in Washington D.C. , protecting the dictorial President Chun Doo-hwan . While they are on patrol, the CIA notices a hired foreign assassination team and informs the Korean team about it. After an intense chase, Pyong-ho is taken hostage by the last survivor of the team. Jung-do shoots the assassin, and the men blame each other for the result. After the incident in Washington, the director of ANSP tells Jung-do and Pyong-ho that there is a North Korean mole within ANSP known as Donglim. According to intel from the CIA, he is a dangerous spy from North Korea who is trying to assassinate the president of the South. Jung-do and Pyong-ho work to root out Donglim. Initially, a university professor held in captivity is suspected to be Donglim. Jung-do and Pyong-ho work on the exfiltration of an asylum seeking North Korean nuclear physicist, who plans to defect with his family while they are in Japan. The physicist reveals that Donglim is still free, and has leaked information about a military infiltration by South Korea that is taking place on the same day. The infiltration is expected by the North and ends in total failure and the death of everyone involved. Pyong-ho's team leads the exfiltration operation, but because of conflicting orders, the operation ends in failure and the death of the physicist. Afterwards, the two teams begin to pursue Donglim in their own way, both accusing each other. Captain Lee Ung-pyong of the North Korean Air Force defects to the South and is chastised by his interrogators about the shallow, selfish reasons for his treason. Jung-do suspects that Yoo-jeong is in fact a North Korean agent tasked with keeping an eye on him, and violently interrogates her. After a long investigation, the men uncover the shocking truths about each other. Jung-do is part of a Southern uprising; he and his followers plan to assassinate the South Korean President for the Gwangju Democratic Movement , which resulted in the massacre of innocent civilians. Jung-do was also the client behind the assassination attempt in Washington D.C., and he shot the last assassin on purpose to prevent him from being interrogated. Pyong-ho, on the other hand, is revealed to be Donglim. In desperation, Pyong-ho kills his own assistant and escapes Jung-do’s pursuing...","",""
"728178","YARA ZED","2018","YARA ZED is a Commercial Agent and goes around the world to sell a service for the less special …","",""
"728754","Stand by Me Doraemon 2","2020","Nobita travels to the future to show his beloved grandma his bride, but adult Nobita has fled his own wedding.  [PLOT] Plot The film opens during the events of the previous movie when Nobita is in the day before his wedding with Shizuka , however his future self is seemingly distraught. After a scolding from his mother, present Nobita grows discouraged and questions his true identity. While searching for a place to hide his exam results, he finds an old teddy bear given by his late grandmother, triggering memories of her. Nobita insists on seeing her, and Doraemon reluctantly agrees. In the past, they encounter younger versions of Nobita, his friends, and family. By chance, Nobita reunites tearfully with his grandmother, fulfilling her wish to see him during his primary school days. However, she also wishes to see his future bride. They panic when discovering that the future Nobita has apparently run away from the wedding. In the future, present Nobita fills in for his future self during the wedding but leaves midway due to stage fright during his speech. Desperate to find the future Nobita, they discover that the time machine has vanished. Doraemon uses the ""Soul Time Machine"" to transport Nobita's soul to the past, enabling them to retrieve the time machine and the ""Path-Finding Stick"". By using the stick, they manage to find the future Nobita who is hiding in the present era. He explains why and how he got to this era and laments that he could have been a better person and that he would be happier if Shizuka forgot he existed entirely. To help him overcome his resentment, Doraemon uses the ""Switching Rope"", a trial gadget sent to him earlier, to swap the bodies of the two Nobitas. However, a salesperson from the future then arrives telling them that if they are not switched back within one hour, their memories would be erased permanently. In a panic, the present Nobita (in future Nobita's body) and Doraemon search for future Nobita (in present Nobita's body). Future Nobita in the meantime, encounters Shizuka but gets into a fight with older bullies, in which he uses a motorcycle to escape. While attempting to fight them, he consistently fades in and out of consciousness, letting him dodge multiple punches. But his friends join in and eventually defeat the bullies. Both Nobitas then go unconscious, worrying about both his friends and Doraemon. Doraemon then uses the ""Anywhere Door"" to go to the present switch both of their souls, preventing their memories from being erased. Future Nobita then finally realizes the reason why Shizuka truly likes him and decides it is time...","",""
"729854","Concrete Utopia","2023","The world has been reduced to rubble by a massive earthquake. While no one knows for sure how far the ruins stretch, or what the cause of the earthquake may be, in the heart of Seoul there is only one apartment building left standing. It is called Hwang Gung Apartments. As time passes, outsiders start coming in to Hwang Gung Apartments trying to escape the extreme cold. Before long, the apartment residents are unable to cope with the increasing numbers. Feeling a threat to their very survival, the residents enact a special measure.  [PLOT] Premise Yeon-gyu is a teenage boy who wants to escape his hometown, where violence is commonplace among neighbors. Despite never having experienced what he wanted in his 18 years of life, he still clings to hope. His only wish is to live peacefully with his mother. However, the world never allows him to have dreams or hope for the future. When Yeon-gyu needs help from adults, Chi-geon, a local thug, offers a favor. This seemingly simple favor introduces Yeon-gyu to Chi-geon's world. Ironically, Yeon-gyu gradually becomes entangled in Chi-geon's life. Desperate to escape his current situation, he struggles with this dilemma. Will he ultimately be able to flee the town?","",""
"730251","Happyend","2024","In a near-future Japanese city bracing for a devastating earthquake, a group of teenage friends navigate personal struggles and fractured bonds amid rising tension.","",""
"732203","Gintama: The Very Final","2021","The countdown to destruction has begun! Gintoki and the others set out to fulfill the wishes of their teacher Shoyo and thwart Utsuro's plans. Shinpachi, Kagura, the Shinsengumi, members of the Kabuki District, and even former enemies will join their fight. As Utsuro's power grows, Takasugi fights for his very life. Will Gintoki be able to put an end to all this?!  [PLOT] Plot Gintoki, Takasugi and Katsura fight past the Tendoushuu forces, who have taken over the Terminal. The mothership at the top of the terminal is absorbing large amounts of Altana and channeling it into the body of the child Shouyou in order to resurrect him and obtain true immortality. As the group is attacked, they split up into two, with Katsura holding on to Shouyou's heart. Katsura and Hitsugi engage in a fierce battle, and the latter eventually stabs and destroys the heart, revealing that he had no intention of reviving the child; he only wanted to free Utsuro from the curse of immortality. Without the heart, Shouyou would only be able to regenerate and maintain his body temporarily. In the terminal, the Shinsengumi, Hyakka, Oniwabanshu and the rest of the Kabukicho residents fight the rest of the Tendoushuu army, while Matsudaira shoots down the ships outside. Then Gintoki reunites with Kagura and Shinpachi and they rush towards the top of the terminal. In the meantime, Takasugi reaches the Tendoushuu's ship to find that Shouyou has been revived and killed off the rest of the Tendoushuu. Shouyou's only wish is to put an end to himself and Utsuro. Takasugi begs Shouyou to return to Shoka Sonjuku with him. Shouyou apologizes for not being able to save his disciples, the ones that he truly wanted to protect. As he approaches Takasugi, the latter stabs him, revealing that Utsuro's blood has taken over his body as well. This causes a large explosion at the top of the Terminal. Gintoki is separated from the others and faces off Utsuro, now manifesting in Takasugi's body, Utsuro comes to a realisation that Takasugi did not stab Utsuro earlier. Instead, supported by Oboro whose blood also runs through his body, Takasugi stabbed himself. The body that Utsuro saw lying on the ground was himself. Gintoki and Utsuro fight each other. With a final stab and in a human body, Utsuro is no longer immortal and dies. Gintoki holds a dying Takasugi in his arms, who tells him that Gintoki has won again and he dies. Shinpachi and Kagura rescue the wounded Shouyou. Shouyou tells everyone to evacuate the Terminal via Sakamoto's ships, who was about to blow up due to the massive amounts of Altana that is escaping it. Shouyou said that he could use the Altana in his body to cancel out the energy bursting out of the Terminal. Shinpachi and Kagura join him and Katsura stays behind as well. He tells Gintoki, via a radio handed to him by the Shinsengumi, that he has spent his...","",""
"734413","Metro Kathalu","2020","Revolving around Hyderabad, a city like no other, are the lives of eight people grappling with life-changing choices as their fates entwine with each other. However, they're determined to rise above the occasion and make room for life and a little more.","",""
"734724","The Last Scene","2019","The story of an indigenous Ese’eja child facing the death of his grandfather. During the two days that separate the two traditional funerals the child decides to go for the first time to the city, to chase his grandfather dream and set his spirit free.  [PLOT] Plot Krug Stillo, a notorious killer, is being transported to a max security prison. When he asks the transporting officers for a restroom break, the two refuse knowing he is a flight risk. While stopped at a railroad crossing, the two officers are viciously broadsided by a pickup truck driven by Krug's brother Francis, and the former's girlfriend Sadie. Sadie shoots one officer dead, and Krug wraps a seatbelt around the other officers neck which ultimately kills him. Both officers die at the scene, leaving the killers at large. Dr. John Collingwood, his wife, Emma, and their teenage daughter, competitive swimmer Mari , head out on vacation to their lake house. Shortly thereafter, Mari borrows the family car and drives into town to spend time with her friend Paige. While Paige works the cash register at a local store, she and Mari meet Justin, a teenager passing through town, who invites them both back to his roadside motel room to smoke marijuana. While the three are hanging out in the motel room, Justin's family members return: his father Krug, his uncle Francis, and Krug's girlfriend Sadie, his stepmother. Krug becomes angry at Justin for bringing unknown people to their motel room and shows him a local newspaper that has Krug and Sadie's pictures on the front page, which explains how Sadie and Francis broke Krug out of police custody and killed the two officers who were transporting him. Believing it would be too risky to let Paige and Mari go, the gang kidnaps them and uses their car to leave town. While Krug searches for the highway, Mari convinces him to take a road that leads to her parents' lake house; Mari then attempts to jump out of the vehicle, but the ensuing fight among the passengers causes Krug to crash into a tree totaling the vehicle. Frustrated by Mari's attempt to escape, Sadie and Francis proceed to beat Mari and Paige as they crawl from the wreckage. Once Sadie begins to attack Mari, Paige hits Sadie in the stomach, knocking her off Mari and giving the girls a chance to escape their assailants. However, before Mari can run away, Krug grabs her and urges Sadie and Francis to get Paige. Paige runs through the woods, falls, and injures her leg. Upon doing so, she sees a construction site ahead and calls for help but is not heard over the loud noise of the machines. She is then captured by Sadie and Francis and taken back into the woods. When they arrive back in the woods where the rest of the group is, a now-tied-up Paige is placed on...","",""
"736071","Daddy Dearest","2018","David takes advantage of his fathers' illness to get his revenge. His sisters' arrival will bring to light all those secrets no one wants to talk about.","",""
"736146","A Family","2021","Taken in by the yakuza at a young age, Kenji swears allegiance to his old-school boss, pledging to adhere to the family code amid ever-changing times.  [PLOT] Plot Sadashiva Rao (Sanjay Ratha) is a temperamental and abusive man who lives with his wife Parvathi (Sruti Meher Nori), son Lakshman (Teja Kasarapu), and daughter-in-law Yamini (Pooja Kiran). Sadashiva often berates his family, threatening to evict Lakshman and Yamini if Lakshman doesn’t find a job soon. While Yamini remains unaware of the family's dysfunction, Lakshman is frustrated by his father’s behavior. Rama ( Suhas ), Sadashiva’s elder son from his first marriage and Lakshman’s half-brother, had been estranged from the family after being thrown out by Sadashiva years ago. When Lakshman reconnects with Rama, they conspire to paralyze their father with poison in his coffee, seeking revenge and inheritance. Lakshman convinces Parvathi to assist, and that night, Sadashiva is paralyzed. The next day, Rama returns home with his wife Mahati (Anusha Nuthula) to ensure the transfer of wealth and prevent Parvathi from disrupting their plans out of guilt. Meanwhile, Rama’s friend Nagesh unexpectedly arrives, seeking repayment for a loan. Rama lures him to the backyard under the guise of getting high and kills him by slitting his throat with a blade. Yamini witnesses this murder and tells Lakshman, who convinces her to stay quiet until the inheritance is secure, fearing an investigation into Sadashiva’s condition. Soon, Sadashiva’s family friend Vasuki (Geddam Srinivas) visits and overhears Rama admitting to the paralysis plot. Rama and Lakshman catch him and kill him, this time with Lakshman delivering the fatal blow. Mahati witnesses the murder but only sees Lakshman, not Rama, hiding nearby. It’s revealed that both brothers are serial killers. Rama had killed three people initially, and Lakshman, unknown to Rama, copied his method to kill three more victims, making the public believe there was only one killer. When Mahati confronts Rama about Lakshman’s involvement, he convinces her not to go to the police, using the same argument Lakshman used on Yamini. Mahati discreetly contacts Vasuki’s son, Subhash, to follow up on his missing father. Meanwhile, Yamini and Mahati confide in each other, and Yamini realizes Lakshman is also a killer. She sedates both brothers and digs up Nagesh’s corpse with Mahati, but instead, they find Vasuki’s body, leaving Mahati unconvinced of Rama’s guilt. Rama overhears this and plots to kill both women, but Lakshman insists on sparing Yamini until the wealth transfer is complete. Mahati finally realizes Rama’s murderous nature...","",""
"736732","Broker","2022","When a young mother reconsiders abandoning her baby, she discovers a scheme selling foundlings for adoption.  [PLOT] Plot Ha Sang-hyeon volunteers at a church with his friend Dong-soo, and together they run an illegal operation where they secretly remove babies left in the church's baby box and sell them through the adoption black market . One night, So-young leaves her newborn son, Woo-sung, at the church. When So-young returns to the church, Dong-soo explains the brokers' plan, and she decides to accompany him and Sang-hyeon to meet potential adoptive parents for Woo-sung. After visiting the orphanage where Dong-soo grew up, Hae-jin, a child from the orphanage, secretly climbs into the group's van and joins them. The police are investigating So-young for having murdered Woo-sung's biological father, while detectives Soo-jin and Lee are pursuing the brokers. After an unsuccessful sting operation, Soo-jin uses the case against So-young to secure her cooperation in arresting the brokers. The widow of Woo-sung’s father employs Tae-ho, a gangster that Sang-hyeon owes money to, to get Woo-sung back. The brokers eventually find a couple willing to adopt Woo-sung on the condition that So-young will never meet him. So-young later reveals to Sang-hyeon and Dong-soo that she murdered Woo-sung's father. At an amusement park, Dong-soo discusses the idea of the three of them raising Woo-sung together as a family. However, So-young says that she will be arrested for murder and will not be able to raise Woo-sung. Sang-hyeon meets with his estranged daughter, who says her mother does not want further contact and is expecting another child, while Soo-jin listens nearby. Soo-jin instructs So-young to turn herself in for accidental manslaughter in exchange for a three-year sentence and the ability to see Woo-sung afterward. Sang-hyeon and Dong-soo deduce that So-young has made a deal with the police but accept that she is acting for Woo-sung's sake and proceed with the plan. On the way to the meeting, Tae-ho confronts them, leading Dong-soo to continue alone while Sang-hyeon stays behind to negotiate with him. At the meeting, Dong-soo is arrested by the police and learns So-young has turned herself in. At a transit center, Sang-hyeon sees a news report stating that a body has been found in the same Seoul underground shopping center where he last met Tae-ho, and that the victim is a gangster from Busan . Three years later, Soo-jin has adopted Woo-sung. Although the couple who tried to adopt him were barred for their illegal involvement, she still lets them visit Woo-sung. After So-young...","",""
"736820","Confidential Assignment 2: International","2022","Follows Rim Chul-ryung heading back to South Korea in pursuit of a brutal and secret criminal organization. He teams up again with Kang Jin-tae, who volunteers to work with the North Korean in order to get back on the investigation team after a mistake landed him in the cyber crime department.  [PLOT] Plot In NYC , Jang Myong-jun, a leader of a North Korean terrorist organization, is captured and about to be transferred to Pyongyang , but the FBI officials are attacked by North Korean gangsters and Myong-jun escapes. Myong-jun sneaks into Seoul using a fake passport and also takes US$ 1 billion with the help of his partner Kim Chul-soo, an ex-agent and scientist. Learning this, the North Korean government sends Im Cheol-ryong to Seoul again to catch Myong-jun and retrieve the money. Cheol-ryeong reunites with Kang Jin-tae and they begin the investigation, but the duo are interrupted by Jack, an FBI agent, who wishes to bring the North Korean criminals back to the U.S. on charges of killing FBI officials. They agree to work together and the operation is expanded to a trilateral collaboration of the Koreans and Americans. At the hotel, Cheol-ryeong confesses that Myong-jun is his senior and an ex-North Korean agent. Jack tells that he received a mail from Adolf Bohrmann to catch Myong-jun 2 months ago and he suspected that Bohrmann's boss Michael Joe, a crime boss, is helping Myong-jun in money laundering , and Joe had betrayed Myong-jun to steal the money. The next morning, the trio decides to track Sergey, who is responsible for providing fake passport and illegal cell phones to Myong-jun and they follow his girlfriend Natasha, a Russian model. At night, Natasha goes out shopping and Jin-tae sneaks into her house to implant a bug, but is attacked by Sergey. However, Jin-tae manages to defeat Sergey and brings him to the interrogation room, where they track the cell phone's location to Joe's club. The trio, along with Jin-tae's sister-in-law Park Min-young, infiltrate the club. Myong-jun meets Joe at the penthouse and demands him to return the money. When Joe refuses, Myong-jun kills him and Chul-soo as the latter is in cahoots with the FBI. Cheol-ryeong heads to the penthouse and manages to arrest Myong-jun. Later at the North Korean delegation's residence, Cheol-ryeong finds that Bohrmann is actually a German scientist responsible for killing Jews in a gas leak accident. Cheol-ryeong informs it to Jack, who later learns that his boss is also in cahoots with Myong-jun. An assassin tries to kill Jack, but he manages to subdue him and learns that Jin-tae's family is being held by Myong-jun. Jin-tae is forced to take Myong-jun's henchman into the residence to spread a virus on the residence radio tower. Myong-jun frees himself and kills his ex-superior...","",""
"737057","Suspicious Practice Room: Special Treatment of Mother's Friend","2018","A sick hospitalization life in a hospital run by a mother's friend. Shin, who injured her leg in an accident, is admitted to the hospital of her mother's friend Ayumi. Unable to bear the cravings accumulated in the increasingly prolonged hospital life, God secretly masturbates and gets caught by nurse Koharu. Rather than being surprised, Koharu covets God's secret place as an excuse for massage. Moreover, it turns out that Ayumi also has a secret secret.","",""
"737568","The Doorman","2020","A former Marine turned doorman at a luxury New York City high-rise must outsmart and battle a group of art thieves and their ruthless leader — while struggling to protect her sister's family. As the thieves become increasingly desperate and violent, the doorman calls upon her deadly fighting skills to end the showdown.  [PLOT] Plot In Bucharest , U.S. Marine Gunnery Sergeant Alexandra “Ali” Gorski is tasked to protect a convoy carrying the daughter of the ambassador. Armed mercenaries ambush them, and although Ali fights fiercely and effectively, the mercenaries are still able to kill the ambassador, his wife and their daughter. Ali leaves the Marines and returns to New York City . Her uncle, Pat, tells her of a job in The Carrington Hotel in New York City where he works. Ali is hired, working alongside another doorman, Borz. She finds out that her late sister’s husband, Professor Jon Stanton, and his two children, Max and Lily, live there. Jon and Ali had an affair during the marriage, which she fled by joining the Marines. She is invited to their Easter dinner. Over the Easter holiday, Borz kills Pat with a hammer, revealing that Borz has been disguised as a doorman to search for valuable paintings hidden in the hotel. A group of mercenaries led by Victor Dubois arrive and initiate a lockdown. Dubois, Borz, and his men invade the apartment of Bernard Hersch, who suffers akinetic mutism . Dubois knew Bernard as Erich Dreischler and asks where the paintings are. When Bernard does not speak, Borz stabs him in the hand, finally bringing Bernard around, even though he cannot recall the whereabouts of the paintings. When Bernard’s wife explains that they moved from 10 C after Bernard's stroke seven years earlier, the mercenaries leave for 10C — now occupied by the Stantons — before Borz kills Bernard and his wife. Dubois and his men arrive at 10C and hold Jon and Lily hostage, while Max, seeing the men already inside, runs away. Dubois eventually discovers the hidden safe containing the paintings and has Martinez use a water cooled drill to bypass the combination code. Jon attempts to distract Dubois by having a glass of wine to allow Lily to use Dubois’ laptop to call for help via Facebook , but Borz catches her and Dubois forces her to delete the message. After discovering the Hersch couple's corpses and Borz’s betrayal, Ali kills one henchman and runs into Max. Ali and Max activate the fire alarm to summon the fire department but as Ali tries to alert them, two other henchmen catch the two and the firefighters find nothing amiss and leave after Borz explains that it was a false alarm. After Ali kills another henchman, Max is separated and is recaptured and brought to 10C. Dubois calls Ali over the PA system , ordering her to surrender herself. Seeing the water hose is connected...","",""
"739405","Operation Fortune: Ruse de Guerre","2023","Special agent Orson Fortune and his team of operatives recruit one of Hollywood's biggest movie stars to help them on an undercover mission when the sale of a deadly new weapons technology threatens to disrupt the world order.  [PLOT] Plot A gang of Ukrainian mobsters manages to steal a device known as ""The Handle"", estimated to be worth billions, from a secret military black site in Kyiv . In response, the British government hires Nathan Jasmine to retrieve the Handle before billionaire arms dealer Greg Simmonds can sell it to the highest bidder. Nathan hires a team consisting of MI6 super-spy Orson Fortune, American Central Intelligence Agency computer programmer and hacker, Sarah Fidel, and special forces operator and marksman, J.J. Davies. The team travels to Madrid , seeking the courier tasked with transporting the hard drive containing the data from the Handle. Their search is interrupted by Mike, a rival of Nathan's, who seems to have also been hired to retrieve the Handle. Sarah manages to copy the hard drive's contents first. Learning that Simmonds plans to host a charity gala in Cannes , the team decides to infiltrate it by blackmailing his favorite movie star, Danny Francesco, into helping them distract Simmonds. Sarah will be accompanying Danny as ""Michaela"" while Orson plays as Danny's manager. Sarah gets through the phone to discover secret talks about the buyer for the Handle. Simmonds invites Danny and Sarah to spend some time in his Turkish villa in Antalya . Orson infiltrates the Ukrainian mafia house to aid Sarah in hacking their computers, disguising it as a robbery. The team and Nathan learn the Handle is an advanced AI developed by the British government that is capable of being programmed to defeat any security system in the world. Upon learning that the exchange for the Handle will take place in Antalya, the team travels to Turkey. While Simmonds shows Danny his memorabilia, Orson and JJ work to track down one of Simmonds' moles within the Turkish government. Disguised as Simmonds' lawyer, who died due to Orson, Orson attends the exchange and finalizes it, but Mike and his men intervene, resulting in the death of almost everyone present and the theft of the Handle. This incident makes it clear that Mike has gone rogue and is working independently. Despite the problems the team has caused him, Simmonds is willing to help because Mike's theft of the Handle has cost Simmonds his commission. Simmonds tells them that the buyers were two bio-tech moguls, Trent and Arnold, who have been hoarding gold and intend to use the Handle to cause a worldwide financial collapse. While Orson and JJ clear heavy security on ground level, Simmonds and Danny go up into the tower...","",""
"739606","Saajan Bakery Since 1962","2021","Siblings Bobbin and Betsy run their family business, Saajan Bakery, together. However, their equation is a turbulent one with their aims in life poles apart. The rivalry and the ensuing events form the film’s plot.  [PLOT] Plot Two siblings, Betsy and Bobin, and their maternal uncle, Cherian, run their family Bakery in Ranni . The bakery was started by Betsy and Bobin's father Saajan. Bobin is not a responsible man preferring to while away time with friends, drinking and hoping to emigrate to Australia one day. Betsy is separated from her husband, Michael. There were no children in the marriage. Betsy is hard working and runs the bakery efficiently. Bobin tries hard to convince her to go in for a divorce or reconciliation, a subject she avoids, frustrating Bobin. He doesn't want to emigrate leaving her with incomplete matters in her hand. Merin who works in a diagnostic lab is attracted to Bobin and messages the bakery number thinking that it is Bobby's personal number. Bobby doesn't get to see the message, but Betsy does and is intrigued by the message. The messages are flirtish in nature and Betsy thinks it must be her estranged husband Michael. Her demeanor undergoes a change and she becomes a happier person from her usual bad tempered self. Bobin finds out that Merin's message to him was received by Betsy and request Merin to continue messaging her in the hope that Betsy might reconcile with Michael. Betsy finally decides to meet Michael and try to reconcile their differences. She makes Bobin drive her to Theni where Michael lives and after meeting him realizes that it was not Michael sending her the WhatsApp messages. Betsy is humiliated and ashamed at her error in judgment and leaves Theni in tears. Michael advises her to move on with her life. Betsy goes to meet someone and Bobin calls her and scolds her for being away from home without telling him. Betsy breaks down and tells Cherian that Bobin was just like her deceased father, unfeeling and domineering. She leaves the bakery enrolls herself in IELTS classes without telling anyone as she realizes she needs to move on with her life. Bobin and Merin's romance is rocky due to his personality that is like his father's. She tolerates him but when he keeps mentioning Merin's past relationship with Abhilash, she has had enough. She also decides to tell her ultra religious parents about Bobin and is kicked out of the house. She leaves for Bangalore because she realize that it was not worth pursuing a relationship with a man like Bobin. Meanwhile, the bakery is not doing well and Bobin requests his classmate to sell some of Saajan bakery's products in their bakery. The bakery is owned by his classmates father Benjamin....","",""
"740441","Unlocked","2023","A woman's life is turned upside-down when a dangerous man gets a hold of her lost cell phone and uses it to track her every move.  [PLOT] Plot Lee Na-mi is a young woman who primarily works as a marketer at a start-up company that sells jelly drinks, as well as a part-time job at her father's cafe. One night Na-mi leaves her smartphone on the bus, which is picked up by Oh Jun-yeong, who uses a fake voice app to arrange for Na-mi to pick up her phone at a repair shop the next day. At the repair shop, a masked Jun-yeong fixes Na-mi's broken phone screen and gets the password from her in order to install spyware on her phone and clone it. Jun-yeong, who has done this before to eight victims, methodically follows Na-mi's daily activities to learn about her life. Using this information, he stages repeated meetings with Na-mi and befriends her. Na-mi's father, Lee Seung-woo, is suspicious of Jun-yeong, so Jun-yeong tricks his way into Seung-woo's house and keeps him prisoner so he cannot protect Na-mi. Simultaneously, Detective Woo Ji-man investigates a murder case involving a dead body found on a remote mountain, and finds clues that implicate Jun-yeong, his son that he hasn't seen in ten years. Ji-man finds Jun-yeong's apartment with evidence of his activities, but Jun-yeong tricks him and is able to destroy the evidence. Seven additional bodies of Jun-Yeong's victims are found. Jun-yeong uses Na-mi's social media to leak work information and badmouth her company, causing her to get fired. Na-mi and her best friend, Eun-joo, try to report the hacking to the police but are told to find evidence of the hack first. Jun-yeong intercepts Na-mi and Eun-joo's message to their friend who is a digital safety expert, and presents himself as the ""expert"" instead. Jun-yeong manipulates Na-mi to believe that Eun-joo is responsible for the hack; Na-mi and Eun-joo have a falling out, leaving Na-mi completely isolated. Na-mi remembers going to the repair shop and returns there, where she meets Ji-man and his partner, Kim Jung-ho, who have also just tracked down the shop. Na-mi realizes that Jun-yeong was responsible for the spyware and suggests setting a trap for him at her apartment; she is unaware of the danger, as Ji-man doesn't tell her that Jun-yeong is a serial killer. Ji-man and Jung-ho see Jun-yeong approach Na-mi's building but do not recognise him and let him leave. Believing the trap has failed, Ji-man and Jung-ho send Na-mi to her father's house. Jun-yeong is already there, and he taunts Na-mi, forcing her to drown her father in the bathtub. Unknown to Jun-yeong, Ji-man and Jung-ho have received a...","",""
"740985","Borat Subsequent Moviefilm: Delivery of Prodigious Bribe to American Regime for Make Benefit Once Glorious Nation of Kazakhstan","2020","14 years after making a film about his journey across the USA, Borat risks life and limb when he returns to the United States with his young daughter, and reveals more about the culture, the COVID-19 pandemic, and the political elections.  [PLOT] Plot After 14 years of forced labor in a gulag for the dishonor inflicted on his country in his previous adventure , Kazakh journalist Borat Sagdiyev is released by his country's president, Nursultan Nazarbayev , with a mission to deliver Kazakh Minister of Culture (and Kazakhstan's most famous porn actor ) Johnny the Monkey to President Donald Trump in an attempt to redeem the nation. Unable to get close to Trump after defecating in the landscaping of Trump International Hotel and Tower in the previous film, Borat opts to give the monkey to Vice President Mike Pence . Before leaving, he discovers that his arch-nemesis neighbor, Nursultan Tulyakbay, has stolen his family and home and that he has a 15-year-old daughter, Tutar, who lives in his barn. Borat is transported across the world in a circuitous route by cargo ship and arrives in Galveston, Texas , where he finds he is a celebrity. Wanting to maintain a low profile, Borat purchases multiple disguises. He buys a cell phone and welcomes Johnny but finds that Tutar is in Johnny's shipping crate and has eaten him. Horrified, Borat faxes Nazarbayev, who tells him to find a way to satisfy Pence or he will be executed. Borat decides to give Tutar to Pence. Tutar receives a makeover, and Borat introduces her at a debutante ball . Her menstrual blood is prominently displayed at the ball during a father and daughter dance. Discovering that Pence is nearby at CPAC , Borat disguises himself as Trump and attempts to give Tutar there, but security ejects him. Nazarbayev is enraged and tells him to return to Kazakhstan for execution. Realizing that he can still give Tutar to someone close to Trump, Tutar suggests giving her to Rudy Giuliani . Because Giuliani had bragged about having an affair with a large-breasted woman, Borat brings Tutar to a cosmetic surgeon who advises breast implants. While Borat works in a barbershop to raise enough money to pay for breast surgery, he briefly leaves Tutar with a babysitter who is confused by Borat's sexist teachings. She informs Tutar that the things her culture has taught her are lies. After Tutar sees a woman driving a car and successfully masturbates for the first time, she decides not to get the surgery and lashes out at Borat for keeping her oppressed her whole life. Before leaving, she tells him that the Holocaust , their country’s ""greatest accomplishment,"" is a lie by citing a Holocaust denial Facebook page. Shaken, Borat decides to commit suicide by going to the...","",""
"743563","Vikram","2022","Amar is assigned to investigate a case of serial killings. When Amar investigates the case, he realizes it is not what it seems to be and following down this path will lead to nothing but war between everyone involved.  [PLOT] Plot Amar, the leader of a black ops squad, is called upon by Police Commissioner Jose to bring to justice a group of masked vigilantes responsible for the murder of Stephen Raj, ACP Prabhanjan and his foster father, Karnan. The gang killed Stephen after being arrested and subsequently released following his imprisonment for assisting criminals Adaikalam and Anbu. Amar leads the investigation by digging into Karnan's life, as he finds the murder out of place since Karnan was an ordinary man while the other two victims were high-ranking NCB officials. Amar discovers Karnan's addiction to alcohol and prostitutes while overprotecting his foster grandson. He found two drug containers missing that Sandhanam, who runs a larger syndicate than Adaikalam, called Vettai Vagaiyara , is hunting. The other two containers were part of a shipment to Rolex, Sandhanam's boss, who promised to help form his government if he received the drugs. If not, Rolex would kill Sandhanam and his family. Amar discovers Karnan's addictions are cover for a covert operation he was running. Meanwhile, Veerapandian, a Public Works Department (PWD) officer, and a contractor named Rudra Prathap plot to take the drug containers to Sandhanam, but the masked vigilantes arrive and kill Veerapandian at a theatre. Amar and his team capture Bejoy, one of the vigilantes. Bejoy reveals the syndicate killed his family for his role in leading a drug bust at Trichy , [ a ] leading him to join the vigilantes. Amar and his team realise Rudra Prathap is the vigilantes' next target, and they sneak into Rudra Prathap's daughter's wedding ceremony. Rudra Prathap invites Sandhanam for protection. The masked men and his gang arrive at the wedding and threaten him. The leader drags Rudra Prathap and escapes on a bike. Amar chases and catches the vigilantes' leader and reveals himself as Karnan, who had faked his death. Karnan kills Rudra Prathap by slitting his throat and escapes the police. Amar tells Jose that Karnan is Vikram, the former commander of the black ops squad's 1986 pilot batch. Only Vikram and three other team members survived after the government tried to kill them because of a botched mission in 1991. Amar also theorises Jose is Sandhanam's mole in the department and was involved in Prabhanjan's death. Amar organises a bomb blast at Sandhanam's bungalow that destroys it and a drug lab. Jose hears of the bombing and informs Sandhanam. Jose tells Sandhanam about Vikram's and Amar's identities....","",""
"743814","Serve the People","2022","Mu-kwang volunteers to be a kitchen police of Sa-taek, the divisional commander, dreaming of success. One day, Mu-kwang meets Su-ryeon by chance, who is a young and beautiful wife of the commander. Soon, he feels a strong attraction by her.  [PLOT] Plot In early 2016, Charlie is a super-morbidly obese recluse in Moscow, Idaho . [ a ] Weighing 600 pounds (270 kg), [ 3 ] Charlie never leaves his apartment, where he teaches online English writing courses to college students, but keeps his webcam off, ashamed of his appearance. His nurse Liz enables him by bringing him unhealthy food , while urging him to seek treatment for heart failure, though Charlie insists he cannot afford medical care. Charlie orders pizza almost every night with delivery driver Dan, who leaves pizza on the porch and collects payment from the mailbox, the two never meeting face-to-face. Things begin to change for Charlie when he is visited by Thomas, a missionary for the New Life Church who wants to help him. Thomas learns that Charlie hopes to reconnect with his estranged teenage daughter Ellie, whom he abandoned eight years before when leaving his wife, Mary, for a male student of his, Alan. He reveals that he has been saving money for years and offers Ellie his $120,000 bank account if she spends time with him. Ellie agrees on the condition that he completes her homework, though he also requests that she write in a notebook he gives her. As Charlie's health worsens, Liz brings him a wheelchair. Thomas again visits Charlie. Liz arrives and angrily orders Thomas to leave, then changes her mind and has a talk with him outside. Liz chastises Thomas for his efforts to help Charlie, then reveals she is the adopted daughter of New Life's head pastor and that Alan was her brother; Alan's religious guilt drove him to suicide, and Charlie turned to emotional eating to cope with his grief, leading to his current weight. Despite Liz's objections, Thomas still believes his mission is to help Charlie. One day, Ellie places crushed Ambien into Charlie's food, knocking him out. Thomas arrives, and the two smoke marijuana. Thomas confesses to stealing money from the church and running away because he was dissatisfied with the mission work in Iowa . Ellie secretly records their conversation. Liz brings Mary to visit Charlie. When Liz learns about the amount Charlie has saved for Ellie, she storms out, furious over having been lied to about why he avoided medical treatment. Mary and Charlie argue over his decision to leave his family for Alan. Mary is further exasperated with Ellie's apparently malevolent behavior, but Charlie expresses hope that Ellie will prove he did ""one thing right with his life"". Later, after delivering pizza, Dan hears...","",""
"744148","Hole-in-law 2","2020","Sang-min's girlfriend Eun-jeong, is a nude model and takes photos with a stranger in a motel naked. Sang-min who doesn't believe in free-spirited Eun-jeong, after drinking in three groups with her close friend Jae-hoon,, comes home. Sang-min, who noticed that Eun-jeong is quietly flirting with Jae-hoon, asks if he wants to do with Jae-hoon while having sex with Eun-jeong. When Eun-jeong actively responded, he made Jae-hoon go into the room where Eun-jeong was sleeping.  [PLOT] Plot After being fired from eleven major newspapers due to his behavior, temper, and alcoholism, Charles ""Chuck"" Tatum winds up in Albuquerque, New Mexico , and offers himself to the publisher of the small Sun-Bulletin . Skeptical of Tatum, editor and publisher Jacob Boot hires him for $60. A year later, Tatum has grown bored with the slow pace of Albuquerque life. Boot sends Tatum and the newspaper's young photographer , Herbie Cook, to cover a rattlesnake hunt. When they stop for gas, the pair learn about Leo Minosa, a local man trapped in a collapsed cliff dwelling , and the two investigate. Tatum talks his way past the deputy sheriff and enters the cave with Cook. Despite falling rocks, Tatum ventures close enough to Leo to pass him some amenities. Tatum takes photographs of the trapped man, tries to cheer him up, and begins scheming his big story. Leo's wife Lorraine is eager to leave Leo and their struggling gas station, but as tourists flock to the rescue site, the financial windfall leads her to go along with Tatum's scheme. After filing an initial report on the accident, Tatum persuades local sheriff Gus Kretzer to give him exclusive access to Leo in return for reportage that will guarantee Kretzer's reelection. Kretzer and Tatum convince construction contractor Sam Smollett to drill down to Leo from above rather than through the cave, extending the rescue time from twelve hours to a week to keep the story going, the sheriff pressuring him into this as he is the police contractor. The rescue site becomes an all-day carnival and Tatum starts drinking again. Cook loses his idealism and dreams of selling pictures to high-profile papers. Tatum quits the Sun-Bulletin , persuading Cook to quit with him, and talks Nagel, his former boss in New York, into hiring him to report exclusively from the scene for $1,000 a day. Five days into the event, Leo develops pneumonia and is given twelve hours to live. Tatum sends a news flash to Nagel: Leo will be rescued in twelve hours. However, Smollett tells him that shoring up the cave walls is now impossible due to the drilling. Leo tells Tatum that there is a fifth-year anniversary present for Lorraine in their bedroom. Tatum forces a reluctant Lorraine to open the gift, a fur stole, and Tatum makes her wear it. She protests, and Tatum begins to choke her with the stole. She stabs Tatum with a pair of scissors, and he drives away to the local church. Tatum takes the local priest to Leo to administer his last...","",""
"744203","Liquid Stranger","2020","A knife suspended in the air, a PVC trench coat, a slick of red lipstick and multiple stories of murder and obsession all become signifying agents in this camp mash-up of language, narrative and performance.","",""
"744275","After We Fell","2021","Just as Tessa's life begins to become unglued, nothing is what she thought it would be. Not her friends nor her family. The only person that she should be able to rely on is Hardin, who is furious when he discovers the massive secret that she's been keeping. Before Tessa makes the biggest decision of her life, everything changes because of revelations about her family.  [PLOT] Plot In a flashback, Carol Young kicks her husband Richard out of their house over his alcoholism, despite Tessa's pleas for him to stay. In the present, Tessa and her boyfriend Hardin Scott bring a now-homeless Richard to their apartment. Tessa wants to let her father stay so she can build a relationship with him, while Hardin distrusts Richard, even offering him money to leave. Richard declines the money, explaining that he only wants to make amends. Tessa and Landon, Hardin's step-brother, discuss Tessa's move to Seattle to be closer to her employer Vance Publishing. Hardin arrives and argues with Tessa over the move; he hoped to move with her to London after graduation. After a phone call with his mother Trish, who asks Hardin to attend her upcoming wedding and talks about her close relationship with Vance's owner Christian Vance, Hardin accompanies Richard to a bar, where they get into a fight with a bystander over lewd comments about Tessa. The next day, Richard decides to leave the apartment, while Hardin and Tessa fight again about her move to Seattle. Vance's fiancée Kimberley offers to let Tessa and Hardin stay with the couple in Seattle, after which Hardin apologizes to Tessa. Tessa and Hardin accompany Hardin's dad Ken, his step-mom Karen, and Landon to the family's lake house for a weekend vacation. Hardin sheds some of his previous hostilities towards his family, growing closer to them. While the family is out for dinner, Hardin encounters his old friend Lillian, who he introduces to Tessa. She grows jealous of the attention Lillian receives from Hardin and begins to flirt with their waiter Robert. After having sex in a hot tub, Hardin asks Tessa if she ever had feelings towards her coworker Trevor. When she admits she may have briefly, he storms away. When Hardin tells Tessa that he is with Lillian, Tessa goes to the restaurant from before and flirts with Robert, who gives her his phone number. Hardin and Lillian arrive, and Lillian explains she is gay and thus has no interest in Hardin. When Hardin finds Robert's phone number in Tessa's belongings the next day, they leave the lake house early. Following her move to Seattle, Tessa and Hardin do not speak for several days. He finds her journal, wherein she describes all the pain caused by their relationship. Eventually, they reconcile, and Hardin takes up boxing as a way of resolving his anger issues. Vance and Kimberly tell Tessa that they are expecting a child. When Hardin has a nightmare...","",""
"744276","After Ever Happy","2022","As a shocking truth about a couple's families emerges, the two lovers discover they are not so different from each other. Tessa is no longer the sweet, simple, good girl she was when she met Hardin — any more than he is the cruel, moody boy she fell so hard for.  [PLOT] Plot A few hours after Christian Vance reveals to Hardin he is his biological father, Hardin returns to his mother's wedding reception with Tessa, where he confronts her about the deception. Vance tries to explain himself, but he storms off with a bottle of whiskey. That evening, Tessa finds a drunk Hardin breaking into Trish's house and setting the place on fire. He realizes his mistake and tries to put the fire out, to no avail. Vance arrives and sneaks Hardin out the back to Vance's car as the fire department arrives. Hardin wakes up the next morning and Tessa tells him Vance took the blame for the fire himself. They drive to a hill where they have sex. Tessa and Hardin return to their hotel where she confides in Vance's fiancée Kimberley. Tessa tracks the missing Hardin down to a party, where she finds him drunk and high. She offers him a chance to live with her, but he declines, so she returns to the US. Upon returning to their apartment, Tessa finds her father, dead from an apparent overdose. Landon calls Hardin dozens of times to let him know before he finally picks up. He hurries back to Tessa and tries to comfort her, but she shuts him out. Hardin argues with her mom, Carol, about whether he is good for Tessa as he always seems to abandon her. Nevertheless Hardin, along with Landon, attends Richard's funeral to support Tessa. They go to a dinner hosted by Hardin's dad Ken, and Landon's mom Karen, along with Landon and his friend Nora, to say farewell to Landon as he moves to NYC for school, where Nora also lives. After dinner, Tessa brings Hardin outside to talk. She tells him they need time apart to heal from their recent family traumas, so she has decided to leave Vance Publishing to move to NYC with Landon. Hardin is hurt by the bombshell and nearly hits Landon out of rage for not telling him. Landon reminds him he is also Tessa's friend as much as Hardin is his brother. Tessa gives him an ultimatum: if he loves her, he will not follow her there to let them have their time apart, to which he reluctantly agrees. Tessa moves in with Landon and starts working with Nora at a fancy restaurant, while Hardin starts going to AA and graduates from university. Months later, Hardin comes to NYC for work so Landon offers to host him. Tessa takes double shifts to avoid Hardin, but Landon and Hardin come to her restaurant and request her as their server. Hardin stays until she is off work and they talk about how they have been; Hardin's sobriety and Tessa...","",""
"744685","Chrishna Ombwiri","2019","Krishna once again takes female form. Going with the current, she shares her memories with us as the spirits of the river keep a watchful eye.","",""
"746036","The Fall Guy","2024","Fresh off an almost career-ending accident, stuntman Colt Seavers has to track down a missing movie star, solve a conspiracy and try to win back the love of his life while still doing his day job.  [PLOT] Plot Working as the stunt double for action star Tom Ryder, Hollywood stunt performer Colt Seavers breaks his back during a stunt gone wrong and abandons his career and his girlfriend, camerawoman Jody Moreno. Eighteen months later, Colt, now a valet for a small Mexican restaurant , is contacted by Gail Meyer, Tom's film producer. She tells him that Jody is directing her first film, a space opera film titled Metalstorm starring Tom, and that she wants Colt to join the production in Sydney . After arriving on set, Colt learns that Jody never asked for him and is still furious about their breakup, with the film serving as a less-than-subtle attempt to air her grievances at Colt. Gail reveals that Tom has disappeared after getting into trouble with ""very bad people"", so she wants Colt to find him before his absence causes the already-overbudget film to be canceled. Not wanting Jody's directorial debut ruined, Colt agrees. He first goes to Tom's apartment, where he meets Tom's girlfriend and co-star, Iggy. A lead Iggy gives Colt sends him to a nightclub. There he meets drug dealer Doone, who tricks Colt into drinking a cocktail laced with a hallucinogen . After getting into a fight with Doone's henchmen, he visits Tom's hotel room, where he finds a dead body in a bathtub full of ice. When Colt returns with the police, the body has disappeared. As the production of Metalstorm continues, Colt and Jody begin to rekindle their relationship, until Gail abruptly informs him that he must return to the United States. Instead, he continues looking for Tom by tracking down his personal assistant Alma Milan. She hands him Tom's phone, which Tom and Gail had been searching for, before they are both attacked by Tom's head of security, Dressler, and his team, who are looking for the phone. Colt and Alma defeat them after an extended chase through Sydney involving a rubbish truck . He and his long-time friend Dan Tucker, the stunt coordinator on Metalstorm , unlock the phone. On it they discover a video of an intoxicated Tom accidentally killing his most recent stunt double, Henry Herrera (the man in the bathtub), while sparring at a party. The henchmen attack Colt and Dan, destroying the phone with shotgun pellets. Dan escapes, but Colt is captured and brought face-to-face with Tom, who has been hiding out on a yacht per Gail's instructions. He reveals that Gail is framing Colt for the crime using deepfake technology to replace Tom's face with Colt's on the incriminating...","",""
"746901","Observation 1","2020","Human subject study  [PLOT] Plot .mw-parser-output .ambox{border:1px solid #a2a9b1;border-left:10px solid #36c;background-color:#fbfbfb;box-sizing:border-box}.mw-parser-output .ambox+.mw-empty-elt+.ambox,.mw-parser-output .ambox+.mw-empty-elt+.mw-empty-elt+.ambox,.mw-parser-output .ambox+.mw-empty-elt+.mw-empty-elt+.mw-empty-elt+.ambox{margin-top:-1px}html body.mediawiki .mw-parser-output .ambox.mbox-small-left{margin:4px 1em 4px 0;overflow:hidden;width:238px;border-collapse:collapse;font-size:88%;line-height:1.25em}.mw-parser-output .ambox-speedy{border-left:10px solid #b32424;background-color:#fee7e6}.mw-parser-output .ambox-delete{border-left:10px solid #b32424}.mw-parser-output .ambox-content{border-left:10px solid #f28500}.mw-parser-output .ambox-style{border-left:10px solid #fc3}.mw-parser-output .ambox-move{border-left:10px solid #9932cc}.mw-parser-output .ambox-protection{border-left:10px solid #a2a9b1}.mw-parser-output .ambox .mbox-text{border:none;padding:0.25em 0.5em;width:100%}.mw-parser-output .ambox .mbox-image{border:none;padding:2px 0 2px 0.5em;text-align:center}.mw-parser-output .ambox .mbox-imageright{border:none;padding:2px 0.5em 2px 0;text-align:center}.mw-parser-output .ambox .mbox-empty-cell{border:none;padding:0;width:1px}.mw-parser-output .ambox .mbox-image-div{width:52px}@media(min-width:720px){.mw-parser-output .ambox{margin:0 10%}}@media print{body.ns-0 .mw-parser-output .ambox{display:none!important}} This article's plot summary may be too long or excessively detailed . Please help improve it by removing unnecessary details and making it more concise. ( May 2025 ) ( Learn how and when to remove this message ) In the Kalahari Desert in Southern Africa , many African bush elephants prepare to migrate from their home in the Okavango Delta to a grassy paradise near Victoria Falls until the rains return. The Herd is led by their great matriarch Gaia and her younger sister Shani, who has helped keep their family safe. Shani has also been raising her spirited son Jomo, a very energetic young elephant who just wants to play with the other animals, such as lechwes and baboons . When the land is about to dry up, Gaia leads the elephants to an almost dry waterhole to enjoy the mud before leaving the desert. They are soon joined by other elephants who visit, play, and drink from the water. When the water dries up, Gaia notices a baby elephant suffocating and stuck in the mud, so she goes to its rescue, and the baby is reunited with its mother. The herd leaves the...","",""
"747188","Asteroid City","2023","In an American desert town circa 1955, the itinerary of a Junior Stargazer/Space Cadet convention is spectacularly disrupted by world-changing events.  [PLOT] Plot 32-year-old Maddie Barker is an Uber driver and bartender in Montauk, New York . As she owes property taxes on the home she inherited from her mother, her car is being repossessed, and she faces bankruptcy. Desperate to keep her home, Maddie responds to an unusual Craigslist posting. Wealthy couple Alison and Laird Becker seek someone to date their 19-year-old son Percy in exchange for a Buick Regal . As he is shy and has no experience with girls, drinking, parties, or sex, his parents hope to boost his confidence and ""get him out of his shell"" before he attends Princeton University . Maddie attempts to seduce Percy at the animal shelter where he volunteers. When she offers him a ride home, he thinks she is attempting to kidnap him and maces her. Despite this, she agrees to a date. Maddie and Percy meet at a bar the next night and then go skinny dipping at the beach. While they are swimming, drunken teenagers steal their clothes. Naked, Maddie attacks them, frightening Percy, who refuses to have sex with her. When Maddie tries to leave with his clothes, Percy jumps on her car, naked, and they outrun the police. As they attempt to have sex at her home, he develops an anxiety rash , so Maddie instead takes care of him. Maddie and Percy continue dating, sharing more about themselves and becoming friends. Maddie reveals her father was cheating on his wife and family in New York City with her mother, so she and Maddie were left on their own, although he paid her off with some cash and the house. Both reveal that they never went to prom, so they imitate a prom night, going to a fancy dinner where Percy plays a rendition of "" Maneater "" on the piano. Afterward he meets a school acquaintance, Natalie, who invites him to a Princeton orientation party. After Percy and Maddie disagree about their long-term plans, he goes to the party, where Maddie eventually searches for him. She finds him with Natalie in bed, though nothing happened between them after he took an ibuprofen with alcohol. After leaving the party, Percy professes his love for Maddie, and Maddie says they should not have sex for the first time when he is drunk. The next day, Percy tells his parents he wants to stay in Montauk with Maddie instead of going to Princeton. In a panic, his father offers her the car if she convinces him to go to Princeton. Percy overhears Maddie's deal with his parents. Feeling betrayed, Percy invites his parents and Maddie to dinner simultaneously and makes surreptitious...","",""
"748783","The Garfield Movie","2024","Garfield, the world-famous, Monday-hating, lasagna-loving indoor cat, is about to have a wild outdoor adventure! After an unexpected reunion with his long-lost father – scruffy street cat Vic – Garfield and his canine friend Odie are forced from their perfectly pampered life into joining Vic in a hilarious, high-stakes heist.  [PLOT] Plot Garfield is a fat, sedentary tabby cat who lives a pampered lifestyle with his beagle dog sidekick, Odie , and their owner, Jon Arbuckle . One night, while getting a midnight snack, Garfield and Odie are abducted by a Shar Pei named Roland and a Whippet named Nolan, and taken to an abandoned mall, where they are rescued by Vic, Garfield's estranged father, whom Garfield resents for abandoning him in an alley as a kitten. Jinx, a deranged white Persian cat with a grudge against Vic, arrives seeking revenge for being left behind during a milk heist at Lactose Farms. She then offers to forgive Vic if he, Garfield, and Odie steal a large quantity of milk as compensation for her imprisonment in the pound, while Roland and Nolan watch closely. The following morning, Jon notices Garfield and Odie's disappearance, and has trouble calling people to help search for them. While freighthopping a freight train to Lactose Farms, which is through a series of temperate broadleaf and mixed forests in the rural area , Vic attempts to bond with Garfield to no avail. The trio reach the farm, which is heavily guarded by an advanced security system, and meet Otto, a Highland bull and the farm's former mascot , who was cast out after a corporation took over, separating him from his cow girlfriend, Ethel. They agree to help get Ethel out of the farm if he helps them break in. While preparing for the heist, Garfield and Vic frequently clash with each other, forcing Odie and Otto to tie them to an oak tree. During a heated argument, Vic forlornly reveals that he was actually obtaining food for Garfield, but the busboy got in the way, delaying his return. He returned with an anchovy , only to find Jon taking care of him in an Italian restaurant that he wandered off into. Solemnly accepting Jon as a better care provider, Vic let him adopt Garfield and kept his distance from his son. Understanding the circumstances, Garfield forgives his father. Meanwhile, Roland and Nolan report to Jinx, but she calls the farm's animal control officer, Marge Malone, to frame Garfield, Odie, and Vic for it. Guided by Otto, the trio successfully infiltrates the farm, but Marge intercepts them at the loading dock and captures Garfield and Odie. Vic remorsefully leaves them behind despite his son's pleas, steals the milk truck, and successfully delivers it to Jinx, only to be betrayed and captured by her. Meanwhile, Garfield and Odie end up at the pound, where Garfield meets Vic's old crewmates,...","",""
"749170","Heads of State","2025","The UK Prime Minister and US President have a public rivalry that risks their countries' alliance. But when they become targets of a powerful enemy, they're forced to rely on each other as they go on a wild, multinational run. Allied with Noel, a brilliant MI6 agent, they must find a way to thwart a conspiracy that threatens the free world.  [PLOT] Plot In the early 1900s, Buffalo Bill visited Italy on a tour of his traveling Wild West Show , bringing the myth of American cowboys to Italy. During a show in Rome , he was challenged by Ercole Rupè, a local squire who ran a butteri club, who claimed his butteri were more skilled than Bill's cowboys. However, Rupè decided to bet on the American and asked his butteri to lose on purpose, but the talented Santino refuses and wins the challenge. Rupè is engaged to a charming young French woman, Rosa, whom he constantly abuses and insults. After winning the challenge and losing the bet, Rupè reaches out to Santino and witnesses him approaching Rosa. In a rage, Rupè insults and beats his girlfriend and threats Santino, but is killed by a gunshot fired by Rosa. Rosa and Santino go into hiding, determined to go to America, Rosa's dream, while Rupè's elderly and extremely wealthy father places a bounty on the head of the buttero, believed to be responsible for the murder, and tasks Buffalo Bill with finding the two fugitives. During their escape, Rosa and Santino fall in love and become engaged, meeting various personalities along the way, including a group of anarchist rebels who see Santino as a model of revolt against the rich and the lords. The group of rebels is attacked by soldiers, and during the shootout, the two lovers attempt to escape, but shortly before they can, Santino is killed by Giovanni ""Zecchino,"" a criminal who is part of the rebel group but who, along with his brother, wants to collect the substantial price placed on the man's head. Rosa is kidnapped and wakes up in a cave overlooking the sea, tied to a goat cage, while Zecchino and his brother argue over who will bring Santino's severed head to Mr. Rupè. While the two brothers argue and kill each other, Rosa flees, carrying away the head of her beloved. Overcome by despair, fear, and madness, she imagines Santino's head still alive and communicating with her. Buffalo Bill, followed by one of his men and the headless body of Santino, carried on Rosa's horse, finds the girl and offers her two options, to be decided by a game of heads or tails : if heads, they would engage in a gunfight; if tails, she would be free to continue on her way. The outcome of the challenge is unclear, but Rosa continues on her way, carrying Santino's head, her horse, and Bill's notebook. The girl reaches Mr. Rupè, presents him with Santino's head, and forces him to hand over the promised reward. Once she has the...","",""
"749451","Les Vagues","2019","","",""
