"tmdb_id","title","release_year","synopsis","themes","tones"
"677179","Creed III","2023","After dominating the boxing world, Adonis Creed has thrived in his career and family life. When a childhood friend and former boxing prodigy, Damian Anderson, resurfaces after serving a long sentence in prison, he is eager to prove that he deserves his shot in the ring. The face-off between former friends is more than just a fight. To settle the score, Adonis must put his future on the line to battle Damian — a fighter with nothing to lose.  [PLOT] Plot In 2002, Adonis ""Donnie"" Creed sneaks out with his best friend, Golden Gloves champion ""Diamond"" Dame Anderson , to watch him compete in an underground boxing match in Los Angeles . After Dame's victory, he tells Donnie about his aspirations to turn professional and become a world champion. During a detour at a liquor store, Donnie impulsively attacks a man named Leon, and Dame is arrested while Donnie escapes, running away from the scene. After Dame was arrested, Donnie never contacted Dame again. In 2023, five years after beating Viktor Drago [ a ] and three years after beating Ricky Conlan in South Africa to avenge his only career defeat, [ b ] Donnie has retired from boxing to focus on his wife Bianca and their 6-year-old daughter Amara, whose hearing impairment has since led the family to become fluent in American Sign Language . Donnie runs the Delphi Boxing Academy with Tony ""Little Duke"" Evers Jr. and is promoting his protégé, world champion Felix ""El Guerrero"" Chavez, in a match against Drago. While the two watch the declining health of Donnie's adoptive mother Mary-Anne, Amara aspires to become a boxer like Donnie, which gets her into trouble at school when she punches a bully. Released from prison, Dame reconnects with Donnie and shares his desire to resume his boxing career. Donnie reluctantly invites Dame to the gym, and hires him as Chavez's sparring partner, but his presence draws scorn from Chavez and Duke as Dame is overly aggressive and hostile. Dame later visits Donnie's home, where he meets his family and recounts their time together at a group home, a story that Bianca had never heard. Privately, Dame asks for a title shot against Chavez, but Donnie declines. After Drago is attacked by an unknown assailant at a party for Bianca's record label, which casts doubt on his ability to participate in his upcoming fight, Donnie nominates Dame as Drago's replacement. Despite it being his first professional bout, Dame manages to win the unified heavyweight championship in a 3rd round knockout by implementing dirty tactics such as a knee and elbow, as well as targeting Chavez's shoulder (Which Dame had intentionally damaged during one of their sparring sessions), leaving Chavez in serious condition while being sent to the hospital and Duke furious with Creed. Following the match, an uneasy Donnie visits Mary-Anne, who shows him years' worth of letters Dame had written to Donnie while in prison, which she kept from him due to her believing...","",""
"678512","Sound of Freedom","2023","The story of Tim Ballard, a former US government agent, who quits his job in order to devote his life to rescuing children from global sex traffickers.  [PLOT] Plot In 2013, Roberto Aguilar, a poor father of two from Tegucigalpa , Honduras, is approached by a woman called Giselle. She offers to sign his young children, Rocío and Miguel Aguilar, to child modeling contracts. He accepts and takes them to the photoshoot. When he returns to pick up his children, they are gone. It is revealed that the children have been abducted and sold to be used as sex slaves . In Calexico, California , Tim Ballard is a Special Agent for Homeland Security Investigations (HSI), where he arrests people who possess and distribute child pornography . The painful work takes a great toll on his personal life, and this is only worsened when another agent, Chris, points out that despite arresting and prosecuting numerous child predators , they are largely unable to prevent more children from being exploited. Ballard knows this is because most of them are outside the U.S., but Chris' words stick with him. He speaks to a suspect he arrested, Ernst Oshinsky, deceiving the man into believing he is a secret pedophile himself and using quotes from Oshinsky's novel. Once he gains Oshinsky's trust, he sets up a meeting with a trafficked child, prompting Ballard to arrest Oshinsky on child trafficking charges, and is able to arrest Earl Backman, the man who purchased Miguel. Ballard rescues Miguel and asks him for information that would help him find other missing children. Ballard learns that Miguel's sister Rocío is still missing, and the boy asks him to save her. Ballard arranges for Miguel to return home to Roberto, but not before Miguel gives Ballard his sister's Saint Timothy necklace. Ballard starts looking for Rocío, and his search leads him to Cartagena , Colombia . He meets with Vampiro (""Vampire""), a former Cali Cartel accountant who now works to save children from sex trafficking, and Jorge, a Colombian police officer. They gain information on Giselle, whose real name is Katy Juarez, a former beauty queen. After reading about a child sex club in Thailand which was shut down, Ballard decides that this is the perfect cover story to acquire a large number of Katy's children in a sting operation . He also gets a wealthy citizen named Pablo Delgado to help fund the mission. Ballard's supervisor, Frost, orders Ballard to return to the U.S. as he does not have the authority to conduct such an operation on foreign soil. Ballard resigns from his position rather than abandon the search for Rocío. Sympathizing with Ballard's decision, Frost...","",""
"679057","Bosomy Tae-hee","2020","Cha-wook and Min-joo are about to get married. Cha-wook proposes a couple trip to Yong-woo’s wife who is his junior at work. Ji-yeon doesn’t like uncomfortable trips but Yong-woo’s boss forced her. The trip has been decided and Cha-wook plans to stay with Ji-yeon, who he’s been eyeing. Min-joo is forced to join. On the day of the trip, Min-joo finally tells everything to Ji-yeon and Ji-yeon decides to use Cha-wook.","",""
"680071","Vanishing","2022","When a series of gruesome murders hit Seoul, the Korean investigation police has no choice but to ask help from world-renowned French doctor Alice Launey who developed a revolutionary technique for recognizing bodies. With more corpses on the way and a mysterious organ trafficking ring uncovered, things are about to get more dangerous in the land of the morning calm…  [PLOT] Synopsis One day, a severely damaged and unknown corpse is discovered. Jin-ho ( Yoo Yeon-seok ), the detective in charge of the case seeks advice from an international forensic scientist , Alice ( Olga Kurylenko ) to determine the identity of the corpse. Alice restores the missing traces through cutting-edge technology, and Jin-ho uses clues to intuit that it is not just a murder case, but has a close relationship with an organ trafficking organization. Two people working together to uncover the truth of the case, face the identity of an international criminal organization, and the truth of a shocking and gruesome incident is revealed. Everything disappears for a reason! [ 1 ] ^ .mw-parser-output cite.citation{font-style:inherit;word-wrap:break-word}.mw-parser-output .citation q{quotes:""\""""""\""""""'""""'""}.mw-parser-output .citation:target{background-color:rgba(0,127,255,0.133)}.mw-parser-output .id-lock-free.id-lock-free a{background:url(""//upload.wikimedia.org/wikipedia/commons/6/65/Lock-green.svg"")right 0.1em center/9px no-repeat}.mw-parser-output .id-lock-limited.id-lock-limited a,.mw-parser-output .id-lock-registration.id-lock-registration a{background:url(""//upload.wikimedia.org/wikipedia/commons/d/d6/Lock-gray-alt-2.svg"")right 0.1em center/9px no-repeat}.mw-parser-output .id-lock-subscription.id-lock-subscription a{background:url(""//upload.wikimedia.org/wikipedia/commons/a/aa/Lock-red-alt-2.svg"")right 0.1em center/9px no-repeat}.mw-parser-output .cs1-ws-icon a{background:url(""//upload.wikimedia.org/wikipedia/commons/4/4c/Wikisource-logo.svg"")right 0.1em center/12px no-repeat}body:not(.skin-timeless):not(.skin-minerva) .mw-parser-output .id-lock-free a,body:not(.skin-timeless):not(.skin-minerva) .mw-parser-output .id-lock-limited a,body:not(.skin-timeless):not(.skin-minerva) .mw-parser-output .id-lock-registration a,body:not(.skin-timeless):not(.skin-minerva) .mw-parser-output .id-lock-subscription a,body:not(.skin-timeless):not(.skin-minerva) .mw-parser-output .cs1-ws-icon a{background-size:contain;padding:0 1em 0 0}.mw-parser-output .cs1-code{color:inherit;background:inherit;border:none;padding:inherit}.mw-parser-output .cs1-hidden-error{display:none;color:var(--color-error,#bf3c2c)}.mw-parser-output .cs1-visible-error{color:var(--color-error,#bf3c2c)}.mw-parser-output .cs1-maint{display:none;color:#085;margin-left:0.3em}.mw-parser-output .cs1-kern-left{padding-left:0.2em}.mw-parser-output .cs1-kern-right{padding-right:0.2em}.mw-parser-output .citation...","",""
"680956","Chal Mera Putt 2","2020","A tale of everlasting love between illegal immigrants struggling for their PR in the UK as they challenge they multiple struggles.  [PLOT] Plot The film follows a close-knit group of undocumented Punjabi and Pakistani immigrants living in Birmingham , United Kingdom . The central group includes Jinder, Bikkar Chacha, Billa, Tavrej, Boota, and later Keepa, along with their lawyer Bilal Randhawa. They all struggle with unstable jobs, low wages, and the constant fear of deportation while trying to send money back to their families in Punjab and Pakistan. Despite their hardships, they form a strong friendship and rely on one another for emotional and practical support. Jinder is one of the central figures in the group and is in a quiet romantic relationship with Savy, a young woman living in the same area. Their relationship develops alongside the struggles of immigrant life, but both remain uncertain about their future due to legal and financial instability. Savy also faces pressure from her family, who expect her to follow traditional arrangements. The group seeks legal assistance from Bilal Randhawa, a lawyer who agrees to help them apply for residency. However, because Jinder, Bikkar Chacha, Billa, Tavrej, and Boota all lack proper documentation and stable immigration status, their case is complicated and uncertain. While waiting for progress, they continue working low-paying jobs and eventually move into a shared house on Chad Road to reduce expenses and stay together. Tensions rise when Boota and Tavrej are wrongly implicated in a petrol station robbery after their passports are discovered in a vehicle connected to the crime. Both are arrested, and the incident triggers public backlash against immigrants in general. Although Bilal Randhawa works to defend them, their undocumented status makes their legal situation even more difficult, and they face the risk of deportation. Despite the accusations, Jinder, Bikkar Chacha, Billa, and the rest of the group stand firmly by Boota and Tavrej, refusing to abandon them. At the same time, Savy learns that her family has arranged her marriage in Punjab. Jinder, feeling that he cannot offer her a stable or secure future due to his financial struggles and uncertain immigration status, reluctantly accepts that they may have to separate. Their emotional farewell highlights the personal cost of their circumstances, and Savy eventually returns to Punjab. Meanwhile, the group continues to fight for the legal defense of Boota and Tavrej, while also trying to maintain their own fragile lives in Birmingham. The friendship between Jinder, Bikkar Chacha, Billa,...","",""
"682052","Offline Valley","2018","Claire and David are on a trip to Offline Valley in order to disconnect from social networks and the pressures of modern-day society. They'll probably end up dead.","",""
"682153","Doraemon: Nobita's New Dinosaur","2020","Nobita accidentally finds a fossil dinosaur egg mixed with rocks in the dinosaur fossil exhibition site that he had visited before. He returns it to its original state with the 'time blanket'.  [PLOT] Plot .mw-parser-output .ambox{border:1px solid #a2a9b1;border-left:10px solid #36c;background-color:#fbfbfb;box-sizing:border-box}.mw-parser-output .ambox+.mw-empty-elt+.ambox,.mw-parser-output .ambox+.mw-empty-elt+.mw-empty-elt+.ambox,.mw-parser-output .ambox+.mw-empty-elt+.mw-empty-elt+.mw-empty-elt+.ambox{margin-top:-1px}html body.mediawiki .mw-parser-output .ambox.mbox-small-left{margin:4px 1em 4px 0;overflow:hidden;width:238px;border-collapse:collapse;font-size:88%;line-height:1.25em}.mw-parser-output .ambox-speedy{border-left:10px solid #b32424;background-color:#fee7e6}.mw-parser-output .ambox-delete{border-left:10px solid #b32424}.mw-parser-output .ambox-content{border-left:10px solid #f28500}.mw-parser-output .ambox-style{border-left:10px solid #fc3}.mw-parser-output .ambox-move{border-left:10px solid #9932cc}.mw-parser-output .ambox-protection{border-left:10px solid #a2a9b1}.mw-parser-output .ambox .mbox-text{border:none;padding:0.25em 0.5em;width:100%}.mw-parser-output .ambox .mbox-image{border:none;padding:2px 0 2px 0.5em;text-align:center}.mw-parser-output .ambox .mbox-imageright{border:none;padding:2px 0.5em 2px 0;text-align:center}.mw-parser-output .ambox .mbox-empty-cell{border:none;padding:0;width:1px}.mw-parser-output .ambox .mbox-image-div{width:52px}@media(min-width:720px){.mw-parser-output .ambox{margin:0 10%}}@media print{body.ns-0 .mw-parser-output .ambox{display:none!important}} This section's plot summary may be too long or excessively detailed . Please help improve it by removing unnecessary details and making it more concise. ( July 2021 ) ( Learn how and when to remove this message ) Nobita visits a dinosaur exhibition with his friend. In a fossil excavation experience there, he vows to his friends that he will discover a dinosaur and says that he will eat monkey nuts with his eyes if he fails. As he leaves the excavation experience, he trips over a rock and suspects that he has found the fossil of an egg. He goes home and convinces Doraemon to use the time wrapping cloth on the fossil egg, and two Sinosauropteryx emerge. Doraemon found that they are a new species of compsognathid not listed in the Complete Encyclopedia of Space. Nobita names the twin dinosaurs Kyu and Myu and under the advice of Dr. Dinosaur learned how to take care of them. The two fast-growing creatures gradually show differences in their development. Myu has learned to fly, but not the smaller Kyu. As Kyu and Myu grow, Nobita's room becomes too small for...","",""
"682507","Where the Crawdads Sing","2022","Abandoned by her family, Kya raises herself all alone in the marshes outside of her small town. When her former boyfriend is found dead, Kya is instantly branded by the local townspeople and law enforcement as the prime suspect for his murder.  [PLOT] Plot In 1969, ""the manager of Western Auto"", Chase Andrews is found dead in the mud, at the bottom of a 63 ft tall metal fire tower from which he had fallen. The muddy bog floods at high tide , destroying any tracks from the killer and no fingerprints are found in the tower. A rare shell necklace, which he had been wearing on the evening of his death, is missing from his body. Local pariah and marsh ecology author ""Kya"" Clark, is charged with first-degree murder and condemned by the provincial townspeople. Retired, local attorney Tom Milton visits Kya and hears her story in preparation to represent her. Kya's childhood begins in a North Carolina swamp shack with her four siblings in 1953. As their abusive alcoholic father gambles their money away, Kya's mother and older siblings flee one by one, leaving Kya alone with him until he too abandons her at the age of seven. She survives by selling mussels at Barkley Cove's general store, owned by Mabel and ""Jumpin"" Madison, who become Kya's de facto guardians. The townspeople revile her as the ""marsh girl"" and she is ostracized by the other children in the town. Over the years, Kya's slightly older friend Tate Walker lends her books and teaches her to read and write, while Mabel teaches her to count. Tate shares an interest in marsh ecology, especially avian feathers, and begin a romantic relationship until Tate leaves for college and fails to return as promised on the 4th of July . Five years later (in 1968), Kya begins a relationship with Chase Andrews, ""the best quarterback Barkley Cove ever seen"" according to deputy Purdue; he promises her marriage. Chase gives Kya a small, non-indigenous shell which she makes into a necklace and then gives back to him, after he curtly takes her virginity. Not wanting to lose the house to a developer, Kya has her marsh shells drawings and paintings published, to raise the $800 needed to pay the back-taxes on the family home. In 1969, Tate returns to Barkley Cove wanting to rekindle their romance, but Kya is ambiguous. She ends her relationship with Chase when she discovers he is already engaged to another town girl. Kya's older brother Jodie returns as a United States Army soldier. Their mother has died of leukemia, while living with her sister; and he has no knowledge of their three older siblings. Jodie asks to visit when he can. Kya rebuffs Chase's persistent attentions and successfully fights off his rape attempt, vowing to kill him if he returns. The threat is...","",""
"682569","Athaiyum Thaandi","2020","Directed by Vikinish Lokarag Asokan, this romantic drama film stars Vemanna Appannah, Yuvaraj Krishnasamy, Vanessa Cruez and Sathis Rao Chinniah.","",""
"682790","The Duel","2018","The story of two Knights confronted over time by the memories of a childhood in which they were friends.  [PLOT] Plot The film is set in a fictional historical period. Years ago, the Kingdom of Pei lost the strategic Jing Prefecture to the Kingdom of Yan after their general Ziyu lost in a duel to the Yan general Yang Cang. Pei Liang, the King of Pei, is enraged after discovering that Ziyu has challenged Yang Cang to a duel without his authorisation. He demands Ziyu and his wife Xiaoai to perform for him with the guzheng , but Ziyu refuses instead cuts his hair before being allowed to leave. Pei Liang then arranges for his sister Qingping to marry Yang Cang's son Yang Ping to make peace between the two kingdoms. It is revealed that Ziyu is actually a decoy named Jingzhou; the real Ziyu was severely wounded during the duel and is still recovering in a hidden location. Jingzhou was taken and secretly trained as a ""shadow"" by Ziyu's uncle after they noticed his uncanny resemblance to Ziyu. Only Ziyu and Xiaoai are aware of this arrangement. Jingzhou serves as Ziyu's decoy after the duel. Ziyu plots to retake Jing Prefecture and needs Jingzhou to help him accomplish this mission. Ziyu promises to let Jingzhou return home after retaking Jing Prefecture. Pei Liang decides to punish ""Ziyu"" and demote him to commoner status despite his subjects' objections. Before ""Ziyu"" leaves, the king demands to see ""Ziyu""'s wounds and apply an ointment. When ""Ziyu"" reveals the wound, the king remarks that the wound looks fresh. ""Ziyu"" replies that the original wound has healed and this was a fresh cut to remind himself of his loss. When it is reported that Yang Ping has made a counteroffer to take Qingping only as his concubine rather than his wife, the Pei royal court sees it as a snub. However, Pei Liang still accepts it, much to his sister's disgust. Tian Zhan, a Pei general, openly calls the king's decision ""spineless"" and resigns. Jingzhou, using a metal umbrella, is unsuccessful in his practice duels against Ziyu, who mimics Yang Cang's guandao technique. Ziyu gets increasingly angry and abusive. Xiaoai suggests that Jingzhou fight with feminine moves and embrace the umbrella's representation of yin , which would serve as a more effective counter to Yang's yang style of fighting. She then demonstrates a countermove to Jingzhou. Later, Jingzhou meets Tian Zhan and instructs him to lead and train 100 convicts that Ziyu had recruited. Jingzhou brings Tian Zhan to meet Ziyu, who reveals Jingzhou's true identity as his decoy. Ziyu then tells Tian about his plan to send Jingzhou to...","",""
"683127","Earwig and the Witch","2021","A headstrong orphan discovers a world of spells and potions while living with a selfish witch.  [PLOT] Plot In 1990s England, a witch leaves her child, Earwig, at St. Morwald's Home for Children. The matron head of the home thinks that the name is unfit for a child and changes it to Erica Wigg. Years later, Earwig is a rambunctious 10-year-old who is very comfortable in an orphanage where everyone does what she wants. She likes living there with her friend Custard and does not want to get adopted. One day, a strange couple, Bella Yaga and Mandrake, adopt Earwig against her wishes. When they get home, Bella Yaga tells Earwig that she is a witch, and that she only adopted Earwig for ""an extra pair of hands"" to help around the house. Earwig agrees to help, only if Bella Yaga teaches her magic in return. Earwig prepares ingredients for spells and cleans the workroom. Tired of working, she attempts to leave the house, only to find that all the exits have been magically sealed by Mandrake. She becomes further frustrated because Bella Yaga never teaches her any magic. Earwig begins to listen to tapes from an old band called Earwig and discovers that Bella Yaga's cat familiar Thomas can talk. The two of them enter the workroom at night to create a spell that will make them resistant to magic, becoming immune to Bella Yaga's punishments. They also work on a spell to give Bella Yaga a literal ""extra pair of hands"" on her body so Earwig would be dismissed from her work. The spell is a success and Bella Yaga is furious at her extra pair of hands, and casts magical worms that appear in Earwig's room. Because of Earwig's magical resistance, the worms are harmless. Earwig sends the worms through a hole in the wall, which angers Mandrake. In the ensuing chaos, Earwig breaks into Mandrake's room and discovers he and Bella Yaga were members of the band Earwig. Mandrake appears and tells the tale of the band, revealing that their singer was Earwig's mother. Through her new power, Earwig is able to take over the house and have the others do what she wants. She even manages to invite her friend Custard over for Christmas. When he arrives, Earwig's mother drops in for a surprise visit.","",""
"685274","Mobile Suit Gundam Hathaway","2021","Twelve years after Char's rebellion, Hathaway Noa leads an insurgency against Earth Federation, but meeting an enemy officer and a mysterious woman alters his fate.","",""
"690957","Pushpa: The Rise","2021","As Pushpa, a labourer, rises in the world of red sandalwood smuggling, he ends up making many enemies. However, violence ensues when the police try to topple his illegal business.  [PLOT] Plot In the late 1990s, Pushpa Raju, a fiercely proud laborer in the Seshachalam forests , begins working as a red sandalwood cutter alongside his friend Kesava. They are employed by Konda Reddy, a mid-level smuggler. Pushpa quickly rises through the ranks by outsmarting the relentless Deputy Superintendent of Police (DSP), Govindappa, and developing ingenious methods to transport the contraband past police checkpoints. Impressed by his resourcefulness, the syndicate's regional kingpin, Mangalam Srinu, trusts Konda Reddy with a massive consignment, which is subsequently entrusted to Pushpa. However, Konda Reddy's lecherous younger brother, Jaali Reddy, grows envious of Pushpa's rapid ascent and intentionally sabotages a shipment to get him arrested. Pushpa manages to evade the police ambush and save the cargo. At a celebration hosted by Srinu, Pushpa discovers that Srinu has been embezzling a significant portion of the profits instead of distributing them fairly to the local smugglers. He informs Konda Reddy, who chooses not to confront Srinu immediately out of fear of his immense power. Meanwhile, Pushpa falls in love with Srivalli, a local milk vendor. Their formal engagement is violently disrupted by Mohan, Pushpa's estranged half-brother, who publicly denies Pushpa’s right to use their deceased father's surname and exposes his illegitimate birth. Pushpa's mother, Parvatamma, is injured in the ensuing physical altercation. Witnessing her humiliation strengthens Pushpa's resolve to build an empire of his own. He breaks away from Srinu's supply chain and establishes a direct smuggling pipeline to a Chennai -based international buyer named Murugan, agreeing to split these independent profits with Konda Reddy. Concurrently, Jaali Reddy captures Srivalli’s father upon discovering he is a police informant for Govindappa. Jaali blackmails Srivalli, demanding sexual favors in exchange for her father's life. Srivalli confesses her predicament to Pushpa, who retaliates by brutally beating Jaali, leaving him temporarily paralyzed. Fearing a major internal war, Konda Reddy relocates Pushpa to a secluded forest clearing under the guise of an execution, having discovered the assault on Jaali. Before he can act, they are ambushed by Srinu’s brother-in-law, Mogileesu, and a rival faction of hitmen. Pushpa kills Mogileesu and saves Konda’s other brother, Jakka Reddy, though Konda Reddy is killed in the chaos. At the funeral, Member of Parliament (MP) Siddhappa Naidu...","",""
"691819","The Attachment","2019","Clara and Paul are an ordinary couple. However, Clara's overprotection towards Paul could well shatter all their tranquility, even lead them to death ...  [PLOT] Plot Magneto is a mutant, who stands up against the X-Men with his power to create and control magnetic fields. He has been Alex’s childhood hero since the third grade and once Alex grows up, his attachment to the character enables himself to gain the power to levitate objects. However, he is caught by the police on charges of robbery and uses his powers to escape. He leaves behind a cloth that says ""It's just a Beginning"". [ 1 ] ^ .mw-parser-output cite.citation{font-style:inherit;word-wrap:break-word}.mw-parser-output .citation q{quotes:""\""""""\""""""'""""'""}.mw-parser-output .citation:target{background-color:rgba(0,127,255,0.133)}.mw-parser-output .id-lock-free.id-lock-free a{background:url(""//upload.wikimedia.org/wikipedia/commons/6/65/Lock-green.svg"")right 0.1em center/9px no-repeat}.mw-parser-output .id-lock-limited.id-lock-limited a,.mw-parser-output .id-lock-registration.id-lock-registration a{background:url(""//upload.wikimedia.org/wikipedia/commons/d/d6/Lock-gray-alt-2.svg"")right 0.1em center/9px no-repeat}.mw-parser-output .id-lock-subscription.id-lock-subscription a{background:url(""//upload.wikimedia.org/wikipedia/commons/a/aa/Lock-red-alt-2.svg"")right 0.1em center/9px no-repeat}.mw-parser-output .cs1-ws-icon a{background:url(""//upload.wikimedia.org/wikipedia/commons/4/4c/Wikisource-logo.svg"")right 0.1em center/12px no-repeat}body:not(.skin-timeless):not(.skin-minerva) .mw-parser-output .id-lock-free a,body:not(.skin-timeless):not(.skin-minerva) .mw-parser-output .id-lock-limited a,body:not(.skin-timeless):not(.skin-minerva) .mw-parser-output .id-lock-registration a,body:not(.skin-timeless):not(.skin-minerva) .mw-parser-output .id-lock-subscription a,body:not(.skin-timeless):not(.skin-minerva) .mw-parser-output .cs1-ws-icon a{background-size:contain;padding:0 1em 0 0}.mw-parser-output .cs1-code{color:inherit;background:inherit;border:none;padding:inherit}.mw-parser-output .cs1-hidden-error{display:none;color:var(--color-error,#bf3c2c)}.mw-parser-output .cs1-visible-error{color:var(--color-error,#bf3c2c)}.mw-parser-output .cs1-maint{display:none;color:#085;margin-left:0.3em}.mw-parser-output .cs1-kern-left{padding-left:0.2em}.mw-parser-output .cs1-kern-right{padding-right:0.2em}.mw-parser-output .citation .mw-selflink{font-weight:inherit}@media screen{.mw-parser-output .cs1-format{font-size:95%}html.skin-theme-clientpref-night .mw-parser-output .cs1-maint{color:#18911f}}@media screen and (prefers-color-scheme:dark){html.skin-theme-clientpref-os...","",""
"693134","Dune: Part Two","2024","Follow the mythic journey of Paul Atreides as he unites with Chani and the Fremen while on a path of revenge against the conspirators who destroyed his family. Facing a choice between the love of his life and the fate of the known universe, Paul endeavors to prevent a terrible future only he can foresee.  [PLOT] Plot Following the defeat of House Atreides by House Harkonnen , [ a ] Princess Irulan —daughter of the Padishah Emperor , Shaddam Corrino IV —records in her journal her father's betrayal of the Atreides. On the planet Arrakis , a Fremen tribe led by Stilgar accompanies Paul Atreides and his pregnant Bene Gesserit mother Lady Jessica to Sietch Tabr . Some Fremen suspect they are spies, while Stilgar and others see signs of the prophecy that a mother and son from the ""Outer World"" will bring prosperity to Arrakis. After Paul defeats Jamis in a duel, the Fremen accept Paul. Stilgar commands Jessica to succeed Sietch Tabr's dying Reverend Mother by ritually drinking the normally fatal Water of Life . Jessica uses her Bene Gesserit training to transmute the poisonous liquid and survive, inheriting the memories of past Reverend Mothers. The liquid prematurely awakens the mind of her unborn daughter, Alia , allowing Jessica to communicate with her. Chani and her friend Shishakli correctly deduce that the prophecy is a Bene Gesserit myth fabricated to manipulate the Fremen. Nonetheless, Chani begins to respect Paul after he declares that he only seeks to fight alongside the Fremen, not rule them. Paul and Chani fall in love as he immerses himself in Fremen culture—learning their language, becoming a Fedaykin fighter, riding a sandworm , and raiding Harkonnen spice -harvesting operations. Paul adopts the Fremen names Usul [ b ] and Muad'Dib. [ c ] Due to the spice raids, Baron Vladimir Harkonnen replaces his older nephew Rabban as the ruler of Arrakis with his favored nephew, Feyd-Rautha . Lady Margot Fenring is sent by the Bene Gesserit to evaluate Feyd-Rautha as a prospective Kwisatz Haderach . Jessica travels south to unite with Fremen fundamentalists who strongly believe in the prophecy. Paul remains in the north, fearful that his visions of an apocalyptic holy war will come to pass if he goes south as a messiah. During a raid on a smuggler spice harvester, Paul reunites with his mentor Gurney Halleck , who leads Paul to House Atreides' hidden atomic warheads . Paul is forced to journey south after Feyd-Rautha unleashes a devastating attack on Sietch Tabr and kills Shishakli. Upon arrival in the south, Paul drinks the Water of Life and falls into a coma. Jessica uses The Voice to compel Chani to save Paul; she gives Paul a mixture of her tears with the Water of Life, which awakens him. With his emerging prescience, Paul perceives countless possible futures...","",""
"693258","Curtains","2020","It’s murder putting on a new musical – literally! The star of a new Broadway-bound musical has been murdered on stage on opening night! The entire cast and crew are suspects. Time to call in the local detective, Frank Cioffi. With a nose for crime and an ear for music, Frank tries to find the killer whilst giving the show a lifeline.  [PLOT] Plot Samantha Sherwood, a beautiful actress and muse for director Jonathan Stryker, feigns mental illness and has herself committed to an asylum to prepare for the titular role of a mentally unstable woman in a film called Audra . Once inside, she discovers that Stryker has coerced her into method -rehearsing the material and committing herself so he can audition a group of younger women for the role in her absence. Furious at being double-crossed, Samantha escapes the asylum to seek revenge. One of the candidates, fledgling actress Amanda Teuther, has a nightmare in which, while driving to the audition, she spots a large doll in the middle of the road. When she leaves her car to move it, it grabs her hand as someone gets into her car and runs over her. After she wakes up from her nightmare, a killer in a hag mask stabs her to death and takes her doll. The next day, the other five women auditioning for the part of Audra arrive at Stryker's rural New England mansion: stand-up comedian Patti O'Connor, veteran actress Brooke Parsons, ballet dancer Laurian Summers, musician Tara DeMillo, and professional ice skater Christie Burns. The women are met by the mansion's caretaker, Matthew. Samantha, the uninvited guest, appears at the house during dinner, creating tension among the group. The girls spend their first night getting to know each other as a snowstorm develops. Tara has sex with Matthew in a jacuzzi as Stryker assaults Christie. Then, an unseen figure enters the tool shed, grabs a sickle , and sharpens it. The next morning, Christie goes to a nearby pond to ice skate. She notices a small hand protruding out of the snow and uncovers Amanda's doll. The masked killer with the sickle appears and attacks Christie. The killer manages to wound her, but Christie is able to momentarily incapacitate the killer, escaping into the woods. As she rests against a tree, the killer appears from behind and viciously decapitates her. Shortly after, Stryker humiliates Samantha during a group audition by forcing her to wear the hag mask and pretend to seduce him in front of the others. Later that day, a drunk Matthew rides away on a snowmobile in search of Christie. Patti is given an impromptu audition with Stryker and nearly explodes with anger when he mocks her ability to act, not even giving her a chance to start. While Tara and Laurian are rehearsing, Brooke discovers Christie's severed head in a toilet bowl. She frantically informs Stryker of what she has seen, but...","",""
"695721","The Hunger Games: The Ballad of Songbirds & Snakes","2023","64 years before he becomes the tyrannical president of Panem, Coriolanus Snow sees a chance for a change in fortunes when he mentors Lucy Gray Baird, the female tribute from District 12.  [PLOT] Plot In a war-ravaged Panem , Coriolanus Snow is selected to be a mentor for a tribute in the 10th Annual Hunger Games. The winning tribute's mentor is to be awarded the Plinth Prize scholarship, which Snow hopes to use to restore his family's prosperity. Coriolanus is assigned Lucy Gray Baird from District 12, who makes an impression when she sings to the crowd during the televised reaping ceremony. Coriolanus earns Lucy's trust while accompanying her to the Capitol Zoo , where tributes are publicly caged. Fellow mentor Arachne Crane is killed by her tribute Brandy after taunting her, and Snow tries in vain to save her while Brandy is shot. The day before the Games commence, Lucy and Coriolanus tour the game arena. Rebel bombs explode, killing several tributes and fatally wounding the President's son, Felix. After saving Coriolanus from falling debris, he gives Lucy Gray rat poison and points out several tunnels that have opened from the explosions. Following the attack, District 2's male tribute, Marcus, flees the arena in an attempt to escape the games. He is then captured by Peacekeepers and strung up in the arena, enraging his friend & mentor, Sejanus Plinth. The Games commence the next morning, with Lucy Gray surviving the initial bloodbath and reuniting with Jessup, District 12's male tribute. During the games, Sejanus bribes a Peacekeeper and sneaks into the arena to ceremoniously sprinkle breadcrumbs on Marcus's body. Head Gamemaker Dr. Volumnia Gaul is disturbed by this act of rebellious defiance and recruits Coriolanus to enter the arena and bring Sejanus back. The pair are attacked by a tribute whom Coriolanus brutally kills before escaping the arena. Jessup, who has contracted rabies , attacks Lucy Gray, but Coriolanus convinces his mentor to send him water, causing Jessup to fall to his death. After Lucy Gray kills District 11's female tribute Dill with a poisoned bottle of water, her district partner Reaper lays out all of the dead tributes' bodies in the center of the arena and covers them with a Panem flag in a gesture of defiance. However, Dr. Gaul interrupts the broadcast of the Games to announce that a swarm of genetically engineered venomous snakes will be unleashed to kill all the tributes in revenge for Felix's death. Coriolanus sneaks into her workshop and slips a handkerchief with Lucy Gray's scent on it into the tank of snakes, ensuring that after killing all the other remaining tributes, the snakes do not harm her and she wins...","",""
"695932","We Made a Beautiful Bouquet","2021","Two people meet each other after missing the last train home, leading to a beautiful relationship over five years.","",""
"695969","Haseen Dillruba","2021","Under investigation as a suspect in her husband's murder, a wife reveals details of their thorny marriage that seem to only further blur the truth.  [PLOT] Plot Rani Kashyap Saxena, a housewife, is outside her home, feeding dogs, when her house suddenly explodes, presumably killing her husband, Rishab ""Rishu"" Saxena. The police find a body charred-beyond-recognition, with a severed hand which Rani identifies as Rishu's. The movie alternates between the past (narrated in flashback) and the present; the reality of the explosion is interwoven with the police investigation going on in the present-day. A flashback reveals the arranged marriage between the two, where Rishu fell for Rani instantly, while she married him only because her boyfriend had abandoned her. There remain tensions and awkwardness between her, Rishu, and his family after the marriage. To add to the tense atmosphere, a nervous Rishu fails to consummate . The next day, he overhears her telling her mother and aunt about his failure to have sex. Hurt, he stops acknowledging her completely and their relation deteriorates. His well-built and charming cousin Neel Tripathi comes over to visit, and Rani gets attracted to him. They subsequently begin a passionate affair. Rani falls in love and even learns how to cook mutton , despite being a vegetarian. Some time later, she tells Neel that she would like to marry him. Afraid of commitment, Neel panics and flees. Hurt, Rani blurts out the truth to Rishu. He develops a dislike of her but still protects her from others who chastise her actions. Meanwhile, in present-day, the police, aware of the history between Rani and Rishu, are convinced that she and Neel planned and killed Rishu. They use polygraphs and various methods to find out her motive. They find footage where Neel is escaping from the house moments before the explosion. They also catch Rani cheating during one of the polygraph tests by manipulating her blood pressure . In the past, after Rani tells Rishu the truth about her and Neel, Rishu transforms into a sadist and deliberately causes physical harm to Rani multiple times while also trying to kill Neel, who knocks Rishu out when he tries to kill him. Having fallen in love with Rishu, Rani endures it all as repentance. Over time though, they reconcile and genuinely fall in love, becoming intimate. Narrating the events of the day-of-explosion, Rani tells the police that Neel came over to visit and got into an argument with them. Rishu, subsequently, wanting to settle things with him, asked Rani to wait outside. The explosion occurred soon after. The police know that she is lying but fail to find...","",""
"696026","Nice Sister-In-Law","2019","Young-cheol, faced with boredom, keeps looking at his younger and sexy sister-in-law than his wife who doesn't want him. The only two living together with my sister-in-law started with my wife's runaway! Young-cheol falls helplessly in front of her sticky temptation.  [PLOT] Plot Razia Mirza ( Simone Singh ), known as Bahu Begum is the matriarch of a ruling family of Bhopal . 5 years ago her son Azaan ( Arjit Taneja ) moved to London to pursue studies. As he returns, Razia plans his marriage with his childhood friend Noor ( Samiksha Jaiswal ), whose mother Yasmin is also her friend. Azaan introduces his own love Shayra to Razia, who accepts her. Noor is now engaged to her colleague, Faiz. On the same day she marries him, Azaan weds Shayra. Yasmin and Faiz get trapped in the kitchen locked by Azaan's evil aunt Suraiya that blasts, killing them. Noor blames Shayra as she was the last person leaving the kitchen. She asks Shayra to make her marry Azaan, who finally weds Noor but refuses to leave Shayra. Later she realises her mistake and divorces Azaan. Also, Suraiya is exposed and expelled from the home. Adil, Azaan's half-brother kidnaps a pregnant Shayra. Noor goes to rescue her; Adil hits her with his car. Shayra falls off a valley, miscarries and is presumed dead. Five years later An auction is happening in Begum Mahal. Noor, now rich, buys it. Azaan loses all the property, disbelieving Shayra is dead, and has a miserable life. Adil takes loans on the properties in royal family's name. Noor tries to bring back Azaan to his previous life, and succeeds as Razia wakes up from coma. Starting a new life, Azaan proposes to her for marriage, which she accepts, and they embrace. Shayra is revealed to be alive and returns in the epilogue. The Mirzas are shocked. The show ends on a cliffhanger.","",""
"696506","Mickey 17","2025","Unlikely hero Mickey Barnes finds himself in the extraordinary circumstance of working for an employer who demands the ultimate commitment to the job… to die, for a living.  [PLOT] Plot .mw-parser-output .ambox{border:1px solid #a2a9b1;border-left:10px solid #36c;background-color:#fbfbfb;box-sizing:border-box}.mw-parser-output .ambox+.mw-empty-elt+.ambox,.mw-parser-output .ambox+.mw-empty-elt+.mw-empty-elt+.ambox,.mw-parser-output .ambox+.mw-empty-elt+.mw-empty-elt+.mw-empty-elt+.ambox{margin-top:-1px}html body.mediawiki .mw-parser-output .ambox.mbox-small-left{margin:4px 1em 4px 0;overflow:hidden;width:238px;border-collapse:collapse;font-size:88%;line-height:1.25em}.mw-parser-output .ambox-speedy{border-left:10px solid #b32424;background-color:#fee7e6}.mw-parser-output .ambox-delete{border-left:10px solid #b32424}.mw-parser-output .ambox-content{border-left:10px solid #f28500}.mw-parser-output .ambox-style{border-left:10px solid #fc3}.mw-parser-output .ambox-move{border-left:10px solid #9932cc}.mw-parser-output .ambox-protection{border-left:10px solid #a2a9b1}.mw-parser-output .ambox .mbox-text{border:none;padding:0.25em 0.5em;width:100%}.mw-parser-output .ambox .mbox-image{border:none;padding:2px 0 2px 0.5em;text-align:center}.mw-parser-output .ambox .mbox-imageright{border:none;padding:2px 0.5em 2px 0;text-align:center}.mw-parser-output .ambox .mbox-empty-cell{border:none;padding:0;width:1px}.mw-parser-output .ambox .mbox-image-div{width:52px}@media(min-width:720px){.mw-parser-output .ambox{margin:0 10%}}@media print{body.ns-0 .mw-parser-output .ambox{display:none!important}} This section needs expansion with: January 2026. You can help by adding missing information . ( January 2026 ) The film centers on Michael Williams, a talented footballer from Secunderabad aiming to play in London, set against the backdrop of the 1947 Indian independence struggle and the Bhairanpally revolt , blending personal ambition with historical conflict. He is selected to play in London for Manchester United, but his recruiter is unable to take him along, as Michael's father betrayed the British Empire. Michael takes on a job to smuggle weapons in exchange for a flight from an arms trafficker. However, he is discovered by police and his truck breaks down, leading to him staying in Bairanpally while it gets fixed. The rest of the story focuses on historical conflict between Bairanpally and Hyderabad State.","",""
"696806","The Adam Project","2022","After accidentally crash-landing in 2022, time-traveling fighter pilot Adam Reed teams up with his 12-year-old self on a mission to save the future.  [PLOT] Plot Loretta Sage, a former archaeology researcher, writes romance-adventure novels featuring the fictional Dr. Angela Lovemore and her romantic interest, Dash McMahon. To promote her latest book, her publisher, Beth Hatten, puts her on a book tour with Alan Caprison, the cover model for Dash, despite her reclusiveness since her husband's death five years ago. After a disastrous start, mostly due to the fans' obsession with Alan's Dash persona, Loretta is brought before billionaire Abigail Fairfax. He has discovered a lost city on a remote volcanic Atlantic island and is convinced that the Crown of Fire, a priceless treasure belonging to the ancient King Kalaman and Queen Taha, is located there. Knowing the books were partially based on Loretta's research, Fairfax wants her to decipher an ancient clue to the treasure. When she declines, he sedates her and flies her to the island. Alan, who is secretly enamored with Loretta, witnesses her kidnapping. He contacts former Navy SEAL turned CIA operative Jack Trainer. Following her smart watch's location, they begin a rescue. Jack breaches Fairfax's compound and frees Loretta. However, as the trio attempts to flee, Jack is shot in the head by Fairfax's mercenaries. Loretta and Alan escape into the jungle. The pair spend a day running from Fairfax's henchmen, then spend a night in a hammock in the jungle, before reaching a nearby village. Upon hearing a local singing a folk song , Loretta deduces that the crown is hidden in a cenote in the jungle. However, Fairfax's group captures her, and then Alan when he chases them on a motorcycle. Fairfax forces them to reveal the treasure's location. After traveling to the tombsite by boat, they discover it is not a treasure-filled monument of Taha and Kalaman's power, but a secret place for the queen to grieve her husband's death. Her Crown of Fire was made of red seashells the king gathered to show his love for her. The actual treasure of the legend was the inseparable love between the king and queen. Enraged, Fairfax seals Loretta and Alan inside the tomb as the volcano erupts. Rafi, one of Fairfax's henchmen, has a change of heart and leaves a crowbar inside the tomb, so they can free themselves. Rafi then takes the boat and abandons Fairfax on the island. Loretta and Alan escape by swimming through an underwater tunnel with the current. Beth arrives with the local coast guard, who rescue Loretta and Alan and arrest Fairfax. Sometime later, Loretta's next book, based...","",""
"697843","Extraction 2","2023","Back from the brink of death, highly skilled commando Tyler Rake takes on another dangerous mission: saving the imprisoned family of a ruthless gangster.  [PLOT] Plot Tom Harris is a freelance undercover operative working for the CIA to insert malware into a secret Iranian nuclear research facility. Tom's cover is a field technician for a Swiss communications contractor. His mission is successful, and the malware causes the facility to self destruct, preventing the Iranians from acquiring more nuclear bombs. The Iranian government has been monitoring a British journalist Luna Cujai. She receives evidence from a whistleblower of the CIA's ongoing sabotage of Iran's nuclear programs. After the facility is destroyed, she is abducted by an Iranian agents overseen by Colonel Farzad Asadi. She tells the Iranians she suspects a link between the facility's destruction and the Swiss contractor because their contracts are next to government sites. The next day, Harris's partner in the operation, Oliver, is killed by the Iranian Special Forces after both Oliver and Harris's identity are compromised. Tom leaves Iran en route to London via Dubai. While in Dubai, his flight to London is delayed, and he visits his CIA handler, Roman Chalmers. Roman is a Muslim convert, living under the outward pretense of a Dubai socialite, a lifestyle he secretly despises. Roman claims to have delayed the flight to force this meeting. Tom accepts Roman's lucrative CIA contract for a job in Herat , Afghanistan. After he arrives in Herat, due to an intelligence leak, the news names Tom as the operative responsible for the destruction of the nuclear facility. With his cover now blown, the mission in Herat is aborted. Roman directs Tom and his Afghan-American translator Mohammad ""Mo"" Doud to an extraction point in Kandahar . Farzad and Pakistani security services learn Tom is in Herat, and each sends operatives to apprehend him, with Pakistan wanting to ransom Tom to the highest bidder. Tom and Mo are chased by Farzad and ISI agent Kahil Nassir but they elude both pursuing parties and escape to the desert. En route to Kandahar, Tom and Mo are attacked by Farzad in a helicopter. Tom destroys the helicopter and kills Farzad and its crew. Now on foot, Tom and Mo seek aid from Tom's friend, an Afghan warlord not associated with the governing Taliban. Mo reveals to Tom and the warlord that the warlord killed Mo's son years ago. Despite angering the warlord, he provides Tom and Mo with a vehicle and they depart the warlord's camp. Meanwhile, Roman stops communicating with the CIA and arrives in Afghanistan to join the Afghan commandos masquerading as an...","",""
"698343","I Don't Like Younger Men 5","2020","Ha-neul haven't seen her friend, Ye-sol for a long time, and so they spent a good time together. That time, Ye-sol's father, Min-soo enters the house.  Ha-neul sees the young-looking Min-soo and makes a fuss. Ye-sol who is a little bit tipsy tells Ha-neul that he is her stepfather.  That night, Ha-neul secretly entered sexy Min-soo's room...  [PLOT] Plot In 1944 Nazi-occupied Poland , 14-year-old Erik Lehnsherr is separated from his parents upon entering the Auschwitz concentration camp . While attempting to reach them, he causes a set of metal gates to bend toward him because of his mutant ability to generate magnetic fields. Still, he is knocked unconscious by guards. In the present day, U.S. Senator Robert Kelly attempts to pass a "" Mutant Registration Act "" in Congress , which would force mutants to reveal their identities and abilities. The telepathic mutant Charles Xavier is concerned about how Lehnsherr, who now goes by the name ""Magneto"", will respond to the Registration Act. In Meridian, Mississippi , 17-year-old Marie accidentally puts her boyfriend into a coma after kissing him, because of her mutant ability to absorb the life force and powers of others. Adopting the name ""Rogue"", she flees to Alberta , where she meets Logan , also known as ""Wolverine"", a mutant with superhuman healing abilities and metal claws that protrude from between his knuckles. Sabretooth , a member of Magneto's Brotherhood of Mutants , attacks them on the road, but two members of Xavier's X-Men , Cyclops and Storm , save them. Logan and Rogue are brought to Xavier's school for mutants in New York state. Believing that Magneto is interested in capturing Logan, Xavier asks him to stay while he investigates the matter. Meanwhile, Rogue enrolls in the school and develops a crush on the cryokinetic mutant Bobby Drake . Brotherhood members Toad and Mystique abduct Senator Kelly, bringing him to their hideout on the island of Genosha . Magneto uses Kelly as a test subject for a machine powered by his magnetic abilities that generates a field of radiation , which induces mutations in normal humans. Taking advantage of his newfound mutation, Kelly later escapes. Rogue visits Logan during the night while he is having a nightmare. Startled, he accidentally stabs her, but she manages to absorb his healing ability and recover. Mystique, disguised as Drake, later convinces Rogue that Xavier is angry with her and that she must leave the school. Xavier uses his mutant-locating machine Cerebro to find Rogue at a train station, and the X-Men go to retrieve her. Meanwhile, Mystique enters Cerebro and sabotages it. Having left ahead of Storm and Cyclops, Logan finds Rogue on a train and convinces her to return. Before they can go, Magneto arrives, incapacitates Logan, and subdues Rogue, revealing that he wanted her rather than Logan....","",""
"698508","Redeeming Love","2022","A young couple's relationship clashes with the harsh realities of the California Gold Rush of 1850. Angel, experiencing love for the first time and facing demons unsurmountable, runs from the new life she doesn't believe she deserves. When Michael sets out to find her, Angel discovers that she indeed has the power to choose the life she wants.  [PLOT] Plot During the California Gold Rush , a beautiful young woman called Angel works as a prostitute in the mining town Pair-a-Dice. Despite being coveted by the local men, she survives through hatred and self-loathing. Farmer Michael Hosea, after praying for a wife, falls in love with Angel at first sight . The brothel's bodyguard MacGowen and the madam Duchess frequently abuse Angel. In flashbacks, her name is revealed to be Sarah, and she has suffered abuse and neglect from men all her life. Upon meeting her father Alex Stafford, he declared she should never have been born, as her mother Mae was his mistress . He cuts off support, so Mae sells everything, then pawn broker John gives her money for sex, making her a prostitute. Eventually she falls ill and dies. Distraught, Sarah rejects her mother's faith. John sells her to pimp Duke, who renames her ""Angel"", then has him killed. Years later, the teenage Angel meets and seduces Alex. Upon finding out he had sex with his own daughter, Alex commits suicide . Prostitute Sally, who helps Angel escape from Duke, is later killed. Angel travels to California to start over but is immediately robbed. Penniless, she returns to prostitution. In the present, Michael enters Angel's room, declaring he wants to marry her. Although surprised, she remains aloof. His frequent visits motivate Angel to demand her money from Duchess to leave. Not wanting to lose her, she insists she owes her money. MacGowen then nearly kills her. Rushing to the brothel, Michael sees Angel's wounds, pays off her debt and proposes again. She accepts, so he takes her home. Michael nurses Angel back to health, despite her coldness. He continually surprises her, declaring he loves her as his wife, yet will not lay with her. Afraid to trust him, she soon runs away, but Michael coaxes her back. As Angel and Michael begin their life on the farm, she develops feelings for him, so they finally consummate their marriage. Michael's late sister Tess's widower Paul arrives, immediately distrusting Angel. She flees upon realizing Michael wants children, as she believes a forced abortion made her sterile. Paul gives Angel a ride for in exchange for sex. Angel is disgusted afterwards and becomes ill. Back in Pair-A-Dice, Angel returns to the brothel to collect her money. However, MacGowan burned it down with Duchess inside, then an angry mob killed him. With no money nor place to live, Angel reluctantly prostitutes herself through a bar. She gratefully returns...","",""
"698687","Transformers One","2024","The untold origin story of Optimus Prime and Megatron, better known as sworn enemies, but once were friends bonded like brothers who changed the fate of Cybertron forever.  [PLOT] Plot Cybertron is a technological world formed by the body of the deity Primus and inhabited by sentient robots fueled by a substance called Energon, who live in a hierarchy based on whether they possess a 'transformation cog' that allows them to shapeshift into vehicles. In the underground city of Iacon, Orion Pax, a cogless mining robot, sneaks into an archive to learn about the first-generation Cybertronians, the Primes. Security guards spot and chase Orion, but his best friend, D-16, helps him escape. Later, during a cave-in at the Energon mine where they work, the two break protocol to save fellow miner Jazz . However, this worsens the disaster, and their superior, Elita-1 , is blamed and demoted for it by their callous overseer, Darkwing. Iacon's leader, Sentinel Prime , returns from an expedition to the surface to find the lost Matrix of Leadership ; its absence caused Energon to stop flowing and forced miners to extract it. Though unable to find it, he reprieves the populace with a race. To prove themselves as more than miners, Orion enters himself and D-16 illegally using jetpacks, but they narrowly lose. While Sentinel promises to reward the two for inadvertently boosting mining morale, Darkwing drags them to garbage incineration, where they meet the eccentric B-127 . Finding a distress message from the Prime Alpha Trion in the junk, Orion convinces D-16 and B-127 to travel with him to its coordinates on the surface; later persuading Elita to join as well when she catches them sneaking out of Iacon. The group finds Alpha Trion in a cave, deactivated alongside the other Primes' corpses. Upon reactivation, he reveals that Sentinel is a pretender who killed the real Primes to steal the Matrix from them, only for it to disappear when Primus deemed him unworthy. In truth, Sentinel has been giving Energon to Cybertron's enemies, aliens called Quintessons, in exchange for allowing him to rule the planet, and he created the hierarchy by removing some Cybertronians' cogs before activation. Alpha Trion gives the group the fallen Primes' cogs, allowing them to transform, and a chip with evidence of Sentinel's treason. They are then ambushed by Sentinel's lieutenant, Airachnid, who captures Trion and brings him back to Iacon, where Sentinel executes him. Evading pursuit, the group rushes back to Iacon but is captured by the Primes' former army, the Cybertronian High Guard, who are rebelling against Sentinel. Although D-16 takes command of them by defeating...","",""
"698779","Room Salon College Girls 3","2020","Hee-jung, a college student, uses up a lot of money on Bitcoin and so she can't pay back her friend, Joo-yeong. Worried, she came to work at a room salon and pays off the money she borrowed. Seeing how Hee-jung is, Joo-yeong tells her she wants to work at the room salon, too. Eventually, they both became aces! Until the vacation ends, they are slowly getting money, their hot services are attracting more and more customers...  [PLOT] Plot In 1947, Humbert Humbert, a middle-aged European professor of English literature, travels to the United States to take a teaching position in New Hampshire . He rents a room in the home of widow Charlotte Haze, but only because he is sexually attracted to her 14-year-old daughter Dolores, whom he sees while touring the house. Obsessed with girls of approximately her age (whom he calls ""nymphets""), Humbert is immediately smitten with Dolores, whom he nicknames ""Lolita"", and marries Charlotte only to be near her daughter. While the girl leaves for a summer camp, Charlotte finds Humbert's secret diary and discovers his preference for her daughter instead of her. Furious, Charlotte tells him that she is leaving him and that he can keep her home, but vows to make sure that he will never see Lolita again. She then runs out of the house, only to be hit by a car and killed. Humbert goes to the camp and eventually tells Lolita about her mother's death. Charlotte's death frees Humbert to pursue a romantic and sexual relationship with Lolita. Humbert and Lolita then travel the country, staying in various motels before eventually settling in the college town of Beardsley, where Humbert takes a teaching job and Lolita begins attending Beardsley Prep School, an all-girls Catholic school. Humbert must conceal the nature of his relationship with Lolita from everyone—strangers they encounter when traveling as well as the administration at Beardsley. He presents his relationship with Lolita to the world as a father and daughter. Over time, Lolita's increasing boredom with Humbert, combined with her growing desire for independence and realization of their relationship, fuels a constant tension that leads to a fight between them. Humbert's affection for Lolita is also rivaled by another man, playwright Clare Quilty, who has been pursuing Lolita since the beginning of the pair's travels. Lolita eventually escapes with Quilty, and Humbert's search for them is unsuccessful, especially as he does not know Quilty's name. Three years later, Humbert receives a letter from Lolita asking for money. Humbert visits Lolita, who is now married and pregnant. Her husband, Richard, knows nothing about her past. Humbert asks her to run away with him, but she refuses. He gives her a substantial amount of money. Lolita also reveals to Humbert how Quilty actually tracked young girls and took them to Pavor Manor, his home in Parkington, to exploit them for child pornography . Quilty kicked...","",""
"699115","WAVE!! Surfing Yappe!! - Chapter 1","2020","","",""
"700391","65","2023","65 million years ago, the only 2 survivors of a spaceship from Somaris that crash-landed on Earth, must fend off dinosaurs to reach the escape vessel in time before an imminent asteroid strike threatens to destroy the planet.","",""
"700548","My Student's Mom 4","2019","Yoon-yeong failed her university entrance exam twice. Her mother provides her an English tutor since her grades do not improve as expected.  However, the tutor goes to Yoon-yeong’s mother, Hee-jae, and then Hee-jae’s younger sibling, Yoon-joo, likes the youthful and handsome tutor.  Eventually, Yoon-joo plans to seduce the tutor, Yoon-seong by making her sister and Yoon-yeong leave the house.  The tutor knows how Yoon-joo feels, but he still keeps on thinking about seeking Hee-jae…","",""
"700979","Friend's Mothers","2018","A lonely young man is in dire straits, but his friend's mothers don't see him as a boy, but as a man, and take extra interest in him.  [PLOT] Plot In 1988, high school sophomores Abby Rivers and Gretchen Lang are longtime best friends. Gretchen is moving away with her family over the summer, which saddens Abby, but Gretchen assures her they will always have each other. Together with their friends Margaret Chisholm and Glee Tanaka, Abby and Gretchen spend a weekend at Margaret's family's lake house. One night, they all ingest LSD provided by Margaret's boyfriend Wallace Stoney and, with the exception of Abby, go skinny-dipping in the lake. When Margaret makes an insensitive comment about Abby's acne, Abby walks away, with Gretchen following her to comfort her. Abby and Gretchen venture into an abandoned shack across the lake where a ritualistic Satanic murder allegedly occurred. Inside, a sinister tree-like creature with a single giant eye scares both girls and they run. Abby successfully escapes while Gretchen is dragged away by an unseen force. Realizing Gretchen is not with her, Abby rushes back to the shack with Margaret and Glee to find Gretchen in a state of shock. Gretchen is upset that Abby abandoned her. Back at school, Abby worries about Gretchen's uncharacteristically aloof demeanor, and her appearance gradually worsens. During a performance by the Lemon Brothers, a trio of Christian bodybuilders, one of the members, Christian, notices Gretchen's ghoulish appearance. Over the next few days, Gretchen continues to behave erratically, projectile vomiting during lunch and urinating in a trash can while in class. Abby drives to Gretchen's house to check on her. Against her father's wishes, Gretchen leaves the house and jumps into Abby's car. As they drive, Gretchen reveals that ever since ""he"" (whose name she does not disclose) attacked her at the abandoned shack, ""he"" has been visiting and watching her every night. She swears Abby to secrecy about this. Abby, assuming that Gretchen was raped, tries to alert Gretchen's parents and the school headmistress but is rebuffed. When Abby suggests to Glee that Wallace raped Gretchen, Margaret accuses Abby of jealousy, and Gretchen scolds her for telling people about her situation. Abby is shunned by the other girls. The school hosts a carnival, where Gretchen humiliates Abby by dunking her in a dunk tank and revealing that she fantasizes about one of their teachers. Abby storms off and Gretchen follows her, attempting to laugh it off, but Abby angrily ends their friendship. Gretchen is revealed to be possessed by a demon, who drives her to...","",""
"701387","Bugonia","2025","Two conspiracy obsessed young men kidnap the high-powered CEO of a major company, convinced that she is an alien intent on destroying planet Earth.","",""
"701561","Lee Chaedam's G-Spot","2017","An honest, open look at the sex life of erotic film actress Lee Chae-dam. She reveals her first love, her first experience, her first film, her sex lifestyle, and her love of her body.","",""
"702936","Sniper: Assassin's End","2020","Special Ops sniper Brandon Beckett is set up as the primary suspect for the murder of a foreign dignitary on the eve of signing a high-profile trade agreement with the United States. Narrowly escaping death, Beckett realizes that there may be a dark operative working within the government, and partners with the only person whom he can trust: his father, legendary sniper Sgt. Thomas Beckett. Both Becketts are on the run from the CIA, Russian mercenaries, and a yakuza-trained assassin with sniper skills that rival both legendary sharpshooters.  [PLOT] Plot Special Ops Sniper Brandon Beckett is set up as the prime suspect for the murder of a foreign dignitary on the eve of signing a high-profile trade agreement with the United States. Narrowly escaping death, Beckett realizes that there may be a dark operative working within the government and partners with the only person whom he can trust, his father, legendary Sniper Master Gunnery Sgt. Thomas Beckett. Both Becketts are on the run from the CIA , Russian mercenaries, and a Yakuza -trained assassin with sniper skills that rival both legendary sharpshooters.","",""
"703800","Midnight Sun","2019","Ten-year-old Solwei and Louis, her eighteen-year-old brother, have a car accident and find themselves in the middle of the night in a small, unfamiliar town. Here they meet with Alma, a mystical woman, whose contact details had been given to them. A truly strange night then begins.  [PLOT] Plot Sheltered since her early childhood, Katie Price has a rare genetic condition called xeroderma pigmentosum , which prevents an individual from being exposed to direct sunlight. She is housebound during daylight hours and is cared for by her father Jack and best friend Morgan. Katie comes out of the house every night after the sun has set. One night, her long time crush, Charlie, notices her while playing guitar at a train station. When he tries to speak to her, she leaves abruptly and forgets her notebook, which Charlie keeps. Charlie returns the next day and gives it to Katie when she shows up to retrieve it. He explains to her how he got his injury, preventing him from getting a scholarship to the University of California, Berkeley , before kissing her. However, Katie has yet to tell Charlie of her condition, despite her father warning her to do so. Charlie takes Katie out for a night to Seattle , where they go to a live show, and Charlie convinces Katie to play one of her songs on one of the city's streets. Once home, they go swimming out in the lake, and dry off with a fire on the beach. Charlie mentions watching the sunrise, and Katie suddenly realizes her watch stopped so she runs home in fear. Charlie picks her up and quickly drives her there, but she does not make it in time, and is exposed to the sunlight for just a couple of seconds. Katie runs inside, while Morgan and Jack come home soon after. Charlie is still standing at the front door, and Morgan explains Katie's condition to him. Once the doctors run some tests, they come to the conclusion that Katie's brain is contracting from her being in the sun, and it is only a matter of time before she dies. She develops twitches that prevent her from playing guitar and ignores Charlie’s messages and calls. Jack eventually convinces Katie to speak to Charlie, who still wants to be with her and does not care about her condition. She goes to Charlie's swim meet with the Berkeley coach, and they hang out at the house with Morgan and Jack. Charlie takes Katie out one night, and surprises her by booking a recording session, where she sings a song she wrote for him. Soon after, while hanging out at her house, Charlie mentions that he has to visit the boat for the last time, which he has been hired to take care of the whole summer. Katie, knowing that she is going to die, remembers the time Charlie told her that he wished they could sail together, and convinces Jack to let her go with him, despite it...","",""
"705996","Decision to Leave","2022","From a mountain peak in South Korea, a man plummets to his death. Did he jump, or was he pushed? When detective Hae-joon arrives on the scene, he begins to suspect the dead man’s wife Seo-rae. But as he digs deeper into the investigation, he finds himself trapped in a web of deception and desire.  [PLOT] Plot Ha Sang-hyeon volunteers at a church with his friend Dong-soo, and together they run an illegal operation where they secretly remove babies left in the church's baby box and sell them through the adoption black market . One night, So-young leaves her newborn son, Woo-sung, at the church. When So-young returns to the church, Dong-soo explains the brokers' plan, and she decides to accompany him and Sang-hyeon to meet potential adoptive parents for Woo-sung. After visiting the orphanage where Dong-soo grew up, Hae-jin, a child from the orphanage, secretly climbs into the group's van and joins them. The police are investigating So-young for having murdered Woo-sung's biological father, while detectives Soo-jin and Lee are pursuing the brokers. After an unsuccessful sting operation, Soo-jin uses the case against So-young to secure her cooperation in arresting the brokers. The widow of Woo-sung’s father employs Tae-ho, a gangster that Sang-hyeon owes money to, to get Woo-sung back. The brokers eventually find a couple willing to adopt Woo-sung on the condition that So-young will never meet him. So-young later reveals to Sang-hyeon and Dong-soo that she murdered Woo-sung's father. At an amusement park, Dong-soo discusses the idea of the three of them raising Woo-sung together as a family. However, So-young says that she will be arrested for murder and will not be able to raise Woo-sung. Sang-hyeon meets with his estranged daughter, who says her mother does not want further contact and is expecting another child, while Soo-jin listens nearby. Soo-jin instructs So-young to turn herself in for accidental manslaughter in exchange for a three-year sentence and the ability to see Woo-sung afterward. Sang-hyeon and Dong-soo deduce that So-young has made a deal with the police but accept that she is acting for Woo-sung's sake and proceed with the plan. On the way to the meeting, Tae-ho confronts them, leading Dong-soo to continue alone while Sang-hyeon stays behind to negotiate with him. At the meeting, Dong-soo is arrested by the police and learns So-young has turned herself in. At a transit center, Sang-hyeon sees a news report stating that a body has been found in the same Seoul underground shopping center where he last met Tae-ho, and that the victim is a gangster from Busan . Three years later, Soo-jin has adopted Woo-sung. Although the couple who tried to adopt him were barred for their illegal involvement, she still lets them visit Woo-sung. After So-young...","",""
"706487","ALTER EGO","2020","Having a chat with my alter ego as it looks on my holding two pairs of scissors and slowly cutting my hair. Sometimes it encourages me and at other times, it tries to stop me.  [PLOT] Plot Alter Ego tells a story of a successful lawyer who has dedicated a great part of her professional life to prosecuting sex offenders. She adopts any measure possible to see that sex offenders, especially those who molest children, are jailed. Ada Igwe (Omotola Jalade) does not only rely on the law to exert punitive measures on offenders as she also uses unorthodox methods to make sure those she finds guilty of child molestation and sex offences pay for their crimes. Her quest for justice is influenced by her personal childhood experience as she was raped by her teacher in school. However, her drive to punish sex offenders is impeded by her high libido. She engages her domestic as well as official workers in sex to quench her urge whenever she feels it, irrespective of the time and place. [ 1 ] ^ .mw-parser-output cite.citation{font-style:inherit;word-wrap:break-word}.mw-parser-output .citation q{quotes:""\""""""\""""""'""""'""}.mw-parser-output .citation:target{background-color:rgba(0,127,255,0.133)}.mw-parser-output .id-lock-free.id-lock-free a{background:url(""//upload.wikimedia.org/wikipedia/commons/6/65/Lock-green.svg"")right 0.1em center/9px no-repeat}.mw-parser-output .id-lock-limited.id-lock-limited a,.mw-parser-output .id-lock-registration.id-lock-registration a{background:url(""//upload.wikimedia.org/wikipedia/commons/d/d6/Lock-gray-alt-2.svg"")right 0.1em center/9px no-repeat}.mw-parser-output .id-lock-subscription.id-lock-subscription a{background:url(""//upload.wikimedia.org/wikipedia/commons/a/aa/Lock-red-alt-2.svg"")right 0.1em center/9px no-repeat}.mw-parser-output .cs1-ws-icon a{background:url(""//upload.wikimedia.org/wikipedia/commons/4/4c/Wikisource-logo.svg"")right 0.1em center/12px no-repeat}body:not(.skin-timeless):not(.skin-minerva) .mw-parser-output .id-lock-free a,body:not(.skin-timeless):not(.skin-minerva) .mw-parser-output .id-lock-limited a,body:not(.skin-timeless):not(.skin-minerva) .mw-parser-output .id-lock-registration a,body:not(.skin-timeless):not(.skin-minerva) .mw-parser-output .id-lock-subscription a,body:not(.skin-timeless):not(.skin-minerva) .mw-parser-output .cs1-ws-icon a{background-size:contain;padding:0 1em 0 0}.mw-parser-output .cs1-code{color:inherit;background:inherit;border:none;padding:inherit}.mw-parser-output .cs1-hidden-error{display:none;color:var(--color-error,#bf3c2c)}.mw-parser-output .cs1-visible-error{color:var(--color-error,#bf3c2c)}.mw-parser-output...","",""
"707075","Silent Passage","2020","A Simple Love Tale that happens in lock down situation of Corona Pandemic.  [PLOT] Plot Roger Balfour is found dead in his London home one night. Burke, a representative of Scotland Yard, after questioning everyone present, declares the death a suicide despite objection from Balfour's neighbour and close friend, Sir James Hamlin. Five years later, strange lights are seen within the now-forsaken Balfour mansion. The new tenants are two vampiric figures of a man in a beaver-felt top hat with long hair and sharp teeth, and a silent pale woman wearing long robes. This prompts the baronet, Sir James, to call Burke in once again. Burke discovers that Hamlin and the others there (Balfour's daughter, Lucille; his butler, Williams; and Hamlin's nephew, Arthur Hibbs) had been the only other persons in the Balfour home when he died. After noticing the new lease to the Balfour mansion bears the exact same signature as the deceased Roger Balfour's, Burke remains skeptical about the existence of the undead, and, along with Sir James, exhumes Roger Balfour's tomb to find it empty. After a series of grisly events—including the maid Miss Smithson's eccentric recollection of encountering the Man in the Beaver Hat manifesting in a bedroom, the vampire girl flying down like a bat from the ceiling of the Balfour mansion, and witnessing the living corpse of Roger Balfour—Burke reveals to Lucille that he now believes her father to have been murdered. After precautions are taken to protect Lucille's bedroom from vampires, the girl is taken to the Balfour mansion. Sir James is instructed to venture to the mansion, where he encounters the Man in the Beaver Hat (revealed to be Burke) and is hypnotized into thinking it is five years earlier. Within the mansion, the events leading up to Balfour's death are recreated and re-enacted and all secretly watch as Sir James kills Roger Balfour and fakes his suicide so as to ultimately marry Balfour's daughter Lucille, against the deceased's wishes. Once apprehended, Burke lifts the trance and identifies Sir James as the killer.","",""
"713440","The Butterfly","2017","Carol's family tries to accept their new life as a refugees, while she struggles to pass a swimming test.  [PLOT] Plot Paul, a reclusive writer, is typing into his typewriter the words ""I'm stuck"" over and over. Falling asleep, he awakes the next morning when his real estate agent Laura comes over with prospective buyers for his house and farm. Paul makes plans to meet her for lunch, then goes into town for errands. Along the way, Paul has a confrontation with a truck driver when he attempts to pass. Eventually Paul passes, does his errands and arrives at the Diner to meet Laura. While there, the truck driver arrives and confronts Paul. A man sitting nearby grabs the truck driver by the neck and throws him out of the restaurant. The man leaves the restaurant and starts walking away. Paul leaves Laura at the restaurant and arranges to meet her for dinner. On his drive back, Paul spots the man walking along the road and picks him up. Paul learns the man is a drifter with no place to stay and offers to put him up for a few nights. Jack, the drifter accepts. Along the way, they see that power and communication lines are down. Jack sees that Paul is alone and Paul explains that his wife left him and he wants to move away. Jack takes over the cooking and does odd jobs around the cabin, while continually pushing Paul, saying he has no ideas. One morning, Paul is awoken by Jack putting a knife blade to his neck. Paul attempts to leave the cabin but Jack points a gun and sends Paul back into the house. Without phone or internet, Paul has no way to send a cry for help. Resigned, he writes a few pages of a screenplay, but Jack rejects it and throws it into the fire. One morning groceries are delivered and Paul is forced at gunpoint to accept the groceries without arousing suspicion. The next day, Laura arrives to talk to Paul, but Jack intervenes and forces Paul and Laura to push her car into the farm's pond. While Laura and Paul are held at gunpoint, the sheriff arrives. Paul attempts to alert the sheriff, but Jack grabs the sheriff, shoves him into his police car and shoots him. Jack drags Laura into a side room and sounds of a struggle are heard, then quiet. Jack ties Paul up in his room, but Paul unties himself, grabs his rifle and confronts Jack. He begins a monologue with Jack, saying how lucky he is that Jack has shown up, as he now has someone to implicate for the murders that he has committed. He takes out a box he has kept hidden containing mementoes of the killings and puts the mementoes into Jack's bag. He fires the rifle at Jack, but it is filled with blanks. Jack...","",""
"713607","Mom's Friend 2020","2020","Tae-hee, can't live without her dead husband, and is living alone without being remarried. Her neighborhood friends, Yeong-ju and Cheol-min still feels sorry for her. However, Yeong-ju's son, Min-ho, secretly takes pictures of Tae-hee, admiring her. One day, Tae-hee and Yeong-ju goes to the grocery when she heads back home, after forgetting her cellphone in Yeong-ju's house. Just in time, Min-ho comes out of the shower and hugs Tae-hee...  [PLOT] Plot In the fall of 2012, Zach Sobiech performs an acoustic rendition of "" Sexy and I Know It "" to an amused crowd at his school's talent show. Zach has been struggling with osteosarcoma and receiving regular treatments for it. His best friend, Sammy Brown, conspires with him by helping him to write music (""Blueberries""). Zach manages to ask out fellow student Amy Adamle for a picnic, but before he is able to do so, he begins to have a coughing fit that concerns his mother, Laura, who rushes him to the hospital. He has a collapsed lung, and emergency surgery is performed on him. While they fix his lung, they learn the treatments are no longer effective and his cancer is now terminal, giving him six to 10 months to live. Zach tells Sammy and Amy about his diagnosis while he is inspired by his teacher, Milton Weaver, about what he should do with the rest of his life. In the winter of 2012, Zach and his family go to Lourdes, France , in Laura's desperate attempt to summon some kind of miracle for Zach. Zach returns home to hang out with Sammy (""Coffee Cup"") and learns she has bought tickets to a Jason Mraz concert. Zach decides to use the opportunity to ask Amy to go to the prom with him, and she accepts ("" I'm Yours ""). After having convulsions, Zach goes to Sammy's house in the middle of the night demanding that they form a band. Both realize they have romantic feelings for each other, but that they are incapable of having a full relationship. They continue to bond over songwriting (""Fix Me Up""), and Sammy posts their music on YouTube , which earns them some fame. Despite this, Zach is certain he will fail to achieve anything beyond the video. He is later given encouragement by Mr. Weaver. Zach's father, Rob, borrows a Nissan GT-R for him to drive and impress Amy with. While at her house, the two proceed to make out (""My Little Dancer""), but when Amy comments on his scars, Zach becomes despondent, tells her that he will never offer the things she wants from him, and leaves. Laura confronts Rob over the decision to get a car for Zach and he breaks down, admitting he did it to make his son happy as he is unable to do anything about his eventual death. In the spring of 2013, Weaver reveals to Zach and Sammy that he showed their video to BMI , who wants to sign them. They head to New York City to sign their contracts, calling their band A Firm Handshake (""Ames""). On the flight home, Zach suddenly has a moment of creative energy and writes the song "" Clouds ""....","",""
"713704","Evil Dead Rise","2023","A reunion between two estranged sisters gets cut short by the rise of flesh-possessing demons, thrusting them into a primal battle for survival as they face the most nightmarish version of family imaginable.  [PLOT] Plot Cousins Teresa and Jessica, and Jessica's boyfriend Caleb, are vacationing at a lakeside cabin when a possessed Jessica scalps Teresa and decapitates Caleb before levitating above the lake. One day earlier, guitar technician Beth discovers she is pregnant and turns to her estranged sister, Ellie Bixler, for help. Ellie informs Beth that her husband has left the family, leaving her to take care of her three kids – Danny, Bridget, and Kassie – alone in their L.A. apartment. After the siblings return from dinner, an intense earthquake uncovers a hidden chamber beneath the parking lot. Danny investigates, discovering religious artifacts, three phonograph records from 1923, and a strange book that he takes up to his room, hoping to sell it to help Ellie. The initial record details a priest's unsuccessful attempts to research the book, which was revealed to be one of three volumes of the Naturom Demonto (Necronomicon Ex-Mortis/Book of the Dead). The subsequent record reveals that the priest continued his research in secret and recited an incantation that summoned demonic entities known as Deadites. The building's power fails, and an unseen force possesses Ellie. She returns to the apartment in a trance, menacingly threatens her family, and dies after pleading with Beth to protect her children. Ellie's neighbors help lay her to rest in her bedroom and search for a way out. They find that the staircase has collapsed, the elevator is damaged, and they are unable to access the fire escape before Ellie revives and attacks the family, wounding Beth and Bridget. Beth and the children lock Ellie outside the apartment after she pursues and massacres the neighbors. Danny confesses to Beth his recovery of the Naturom Demonto , and Ellie tricks Kassie into unlocking the door before attacking her. While Danny and Beth are distracted rescuing Kassie and locking Ellie out, Bridget's wound festers, and she is possessed. Bridget attacks Beth before turning on Danny and Kassie, with the latter inadvertently impaling her through the mouth with a broken broom handle. Beth listens to the third record to learn how to exorcise the Deadites, but discovers the priest failed and his allies were all possessed, and that only the complete destruction of the host stopped the Deadites. Bridget revives and fatally stabs Danny, who sets Bridget on fire before dying as Ellie infiltrates the apartment using the vents. Realizing Beth is pregnant, Ellie attempts to rip the fetus out of her,...","",""
"714119","Final Act","2019","Cheetah's season has arrived. André and Philip, two pals as valiant as they're bold, establish the ultimate hunting technique: Infiltrate the feline's territory disguised as animals.  [PLOT] Plot Superhuman David Dunn , now a superhero dubbed the Overseer, and his son Joseph track Kevin Wendell Crumb , a man with multiple personalities called The Horde, to an abandoned factory near Philadelphia . Kevin holds four cheerleaders hostage to feed The Beast, a superhuman personality that several of Kevin's personalities worship. David rescues the cheerleaders and has a scuffle with The Beast until they are both captured by Dr. Ellie Staple. They are taken to the Raven Hill Memorial Psychiatric Hospital, where a sedated Elijah ""Mr. Glass"" Price, a former terrorist born with osteogenesis imperfecta , whom David previously fought over a decade ago, [ a ] is being detained. David and Kevin are placed in separate rooms containing unique security measures based on their weaknesses of water and light flashes, respectively. Ellie diagnoses them as suffering from delusions of grandeur and believes they do not have superpowers . Elijah's mother Mrs. Price, Joseph, and Beast survivor Casey Cooke [ b ] individually fail to convince Ellie that superhumans are real and to let them go. As part of her final evaluation, Ellie brings the trio to a room where she challenges them with explanations backing up her theory. David and several of Kevin's personalities become confused and distraught, while Elijah remains catatonic . That night, Elijah awakens, escapes from his room, and conducts research on David and Kevin. He visits Kevin and says he has been feigning his sedated state and plans to escape the institute, but he requires the help of The Beast to do so. The next morning, Ellie sees surveillance footage of Elijah outside his room and performs a prefrontal lobotomy -type procedure on him. When he is alone with his caretaker, Elijah kills the man, revealing the procedure was unsuccessful because he had sabotaged the surgical laser. He frees Kevin and then manipulates David into using his strength to break out of his room by relaying a master plan for The Beast to reveal himself to the world at the opening of the Osaka Tower, a new skyscraper in Philadelphia , while Elijah destroys a chemical lab in the building, potentially killing thousands. Mrs. Price, Casey, and Joseph arrive at Raven Hill just as Elijah, Kevin, and David escape. Ellie, also witnessing the fight, calls an armed SWAT team to move in on the superhumans. David and The Beast battle at the Raven Hill parking lot, before Elijah tells The Beast that David's weakness is water, at which point Joseph...","",""
"714794","Jumping Moments","2020","A physical space in a film is always frozen within a small fragment of time - a frame. The artist dynamically explores each space as the frames become combined, transformed, rearranged, and repeated.  [PLOT] Plot True crime writer Ellison Oswalt experienced success due to his debut book presenting new evidence that led to the perpetrator's capture. Following the failure of his subsequent works, he moves to Chatsford, Pennsylvania , with his family. Unbeknownst to Ellison's wife Tracy and their children, 12-year-old Trevor and 7-year-old Ashley, the previous homeowners, the Stevenson family, were murdered by hanging. Hoping to revitalize his career, Ellison intends to research the Stevensons' murders and the subsequent disappearance of their youngest child, 10-year-old Stephanie. In the attic, Ellison finds a box containing a scorpion , a projector, and film reels labeled as home movies. The footage displays families being murdered in various ways, such as being drowned in a pool and locked in a car and lit on fire, seemingly by the camera operator. Ellison contemplates giving the videos to the police, but, excited at what they could contribute to his career, ultimately decides to keep and study them. Ellison notices a mysterious cultic symbol and a strange figure in the films. He matches one reel to the 1998 murder of the Miller family in St. Louis and the disappearance of their 13-year-old son Christopher. While investigating noises in the attic one night, Ellison finds a king snake inside the film reels' canister lid and childlike doodles of the killings, featuring a figure called ""Mr. Boogie"". After he falls through the ceiling, emergency services are called, including a deputy who enthusiastically agrees to help Ellison, jokingly accepting the nickname ""Deputy So-and-So"". Ellison later encounters a Rottweiler in the garden, which flees. Consulting the deputy, Ellison learns that the murders took place in different cities at different times, beginning with the pool murders in 1966 in Oregon , after which a child from each family disappeared. Before moving to Chatford, the Stevensons lived in the Millers' former house. Ellison consults occult specialist Professor Jonas about the symbol in the films, which Jonas links to pagan Babylonian god Bughuul, who is said to lure children into his realm and consume their souls. Jonas suspects the murders are part of a cult initiation rite rather than the work of a single murderer. Ghost children invisible to Ellison begin to haunt the house. Trevor begins experiencing night terrors, and Ashley paints Stephanie on the walls, claiming that Stephanie has been talking to her; Tracy is furious that Ellison moved them into...","",""
"715756","Dangerous Drugs of Sex","2020","An elite salaryman drunkenly tries to die by suicide, but is saved by a mysterious stranger who holds him captive and sexually torments him.  [PLOT] Plot Viju Prasad is a small-time motivational speaker living in Kanyakumari with his mentally unstable younger brother, Kunjan. When Kunjan commits suicide, Viju is devastated and relocates to Mumbai . There through a casting director named Kavitha whom he had once met at Kanyakumari, Viju meets a mysterious duo Solomon Davis and Issac Thomas, who hire Viju to pose as a Christian pastor and perform hoax miracles . He is sent to Kochi where he is trained for his role by their associate Avarachan, who changes Viju's name to Joshua Carlton. Initially hesitant, Viju successfully transforms into the character of Joshua. He captures the devotion of many and help Solomon and Issac's enterprise grow into a global phenomenon. At the height of his fame, Joshua is invited to a TV interview by a reporter named Matthews. On air, Matthews demands a live miracle. Joshua secretly drugs Matthews during a commercial break, causing him to collapse in front of the camera. The event is initially hailed as a miracle but a subsequent blood report proves that he was drugged. Furious at having put their enterprise in trouble and risk of public exposure, Solomon and Issac argue Joshua and asks him to leave. This leads to a scuffle & Viju getting hit by a golf club in the head. Viju is hospitalised with severe head injuries. He remains in coma for two days and they decide to quietly kill him to avoid any further trouble. On the third day, Joshua starts moving about and shatters the glass by his bedside. He then goes into a psychedelic trance and revives, making a miraculous recovery. He renegotiates his deal with Solomon and Issac to secure 80% of the profits for himself from the upcoming miracle healing festival that's bounds to rake in crores. Suspecting that Joshua is mentally ill, Solomon and Issac agree. They appoint a model and sex worker named Esther Lopez to observe him and determine whether his illness is an act. Esther herself has a past of being cheated in a relationship, giving birth to a child, falling into depression and then coming into the profession. Esther eventually grows close to Joshua and believes that he is really unstable. When she reports this to Solomon and Issac, she is immediately taken away. Avarachan tries to convince Joshua that Esther was a figment of his imagination. Meanwhile, a poor man named Thomas who is an ardent follower of Joshua, tries to cure his young daughter's fever through his miracle cures. When she ultimately succumbs to her sickness,...","",""
"716273","Just A Bite","2020","Arang doesn't have a quick match with her husband Chan-jun. I live by satisfying my needs through masturbation. Meanwhile, Chan Joon is tired of Arang, who is not satisfied with his sex life. I secretly enjoyed affair with Arang's friend Bora.  [PLOT] Plot Ben is a witty and charismatic, but narcissistic and easily-enraged serial killer who holds forth at length about whatever comes to mind; be it the ""craft"" of murder, the failings of architecture, his own poetry, or classical music, which he plays with his girlfriend Valérie. A film crew joins him on his sadistic adventures, recording them for a fly on the wall documentary. Ben takes them to meet his family and friends while boasting of murdering many people at random and dumping their bodies in canals and quarries. The viewer witnesses these grisly killings in graphic detail. Ben ventures into apartment buildings, explaining how it is more cost-effective to attack old people than young couples because the elderly have more cash at home and are easier to kill. In a following scene, he screams wildly at an elderly lady, causing her to have a heart attack. As she lies dying, he casually remarks that this method saved him a bullet. Ben continues his candid explanations and his rampage, shooting, strangling, and beating his victims to death. His murders often involve robbery and theft. His victims include women, the elderly, immigrants, and postmen (his favorite targets). He enjoys killing a postman at the start of each month because they tend to have parcels with money and other goods he can steal. He also enjoys killing women because he claims they do not fight back as much. However, Ben also kills a real estate developer who rudely evicted one of his friends, and when he kills an immigrant night watchman at a construction site, he expresses concern that the construction company hired the African employee for unscrupulous reasons (before launching into his own racist tirade and requesting the film crew expose the body’s genitals). At the same construction site, Ben points out where he killed and buried two Muslims, and explains that he made sure to entomb their bodies in a wall that faces Mecca . During filming, some of Ben's crew are killed; their deaths are later called ""occupational hazards"" by a crew member and off-handedly mourned. The camera crew becomes more and more involved in the murders, starting out as silent accomplices but gradually assisting Ben in his killings. When Ben invades a home and kills an entire family, they help him hold down a young boy and smother him with a pillow, all the while keeping up a casual conversation. At the abandoned building that Ben uses for a hideout, the crew encounters two Italian criminals or gangsters...","",""
"716612","Spencer","2021","During her Christmas holidays with the royal family at the Sandringham estate in Norfolk, England, Diana decides to leave her marriage to Prince Charles.  [PLOT] Plot On Christmas Eve 1991, the British royal family prepares to spend Christmas at Sandringham House in Norfolk . Among the attendees is Diana, Princess of Wales , whose marriage to Charles, Prince of Wales has become strained due to his affair with Camilla Parker Bowles . The staff of Sandringham prepare for the royals' arrivals. Instead of driving with her security detail, Diana has decided to drive herself and has become lost, until she runs into Royal Head Chef, Darren McGrady . She notes that the long-abandoned neighbouring estate, Park House , was her childhood home. She then notices a scarecrow in the distance and eagerly runs towards it. Diana takes off its jacket, which once belonged to her father John Spencer, 8th Earl Spencer , and goes back to her car. When Diana arrives at Sandringham, her sons William and Harry are excited to see her, but she does not attempt to socialise with the rest of the royal family. Diana's only friend at Sandringham is royal dresser Maggie, who encourages her to both combat the royal family and fulfil the obligations expected of her. Diana finds a book on Anne Boleyn in her bedroom. She begins to have dreams about Boleyn (including a hallucination of her at a Christmas Eve dinner where she imagines herself destroying a pearl necklace given to her by Charles and eating the pearls in her soup), eventually coming to believe that Boleyn's ghost is haunting her as a fellow abandoned royal wife. Diana tries to visit her childhood home, but is stopped by royal guards who initially mistake her for an intruder. On Christmas Day, Diana attends a service at St Mary Magdalene Church, Sandringham , where she notices Camilla among the gathered crowd and is photographed by numerous intrusive journalists . She holds a difficult conversation with Charles, who rebuffs her concerns over William and Harry's participation in a pheasant shoot the next day, and advises her to develop a stronger sense of separation between her public and private lives. Charles privately arranges for Maggie to be sent to London and spreads rumours that she had planted the Boleyn book in Diana's room and made critical comments about her mental health; McGrady denies that she had done so when Diana questions him. Major Gregory attempts to encourage Diana to conform to the pressures of royal life by reminding her that the soldiers of the British Army die trying to protect the interests of the Crown (and by extension her interests). Diana responds by stating...","",""
"717728","Jeepers Creepers: Reborn","2022","Forced to travel to a horror festival with her boyfriend, a young woman begins experiencing premonitions associated with the urban myth of The Creeper. She believes that something supernatural has been summoned — and that she is at the center of it all.  [PLOT] Plot In 2021, millennial couple Chase and Laine travel to the Horror Hound festival in rural Louisiana . Chase is a paranormal fanatic, taking a special interest in the local urban legend of ""the Creeper"", a creature that every 23 years, for 23 days, kills and eats hundreds of people before disappearing. Chase plans to propose marriage to Laine on their trip, and unbeknownst to him, Laine believes she is pregnant. Meanwhile, the Creeper awakens and begins to feed in order to increase its strength. Stopping at a gift shop, Laine has a premonition when she touches a mysterious artifact. Owner Lady Manilla gives cryptic messages to the couple. At the hotel, Laine takes a pregnancy test but is interrupted when a crow slams into the window. The couple then depart for the festival. At Horror Hound , Laine picks up a mysterious shuriken and finds she is abnormally skilled at throwing it. The Creeper arrives and begins hunting; using its truck, it knocks out internet connectivity. The couple enters into a raffle hosted by festival organizer Madam Carnage, for a chance to win a night at an abandoned plantation house that has been converted into an escape room . Laine begins to have visions of her involvement in a strange ritual within the house. A cameraman and associated crew accompanies them to document the event, along with a local tour guide, Stu. As the group approaches the house, they travel through an 18th-century graveyard where the Creeper kills the cameraman and abducts Laine as Chase proposes to her. Laine awakens bound to a table where the Creeper pierces her abdomen with a knife. The group enters the house and feuds over their situation; Stu fires his pistol into the air attracting the Creeper's attention. The Creeper leaves Laine and hunts the group throughout the house, eventually killing all of them except for Stu and Chase. Laine frees herself and joins them; she reveals to Chase that she is pregnant and that the Creeper has specifically targeted her as a result. They discover that Madam Carnage, Lady Manilla, and others have been worshiping the Creeper and luring victims to the house for its consumption. They enact a plan for Laine to lure the Creeper outside so Chase and Stu can push the weather vane onto it. Laine blinds the Creeper with its shuriken, and the falling weather vane impales it. A murder of crows consume the Creeper, while also killing Stu by pushing him off the roof, and fly into the night. The group departs, while elsewhere the...","",""
"718789","Lightyear","2022","Legendary Space Ranger Buzz Lightyear embarks on an intergalactic adventure alongside a group of ambitious recruits and his robot companion Sox.  [PLOT] Plot .mw-parser-output .quotebox{background-color:#F9F9F9;border:1px solid #aaa;box-sizing:border-box;padding:10px;font-size:88%;max-width:100%}.mw-parser-output .quotebox.floatleft{margin:.5em 1.4em .8em 0}.mw-parser-output .quotebox.floatright{margin:.5em 0 .8em 1.4em}.mw-parser-output .quotebox.centered{overflow:hidden;position:relative;margin:.5em auto .8em auto}.mw-parser-output .quotebox.floatleft span,.mw-parser-output .quotebox.floatright span{font-style:inherit}.mw-parser-output .quotebox>blockquote{margin:0;padding:0;border-left:0;font-family:inherit;font-size:inherit}.mw-parser-output .quotebox-title{text-align:center;font-size:110%;font-weight:bold}.mw-parser-output .quotebox-quote>:first-child{margin-top:0}.mw-parser-output .quotebox-quote:last-child>:last-child{margin-bottom:0}.mw-parser-output .quotebox-quote.quoted:before{font-family:""Times New Roman"",serif;font-weight:bold;font-size:large;color:gray;content:"" “ "";vertical-align:-45%;line-height:0}.mw-parser-output .quotebox-quote.quoted:after{font-family:""Times New Roman"",serif;font-weight:bold;font-size:large;color:gray;content:"" ” "";line-height:0}.mw-parser-output .quotebox .left-aligned{text-align:left}.mw-parser-output .quotebox .right-aligned{text-align:right}.mw-parser-output .quotebox .center-aligned{text-align:center}.mw-parser-output .quotebox .quote-title,.mw-parser-output .quotebox .quotebox-quote{display:block}.mw-parser-output .quotebox cite{display:block;font-style:normal}@media screen and (max-width:640px){.mw-parser-output .quotebox{width:100%!important;margin:0 0 .8em!important;float:none!important}} ""In 1995, a boy named Andy got a Buzz Lightyear toy for his birthday. It was from his favorite movie. This is that movie."" — The statement that opens the film, clarifying Lightyear to be a film within a film of the Toy Story franchise . A Star Command exploration vessel filled with hypersleeping personnel changes course to investigate signs of life on the unknown world T'Kani Prime. Awakened from hibernation by the ship AI, Space Ranger Buzz Lightyear and his commanding officer and best friend Alisha Hawthorne explore the planet with a new recruit in tow. They are forced to retreat to their exploration vessel after discovering that the planet hosts hostile lifeforms. While attempting to leave, Buzz accidentally damages their vessel, causing them and their many shipmates to be marooned on T'Kani Prime. After surveying the damage, they find that the fuel for the ship was...","",""
"718821","Twisters","2024","As storm season intensifies, the paths of former storm chaser Kate Carter and reckless social-media superstar Tyler Owens collide when terrifying phenomena never seen before are unleashed. The pair and their competing teams find themselves squarely in the paths of multiple storm systems converging over central Oklahoma in the fight of their lives.  [PLOT] Plot Philadelphia firefighter Cooper Abbott takes his teenage daughter, Riley, to pop star Lady Raven's concert as a reward for her good grades. Noticing the unusually high police presence around the concert venue, Cooper learns from a vendor named Jamie that the FBI has learned a serial killer named ""the Butcher"" will be in attendance. Cooper, who is revealed to be the Butcher, secretly checks footage on his phone of his latest captive victim, Spencer, whom he is holding in a basement. He steals Jamie's ID card and learns the passphrase that will identify him as an employee, using the card to gain access to a back room and steal a police radio. Hearing a woman predicting his movements over the radio, Cooper sets off an explosion in a food stand's kitchen and uses the chaos to access the roof, where he learns from a police officer that the manhunt is led by Dr. Josephine Grant, an FBI profiler. Confused by Cooper's behavior, Riley asks him to stay with her. She says she hopes to be chosen as Lady Raven's ""Dreamer Girl"", who gets to dance on stage with the singer and receives backstage access. Believing the backstage exit is not covered by the police, Cooper meets Lady Raven's uncle, one of the spotters, and lies to him that Riley recently recovered from leukemia , leading to her selection as the ""Dreamer Girl"". After the concert ends, Cooper learns that the police are also guarding the backstage exit. He privately reveals himself as the Butcher to Lady Raven, threatening to kill Spencer remotely if she does not escort him and Riley out in her limousine. She complies but asks to come to Riley's house, where she stalls for time by explaining the FBI operation to the family, unsettling Cooper by describing Grant's profile of him as someone with maternal issues and obsessive–compulsive disorder . She also explains that the police discovered details about the Butcher's attendance at the concert via a torn ticket receipt left in a vacant house that was reported anonymously. Lady Raven steals Cooper's phone and locks herself in the bathroom. She obtains details from Spencer about where he was taken and livestreams it to her fans, one of whom finds and rescues him. She reveals Cooper's identity as the Butcher to his wife Rachel, and he locks his family upstairs while Lady Raven texts her driver to contact the police. Cooper attempts to drive off with Lady Raven, but Cooper's family escapes and distracts him long enough for her to flee into her limousine. The...","",""
"718930","Bullet Train","2022","Unlucky assassin Ladybug is determined to do his job peacefully after one too many gigs gone off the rails. Fate, however, may have other plans, as Ladybug's latest mission puts him on a collision course with lethal adversaries from around the globe—all with connected, yet conflicting, objectives—on the world's fastest train.  [PLOT] Plot Yuichi Kimura (""the Father""), boards a bullet train departing Tokyo to find the person who pushed his young son Wataru from a rooftop, leaving him comatose. At the same time, an American freelance operative codenamed ""Ladybug""—whose ""bad luck"" often kills those around him, although he always survives—embarks on the train on a mission in which he is a last-minute replacement for a colleague named Carver and is being guided remotely by his handler, Maria, to retrieve a briefcase from the train. Also aboard are British assassin brothers ""Lemon"" and ""Tangerine"", who are escorting ""the Son"" to his father, a ruthless Russian-born yakuza boss known as the White Death, and are also to deliver the briefcase, containing cash, to him. Soon after departure, the Son is found fatally poisoned. Ladybug quietly takes the briefcase but is confronted by another assassin, ""the Wolf"", who mistakenly believes him responsible for the death of his wife at their wedding. During their fight, the Wolf accidentally kills himself with his own knife. Meanwhile, Yuichi identifies his son's attacker: a manipulative schoolgirl assassin (""the Prince""). She reveals she lured Yuichi onto the train to force him to kill the White Death, threatening Wataru's life through a henchman at the hospital. Lemon encounters Ladybug and, recalling him from a failed job in Johannesburg , suspects him of murdering the Son. They fight, leaving Lemon briefly unconscious; Ladybug drugs his water with sleeping powder and escapes. The Prince locates the briefcase, rigs it with explosives, and sabotages Yuichi's gun to explode if fired. Ladybug later clashes with Tangerine and knocks him off the train, though Tangerine manages to climb back aboard. Lemon, increasingly suspicious, shoots Yuichi and prepares to shoot the Prince, but collapses from the drugged water. The Prince shoots Lemon in return and hides both men in a bathroom. Ladybug then meets ""the Hornet"", the assassin responsible for poisoning both the Wolf's wedding party and the Son using boomslang venom. After a struggle, both are exposed to the poison, but Ladybug secures the antivenom first, and the Hornet dies. Believing Lemon to be dead, Tangerine confronts the Prince, but before he can act, Ladybug, unaware of her identity, intervenes and kills Tangerine. At the next stop, Yuichi's father, ""the Elder"", boards the train and confronts the Prince. He reveals her henchman has been killed and Wataru is safe, and the Prince flees. The Elder...","",""
