"tmdb_id","title","release_year","synopsis","themes","tones"
"375366","The Girl with All the Gifts","2016","In the future, a strange fungus has changed nearly everyone into thoughtless, flesh-eating monsters. When a scientist and a teacher find a girl who seems to be immune to the fungus, they all begin a journey to save humanity.  [PLOT] Plot In the near future, humanity has been ravaged by a disease caused by a parasitic fungus transmitted by bodily fluids. Over the prior decade, most of humanity that was infected turned into fast mindless zombies called ""hungries"". The only remaining hope is a cure that could be obtained from research on a small group of carrier but apparently normal children. The children are imprisoned by a group of soldiers led by Sergeant Eddie Parks, and go to school at an army base in the Home Counties , where they are experimented on by Dr. Caroline Caldwell. Helen Justineau is responsible for educating and studying the children. Among them is an exceptional girl named Melanie, whom Justineau grows particularly close to, thus forming a special bond. When Melanie is about to be dissected, the base is overrun by hungries and the operating lab is breached. Melanie escapes and wanders outside, where soldiers are being violently attacked. Melanie and Justineau board an escaping truck with an injured Caldwell, Sergeant Parks, and two surviving soldiers, Gallagher and Dillon. Melanie is restrained and muzzled to prevent her from biting the others. Dillon is killed when hungries attack as the group stops for water, and the truck is disabled when a fuel line is broken. The group reaches London by foot and makes their way through a swarm of dormant hungries using a ""blocker"" gel that masks their scent, rendering them largely invisible. They take shelter in an abandoned hospital for the night. Caldwell reveals to Melanie that second-generation hungries, or neonates, were discovered after babies killed their infected mothers by eating organs to get out of the womb, and while they crave living flesh, they still think and learn, as the fungus has a symbiotic relationship with those born infected. In the morning, the group realises they have been surrounded by hungries. Melanie, as a second-generation hungry, is ignored by them and therefore goes to explore abandoned houses, eating a stray cat during her time out. She helps the group by leading the hungries away with a stray dog so the group can escape. As they progress through London, they come across piles of infected bodies encircling the BT Tower , which has been overgrown by a massive fungal growth. Caldwell explains that the growth contains pods which, upon maturity, could release airborne spores that would end humankind. They take shelter in an abandoned mobile laboratory that was sent into the city earlier by the...","",""
"375588","Robin Hood","2018","A war-hardened Crusader and his Moorish commander mount an audacious revolt against the corrupt English crown.  [PLOT] Plot Lord Robin of Loxley , an aristocrat and an English longbow master, lives in Nottingham and enjoys a good life with his lover Marian , before he is drafted by the corrupt Sheriff of Nottingham to fight in the Third Crusade against the Saracens . Four years later, Robin becomes disillusioned with the Crusades when he fails to prevent his commander, Guy of Gisbourne , from executing unarmed prisoners, including a teenage boy, despite the pleading of the boy's father, which prompts Gisbourne to send Robin back home under accusations of treasonous conduct. When he returns to Nottingham, Robin learns from his old friend Friar Tuck that the Sheriff had officially declared him dead two years prior, seizing his land and wealth to continue funding the war effort at the behest of the corrupt Cardinal Franklin. The citizens were exiled from the city and into the coal mine town across the river . Investigating ""the Slags"", Robin witnesses the commoners planning to rise against the government that oppresses and exploits them and learns that Marian is now involved with their aspiring leader, Will Tillman. Robin is prevented from contacting her by the prisoner whose son he tried to save. The man then introduces himself as Yahya—which he says can be translated to "" John ""—and proposes that he and Robin work to end the war by stealing back the money taken from the people. Marian seeks Robin upon learning that he is alive, but John advises him not to tell her of his plans for her own protection. Through a grueling training regimen in his now-decrepit manor, Robin improves his skills in archery and combat and begins stealing the riches that the Sheriff has extorted from the townspeople, earning the nickname ""The Hood"" while concealing his activities by masquerading as a frivolous playboy-Lord who supports the Sheriff's regime. During a party in the Cardinal's honor attended by Robin, Marian, and Will, Marian and Robin discover the war is a ploy of the church, which is also funding the Saracen army, to defeat the king and claim total power after his death. Gisbourne and his men raid the Slags at the Sheriff's behest to find the Hood. Marian attempts to intervene despite Will's objections and crosses paths with the Hood, whom she discovers is Robin, by recognizing his voice. John is captured by Gisbourne and tortured by the Sheriff but refuses to reveal the Hood's identity. When the Sheriff uses John's faith against him, he threatens him with the promise that his eyes...","",""
"376290","Miss Sloane","2016","An ambitious lobbyist faces off against the powerful gun lobby in an attempt to pass gun control legislation.  [PLOT] Plot Elizabeth Sloane is a workaholic cutthroat lobbyist who has been called before a congressional hearing led by Senator Ronald Sperling to answer questions about possible violations of Senate ethics rules during her tenure at Washington D.C. lobbying firm Cole Kravitz & Waterman. Three months and one week earlier, Sloane's firm is approached by gun manufacturing representative Bill Sanford to lead the opposition to the proposed Heaton-Harris bill that would expand background checks on gun purchases , specifically by targeting female voters. Sloane ridicules Sanford's idea and is later approached by Rodolfo Schmidt, the head of rival lobbying firm Peterson Wyatt, to instead lead the effort in support of the bill. Sloane agrees and takes most of her staff along with her, though her closest associate Jane Molloy refuses to leave. At Peterson Wyatt, Sloane selects Esme Manucharian to conduct the majority of the firm's media appearances, and they begin to make significant progress in garnering votes for the bill. Sloane confronts Esme with knowledge of her background as having survived a school shooting. Even though Esme does not want to disclose the information, Sloane reveals Esme's secret during a live television debate. Later, Esme is held up at gunpoint while leaving her office, but her attacker is shot dead by another civilian who is legally carrying a gun. Gun rights supporters capitalize on this event, which causes the Heaton-Harris bill to lose support in the Senate. This is compounded by the news of the Senate inquiry into Sloane's lobbying practices. Returning to the congressional hearing, Senator Sperling produces a form requesting approval of overseas travel for a Senator. It was filed by a non-profit organization but completed in Sloane's handwriting, indicating she violated Senate ethics rules with her involvement, as a lobbyist, in arranging the travel. In answer to other questions, Sloane swears under oath that she has never practiced illegal wiretapping. In her final statement at the hearing, Sloane admits she anticipated the opposition might attack her personally if Peterson Wyatt made too much progress with the Heaton-Harris bill. She reveals that she had someone (Molloy, her former assistant) secretly working for her, and that she did use a wiretap – which recorded Senator Sperling accepting bribes from her former boss George Dupont. Ten months later, Sloane is visited by her lawyer in prison. The bill passed, Dupont and Sperling are...","",""
"376328","Lokha Samastha","2015","'Loka Samastha' talks of the tale of Chithal Rajan (Kalabhavan Mani), who had witnessed his dad being slaughtered by the cops in cold blood. Rajan emerges to be a revolutionary who flees from one city to the other, with the police hot on his heels.","",""
"376476","Icons of Light","2016","Katharina and Steffen seem like the quintessential successful Berlin couple -- they have well-paying jobs, a loving relationship and a spectacular apartment. One night, fed up with the predictability of their lives, they decide on a radical change: They're going to extinguish all traces of their existence and start over. They set up a camera to film the process, hoping others will follow their lead. They begin to destroy their belongings, empty their bank accounts and erase the digital remnants of their lives. Even from their best friends, the couple Robert and Paul, they intend to hide their plan to disappear forever. As everything around them breaks into pieces, their film takes a turn of its own - and their secretive revolution becomes a fight for their love.  [PLOT] Plot Rodrigues visualizes the face of Christ in the Veil of Veronica form painted by El Greco . A fumi-e bearing an image of Christ , similar to the one portrayed in the film. In 1633, in Japan , Jesuit priest Cristóvão Ferreira is forced to watch as several Catholic priests are tortured to death for refusing to renounce their faith. In 1640, in Macau , another Jesuit priest, Alessandro Valignano , receives news that Ferreira has apostatized . In disbelief, Ferreira's Portuguese pupils, young Jesuit priests Sebastião Rodrigues and Francisco Garupe, set off to find him, guided by Kichijirō, a Japanese fisherman stranded in Macau who, although able to speak Portuguese, vehemently denies being Christian . Arriving in a Japanese village called Tomogi, Rodrigues and Garupe find local Christians worshipping in secrecy in fear of ""the Inquisitor."" The villagers tell them that Kichijirō is actually a Christian who renounced his faith to save himself before the rest of his family were put to death by immolation ; Rodrigues takes Kichijirō’s confession to grant him absolution. When government officials arrive in the village to ferret out hidden Christians, they take four hostages, including Kichijirō, and force them to apostatize by stepping on a fumi-e , a carved image of Christ, which they all reluctantly do, and spitting on a cross, which only Kichijirō can force himself to do. The other three hostages are crucified on the shore and left to drown; their bodies are cremated so they cannot be given a Christian burial. Garupe then leaves for Hirado Island and Rodrigues for Gotō Island , which is Kichijirō’s home. Kichijirō finds and hides Rodrigues, who again takes his confession, but then betrays Rodrigues to the authorities, who imprison him in Nagasaki with a number of Japanese Christians. After several of them refuse to step on a fumi-e, one of them is beheaded. When Kichijirō is imprisoned with them, Rodrigues reluctantly hears his confession again; Kichijirō is then released after he steps on the fumi-e. Rodrigues is forced by the Inquisitor to watch as four Christians who have renounced their faith before the Inquisitor are drowned. He is shocked to see an emaciated Garupe with them; Garupe has been told he can save the condemned Christians by apostatizing, but he refuses to do so and instead swims out to try to save a drowning woman. The guards hold him underwater and he himself drowns. Rodrigues' faith in God is shaken. Rodrigues is taken to meet Ferreira,...","",""
"376865","High Life","2018","Monte and his daughter are the last survivors of a damned and dangerous mission to deep space. The crew—death-row inmates led by a doctor with sinister motives—has vanished. As the mystery of what happened onboard the ship is unraveled, father and daughter must rely on each other to survive as they hurtle toward the oblivion of a black hole.  [PLOT] Plot .mw-parser-output .hatnote{font-style:italic}.mw-parser-output div.hatnote{padding-left:1.6em;margin-bottom:0.5em}.mw-parser-output .hatnote i{font-style:normal}.mw-parser-output .hatnote+.mw-empty-elt+.hatnote{margin-top:-0.5em}@media print{body.ns-0 .mw-parser-output .hatnote{display:none!important}} The film is presented in a nonlinear narrative . The following is a linear summary of the plot. A group of criminals serving death sentences are sent on a mission in space to extract alternative energy from a black hole . Each prisoner is treated as a guinea pig by Dibs, a scientist, for her experiments; Dibs is fixated on trying to create a child in space through artificial insemination , but has yet to succeed. Sexual activity between prisoners is prohibited. The ship is equipped with ""The Box"", a device in a small room that is obsessively used by the crew to masturbate , while Dibs administers sedatives to the passengers. Monte, the only celibate prisoner, rejects Dibs' sexual advances. He is serving a life sentence for manslaughter as a child. Monte's only friend on the ship is Tcherny, who is drawn to the onboard garden because it reminds him of life back on Earth. Pregnant prisoner Elektra delivers a baby, who dies later before she does as well. The captain, Chandra, develops leukemia from radiation and has a stroke before being euthanized by Dibs. One night, male prisoner Ettore attempts to rape Boyse. Nansen, the pilot, intervenes, but Ettore attacks and overpowers her. Monte arrives, throws Ettore off Boyse, and beats him. When Monte leads Boyse away to be treated, Mink stabs Ettore to death in the hallway. Dibs begins doubling the amount of sedatives each prisoner receives, later sneaking into Monte's cell and raping him while he is sedated. She then injects his semen into Boyse, who produces a healthy child that Dibs dotes on, but Monte is unaware that he is the baby's father. As the ship approaches the black hole, Nansen prepares to pilot a shuttle around it. Unbeknownst to the other prisoners, Boyse kills Nansen with a shovel and takes her place. The shuttle travels through a molecular cloud that alters its trajectory and causes it to dive into the black hole, where Boyse dies gruesomely due to spaghettification . Mink later attacks Dibs and injures her, but is then killed by Monte. Dibs informs him that the child is his before ejecting herself into space. Tcherny commits suicide and Monte buries his body in the garden according to his...","",""
"376867","Moonlight","2016","The tender, heartbreaking story of a young man’s struggle to find himself, told across three defining chapters in his life as he experiences the ecstasy, pain, and beauty of falling in love, while grappling with his own sexuality.  [PLOT] Plot I. Little In Liberty City , Miami at the height of the crack epidemic , Afro-Cuban drug dealer Juan finds Chiron, a withdrawn child who goes by the nickname ""Little"", hiding from bullies in a crackhouse . Juan lets Chiron spend the night with him and his girlfriend Teresa before returning Chiron to his mother Paula. Chiron continues to spend time with Juan, who begins to teach him the basics of life, from which he believes Chiron can benefit. One night, Juan encounters Paula smoking crack with one of his customers. Juan berates her for neglecting her son, but she rebukes him for selling crack to her in the first place. They argue over Chiron's upbringing; Paula asks if Juan is prepared to explain to Chiron why he gets tormented by his peers, alluding to him being gay. She goes home and takes out her frustration on Chiron. The next day, Chiron admits to Juan and Teresa that he hates his mother and asks what a "" faggot "" is. Juan tells him it is ""a word used to make gay people feel bad."" He tells Chiron there is nothing wrong with being gay and that he should not allow others to mock him. Chiron then asks Juan whether he sells drugs and whether his mother does drugs. After Juan remorsefully answers yes to both questions, Chiron leaves as Juan hangs his head in shame. II. Chiron Now a teenager, Chiron balances avoiding school bully Terrel and spending time with Teresa, who lives alone after Juan's death. Paula, who has turned to prostitution due to her worsening addiction, forces Chiron to give her the money he receives from Teresa. Chiron's childhood friend Kevin tells him about a detention he received for having sex with a girl in a school stairwell. Chiron later dreams about Kevin and the girl having sex in Teresa's backyard, waking with a start. One night, Kevin visits Chiron at the beach near his house. While smoking a blunt together, the two discuss their ambitions and Kevin's nickname for Chiron: ""Black."" They kiss, and Kevin gives Chiron a handjob . The next day, Terrel manipulates Kevin into participating in a hazing ritual. Kevin reluctantly punches Chiron until he cannot stand, watching as Terrel and other boys savagely attack him. When the principal urges him to reveal his attackers' identities, Chiron refuses, saying that reporting them will not solve anything. The next day, an enraged Chiron walks into class and smashes a chair over Terrel's head before being restrained. Chiron is arrested and taken from the high school in a police cruiser...","",""
"377264","Morgan","2016","A corporate risk-management consultant must determine whether or not to terminate an artificial being's life that was made in a laboratory environment.  [PLOT] Plot Lee Weathers is a ""risk-management specialist"" for genetic-engineering company SynSect. She arrives at a rural site hosting its L-9 project, an artificial being with nanotechnology-infused synthetic DNA named Morgan. The ""hybrid biological organism with the capacity for autonomous decision making and sophisticated emotional responses"" is smarter than humans and has matured quickly, walking and talking within a month and already physically equivalent to a young teenage girl despite being born only five years before. The cold and precise Weathers, who insists on calling Morgan ""it"", is at the site to assess the project while a psychologist evaluates Morgan, who has used a pen to stab Dr. Kathy Grieff in the eye. Over dinner with the team of eight scientists, Weathers and project leaders Dr. Lui Cheng and Dr. Simon Ziegler discuss an incident in Helsinki involving Cheng in which 21 SynSect researchers were killed in an hour by ""crude prototypes"". Lee learns that Morgan attacked Grieff when she was prohibited from leaving her room, a glass cell, after killing a deer impaled on a tree branch, out of compassion for its suffering, while exploring outside. The scientists have reared Morgan from birth following two failed attempts, and most consider her to be their child; Grieff defends Morgan to Weathers despite her injury, and Dr. Amy Menser wants to resume taking her on outings. Menser promises to take Morgan to a nearby lake that she describes as wonderful; the behavioral therapist understands that Morgan is, despite her intellect and physical appearance and abilities, emotionally strange. Although Morgan considers Cheng to be her ""mother"", the scientist is pessimistic about the project; she admits to Weathers that she ended the outings as it is cruel to expose Morgan to a world she cannot be allowed to enter. Psychologist and artificial intelligence expert Dr. Alan Shapiro arrives to assess Morgan and quickly defies the scientists' requests to stay outside Morgan's room for the assessment. When Shapiro aggressively taunts Morgan as part of his evaluation, she looks at her hand, becomes angry and spontaneously kills him. Weathers tranquilizes Morgan after a brief escape, and decides that she is too unpredictable and must be terminated. The scientists refuse to kill Morgan; before Weathers can do so, they shoot her with a tranquilizer dart and imprison her in the cell in which Morgan was held. The scientists plan to escape with Morgan, but after waking,...","",""
"377670","Chapo: El Escape Del Siglo","2016","A famous drug kingpin escapes from prison. The mexican president wants him back in jail whereas the U.S. government wants him dead.","",""
"378064","A Silent Voice: The Movie","2016","Shouya Ishida starts bullying the new girl in class, Shouko Nishimiya, because she is deaf. But as the teasing continues, the rest of the class starts to turn on Shouya for his lack of compassion. When they leave elementary school, Shouko and Shouya do not speak to each other again... until an older, wiser Shouya, tormented by his past behaviour, decides he must see Shouko once more. He wants to atone for his sins, but is it already too late...?  [PLOT] Plot Shōya Ishida and his friends bully Shōko Nishimiya, a transfer student who was born deaf . When the principal learns of the bullying, not wanting to face consequences, Shōya's friends frame him as the sole perpetrator to save face. Shōya blames Shōko when she tries to help him, and having had enough of the abuse, Shōko finally snaps and physically attacks him as revenge. The latter is subsequently transferred to another school, with Shōya keeping her notebook. With his reputation as a bully following him through middle school, Shōya becomes a depressed loner in high school who believes suicide is his only absolution. However, he makes amends with those he has wronged before ending his life. Shōya reconciles with Shōko when returning her notebook at the sign language center she attends, realizing she is still lonely due to her shyness. Shōya is also befriended by Tomohiro Nagatsuka, a similarly friendless classmate who feels indebted to Shōya for saving him from a bully. Shōya tries to meet up with Shōko to help her feed the koi in the river, much to the ire of her younger sister, Yuzuru. When Shōya illegally jumps into the river to retrieve Shōko's notebook, Yuzuru takes a photo of the incident and posts it online to have him suspended from school. Yuzuru runs away from home after an argument with Shōko over the incident. Shōya offers to let Yuzuru stay at his house, and the two begin to bond. Shōya helps Shōko reconnect with Miyoko Sahara, a kind classmate who genuinely befriended Shōko and is currently in the same school as Naoka Ueno, who also bullied Shōko and weasels back into Shōya's life. Shōko also meets Miki Kawai, her elementary school class president, who now attends the same school as Shōya and is in a relationship with Satoshi Mashiba. Shōko later gives Shōya a gift and verbally confesses her feelings for him, but runs off upset when Shōya mishears her. Shōya invites Shōko to an amusement park with Tomohiro, Miyoko, Miki, and Satoshi. They are joined by Naoka, who is infatuated with Shōya while trying to reconnect him with their old friends. Naoka also grudges Shōko for Shōya's misfortune before slapping her, which Yuzuru secretly records for Shōya to see. This leads to the group falling out the following day when Miki desperately exposes Shōya's past to the others to remain blameless in Shōko's bullying. Shōya isolates himself from everyone but the Nishimiyas. After Shōko and Yuzuru's grandmother passes away, Shōya takes them to the...","",""
"378111","A Stork's Journey","2017","Orphaned at birth and raised by storks, teenage sparrow Richard believes he is one of them. But when time comes to migrate to Africa, his stork family is forced to reveal his true identity and leave him behind in the forest, since he is not a migratory bird and would not survive the journey. Determined to prove he is a stork after all, Richard ventures south on his own. But only with the help of Olga, an eccentric owl with an imaginary friend and Kiki, a narcissistic, disco-singing parakeet, does he stand a chance to reach his goal and learn to accept who he really is.  [PLOT] Plot For generations, the storks of Stork Mountain delivered babies to families around the world, until one stork named Jasper imprinted on an infant girl and attempted to keep her for himself. Jasper accidentally dropped the infant's address beacon, shattering it, and went into exile. Unable to deliver the orphaned girl, the storks adopted her under the name Tulip. CEO stork Hunter discontinues baby delivery in favor of online package delivery with Cornerstore.com. Somewhat of an outcast, the creative Tulip tries to promote new ideas for Cornerstore, which consistently backfire and cause the company to lose stocks. On her eighteenth birthday, Hunter declares her to be a severe burden and liability due to this incompetence. Hunter explains to Junior, his top employee, that he is being promoted to chairman, and so he chooses him to take his place as boss, exciting Junior. Hunter assigns Junior with firing Tulip before being promoted to boss. Despite being desperate to prove himself, Junior cannot bring himself to do so and instead fraudulently transfers Tulip to the abandoned mailroom, which hasn't been used since the storks stopped delivering babies, under the pretence that she must sort letters, whilst informing Hunter that he was successful in firing Tulip. Meanwhile, a 4-year-old young boy named Nate Gardner, who lives with his workaholic parents Henry and Sarah, is lonely and wants a younger sibling. Unaware that the storks stopped delivering babies, he sends a letter to Cornerstore and it reaches Tulip, who enters the defunct baby factory and inserts the letter into the baby-making machine, causing it to create a pink-haired infant girl. Junior injures his wing trying to turn off the machine. Afraid that Hunter will fire him, Junior agrees to accompany Tulip and secretly deliver the baby to her family using a makeshift flying craft that Tulip invented. They eventually crash, escape a pack of wolves that fall in love with the baby, and reach civilization, during which Junior and Tulip bond with the baby and name her Diamond Destiny. Junior shares that he doesn't know why he wants to be in charge, and Tulip confesses she built the plane to try and find her family by herself, as well as a single piece of her homing beacon she wears as a necklace. Meanwhile, Henry and Sarah open up to Nate's desire for a younger sibling and bond with their son by building a landing platform for the storks. Junior and Tulip encounter Jasper, who had followed them from...","",""
"378236","The Emoji Movie","2017","Gene, a multi-expressional emoji, sets out on a journey to become a normal emoji.  [PLOT] Plot The ponies of Equestria prepare for their first Friendship Festival, overseen by Princess Twilight Sparkle in Canterlot. The festivities are interrupted by an army of monsters commanded by the Unicorn Tempest Shadow, who is ordered by her superior, the Storm King, to capture Equestria's princesses and Twilight and empower his mystical staff with their magic in exchange for restoring her broken horn. Tempest uses magical orbs to petrify Twilight's fellow princesses and mentors Princess Celestia , Princess Luna and Princess Cadance but Twilight escapes with her six friends: Pinkie Pie , Rainbow Dash , Rarity , Applejack , Fluttershy and Spike . Following incomplete instructions from Celestia, Twilight and her friends set out to find the ""queen of the hippo"" beyond Equestria. They arrive at the desert city of Klugetown, where they accept an offer by a con artist feline named Capper to escort them to the "" hippos "", unaware that he intends to sell them to local mob boss Verko as to settle a debt he owes to him. As Capper begins to develop a genuine friendship with them, Twilight discovers a map that reveals the ""hippos"" to be hippogriffs . Just as they're about to leave, Verko arrives to buy them, exposing Capper's treachery. When Tempest arrives in pursuit of Twilight, the group evades her aboard a delivery airship run by birdlike pirates led by Captain Celaeno, whom Rainbow Dash persuades to take them to the hippogriffs' kingdom on Mount Aris. However, she accidentally gives their location away to Tempest with a Sonic Rainboom , forcing the group to reach Mount Aris in a makeshift hot-air balloon. While exploring the hippogriffs' deserted kingdom, Twilight's group is led by the seapony Princess Skystar to her home of Seaquestria in an underwater cavern. Skystar reveals her kind to be the hippogriffs, transformed by a magic pearl used by her mother, Queen Novo, to hide from the Storm King and his forces, which she denies giving to the group to use against the Storm King. Twilight, fed up with her friends' carefree antics throughout the journey, attempts to steal it while letting her friends unknowingly distract the seaponies. Her plan backfires when she triggers an alarm right after Pinkie persuades Novo to give them the pearl, resulting in Novo angrily banishing the entire group back to the surface. Back at the surface, Twilight and her friends get into an argument over her actions, ending with Twilight losing her temper and furiously disowning them as...","",""
"379149","The Foreigner","2017","Quan is a humble London businessman whose long-buried past erupts in a revenge-fueled vendetta when the only person left for him to love – his teenage daughter – dies in an Irish Republican Army car bombing. His relentless search to find the terrorists leads to a cat-and-mouse conflict with a British government official whose own past may hold the clues to the identities of the elusive killers.  [PLOT] Plot Ngoc Minh Quan, a Chinese-Vietnamese-British widower , Vietnam War veteran , and former special forces operator, runs a Chinese restaurant in London . He lost two daughters to pirates when he escaped Vietnam , and his wife died when his daughter, Fan, was born. Fan and 11 other people are killed in a terrorist bombing in Knightsbridge ; an IRA splinter group dubbing itself the ""Authentic IRA"" claims responsibility. Quan visits Scotland Yard daily for information and offers Commander Bromley £20,000 for the names of the bombers. Though sympathetic, Bromley tells him he is hindering the investigation. Quan leaves the restaurant with his friend and partner, Lam. Later, Quan travels to Belfast to meet deputy First Minister of Northern Ireland and Sinn Féin political advisor Liam Hennessy, a former Provisional IRA leader who has renounced violence. Quan demands the names of the bombers, but Hennessy denies any knowledge, so Quan sets off a homemade bomb in Hennessy's building and leaves a fake explosive on Hennessy's car as a warning. Hennessy orders IRA weapons dumps searched for missing Semtex and tells his right-hand man, Jim Kavanagh, to get Quan out of the city. Hennessy's men track Quan, but he fights them off and escapes. Later, Quan photographs Hennessy kissing his mistress, Maggie Dunn, and threatens to blackmail him. Hennessy enlists his nephew Sean Morrison, a former Royal Irish Regiment soldier and skilled tracker, to meet with Bromley. Morrison tells Bromley that each IRA cell will change code words to identify the rogue bombers; Bromley agrees to assist on condition that the British take them out, not the IRA. Quan follows Hennessy to his farmhouse and attacks it with more bombs. As Hennessy's men search for him, Quan maims them with traps before he is wounded by Kavanagh, forcing him to flee. Hennessy's former IRA commander, Hugh McGrath, confronts him about the searches, accusing Hennessy of caring more about his position within the British government than the IRA's cause. Soon after, Quan also confronts Hennessy, threatening him and giving him 24 hours to reveal the names of the bombers. A double-decker bus is blown up in London, killing 16 more people, but no code word is given, creating distrust between Hennessy and Bromley. Bromley notifies Hennessy that they have discovered the bomber's identity and tracked McGrath to his farm. Bromley threatens to raid the farm unless Hennessy forces McGrath to reveal who and where the terrorists...","",""
"379686","Space Jam: A New Legacy","2021","When LeBron and his young son Dom are trapped in a digital space by a rogue A.I., LeBron must get them home safe by leading Bugs, Lola Bunny and the whole gang of notoriously undisciplined Looney Tunes to victory over the A.I.'s digitized champions on the court. It's Tunes versus Goons in the highest-stakes challenge of his life.  [PLOT] Plot In 1998, a young LeBron James attends a youth league basketball game. His friend Malik gives him a Game Boy , which LeBron plays with until the coach demands that he concentrates on the game. LeBron misses a potential buzzer beater and is reprimanded for being unfocused. In the present day, LeBron encourages his sons, Darius and Dom, to pursue basketball careers. While his attempts with Darius are successful, Dom aspires to become a video game developer. The Jameses are later invited to Warner Bros. Studios to discuss a film deal. LeBron rejects the idea while Dom is interested in the studio's software, particularly its AI , Al-G Rhythm. Dom and LeBron argue, with Dom revealing resentment towards his father's advice. Having become self-aware and desiring more recognition in the world, Al-G lures LeBron and Dom to the server room and traps them in the studio's ""Serververse"". Al-G takes Dom prisoner and orders LeBron to form a basketball team to compete against his own, only earning his freedom if he wins, before sending him to Tune World. Upon his arrival, LeBron meets Tune World's sole inhabitant, Bugs Bunny , who explains that Al-G persuaded the other Looney Tunes to leave and explore the Serververse. Using Marvin the Martian 's spaceship, they travel to various worlds to locate and recruit the other Looney Tunes to form the Tune Squad. Meanwhile, Al-G manipulates Dom into recreating his basketball-based video game, Dom Ball, inside the Serververse. They create a highly powerful team which Al-G intends to use against LeBron. In Tune World, despite Bugs's protests, LeBron insists on teaching the Tune Squad the fundamentals of basketball. They soon oppose Al-G's team, the Goon Squad, composed of avatars based on real basketball players and led by Dom. Al-G converts Tune World and the rest of the Tunes to computer animation, live streams the game and abducts real-world people, including the other Jameses, into the Serververse. Al-G threatens to delete the Looney Tunes and imprison the spectators permanently if the Goon Squad wins. The Goon Squad use their abilities to score extreme ""style points"", ending the first half with a 1039–37 lead. LeBron realizes his mistake and allows the Looney Tunes to use their cartoon physics during the second half. They rally and take the lead. During a time-out, LeBron apologizes to Dom for not listening to his ideas. Dom forgives LeBron and joins the Tune Squad. Al-G takes control of the game and demonstrates a new...","",""
"381283","mother!","2017","A couple's relationship is tested when uninvited guests arrive at their home, disrupting their tranquil existence.  [PLOT] Plot Marta and her mother come home and have a casual conversation that is interrupted by a phone call from Marta's 6-year-old son. He informs her that his father (her ex husband), with whom he is on holiday in southern France, has left him alone on a beach and he is scared because he does not know where his father is. Marta begins to question him about his father's whereabouts, how long he's been gone and where the boy is. Her son does not know where he is, and is even unsure as to whether he is in France or Spain. Marta asks him who is around him and he says no one. As Marta begins to become more and more concerned, she discovers that her son's phone is almost out of power. Marta has her mother talk to her son while she calls a friend of the father's, but the friend knows nothing of his whereabouts, having not spoken to him for some time. Her son asks to talk to her and the two get more and more scared and panicked. The son's phone call is dropped. Marta calls the police who ask her several questions and then tell her to come in and make a report. She asks them if they can trace the call and they repeat that she must come in to make a report. Marta, now frustrated and angry, resolves to drive to France to look for her son. She leaves the apartment, but as she is going down the stairs the phone rings again. It is her son. She asks him to describe the beach or anything he might have seen going there. She tells him to start walking down the beach, but her mother says that he should stay where he is. In the midst of this conversation, he tells her that an unknown man has arrived. He tells Marta that the man is alone and is seen relieving himself. The man is waving the boy over and her son reports being scared and that he does not want to talk to the man. Marta tells him to run. She tells him to run and hide, which he does. He tells her that the man is looking for him, and then Marta hears the man's voice asking the son a question before the phone call is dropped again. Marta leaves the apartment. The film ends with a brief shot of a deserted beach.","",""
"381284","Hidden Figures","2016","The untold story of Katherine G. Johnson, Dorothy Vaughan and Mary Jackson – brilliant African-American women working at NASA and serving as the brains behind one of the greatest operations in history – the launch of astronaut John Glenn into orbit. The visionary trio crossed all gender and race lines to inspire generations to dream big.  [PLOT] Plot Katherine Goble works at the West Area of Langley Research Center in Hampton, Virginia , in 1958 through 1961, alongside her colleagues Mary Jackson and Dorothy Vaughan , as lowly "" computers "", performing mathematical calculations without being told what they are for. All of them are African-American women; the unit is segregated by race and sex . White supervisor Vivian Mitchell assigns Katherine to assist Al Harrison's Space Task Group , given her skills in analytic geometry . She becomes the first Black woman on the team; head engineer Paul Stafford is especially dismissive. Mary is assigned to the space capsule heat shield team, where she immediately identifies a design flaw. Encouraged by her team leader, Karl Zielinski, a Polish-Jewish Holocaust survivor , Mary applies for a NASA engineer position. She is told by Mitchell that, regardless of her degree in mathematics and physical science, the position requires additional courses. Mary files a petition for permission to attend all-white Hampton High School , despite her husband's opposition. Pleading her case in court, she wins over the local judge by appealing to his sense of history, allowing her to attend night classes. Katherine meets African-American National Guard Lt. Col. Jim Johnson, who voices skepticism about women's mathematical abilities. He later apologizes and begins to spend time with Katherine and her three daughters (from her marriage to her late husband James Goble). The Mercury 7 astronauts visit Langley, and astronaut John Glenn goes out of his way to greet the West Area women. Katherine impresses Harrison by solving a complex mathematical equation from redacted documents, as the Soviet Union 's successful launch of Yuri Gagarin increases pressure to send American astronauts into space. Harrison confronts Katherine about her ""breaks,"" unaware that she is forced to walk half a mile (800 meters) to use the nearest restroom designated for ""colored"" people. She angrily explains the discrimination she faces at work, which leads Harrison to destroy the ""colored"" restroom signs and abolish restroom segregation. He allows Katherine to be included in high-level meetings to calculate the space capsule's re-entry point. Stafford instructs Katherine to remove her name from the reports, insisting that "" computers "" cannot be credited as authors, and her work is credited solely to Stafford. Informed by Mitchell that there are no plans to assign a ""permanent supervisor for the colored...","",""
"381288","Split","2017","Though Kevin has evidenced 23 personalities to his trusted psychiatrist, Dr. Fletcher, there remains one still submerged who is set to materialize and dominate all the others. Compelled to abduct three teenage girls led by the willful, observant Casey, Kevin reaches a war for survival among all of those contained within him — as well as everyone around him — as the walls between his compartments shatter apart.  [PLOT] Plot Just outside Philadelphia , three teenage girls — friends Claire and Marcia, and their classmate Casey — are waiting in the car of Claire's father to be driven home from her birthday party. They are kidnapped by a man, who imprisons them in an underground lair. It becomes clear that this man has dissociative identity disorder (DID) rooted in his history of childhood abuse and abandonment. The man has been living with his 23 distinct identities (""alters"") for several years with help from his therapist, Dr. Karen Fletcher, who is pleased that the man has been able to hold down a good job. One of these personas, ""Barry"", has been in control of deciding which personalities get to control the man's body; lately he has not allowed two others, ""Dennis"" and ""Patricia"", to have a turn due to the former's tendency to harass young women and the latter's belief in a mysterious 24th yet-to-manifest alter called ""The Beast"" who plans to rid the world of the ""impure""—those who have not suffered. The captives meet ""Patricia,"" who protects them from ""Dennis"" to save them for ""The Beast,"" and a 9-year-old boy alter named ""Hedwig,"" whom ""Patricia"" and ""Dennis"" manipulate to shut out the other alters. Through a series of flash-backs, it is revealed that Casey herself is a survivor of childhood sexual abuse. She attempts to psychologically manipulate the various alters to gain opportunities for escape. The captives make several escape attempts: one by climbing through an air vent, one by attacking the man with a chair, and one by finding a walkie-talkie and calling for help. The man punishes them for their failed escape attempts by locking them in separate rooms. During a session, Dr. Fletcher questions the man about an incident where two teenage schoolgirls had placed his hands on their breasts during a field trip to his workplace, and becomes concerned when she realizes that ""Dennis"" has been impersonating ""Barry."" Dr. Fletcher goes to the lair to talk to ""Dennis"" and he confesses that he has met ""The Beast"". She discovers Claire, so ""Dennis"" incapacitates and imprisons Dr. Fletcher. ""Dennis"" goes to the train station and boards an empty train car, where ""The Beast"" takes over. ""The Beast,"" who displays enhanced strength and animalistic tendencies, returns to his lair, thanks Dr. Fletcher for her help, and crushes her to death. ""The Beast"" feeds upon and kills Claire and Marcia before approaching Casey. But Casey finds a note scrawled by Dr. Fletcher with instructions...","",""
"381394","The Audition","2016","Documentary about the audition process at an acting school in Hannover, Germany.  [PLOT] Plot In 1879, robber baron and gold-mining tycoon Bartholomew Bogue, accompanied by an army of Blackstone Agents , seizes control of the frontier town of Rose Creek and forces the residents to work as cheap labor for his mine, while polluting their water supply. Being denounced by the residents, Bogue has their church torched and several of the townsfolk, including farmer Matthew Cullen, brutally murdered in public view. Bogue then gives them a 3 week notice to turn over the deeds to their land at the offer he granted. Matthew's widow Emma and her friend Teddy leave in search of bounty hunters to help save the town. Their first recruit is Wichita -based bounty-hunter Sam Chisholm, who expresses interest in Bogue's involvement. He in turn recruits six others: gambler and trick-shooter Joshua Faraday; pardon-seeking outlaw Vasquez; former Confederate sharpshooter Goodnight Robicheaux; his friend, assassin Billy Rocks; legendary mountain man Jack Horne; and Comanche warrior Red Harvest. The Seven enter Rose Creek and eliminate twenty-two Blackstone agents guarding the town, while their lead agent, McCann, flees on horseback. Chisholm apprehends the corrupt sheriff , Mr. Harp, sending him away to challenge Bogue. Chisholm tells the terrified townspeople that they now have seven days before Bogue's army arrives. Although some flee, most are determined to fight. The Seven liberate the men held at the mine, take the explosives stockpiled there and spend the next week fortifying the town and training the townsfolk in combat. Meanwhile, Bogue kills Harp and orders McCann and his Comanche enforcer Denali, to assemble an army. Robicheaux, haunted by his experiences in the Civil War and fearing his own death if he kills again, leaves the town the night before Bogue's arrival. Emma volunteers to take his place. At dawn, Bogue's army attacks Rose Creek. A large number are killed by various traps and ambushes. Faraday is wounded by McCann, who is killed by Vasquez; the defensive line collapses, and Robicheaux returns to join the battle, warning the others of an incoming Gatling gun . The gun tears through both the townspeople and Bogue's men alike. Outgunned, the Seven evacuate the survivors to the burnt-out church and mount a last stand . Horne protects a wounded Teddy from gunfire, but is killed by Denali. Denali then prepares to kill Emma. An enraged Red Harvest kills Denali, calling him ""a disgrace"". Robicheaux and Billy are killed by a second round of Gatling...","",""
"381719","Peter Rabbit","2018","Peter Rabbit's feud with Mr. McGregor escalates to greater heights than ever before as they rival for the affections of the warm-hearted animal lover who lives next door.  [PLOT] Plot In Britain's Lake District , Peter Rabbit , his cousin, Benjamin Bunny and his triplet sisters, Flopsy, Mopsy and Cottontail, spend most of their days picking on old Mr. McGregor, who killed and ate their father, and stealing vegetables from his garden. They are friends with a kind-hearted local resident named Bea , who took on a motherly role with the rabbits ever since their mother's death and who spends her time painting pictures of the rabbits as well as the surrounding nature. One day, Peter is forced to leave his jacket in McGregor's garden and goes back to retrieve it. However, it was a trap set by McGregor; he catches him, but suddenly dies of a heart attack , having lived an unhealthy lifestyle (including smoking, using asbestos, drinking water from a dirty bird bath, and a poor diet) for many years. Enthralled, Peter invites all of the local animals and takes over McGregor's manor. Meanwhile, in London , McGregor's great-nephew, Thomas, an uptight, controlling workaholic, works in the toy department of Harrods , where he waits for a promotion to associate general manager. After losing the promotion to a lazy nephew of the managing director, Thomas suffers a breakdown and gets fired. When Thomas learns that his great-uncle's manor is valuable and that he has inherited it, he decides to appraise and prepare it for resale in order to start his own toy store near Harrods to get his revenge. He kicks out Peter and the other animals and begins to upgrade the security of the garden wall and gates. When Peter and a reluctant Benjamin sneak back into the garden, Thomas catches them and attempts to drown Benjamin in a river. Peter and his sisters rescue Benjamin and Thomas instead accidentally drops a prized set of binoculars Bea had given him earlier into the water. Furious, Thomas buys an electric fence and a supply of dynamite to ward off the rabbits. Thomas and Bea end up falling in love with each other, much to Peter's jealousy. He and Thomas start a war with each other by setting traps and other offensive nuisances. Things get out of hand when Peter and his family rewire the electric fence to give Thomas a shock when he touches any doorknob leading to the outside, prompting Thomas to throw the dynamite in the hole. After the rabbits trigger Thomas' allergy to blackberries , he attacks them in the garden with some of the dynamite, on the warpath against them and tells Peter that his antics caused him to become aggressive. Bea, having heard the...","",""
"382190","Pokémon the Movie: Volcanion and the Mechanical Marvel","2016","Ash meets the Mythical Pokémon Volcanion when it crashes down from the sky, creating a cloud of dust—and a mysterious force binds the two of them together! Volcanion despises humans and tries to get away, but it’s forced to drag Ash along as it continues its rescue mission. They arrive in a city of cogs and gears, where a corrupt official has stolen the ultimate invention: the Artificial Pokémon Magearna, created 500 years ago. He plans to use its mysterious power to take control of this mechanical kingdom! Can Ash and Volcanion work together to rescue Magearna? One of the greatest battles in Pokémon history is about to unfold!","",""
"382272","Death Note: Light Up the NEW World","2016","10 years has passed since the confrontation between Kira and L. Again, Shinigami sends death notes to the ground and due to this, the world soon falls into chaos. Tsukuru is a member of the Death Note special task force team with 6 other investigators including Matsuda who experienced the Kira case of 10 years ago.  Mass murders caused by the death note takes place on Wall Street in the U.S., Shibuya in Japan and other places. World famous private investigator Ryuzaki, who is the rightful successor of L, also investigates the mass murders. They discover that 6 death notes exists in the world.  A computer virus called Kira spreads in the world. A message in the Kira virus says to turn in 6 death notes.  A person who has 6 death notes overwhelm the world. The confrontation begins between the person who wants Kira’s revival and the people who want to stop it.  [PLOT] Plot .mw-parser-output .ambox{border:1px solid #a2a9b1;border-left:10px solid #36c;background-color:#fbfbfb;box-sizing:border-box}.mw-parser-output .ambox+.mw-empty-elt+.ambox,.mw-parser-output .ambox+.mw-empty-elt+.mw-empty-elt+.ambox,.mw-parser-output .ambox+.mw-empty-elt+.mw-empty-elt+.mw-empty-elt+.ambox{margin-top:-1px}html body.mediawiki .mw-parser-output .ambox.mbox-small-left{margin:4px 1em 4px 0;overflow:hidden;width:238px;border-collapse:collapse;font-size:88%;line-height:1.25em}.mw-parser-output .ambox-speedy{border-left:10px solid #b32424;background-color:#fee7e6}.mw-parser-output .ambox-delete{border-left:10px solid #b32424}.mw-parser-output .ambox-content{border-left:10px solid #f28500}.mw-parser-output .ambox-style{border-left:10px solid #fc3}.mw-parser-output .ambox-move{border-left:10px solid #9932cc}.mw-parser-output .ambox-protection{border-left:10px solid #a2a9b1}.mw-parser-output .ambox .mbox-text{border:none;padding:0.25em 0.5em;width:100%}.mw-parser-output .ambox .mbox-image{border:none;padding:2px 0 2px 0.5em;text-align:center}.mw-parser-output .ambox .mbox-imageright{border:none;padding:2px 0.5em 2px 0;text-align:center}.mw-parser-output .ambox .mbox-empty-cell{border:none;padding:0;width:1px}.mw-parser-output .ambox .mbox-image-div{width:52px}@media(min-width:720px){.mw-parser-output .ambox{margin:0 10%}}@media print{body.ns-0 .mw-parser-output .ambox{display:none!important}} This article's plot summary may be too long or excessively detailed . Please help improve it by removing unnecessary details and making it more concise. ( July 2017 ) ( Learn how and when to remove this message ) Ten years after the deaths of Light Yagami /Kira and L , in a world afflicted with cyber-terrorism , a chain of unexplained deaths suggests that Death Notes are being used once more. Interpol assigns L's biological successor, Ryuzaki, to the newly established ""Death Note Task Force"", led by Detective Tsukuru Mishima. They quickly secure a notebook during a killing spree in Shibuya, after its owner, Sakura Aoi, is killed. Upon touching Aoi's notebook, the Task Force meets and questions its original owner – a Shinigami named Beppo – who reveals that there are six Death Notes currently in the human world; this is the maximum number that can exist there at any one time. The Task Force resolves to find the remaining five Death Notes. Similarly, Aoi's killer – cyber-terrorist Yuki Shien – vows to acquire all the notebooks, believing he is on a mission...","",""
"382511","Penny Pincher!","2016","François Gautier is stingy! Saving puts the joy, it causes pay sweats. His life is set for the sole purpose of never spend anything. A life that will switch in one day: he falls in love and discovers he has a daughter he did not know existed. Forced to lie in order to hide his terrible default, this will be the beginning for François problems. Because lie can sometimes be expensive. Very expensive…  [PLOT] Plot John Brown lives in the city of Riverton with his 12-year-old niece, Penny Brown, and her pet beagle , Brain. Dreaming of becoming a police officer, John works as a security guard for the Bradford robotics laboratory. Artemus Bradford and his daughter, Brenda, are designing a lifelike robotic foot as part of the Gadget Program, designed to add android officers to the Riverton Police Department. Sanford Scolex, a malicious tycoon, uses a robotic tank to break into the Bradford laboratory and steal the foot to build an army of androids from its technology, assassinating Artemus in the process. John chases after Scolex's limousine in his hatchback, but John's car gets flipped over due to an oil slick from Scolex's limo, leading both vehicles to crash into a Yahoo billboard. John is blown up in his capsized car by a dynamite stick disguised as a cigar and left for dead, but a bowling ball launched by the explosive blast from the destroyed car lands in the limo and crushes Scolex's left hand; Scolex receives a mechanical claw from his associate, Kramer, taking on the alias ""Dr. Claw"". Brenda decides to make John, whose body is now mangled from the explosion, the first test subject for the Gadget Program. She builds an array of gadgets into his body and gives him the alias ""Inspector Gadget"", inserting a control chip as his power supply. Brenda and a local guru give John an orientation on using his new gadgets, which goes awry when the guru is hospitalized by a pinch to the testicles inadvertently caused by John, causing the guru's voice pitch to rise. He is helped by the Gadgetmobile, a robotic car with a chatty AI . Despite struggling with his new gadgets, John stops two criminals trying to rob a car after stealing a cat. At a charity ball , Scolex approaches Brenda, having known her at Harvard , inviting her to work for him in her own laboratory. Brenda accepts, unaware that Scolex plans to steal her technological ideas and designs. Unimpressed with John, Riverton Police Chief Frank Quimby assigns him to menial assignments rather than investigate Artemus' murder. Upset at not being taken seriously, John begins investigating Artemus' murder on his own and finds a piece of scrap metal, which he later connects to Scolex with Penny's help. Scolex uses Brenda's research to build his own android, ""Robo-Gadget"", sending him out on a rampage across Riverton to frame John, who infiltrates Scolex's lab to recover the foot but is caught and deactivated when Scolex...","",""
"382892","Paris 05:59 / Théo & Hugo","2016","Théo and Hugo meet in a club and form an immediate bond. Once the desire and elation of this first moment has passed, the two young men, now sober, wander through the empty streets of nocturnal Paris, having to confront the love they sense blossoming between them.","",""
"383244","Meral, My Girl","2016","Following an accident, Meral returns to live with her traditional parents where she is confined to her bed while recuperating. Nobody confronts her condition except herself. Her little sister Asiye is her biggest supporter.  [PLOT] Plot After the 2016 suicide of writer and photographer Carole Achache , her daughter Mona Achache , a film director, found thousands of photos, letters, and audio recordings that her mother left behind. To better understand her mother's death and who she was, Mona Achache asked actress Marion Cotillard to portray her mother in a docudrama investigating Carole's childhood, her relationship with her mother, the writer Monique Lange, and the abuses that Carole suffered at the hands of men such as writer Jean Genet . [ 1 ] ^ Cite error: The named reference screendailyreview was invoked but never defined (see the help page ).","",""
"383498","Deadpool 2","2018","Wisecracking mercenary Deadpool battles the evil and powerful Cable and other bad guys to save a boy's life.  [PLOT] Plot After fighting organized crime as Deadpool for two years, Wade Wilson fails to kill one of his targets on his anniversary with his girlfriend, Vanessa . That night, after the pair decides to start a family together, the target tracks Wade down and inadvertently kills Vanessa; Wade then kills him in revenge. Six weeks later, Wade is still wallowing in self-hatred. He visits Blind Al, who unsuccessfully attempts to convince him to move on with his life. After a series of suicide attempts , Wade has a vision of Vanessa in the afterlife but remains alive due to his healing abilities. Wade is left with only a Skee-Ball token as an anniversary gift, as final mementos of Vanessa. Colossus recovers Wade's body and takes him to the X-Mansion to recruit him. Wade reluctantly agrees to join the X-Men because he believes Vanessa would have wanted him to. He, Colossus, and Negasonic Teenage Warhead respond to a standoff between authorities and the unstable young mutant Russell Collins at an orphanage owned by the Essex Corporation , labeled a ""Mutant Re-education Center"". Realizing that Russell has been abused by the orphanage staff, Wade kills one of the staff members before being restrained by Colossus, and both Wade and Russell are arrested. Fitted with power-suppressing collars, they are taken to the Ice Box, an isolated prison for mutant criminals. Meanwhile, Cable , a cybernetically enhanced soldier from the future, travels back in time to kill Russell. Cable storms the Ice Box and attacks Russell. Wade, whose collar breaks in the ensuing melee, attempts to protect Russell. After Cable takes Vanessa's token, Wade forces himself and Russell out of the prison, but not before Russell overhears Wade denying that he cares for him. Near death again, Wade has another vision of Vanessa in which she convinces him to help Russell. Deadpool organizes a team he calls X-Force to free Russell from a prison transfer convoy and protect him from Cable. The team launches its assault on the convoy by parachute, but all members die during the landing except for Wade and Domino , whose main superpower she claims to be pure luck. While a fight with Cable distracts them, Russell frees fellow inmate Juggernaut , who agrees to help him kill the abusive orphanage headmaster. Juggernaut destroys the convoy, rips Wade in half, and escapes alongside Russell. While Wade recovers, Cable offers to work with him and Domino to stop Russell from killing the headmaster. Cable explains that in...","",""
"384018","Fast & Furious Presents: Hobbs & Shaw","2019","Ever since US Diplomatic Security Service Agent Hobbs and lawless outcast Shaw first faced off, they just have traded smack talk and body blows. But when cyber-genetically enhanced anarchist Brixton's ruthless actions threaten the future of humanity, they join forces to defeat him.","",""
"384345","Doraemon: Nobita and the Birth of Japan","2016","Doraemon and his friends travel to ancient Japan where they meet Kukuru. When Kukuru tells them that his tribe has been enslaved by Gigazombie, Doraemon decides to help him.  [PLOT] Plot The movie starts with a boy who belongs to prehistoric times hunting a fish. Returning home he finds it destroyed and cries out in despair before suddenly being captured into time vortex. Meanwhile, in the 21st century in Tokyo , Nobita wants to run away from his home due to his mom always scolding him for getting a 0 on exams , as depicted many times in various episodes. As a result of failing to find an ideal home, Nobita decides to make a makeshift place to live, however due to land property ownership laws he fails to find a suitable location. At the same time, Shizuka, Gian, Suneo and Doraemon also want to run away from their homes as they feel their parents have been working them too hard (with the exception of Doraemon, who leaves as the family has been requested to take care of a hamster which Doraemon thinks looks too much like a mouse, an animal he hates). Nobita suggests that they should go back in time to live in a place before humans existed. The group agrees with him and travel to Japan 70,000 years ago. To settle in, Doraemon assigns everyone a ministry. Nobita, who is given the ministry of pets, mixes the genes of different animals and creates a Pegasus, a Dragon and a Griffin. At night, the group eats the supper and decides to return home and visit here another day. On the next day, Doraemon is upset to find his dorayaki has been eaten, deducing it was the hamster. As he sets off in a rage, Gian, Shizuka and Suneo come and is attacked by the mysterious boy from the start of the movie. Gian fights with him and manages to overpower him. At first they are annoyed as they believe Doraemon and Nobita have told someone else about their secret but it quickly turns to confusion as they find the spear the boy holds is made of real stone. Nobita's mom then comes up the stairs and in a panic, the group take the boy with them to the past. They take the boy into the cave and when he regains consciousness, Shizuka gives him food and Doraemon uses the translation taro in order to understand him. He tells them that his name is Kukuru and he belongs to the Light Tribe (living in a village equivalent to present-day He County , Anhui , China ), who got attacked by the Dark Tribe and enslaved all of his people. Nobita and Doraemon decide to help him. Kukuru is mistrustful as they are led by a powerful ""King of the Spirits"", Gigazombi, but as Doraemon demonstrates the secret gadgets he has, Kukuru hails him as a god much to the annoyance of Doraemon....","",""
"384476","New Venice","2016","This is a documentary film about a stilt village in the middle of Santa Marta's Marsh, and the passion pushing its inhabitants to build, on the water, a soccer field.  [PLOT] Plot Some time after helping the Holy See deal with an antimatter threat, [ a ] Harvard University professor Robert Langdon awakens in a hospital room in Florence , Italy. He has no memory of the last few days but is plagued with hellish visions. Dr. Sienna Brooks, the doctor attending him, reveals that he is suffering from amnesia caused by a bullet wound to the head. An orderly says the police are there to question Langdon but the officer turns out to be the assassin Vayentha, who shoots the orderly while coming up the hallway. Brooks helps Langdon to escape, and they flee to her apartment. Among Langdon's personal belongings, Langdon and Brooks find a Faraday pointer , a miniature image projector with a modified version of Sandro Botticelli 's Map of Hell , which itself is based on Dante's Inferno . They soon realize this is the first clue in a trail left by the radical, transhumanist genius scientist Bertrand Zobrist, who believed that rigorous measures were necessary to reduce the Earth's growing population , and who committed suicide three days earlier after being chased by armed government agents. Langdon and Brooks figure out that Zobrist, who was obsessed with Dante , has created a biological superweapon he has dubbed ""Inferno"", with the potential of annihilating half the world's population. In the meantime, they have been traced by both Vayentha and government agents, who try to raid the apartment, forcing them to flee again. The agents are headed by Elizabeth Sinskey, a former lover of Langdon's. Vayentha reports to her employer Harry Sims, the CEO of a private security company called ""The Consortium"". He is acting on behalf of Zobrist, he then instructs her to kill Langdon, as he has become a liability. Langdon's knowledge of Dante's work and history, and of hidden passages in Florence, allows the two to follow clues such as letters and phrases which lead to various locations in Florence and Venice . They also inadvertently kill Vayentha while evading the agents. Along the way, Langdon discovers that he helped a friend of his steal and hide the Dante death mask , a crucial clue, an event that he also does not remember. Zobrist had provided Sims with a video message about the attack, to be broadcast after it has been released. Shocked by its content, Sims allies with Sinskey to prevent the outbreak. However, Langdon and Brooks are contacted by Christoph Bouchard, a man working with Sinskey, warning them that Sinskey is a double agent and is...","",""
"384680","Hostiles","2017","A legendary Native American-hating Army captain nearing retirement in 1892 is given one last assignment: to escort a Cheyenne chief and his family through dangerous territory back to his Montana reservation.  [PLOT] Plot In the New Mexico Territory in 1892, settler Rosalee Quaid and her family are attacked by a Comanche war party, who kill her husband and three children. Rosalee escapes by hiding under a rock outcrop. At Fort Berringer, soon-to-retire U.S. Army Captain Joseph Blocker is ordered by President Harrison to escort the cancer-stricken Cheyenne war chief Yellow Hawk and four members of his family back to their tribal lands in Montana. Blocker initially refuses, as Yellow Hawk and he are old enemies from the Great Sioux War of 1876 , but accepts under the threat of court-martial and loss of his pension . Blocker sets out for Montana accompanied by his old friend, First Sergeant Thomas Metz, long-time aide Corporal Woodson, West Point newcomer Lieutenant Kidder, and a young private , Dejardin. Blocker challenges Yellow Hawk to a knife fight, but he refuses. The group comes across the destroyed Quaid house, with a traumatized Rosalee sitting amongst the corpses of her family. After some convincing, Rosalee agrees to join the company until their next stop-over in Fort Winslow, Colorado . They are soon ambushed by the Comanche that killed the Quaids, who kill Dejardin and seriously injure Woodson before being forced to retreat. After the attack, Yellow Hawk persuades Blocker to unchain his family and him so they can help. The following day, the Comanche group is discovered dead, and Blocker correctly deduces that Yellow Hawk and his son Black Hawk snuck out of camp and killed them overnight. At Fort Winslow, the group drops off the wounded Woodson, and Blocker arranges for Rosalee to stay with the fort's commander, but she chooses to remain with the group. Blocker is asked to bring disgraced Sergeant Philip Wills to be hanged for having deserted from Fort Pierce and murdered a Native family. Two members of the fort, Corporal Thomas and Sergeant Malloy, join Blocker's company to oversee Wills, who chastises Blocker and the Natives. Near camp, the chief's daughter-in-law (Black Hawk's wife) Elk Woman, the chief's daughter Living Woman and Rosalee are abducted and raped by three fur traders . The group hunts down and kills the culprits; Malloy is killed in the fight. The next night, Metz walks into a downpour and begins to express guilt for his past actions against the Natives, leaving Blocker concerned. He asks for mercy from Chief Yellow Hawk before returning to his tent. Meanwhile, Wills feigns illness, allowing him to kill Kidder and escape. Blocker is awakened...","",""
"384798","Kill Command","2016","Set in a near future, technology-reliant society that pits man against killing machines. Against this backdrop an elite army unit is helicoptered to a remote, off-the-grid island training facility. What starts out as a simple training exercise for Captain Bukes and his tight-knit unit, descends into a terrifying battle to the death, as the marines discover the island is overrun by an enemy that transcends the human concept of evil.  [PLOT] Plot On the eve of Bastille Day in Paris , American drifter and pickpocket Michael Mason steals a woman's handbag, not knowing that it contains explosives . After taking the cash and her cell phone from the bag, he discards it, caught unwittingly on CCTV as he does so. The bag then detonates and kills four people. Upon being captured by CIA agent Sean Briar, who is being reprimanded for irresponsible conduct on the job, Mason protests that he is not a terrorist and tells Briar that the bag contained a cellphone owned by a woman named Zoé. The bomb was set up by a group of corrupt policemen , all of them members in the French special police RAPID unit led by Rafi Bertrand, who intend to pull a robbery at the Bank of France . Zoé was told to plant the bomb at the office of the French Nationalist Party (as part of a diversion for the heist), but after seeing the night cleaning crew arrive, she was unwilling to kill innocents and so abandoned the plan. Zoé's boyfriend Jean, one of the conspirators, allows her to escape, realising that his compatriots will kill her. The group tracks Zoé's phone to Briar's and Mason's location. Briar engages the conspirators, who pin him down, while Mason escapes. Bertrand's team proceeds to plant fake evidence at a mosque and stir up a nationwide uproar among its Islamic population, using agitating hashtags on the Internet. Chased by the French authorities and Bertrand's forces, Mason is picked up by Briar, who has come to believe his story and intends to clear the case with his help, even against the orders of his superiors. They track Zoé to the hideout of her friend Paul and his motorcycle gang , but the gang firebombs their car to cover their escape. Appropriating another car, they track Paul down to the bar where he works, and Mason instigates a brawl , during which he steals Paul's identity card. Mason and Briar use the card to find out Paul's address, where Zoé is hiding, and manage to gain her cooperation. Zoé leads them to Jean's apartment, where they find his body and an ID and badge identifying him as a police officer. Briar informs his colleague, Karen Dacre, who confers with her French contact, DGSI Director Victor Gamieux, about taking Mason and Zoé into protective custody. However, Gamieux, actually the mastermind of the heist conspiracy , kills Dacre after obtaining the information he needs and sends a pick-up team consisting of his henchmen . Briar, Mason and Zoé manage to pick up clues about the men's true...","",""
"385029","Ashen","2015","It's little Ema's birthday, and her father sends her to read comics in the closet while he prepares for her party. But is it her party, or an alien invasion?  [PLOT] Plot The story takes place before the events of Battle Angel Alita and revolves around Snev, a motorballer nicknamed the ""Crash King"" due to the way his races usually end. Although a promising athlete, even termed a ""prodigy"" by his mentors, Snev lacks the confidence to advance his career following a traumatic accident on the track six months earlier.","",""
"385103","Scoob!","2020","In Scooby-Doo’s greatest adventure yet, see the never-before told story of how lifelong friends Scooby and Shaggy first met and how they joined forces with young detectives Fred, Velma, and Daphne to form the famous Mystery Inc. Now, with hundreds of cases solved, Scooby and the gang face their biggest, toughest mystery ever: an evil plot to unleash the ghost dog Cerberus upon the world. As they race to stop this global “dogpocalypse,” the gang discovers that Scooby has a secret legacy and an epic destiny greater than anyone ever imagined.  [PLOT] Plot On Thanksgiving 1945, Alphonse Capone, the notorious mob boss of Prohibition -era Chicago , lives at his Florida estate with his wife Mae after being paroled from prison due to the effects of neurosyphilis and a stroke . He continues to decline physically and mentally, and is troubled by thoughts of an illegitimate son who rarely calls. Mae struggles to pay the family's expenses by selling luxury items from the estate, as federal investigators monitor them constantly. Capone's physician, Dr. Karlock, advises Mae to keep his surroundings familiar by finding a way not to have to move. Johnny, an acquaintance from Chicago, visits and takes Capone fishing. During the outing Capone tells Johnny that he hid $10 million and can't remember where. Later, as Capone is talking to Johnny on his terrace, he tells Mae to bring Johnny a drink. Mae tells him that no one is there, leading to a brief fight and a check-in from Gino, who heads Capone's security detail. Later that night Capone does not recognize Mae and tells the police that he has been kidnapped. He sees a young boy with a newsie cap and gold balloon walk past and follows the boy through a series of dreams about his Chicago years. These include singing a duet with Louis Armstrong , watching Gino stab a traitor to death, being seduced by a woman who offers clues about the treasure, and finally crawling over the bodies of shootout victims. Mae finds him on the floor paralyzed from another stroke. Karlock meets with his federal contacts and asks for more time to get information. At the estate, he explains Capone's condition to Mae, Capone's brother Ralph and his son Alphonse Junior. During motor rehabilitation therapy Karlock asks Capone to draw a picture of a bag of money. Junior examines Capone's drawings and finds one of the boy with the balloon, which Capone says is his son Tony. As Capone continues drawing later, Ralph urges him to share any secrets he's keeping before he dies. At dinner Capone is upset by the sight of Gino cutting meat, which reminds him of his earlier dream. As Capone lies in bed afterward, Johnny appears and forgives Capone for killing him years ago, then cuts out his own eyes and offers them to help Capone find the treasure. Desperate for a breakthrough, the federal agent overseeing the surveillance questions Capone. Capone stirs when asked about the money but says nothing. Angered, the agent threatens to monitor his family for the rest of their lives. Capone goes missing on the...","",""
"385128","F9","2021","Dominic Toretto and his crew battle the most skilled assassin and high-performance driver they've ever encountered: his forsaken brother.","",""
"385509","Santiamén","2016","The strange voice of Yukie guides us through her memories before the end of time. Yukie awakens in the bodies of other women and recognizes herself in different places. William Vega, who premiered his first feature La Sirga at the Cannes Director’s Fortnight, takes material from diverse sources and assembles it to show, with sensual melancholy, the fate of a woman in her transit through the “final days” of a world that, like in Eliot’s poem, ends not with a bang but with a whimper.","",""
"385687","Fast X","2023","Over many missions and against impossible odds, Dom Toretto and his family have outsmarted, out-nerved and outdriven every foe in their path. Now, they confront the most lethal opponent they've ever faced: A terrifying threat emerging from the shadows of the past who's fueled by blood revenge, and who is determined to shatter this family and destroy everything—and everyone—that Dom loves, forever.  [PLOT] Plot Dominic ""Dom"" Toretto and his team are asked by the Agency to steal a computer chip during its transit in Rome . Dom and his wife Leticia ""Letty"" Ortiz stay behind with his son Brian ""Little B"" Marcos, while Roman Pearce, Tej Parker, Han Lue , and Ramsey travel to Rome. A wounded Cipher arrives at Dom's home and reveals that Hernan Reyes's son, Dante, has turned her crew against her by kidnapping their families. He intends to target Dom in revenge for his father's death and the loss of his family's fortune ten years earlier. [ a ] The next morning, Little Nobody tells Dom and Letty that the Agency has no mission in Rome, revealing that Dante has manipulated the team. Dom, Letty and Little Nobody travel there to rescue them. Tej, Han and Ramsey break into the truck carrying the supposed computer chip, only to discover a DM-79 sub-nautical neutron mine. Dante remotely activates it and releases it into Rome's streets. Dom pushes the bomb into the Tiber River , limiting the damage, while Letty is arrested. Aimes, the Agency's de facto leader since Mr. Nobody's disappearance, [ b ] assumes Dom's team caused the bombing and orders a manhunt. In Los Angeles, Dom and Mia's brother Jakob rescues Mia and Little B from Agency agents. With Mia's approval, Jakob takes Little B to a safe location in Portugal. Mr. Nobody's daughter, Tess, believes the team is innocent and uses God's Eye, a mass surveillance programme, to locate Dom in Naples . She tells him that Dante is in Rio de Janeiro . Dom challenges Dante to a race in Rio alongside Elena Neves's sister Isabel and his ally Diogo. Dante kills Diogo with a bomb attached to his Porsche 911 when Dom chooses to save Isabel, winning the race. Meanwhile, Tess covertly wounds Letty at the black site, sending her to its treatment centre, where Cipher is also held. They deduce that the facility is in Antarctica and agree to escape together. In London, Dom's team seeks help from Deckard Shaw. [ b ] After fighting Shaw and Agency agents, Shaw agrees to assist while leaving to protect his mother from Dante's men. Aimes captures Dom in Rio, but Dante intercepts them on the bridge where Dom and Dante first met during the vault heist. A sniper wounds Tess, and Dante steals God's Eye from her. Aimes then allies with Dom against Dante. Dante locates and kidnaps Little B in Portugal. Jakob sacrifices himself to destroy the pursuing mercenaries, allowing Dom to rescue his son. Dante then reveals that Aimes is his co-conspirator...","",""
"386716","Young Mother 3","2015","Twenty year-old Ki-chan lives alone with his father. One day Yoon-seo (Kim Jeong-ah), his stepmother comes to live with them. She tries to be friendly with Ki-chan but he appraoches her as a woman and starts showing her that. Yoon-seo strongly rejects him but he knows that she wants him too. Their relationship turns into something dangerous. Then one day, Min-jeong, who has had a crush on Ki-chan for a long time, finds out what is going on between the two. The young stepmother fools her husband and falls in love with his son and the son falls in love with his father's woman. They make a deal with Min-jeong to make sure she doesn't say anything.  [PLOT] Plot Murali and his wife Lakshmi Devi are a married couple deeply in love and the parents of Raja. After Murali demands money from Lakshmi Devi's parents, she separates from him. Murali then takes their son Raja and moves to Jodhpur, where they live as grifters. Meanwhile, Mouni, a young woman fleeing an unwanted marriage proposal, arrives in Jodhpur. Raja and Mouni fall in love, which leads Murali to reveal the whereabouts of Parijatam to her family.","",""
"386874","Bad Class","2015","Ji-eun has a bad impression of men due to bad experiences with her father but her mom Hyeon-ah convinces her into getting tuition from an art student. Jeong-woo is surprised at how cold she is towards him but at the same time, there's tension between the two. Meanwhile, Hyeon-ah, who is afraid something might happen between the two, calls Jeong-woo in and suggests something but he confesses his love for Hyeon-ah instead. They have fallen into an unappropriate relationship and Ji-eun decides to give her mom a surprise.","",""
"387592","Early Man","2018","Dug, along with his sidekick Hognob, unite a cavemen tribe to save their hidden valley from being spoiled and, all together as a team, to face the menace of a mysterious and mighty enemy, on the turf of an ancient and sacred sport.  [PLOT] Plot In 2018, in a small village called Aruvikulam, Anoop, a former military officer haunted by the trauma of witnessing soldiers' deaths, works at a store owned by the visually impaired Bhasi. Anoop's affections are directed towards Manju, a teacher at the local government school, and the two contemplate marriage. Seeking a Dubai visa, Anoop enlists the help of his friend Rameshan, who grapples with a hidden marital crisis. Sethupathi, a truck driver from a drought-stricken Tamil Nadu village, crosses paths with Noora, a TV reporter covering the water scarcity crisis. This encounter triggers a fateful incident, leading Noora to Kerala, where her family faces health challenges. Tensions escalate among protestors dissatisfied with media coverage, culminating in a violent plan involving explosives. Sethupathi is tasked with transporting the explosives to Kerala. Meanwhile, Shaji, a government officer overseeing disaster management, grapples with missing fishermen after a severe storm. Mathachan, a fisherman, and his family rescue lost fishermen while navigating internal conflicts. Nixon, Mathachan's son, defies family tradition by pursuing a modelling career, complicating his relationship with Jiji, Chandy's daughter. Nixon returns to help his family during floods , overcoming differences with his father. Rameshan's family troubles intensify, prompting his return to Kerala, while Anoop's wedding plans face disruption due to heavy rainfall . The floods wreak havoc, and Shaji, Anoop, and Sethupathi involve themselves highly in rescue efforts. A tragedy strikes when Mathachan loses his life during a rescue operation. Sethupathi undergoes a transformation, abandoning his initial intentions to contribute to relief efforts by delivering groceries. Koshy, a taxi driver, and a Polish couple seek refuge in Anoop's house during the floods. Anoop's heroism extends to aiding Air Force officers, saving a pregnant woman, and attempting to rescue a distressed family. He even saves the blind shopkeeper, Bhasi. Unfortunately, Anoop loses his life while saving others, leaving a legacy of selflessness. As floodwaters recede, the community honours Anoop's sacrifices with a monument.","",""
"387810","Hot Neighbors","2016","Unlike his expectations, Hyeong-min is always miserable because of his wife who who doesn't care about him. To recover a sex life with his wife, Hyeong-min tries every night but he's always coldly rejected and this is making him depressed. One day, he goes out for some air and meets Hye-jin. When their partners aren't at home, they spend time together at each others' house. However, soon, they get caught and they come to a decision after a long talk...","",""
"387820","Strange Hair Salon","2015","Mi Na opens her new beauty salon. However, Mi Na doesn't reseive customers even though she has opend her salon for a while. Therefore, she tries to attract customers by implementing a sexy concept, which proves to be a jackpot.  [PLOT] Plot In the 1980s, Samantha Hughes, a cash-strapped college student, responds to an ad for a babysitting job for a Mr. Ulman. Her best friend Megan gives her a ride to the Ulmans' remote mansion. Mr. Ulman reveals the job is actually tending to his wife's mother. Samantha reluctantly agrees to a fee of $400. On the way home, Megan is shot in the head by a stranger, later identified as Victor. Samantha orders a pizza from a number Mr. Ulman recommended. After accidentally breaking a vase, she cleans up and discovers a closet containing old family photographs. In one photograph, a family that is not the Ulmans stands next to the Volvo that she and Megan saw at the house. Later, three corpses are shown in one of the rooms, implying that they were the family in the photographs and the true owners of the house. Unnerved by the noises in the house and the arrival of the pizza, delivered by Victor, Samantha dials 911, but tells the operator it was an accidental call. Samantha then grabs a knife from the kitchen and goes upstairs to explore the creaking sounds. Drugs in the pizza cause her to pass out just as she sees movement behind a door on the third floor. Samantha comes to during a lunar eclipse and finds herself bound in the center of a pentagram on the floor. Mr. and Mrs. Ulman, along with their son Victor, begin a ritual. ""Mother"" is revealed to be a grotesque, witch-like figure. She slices her arm and pours her blood into a goat skull. She then uses it to draw occult symbols on Samantha's belly and forehead, and forces Samantha to drink the blood. Samantha stabs Mother and escapes. After finding Megan's corpse in the kitchen, she kills Victor and Mrs. Ulman, but horrific images of Mother begin appearing in her mind. Mr. Ulman chases her into a nearby cemetery, telling her that she has been chosen and destined to accept ""him"". Samantha threatens to shoot Ulman, but he is resigned, telling her it is too late. Instead, Samantha shoots herself in the head. The next day, TV news reports the strange lunar eclipse the night before, which confounded scientists with its abrupt ending. Samantha lies unconscious on a hospital bed having survived her suicide attempt. A nurse states that ""both of them"" will be fine, implying that she has been impregnated.","",""
"387839","Power Diary: Cow Farm Saedaek","2015","Unemployed Im Chung takes the job on a cow farm, yet she came to steal the hearts and cause more work for the farm employees.","",""
"387848","Buddy's Mom","2015","20-year-old Kyeong-soo is a man who's full of assumptions. He learned about sex from Internet porn, but nothing about the real thing. He's only had crushes and has never even kissed before. He got embarrassed when he confessed his feelings to Ji-yeon, his crush. He comforted himself from the shame with Japanese girls in his room with his right hand. One day, he has a fight with his father and remembers his friend Baek-hyeon had invited him over to Gangwon-do. There he falls in love with his friends' mother.","",""
"388399","Patriots Day","2016","In the aftermath of an unspeakable act of terror, Police Sergeant Tommy Saunders joins courageous survivors, first responders and investigators in a race against the clock to hunt down the Boston Marathon bombers before they strike again.  [PLOT] Plot On April 14, 2013, Boston Police Department Sergeant Tommy Saunders captures a suspect and fails to convince Commissioner Ed Davis to let him off from a punishment duty the next day, working the Boston Marathon . During the marathon, brothers Dzhokhar and Tamerlan Tsarnaev detonate two bombs , causing widespread panic in Boston and around the world. A young couple, Patrick Downes and Jessica Kensky, are injured in the bombing and taken to separate hospitals, where they are both required to have one leg each amputated. Steve Woolfenden, a family man, is also injured and separated from his toddler son Leo, who an officer takes to a safe location. FBI Special Agent in Charge Richard DesLauriers is assigned to investigate the bombing in collaboration with Davis and the police. In contrast, Tommy searches for evidence and helps people injured or separated from their loved ones in the chaos, including Patrick, Jessica, Steven, and Leo. FBI analysts review footage of the bombing and identify Dzhokhar and Tamerlan as the assailants responsible, but DesLauriers is reluctant to release their photos to the public without further confirmation. His hand is forced when the photos are leaked to the press, while Watertown, Massachusetts Police Sergeant Jeffrey Pugliese's men begin conducting door-to-door searches for the pair. The Tsarnaev brothers kill Massachusetts Institute of Technology Police Department officer Sean Collier in a failed attempt to steal his pistol, and then carjack student Dun ""Manny"" Meng, telling him that they committed the marathon bombing, killed a policeman, and plan to conduct another bombing in New York City . While Dzhokhar is in a gas station convenience store and Tamerlan is distracted, Meng escapes and takes refuge at another gas station across the street, where he calls the police. Tommy questions Meng about the ordeal and is given the stolen car's GPS tracking number. This leads police to the brothers' location in Watertown, where Tamerlan fires at them upon their arrival while Dzhokhar throws bombs, seriously wounding several officers. Eventually, Pugliese shoots Tamerlan in the ankle and subdues him. Dzhokhar attempts to run Pugliese over while fleeing in Meng's vehicle but fatally runs Tamerlan over instead. Meanwhile, Tamerlan's wife, Katherine Russell, and Dzhokhar's college friends from UMass Dartmouth are detained by the FBI Hostage Rescue Team and questioned by the High-Value Interrogation Group . Russell refuses to disclose...","",""
"388733","Aagam","2016","An ambitious youngster who feels very strongly about brain drain, gets embroiled in a conspiracy, which borders on what they call, knowledge terrorism.","",""
"389714","Apolo 81","2015","A boy and a girl are on a date in a bar. Introductions are done via an alternative card game, in which each card represents a good or a bad move. Who will win?","",""
"390043","The Hitman's Bodyguard","2017","The world’s top bodyguard gets a new client, a hitman who must testify at the International Court of Justice. They must put their differences aside and work together to make it to the trial on time.  [PLOT] Plot Michael Bryce lives a luxurious life as a successful UK -based private bodyguard , until his client, Takashi Kurosawa, an international arms dealer, is assassinated on his watch. Two years later, the fallen-from-grace Bryce survives by protecting drug-addicted corporate executives. Meanwhile, Vladislav Dukhovich, the vicious Belarusian dictator , who was dethroned after a coup, is on trial for crimes against humanity at the International Criminal Court . Unable to secure solid evidence or testimony against him, the prosecution's last hope is hitman Darius Kincaid, currently incarcerated in England , who agrees to testify against Dukhovich in exchange for the release of his wife, Sonia, from prison. Led by Interpol Agent Amelia Roussel, an armed convoy escorts him from the UK to the International Criminal Court in The Hague . With the aid of treacherous Interpol Assistant Director Jean Foucher, Dukhovich's men successfully ambush the convoy as it passes through Coventry and kill most of the security team. Darius eliminates the attackers, and Amelia, the sole survivor, takes him to an Interpol safehouse in the city where Darius treats a gunshot wound in his leg. Realizing that the agency cannot be entrusted with the mission due to a possible leak, she enlists the help of her ex-boyfriend, Bryce, to escort and protect Darius on the way to The Hague , knowing both men have a past issue together. They hitchhike to a ferry going to Amsterdam , during which Darius confides in Bryce about his first kill, a racist who murdered his preacher father. After reaching the safehouse, Darius slips away from Bryce's surveillance in order to provide a view of flowers for Sonia, who is being held prisoner there. Darius later reveals to Bryce that he was the one who killed Kurosawa, having spotted him by chance while on another job, causing an outraged Bryce to abandon him. As Bryce evaluates his past mistakes at a beer stand, Dukhovich's men attack Darius. Bryce regains his composure and helps him escape, but is captured in the process. As he is being tortured, Darius arrives and rescues him. After reconciling their differences, they arrive at The Hague with seconds to spare. Darius testifies that Dukhovich hired him to assassinate a political rival, and he also witnessed Dukhovich carry out a mass execution and uploaded the massacre photos to a secret FTP site that he provides to the court. Dukhovich admits guilt in which he defends his actions, and then resorts to his...","",""
"390634","Fate/stay night: Heaven's Feel II. Lost Butterfly","2019","Shirou has lost his Servant, Saber, and is no longer a Master in the Holy Grail War. Despite this, he refuses to leave the battle, determined to protect Sakura. Meanwhile, a mysterious shadow engulfs the city, killing Masters and Servants one by one. As Shirou faces new dangers, Sakura is drawn deeper into her own destiny as a mage.  [PLOT] Plot After Saber's disappearance, Shirou Emiya is effectively eliminated from the Holy Grail War, but he intends to continue fighting regardless. After returning from a meeting with Rin Tohsaka , Shirou finds Sakura Matou has been kidnapped by her brother Shinji , and the two confront him. Sakura pleads for everyone to stop, and Rider heeds her call, revealing Sakura as her true Master. Faced with the reality that he will never be a Magus, Shinji douses Sakura with a potion that makes her lose control of her mana and flees. Archer and Rin attack Sakura, but Rider defends her and starts turning them to stone with her gaze–revealing her identity as Medusa . However, when Shirou is hurt and loses consciousness, Sakura's grief causes her to injure herself, forcing Rider to stop. Shirou reawakens in Fuyuki Church, where priest Kirei Kotomine operates on Sakura. He explains that Sakura's body is infested by Zōken Matou's Crest Worms, which feed on her mana by arousing her. As Rin contemplates killing Sakura for the danger she poses, Kotomine reveals to Shirou that the two girls are blood sisters, with Sakura given to the Matou family for adoption. Despite Sakura's attempts to push him away for his safety, Shirou promises he will protect her even at the cost of his ideals, which also makes Rin back off. Sakura then returns to the Emiya household with Rider, who gradually begins to trust Shirou. However, Sakura becomes increasingly aroused due to the Crest Worms, and her behavior becomes erratic. Shirou and Rin seek out Illyasviel von Einzbern in hopes of forming an alliance, but find her battling Zōken and the shadow, which unleashes the corrupted Saber to subdue Berserker so it can devour him. While Archer can drive Zōken's Assassin off, the shadow mortally wounds him and severs Shirou's left arm before retreating. Before dying, Archer cuts off his left arm and transplants it onto Shirou to save his life. Having lost their Servants, Rin and Illya move into the Emiya household to plan their next step while helping Shirou get used to his new arm, now sealed with a holy cloth as his body cannot handle Archer's power within. However, as Rin grows closer to Shirou, Sakura becomes jealous and asks him if he loves her romantically, to which Shirou affirms he does–resulting in the two having sex. One night, Sakura sleepwalks throughout the city and kills several people. The Servant Gilgamesh attacks her, but the shadow devours him. Sakura then returns to the Emiya...","",""
"390635","Fate/stay night: Heaven's Feel III. Spring Song","2020","The battle rages on as Shirou continues to protect Sakura, now consumed by the darkness. He joins forces with Rin to end the Holy Grail War, while Illyasviel, who knows the truth behind it, confronts her fate. Amidst the chaos, Zouken plots to manipulate Sakura for his own desires. The final fight begins.  [PLOT] Plot After Sakura Matou fuses with the Shadow and kills Shinji for his attempted rape, Shirou Emiya arrives to find his body and is taunted by Zouken Matou for his role in Sakura's corruption. Before he can be killed, Rider rescues him. Sakura attacks the Emiya household with Saber Alter and subdues her sister, Rin Tohsaka , in order to kidnap Illyasviel von Einzbern, who is a possible vessel for the Holy Grail like her mother was . Shirou and Rider arrive but are unable to save Illya, who surrenders for everyone's safety. Although bound to protect Shirou by Sakura's final command spell, Rider refuses to fight the now corrupted Sakura directly, so Shirou reluctantly asks Kirei Kotomine for help. Raiding the ruined Einzbern castle, Kirei distracts Zouken and his Servant Assassin while Shirou rescues Illya, but Sakura sends a now-corrupted Berserker to chase them. Despite knowing it will eventually kill him, a desperate Shirou unseals Archer's transplanted left arm, replicating Berserker's weapon and strength with Archer's magic to defeat him. Kirei drives off Assassin by destroying Zouken's body, recalling his wish for the Grail - to satisfy his ""twisted"" nature. Sakura confronts Kirei and destroys his artificial heart from the last Holy Grail War , but fails to finish him off when Berserker's defeat incapacitates her. Shirou learns from Illya and Rin that Sakura is influenced through the shadow by an evil entity known as Angra Mainyu - an Avenger-class Servant summoned by the Einzbern family in a prior war. Seeking to subdue Sakura before she gives birth to Angra Mainyu, Rin and Illya combine their abilities to show Shirou their family's recorded memories, revealing that the Holy Grail was conceived to reach the ""Root"" of all knowledge. Shirou uses the visions to recreate the weapon of the oldest magus, the Jeweled Sword Zelretch, at the cost of continual damage from Archer's arm. Meanwhile, Zouken plots to make Sakura his new vessel, revealing his actual body near Sakura's heart. However, Sakura retaliates by absorbing Assassin with the Shadow before ripping Zouken out of her chest and crushing him. After a brief confrontation, Shirou convinces Rider that he will save Sakura no matter what, securing her help along with Rin. The group arrives at Fuyuki Cave, where the tainted Grail waits, but Saber Alter bars their way and only lets Rin pass on Sakura's orders. Working together, Shirou and Rider subdue Saber Alter long enough for Shirou to kill his former...","",""
"390734","Kingsglaive: Final Fantasy XV","2016","The magical kingdom of Lucis is home to the world’s last remaining Crystal, and the menacing empire of Niflheim is determined to steal it. King Regis of Lucis commands an elite force of soldiers called the Kingsglaive. Wielding their king’s magic, they fight to protect Lucis. As the overwhelming military might of the empire bears down, King Regis is faced with an impossible ultimatum – to marry his son, Prince Noctis to Princess Lunafreya of Tenebrae, captive of Niflheim, and surrender his lands to Niflheim rule.  Although the king concedes, it becomes clear that the empire will stop at nothing to achieve their devious goals, with only the Kingsglaive standing between them and world domination.  [PLOT] Plot During a visit to Tenebrae, Regis and Noctis—who is recuperating from a near-death experience—are targeted for assassination by Niflheim. Tenebrae is subsequently attacked, and in the invasion Queen Sylva is killed by Niflheim's General Glauca. Regis attempts to flee with Lunafreya, but she decides to stay with her brother Ravus ; both become subjects under Niflheim's rule. Twelve years later, the Kingsglaive fight to protect Lucis's borders from attacks by Niflheim's Magitek army and Daemons, unnatural monsters tamed for military use. During one such operation, Nyx Ulric defies his orders to withdraw to rescue his friend Libertus from a Daemon. Regis, whose magic powers the Wall and is growing weaker due to advancing age, accepts Imperial Chancellor Ardyn Izunia 's offer of peace. This causes dissension among the Kingsglaive, who feel Regis is abandoning their families. Two days before the treaty is to be signed, Kingsglaive member Crowe is sent on a mission to escort Lunafreya to Altissia to meet Noctis, but is killed en route. Her death causes Libertus to leave the Kingsglaive and join a group of Lucian rebels. At a party dedicated to the signing of the treaty, attended by both Regis and Niflheim's emperor Iedolas Aldercapt , Lunafreya meets with Nyx before being secretly abducted by Glauca. Nyx discovers this and finds that Niflheim has stationed their army outside Insomnia. Regis agrees to deploy the Kingsglaive, although their commander Drautos has disappeared. While Nyx succeeds in rescuing Lunafreya, many of the Kingsglaive turn on him; Nyx, Lunafreya and rebel leader Luche Lazarus escape as the ship disintegrates. At the treaty-signing ceremony, the Niflheim delegation springs a surprise attack and kills the ruling council, while their army enters by destroying the Wall with help from the rebels, who are subsequently massacred. Lunafreya and Nyx reach the Citadel just as Regis is battling Glauca. During the fight, Glauca cuts the Ring of the Lucii from Regis's hand. Ravus attempts to put on the Ring and claim its power, but it rejects him and destroys his arm before he can remove it. Nyx, Lunafreya and Regis retrieve the Ring and flee with Glauca in pursuit. Regis forces the two to go on without him, dying in his ensuing battle with Glauca. Aldercapt and Ardyn—having successfully stolen the Crystal—leave Insomnia to be destroyed by Niflheim's Daemons. Summoned to the city plaza by a call from Drautos, Nyx and Lunafreya are cornered by Luche,...","",""
"390845","A Delicious Flight","2015","An innocent actress runs away from the scandal with an idol, the impudent idol that ruined her career, a passionate manager who is devoted to her and his ex-girlfriend who is now a sexy stewardess. These four that should never be together run into each other in an airplane. No one can run away and the most cheeky and erotic things happen here.  [PLOT] Plot American history teacher Kate lives in Canada with her fiancé Charlie, a doctor. When Charlie urges her to accompany him to Paris for an upcoming conference, she declines, partly due to her fear of flying, lactose intolerance and her pending application to become a Canadian citizen. Days later, Charlie calls Kate, saying he has fallen in love with a French woman, Juliette, and will not be returning. Determined to win him back, Kate boards a flight to Paris and is seated next to smarmy Frenchman Luc Teyssier, whom she instantly dislikes. Luc, who comes from a family of vintners, is smuggling a stolen diamond necklace and an American grape vine. He plans to sell the necklace and use the vine to create his own vineyard. Knowing Kate is unlikely to be searched at customs, he hides them in her bag. At the airport in Paris, Luc is spotted by Inspector Jean-Paul Cardon, who offers him a ride home and searches his bag for signs of criminality. Cardon is aware of Luc's profession but encourages him to stop and is unwilling to arrest him because Luc once saved his life. Kate waits for Charlie in the lobby of his hotel, but faints when she sees him kissing the beautiful, glamorous Juliette. A French thief, Bob, steals her luggage while she's out. Luc arrives to retrieve the vine and necklace, and helps Kate identify the thief, whom Luc knows. At Bob's apartment, he admits to having sold her passport and given away her clothes, but the vine is still there. Kate attempts to get help from both the American and Canadian embassies, but she is denied help as she sought Canadian citizenship without disclosing a prior felony conviction for possession of marijuana. She books a train to Cannes to pursue Charlie, who is traveling with Juliette to meet her parents. Luc, having discovered the necklace is not with the vine and must be in Kate's bag, arrives and pretends to be interested in helping her win Charlie back. That night, Kate kisses Luc in her sleep. He is disturbed to realize his attraction to her. In the morning, Kate describes a ""delicious dream,"" while sampling copious amounts of French cheese, but they soon make her ill. The pair get off the train at La Ravelle in Paulhaguet , which Luc reluctantly admits is his hometown. He takes Kate to his family's vineyard. She learns about his family and that he gambled away his rights to the family vineyard in a poker game, but is knowledgeable about wine and has a clear passion for it. As they board the train for...","",""
