"tmdb_id","title","release_year","synopsis","themes","tones"
"545742","One Piece: Episode of Skypiea","2018","The Straw Hats embark on a dangerous trip to the sky where their destination comes straight out of a fairytale. The island of Skypiea and its grand city of gold await among the clouds, but a clash of winged clans and a man who calls himself God won’t make things easy! Only Luffy can resist this God’s mighty power and light the mysteries of the past.","",""
"545752","Starbucks Unfiltered","2018","How the American coffee chain, now global, has conquered the urban middle class. This investigation on three continents reveals the carefully hidden face of the brand.","",""
"546121","Run","2020","Chloe, a teenager who is confined to a wheelchair, is homeschooled by her mother, Diane. Chloe soon becomes suspicious of her mother and begins to suspect that she may be harboring a dark secret.  [PLOT] Plot A woman named Diane Sherman gives birth to a premature baby, whom she goes to see lying in an incubator , surrounded by the hospital staff. Years later, Diane lives a quiet life with Chloe, her now teenage daughter, in Pasco . Chloe suffers from arrhythmia , hemochromatosis , asthma , and diabetes , as well as paralysis in her legs. She uses a wheelchair, takes multiple medications daily, and is homeschooled by her mother. Chloe is inquisitive and resourceful, spending her free time building various electronics and circuit boards. She desires to go to college, something Diane seems to support, but has received no responses to her applications. One morning, while looking through a bag of groceries for chocolate, Chloe finds a prescription bottle of green pills with Diane's name on the label. However, when Chloe later inspects the bottle, she finds a label bearing her name has been pasted over the original. She tries to research the name of the pills—Trigoxin—but discovers the house has no internet connection, unaware Diane is watching her. The next day, Chloe dials a random number from her mother's bedroom phone and asks the answering stranger to look up the drug. He tells her it is a heart medication and has the form of small red pills. Later, at the movie theater, Chloe pretends to go to the bathroom and rushes to the pharmacy across the street. The pharmacist at the desk reveals the green pills are actually a relaxant called Ridocaine, which had been approved only for dogs and, if taken by a human, could cause leg paralysis. Chloe begins to hyperventilate before Diane runs in and sedates her to take her home. Chloe wakes up in bed and finds her bedroom door locked from the outside, while Diane is out for an errand. She breaks out of her room by dragging herself onto the roof, eventually making her way to her mother's bedroom and breaking the window with a soldering iron and water. She begins to have an asthma attack and only barely manages to crawl to her room to retrieve her inhaler. She tries to use her automated wheelchair ramp to go downstairs, but finds that Diane has cut the power cord. She is forced to throw her wheelchair down the stairs and accidentally falls, sustaining minor injuries but also discovering that she can move one of her toes, due to having not taken Ridocaine in the last few days. Outside, down the road, Chloe sees a mail truck and rushes to stop it. She explains her situation to Tom, the postal worker, who agrees to help...","",""
"546554","Knives Out","2019","When renowned crime novelist Harlan Thrombey is found dead at his estate just after his 85th birthday, the inquisitive and debonair Detective Benoit Blanc is mysteriously enlisted to investigate. From Harlan's dysfunctional family to his devoted staff, Blanc sifts through a web of red herrings and self-serving lies to uncover the truth behind Harlan's untimely death.","",""
"546556","Querido Fotogramas","2018","The 70th anniversary of the “Fotogramas” magazine comes in the shape of a sentimental voyage through the history of Spanish cinema thanks to a mosaic of voices represented by people who make films, those who write them and those who consume them. The documentary pays tribute to the readers of “Fotogramas” helped by the leading figures of Spanish cinema, who will read to the camera the most representative letters received at its offices in the history of the magazine.","",""
"546822","Detective Conan: The Disappearance of Conan Edogawa - The Worst Two Days in History","2015","Conan Edogawa comes to a bathhouse with Ran Mouri and Ai Haibara. There, he sees suspicious men in the dressing room of the men's bath. However, Conan falls down in the bathhouse and loses consciousness. The two suspicious men, Tatsu and Kondo, take him away in a car. The two belong to the underworld and seem to be working at someone's request. Meanwhile, a woman named Kanae visits the Mouri Detective Agency to request an investigation into her husband's affair. She shows them a picture, and the husband in the picture is one of the culprits who kidnapped Conan.","",""
"547016","The Old Guard","2020","Four undying warriors who've secretly protected humanity for centuries become targeted for their mysterious powers just as they discover a new immortal.  [PLOT] Plot Andy, Booker, Joe, and Nicky are mercenaries with unexplained regenerative healing abilities. They accept a job to rescue a group of kidnapped girls in South Sudan , breaking their rule of never working for the same employer twice. The mission proves to be a ruse by their client James Copley, who films them being ambushed and killed, before quickly recovering and defeating their attackers. Meanwhile, in Afghanistan , U.S. Marine Nile Freeman is killed by having her throat slit, but recovers and heals without a scratch. Later, she shares a disturbing dream with the other immortals, who are then alerted to her existence, as they experience dreams of any new immortals until found. Andy tracks down a confused Nile, extracting her from Afghanistan before military personnel can transfer her for testing. Copley shows the video of the ambush to pharmaceutical executive Steven Merrick, who sends operatives to capture the team. Andy brings Nile to a safe house in France , where she meets Booker, Joe, and Nicky. The group shares some of their past and reveals that they are not fully immortal: their ability to heal eventually stops without warning. They share this happened to a previous immortal, Lykon. That night, Nile dreams about repeatedly drowning in an iron maiden . When Nile shares her dream with the others they tell her about Quỳnh, the first immortal aside from herself that Andy had found. She was sentenced for witchcraft and cast into the sea in an iron maiden approximately 500 years ago. The other immortals have been unable to locate Quỳnh, so she has been continuously drowning ever since, with Andy bearing the guilt for her punishment. The group is soon ambushed by Merrick's forces. Joe and Nicky are captured while a seemingly deceased Booker is left behind. Upon discovering the attack, Andy kills all of the remaining assailants while Booker recuperates. Mildly wounded, she realizes she is not healing. Andy hides this from them. Booker locates Copley, and Nile heads off to reunite with her family. Joe and Nicky are transported to Merrick Pharmaceutical's headquarters in London. There, they are strapped down and tortured in the lab to observe their regeneration and take tissue samples. Andy and Booker confront Copley, but Booker betrays Andy and shoots her, arguing that Merrick might find a way to end the immortality they have both grown weary of. Booker realizes that Andy is not healing as they are captured. Simultaneously, Nile discovers evidence...","",""
"547227","Drama","2018","Set in UK, Drama follows the hilarious yet enthralling journey of a funeral director, who sets out to fulfill the final wish of one of his clients.  [PLOT] Plot Rosamma John Chacko is a widowed mother who has five children Ammini, Philip, Benny, Mercy and Jomon. She moves to London with Mercy from her hometown Kattappana . Mercy is a doctor who lives with her husband Dr. Mukundanunni and her two children. Two weeks after Rosamma comes to London, she dies in sleep. Mercy informs her siblings Ammini, the eldest, a nurse who lives in Canada with her husband Anto and her kids; businessman Philip who lives in America with his family; businessman Benny who lives in Australia with his family; and Jomon who lives and is looking for a job in Dubai . Philip tells Mukundan than they can share the expense of the funeral. Ammini requests Mercy not to take the body to the mortuary. Mukundan's mother also tells him the body should not be kept in the home for too many days. Mukundan contacts a funeral agency run by Dixon Lopez partnered with Rajagopal. Mukundan requests that they find another home or place to keep the body. Eventually, they rent a house for 10 days and takes the body there. When Mercy's siblings arrive, Dixon and Raju explains their matters and rate. Mukundan agrees to pay the advance and is ready to sign the agreement. The youngest Jomon opposes their decision. He says their mother's last wish was that the funeral must take place in Kattappana beside their late father John Cacko. His siblings except Mercy to oppose his request. An angered Jomon leaves the place and resides in a lodge. Raju reaches the house where the body is kept. Their worker Podiyan leaves for an emergency. He drinks vodka and hallucinates that Rosamma is talking to him. She asks him about his family. Raju tells her that his wife Rekha shut him out of their house because she found out he was sex talking with her friend. Rosamma tells Raju about her last wish to be buried in Kattappana and asks him to help Jomon make the wish fulfilled and to think of her as his mother, and then all his problems will be solved by God. Raju decides to help Jomon, but all his efforts were wasted. At last, he gets a call from Kunjachayan, his friend and a political leader, who agrees to help him. He contacts assistant engineer Balachandran at Kottayam Municipality. Balachandran makes a surprise inspection at the shopping complex that is being constructed by Philip and Benny and gives a stop memo. Philip and Benny are informed of this news by their contractor and told that they should appear before the chairman within two days. Philip and Benny contact Dixon...","",""
"547565","The Night House","2021","Reeling from the unexpected death of her husband, Beth is left alone in the lakeside home he built for her. Soon she begins to uncover her recently deceased husband's disturbing secrets.  [PLOT] Plot Married couple Nell and Simon host a yearly Christmas dinner at their country estate for their former school friends and their spouses. This Christmas is a special occasion with everyone dressing in formal wear and the children being allowed to swear. It is gradually revealed that because of an imminent environmental catastrophe in which a gigantic rolling poisonous gas cloud (which follows minutes after numerous smaller green tornadoes that are generally considered as heralds of the upcoming danger) is killing most life forms, the British government has issued suicide pills for a quick and easy death before the cloud hits Britain. The suicide pills were delivered to the entire population, except for the homeless and illegal migrants. Nell, Simon, and the rest of their friends have made a suicide pact to take the pills and give them to their children. However, while James agrees with his friends over the decision, his young wife Sophie has recently discovered she is pregnant and is still unsure whether to take the pill. There are several confrontations during the night: Kitty is given a doll that resembles her, and she hugs her father, but refuses to hug Sandra even though she begs her to; Art finds the act of gift giving ridiculous, so he lashes out at the adults and runs from the room; Sandra tells James she had loved him when they were in school and wondered why they never had sex; Tony gets visibly upset at her admission and claims he has never made a mistake, at which point Bella says they once had sex before he got together with Sandra; Alex feels left out during the festivities, which causes her to drink too much and pass out in her bed. Nell, Simon and their children video chat with Nell's mother, who is abroad, to say goodbye. She sees the gas coming, so hangs up and takes the pill. The conversation leaves their eldest, Art, distressed. He begins to speculate that the government and the scientists are wrong. Art approaches James and Sophie with his fears. Sophie then reveals to him that she is pregnant thus she does not want to take the pill. Art tells his parents he will not take the pill; this culminates in him running away after a discussion. Art soon discovers a family, including a baby, on the side of the road. They are dead, and there are several packs of the pill in the car. Shocked, Art begins to scream as the small green tornadoes twist around him; his screams allow Simon to find him and he carries him home. After returning home,...","",""
"548473","Color Out of Space","2020","The Gardner family moves to a remote farmstead in rural New England to escape the hustle of the 21st century. They are busy adapting to their new life when a meteorite crashes into their front yard, melts into the earth, and infects both the land and the properties of space-time with a strange, otherworldly colour. To their horror, the family discovers this alien force is gradually mutating every life form that it touches—including them.  [PLOT] Plot In the wake of his wife Theresa's mastectomy , Nathan Gardner moves his family, including children Lavinia, Benny, and Jack, to his late father's farm . One night, a brilliantly colored meteorite crash-lands in their front yard near the well. The next morning, hydrologist Ward Phillips, who is surveying the area for a dam development, along with the mayor and the sheriff of the nearby town of Arkham , arrive to see the meteor. Nathan and Lavinia later witness strange phenomena around the meteor, until it suddenly disappears. Ward notices that the groundwater has taken on an oily sheen and tests it. When his test strips begin to glow brightly with the color of the meteor, he advises the Gardners not to drink it. The family quickly becomes contaminated: Jack becomes fixated on the property's well, observing strange plant growths and insects, as well as claiming to communicate with a 'friend' inside the well. When Theresa is preparing dinner, she vacantly cuts off two of her fingers. Nathan rushes her to the hospital and Benny goes outside to put the farm's alpacas back in their stables, but does not return until late at night, claiming time had passed instantaneously for him. Meanwhile, Lavinia repeatedly tries to contact Nathan, but they are unable to hear each other through the phone. Upon the parents' return, Nathan lashes out at Benny and Lavinia with uncharacteristic rage. Further stresses, including all the crops becoming desiccated , place the family in crisis. Later, Lavinia tries to perform a ritual using a copy of the Necronomicon and offering her blood to save her family, mutilating herself in the process. Theresa suddenly hears Jack and Benny screaming after entering the alpaca stables and rushes to their aid, as the ""Color"" begins appearing outside. A bolt of the Color strikes and fuses Theresa and Jack together into a hideous mass. Finding all their electronic devices dead, the family is stranded and Nathan and the children carry Jack and Theresa into the attic to shield them from sunlight, which harms them. Benny reveals that the alpacas were similarly mutated and fused together by the Color and Nathan euthanizes them with a shotgun. Beginning to lose his sanity, Nathan also attempts to euthanize Theresa and Jack, but is unable to bring himself to do it. Lavinia and Benny attempt to leave the farm on horseback, but the horse flees. Benny then insists that he hears the family's dog inside the well, but upon climbing in, he is assimilated...","",""
"549509","The Brutalist","2024","When an innovative modern architect flees post-war Europe, he is given the opportunity to rebuild his legacy. Set during the dawn of the modern United States (in Pennsylvania), his wife joins him, and their lives are forever changed by a demanding, wealthy patron.  [PLOT] Plot In 1973, the young Donald Trump , after pointing out various wealthy people to his date, meets Roy Cohn , notorious at the time as former chief counsel to Joseph McCarthy , at a New York City social club. Trump complains that the federal government is investigating his real-estate mogul father, Fred Trump , for discrimination against African-American tenants; Cohn offers to help. After Cohn blackmails the lead prosecutor with photos of him with a cabana boy , the prosecutor settles the case for little, despite evidence of racial discrimination. Trump eventually descends further into Cohn's orbit, seeing him as a better mentor than his father. Cohn teaches Trump about dressing well and media relations, and offers his ""three rules"": always attack, never admit wrongdoing, and always claim victory, even if defeated. Trump attends a decadent Cohn party, where he walks in on Cohn (whose homosexuality is an open secret ) having an orgy . Trump wants to develop the derelict midtown Commodore Hotel , near Grand Central Terminal , into a Hyatt . Cohn, using blackmail audiotapes of officials, helps Trump obtain a $160 million tax abatement for the project, outraging advocates for the poor. Trump does not ask Fred, with whom he has a tense relationship, for permission to build. Trump develops the luxurious Trump Tower , belittling Fred's smaller achievements, and the media begins to treat him as a successful mogul. Cohn criticizes unions and welfare queens , presenting himself as a guardian of the American spirit, while attacking rules, morals, and truth. Against Cohn's advice, Trump proceeds with some real estate developments, such as the Trump Taj Mahal in Atlantic City , causing losses. During the Reagan era , Trump says the United States needs to be stronger instead of disrespected by foreign nations. Trump and Roger Stone approve of one of Reagan's slogans, "" Let's Make America Great Again "". Fred is ashamed of his eldest son, Fred Jr. , for becoming an airline pilot with TWA , considering it akin to being ""a bus driver with wings"". Fred Jr. spirals into alcoholism, derailing his career, while the Trump family distances themselves from his self-destruction, and he eventually dies, devastating the family. His mother, Mary Anne , is agonized by this, and by Donald's attempts to manipulate his father's dementia to gain control of his siblings' inheritance to pay off mounting debts. Trump meets Czech model Ivana Zelníčková , gets her admitted to his club after...","",""
"549649","Dancing With Ghosts","2018","Yoo-jin appears in the dreams of Dong-jae who is a host for lonely women at night. She appears in real life, asking him for help. What she needs is to sleep with him once. Yoo-jin was a virgin ghost and she needed Dong-jae to help her to go back to the after world. However, he doesn't want to sleep with her because she used to be his crush and he'd been waiting to see her in his dreams and in real life. He is afraid sleeping with her will make him lose her. Will he sleep with her or continue to live with her like this?  [PLOT] Plot The spirit of a malevolent, long-dead shaman , Nahalla, is unearthed during an archeological dig in the Arizona desert. The dig is overseen by local archeologist and anthropology professor Dr. Kay Foster. Nahalla possesses Aranjo, a local Native American man, after Aranjo steals a Kachina doll from Nahalla's grave and performs a ritual with it. Through Aranjo, Nahalla begins exacting a murderous rampage. First, he causes a truck to roll into the archeological dig site, seriously injuring one of the workers. Later, Aranjo infiltrates the local museum after hours, where he kills Carol and Rick Haley, both colleagues of Kay's. Aranjo begins to stalk Kay and her boyfriend, Tom Eagle, lurking outside her house one night. In research conducted by Kay and her peers, it is discovered that Nahalla, a shaman previously unidentified by the academics, arrived in the region in the 1890s with an Anglo wife whom he had kidnapped. Nahalla formed an offshoot cult from the Ghost Dance , which centered on the notion of a world soon to be inhabited only by Native Americans and their ancestors. One night at the museum, Paul and Kay examine the mummified remains of Nahalla, which have been stored in a medical laboratory. After Kay leaves, she encounters Aranjo who appears in the darkness on a desert road. Terrified, she visits the local police station, but Tom believes she experienced a hallucination due to stress and her hectic work schedule. Back at the museum, Paul continues researching Nahalla's history by reviewing historical compendiums , and identifies the woman he kidnapped as Melissa Stuart. Paul leaves Kay an urgent phone message and prepares to leave, but is confronted by the possessed Aranjo who stabs him to death. The next morning, Kay examines historical records in the university library and uncovers a photo of Melissa Stuart, to whom Kay bears a shocking resemblance. Tom brings Kay to visit Ocacio, a local medicine man, hoping he can help them. Ocacio reluctantly agrees to assist, but says he needs to visit the dig site, which Kay and Tom arrange for the next morning. Back at the museum, Kay discovers Paul's corpse on the medical examination table beside Nahalla's, and is confronted by a knife-wielding, possessed Aranjo. Aranjo chases Kay through the museum before cornering her in the laboratory, where it becomes clear he does not want to hurt her—instead, he wishes to use her body as a vessel for Melissa's spirit. Aranjo adorns Kay with a mystical...","",""
"550205","Wish Dragon","2021","Determined teen Din is longing to reconnect with his childhood best friend when he meets a wish-granting dragon who shows him the magic of possibilities.  [PLOT] Plot Din Song is a working-class college student in Shanghai who dreams of reuniting with his childhood friend Li Na, who moved away ten years ago from their neighborhood with her father, Mr. Wang, and now lives a lavish life. One day, Din is given a teapot by an elderly man, from which emerges Long, a wish dragon . Long informs Din he will grant three wishes to his master, i.e. whoever holds the teapot. Din will be Long's tenth and final master and will free Long from his servitude, allowing him to enter the Spirit world. Subsequently, Din is chased by a trio of goons led by a man named Pockets, sent by Mr. Wang to recover the teapot in hopes of saving his failing business. Din uses his first wish to fight the goons and escape. The next day, Din and Long arrive at Li Na's birthday party. Din makes his second wish to appear as a wealthy princeling for one day, hoping Li Na will notice him and rekindle their friendship. Li Na is disappointed when she learns her father will not be attending her birthday party. Din, sticking to his disguise as 'Dan', comforts her, and they are asked by Mr. Wang (via a video call) to share a meal together. Long warns Din that Li Na will leave him as soon as she finds out his identity, because of their different socioeconomic status. During the date, Din asks Long for advice on how to act accordingly to his new status, but ends up upsetting Li Na in the process. They both end up in Din's neighborhood after the goons pursue Din again. Din reveals himself to Li Na, and they spend the rest of the day in the neighborhood, reliving their childhood pastimes. However, Li Na finally retreats claiming that she has responsibilities and expectations she needs to meet, hurting Din's feelings. Later that night, Din angrily asks Long to make him rich in a last-ditch effort to be respected. Long reveals that in life, he was a wealthy and powerful lord whose reign ended in loneliness and tragedy, and after his death he was made a wish dragon by the gods as punishment for his selfishness. Long's servitude as a wish dragon is meant to make him appreciate the meaning of life , something he has failed to accomplish with all of his previous masters. After tracking down Din, Pockets betrays Mr. Wang by taking the teapot for himself and asks the wish dragon for his first wish to turn everything he touches to gold . He pushes Mr. Wang from a large scaffolding, mortally wounding him in front of Li Na. Din chases the goons, and eventually ends up...","",""
"550988","Free Guy","2021","A bank teller discovers he is actually a background player in an open-world video game, and decides to become the hero of his own story. Now, in a world where there are no limits, he is determined to be the guy who saves his world his way before it's too late.  [PLOT] Plot On an alternate Earth (known as Earth-22), the Joker and Harley Quinn kill Jimmy Olsen , kidnap a pregnant Lois Lane , and steal a nuclear weapon , which they connect to a heart rate monitor linked to Lois' heart. Upon hearing of Lois' capture, Batman calls the Justice League to find her. The Flash finds the Scarecrow dead in his lab and his supply of fear toxin missing before being killed by a trap laid by the Joker. Lois' husband, a panicking Superman , eventually finds the Joker and Harley hiding on a submarine but is attacked by Doomsday , whom he punches into space. As the other heroes arrive and apprehend the Joker and Harley, Batman realizes that they have mixed the fear toxin with kryptonite and used it to make Superman hallucinate that he is fighting Doomsday; in reality, he has beaten Lois to death. When her heart stops, the bomb attached to her detonates, destroying Metropolis and killing 11 million people. As Batman interrogates the Joker, the latter reveals that he grew tired of losing to him, so he decided to target Superman instead. At that moment, Superman arrives and, in his anger and grief, kills the Joker. To protect Harley from a similar fate, Green Arrow takes her to his hideout. Meanwhile, Superman reveals his identity before the United Nations and announces his intentions to bring peace to Earth, by force if necessary. The Justice League is left divided over Superman's actions; some members, such as Wonder Woman , support his new methods, while others, like Batman, keep their no-killing vow. Other heroes, such as Aquaman , Shazam , and the other magic users, refuse to choose sides and leave the League. Hal Jordan also leaves, stating that he and his fellow Green Lanterns are being recalled to Oa . Meanwhile, the United States government becomes concerned that Superman will interfere in its operations, and has Mirror Master kidnap Jonathan Kent to use as leverage against him. Superman begins to question his actions, but Wonder Woman reassures him that he is doing the right thing and offers to help find Jonathan. Confronting Mirror Master, she learns Jonathan's whereabouts, allowing Superman to rescue him. Elsewhere, Batman confronts the President and warns him that Superman will kill him if he finds out that he ordered Jonathan's capture. Later, Superman visits Batman in the Batcave to make peace, but they get into an argument over their ideological views, and Batman refuses to join Superman. While trying to stop Superman from...","",""
"551235","Youtachi Happy Eigaban Himawari","2018","Two schoolgirls volunteer at a local radio station that is a glue for the community. Ryuji and Natsuo have arrived in town to manage the station. They are looking for local stories, content and programming when they hear that a festival called Yamaage has encountered problems. They and the two schoolgirls are involved in helping the situation.","",""
"551804","Freaky","2020","A mystical, ancient dagger causes a notorious serial killer to magically switch bodies with a 17-year-old girl.  [PLOT] Plot Four teenagers discuss an urban legend of a serial killer known as the Blissfield Butcher. The Butcher breaks into the mansion they are in and slaughters the group before departing with an ancient dagger known as La Dola. The next day, bullied high school student Millie Kessler attends the Blissfield Valley High School homecoming football game, where she performs as the school mascot. As she waits for a ride home near the now-empty school, the Butcher arrives and stabs her in the shoulder with La Dola, causing an identical wound to appear on his shoulder. Millie's older sister Char, a police officer, arrives and scares off the Butcher. The police collect La Dola as evidence and initiate a manhunt for the Butcher. The following morning, the Butcher and Millie discover that they have switched bodies, and both make their way to Blissfield Valley High School. At school, the Butcher, now posing as Millie, kills Millie's chief tormentor Ryler by locking her in a cryotherapy tank in the girl's locker room. He realizes that his innocent appearance grants him immunity from suspicion and fatally bisects woodshop teacher Mr. Bernardi, another of Millie's tormentors, with a table saw . Millie, now in the Butcher's body, finds her best friends Nyla and Josh and proves her identity to them. Nyla and Josh research La Dola and discover that Millie must stab the Butcher with the dagger by midnight or the body switch will be permanent. Later that afternoon, with the school's official homecoming cancelled, the Butcher suggests that a new dance be held at an old mill that is actually his hiding place. He lures Millie's crush Booker into a monster mini golf course to kill him, but Millie, Nyla, and Josh arrive just in time to save him. Millie knocks both the Butcher and Booker unconscious, and she and her friends bring the two to Josh's house. After tying the Butcher to a chair, Millie and Nyla try to explain the situation to Booker, who remains unconvinced until Millie recites a love poem she anonymously wrote to him weeks earlier. Josh watches over the Butcher while Millie, Nyla, and Booker drive to the police station to obtain La Dola. Nyla tricks Char, the last officer in the station, into leaving so she can steal the dagger. Waiting outside in the car, Booker reveals that he has always liked Millie, and Millie divulges how she enjoys the newfound strength and confidence she feels while in the Butcher's body, and they kiss. The Butcher escapes Josh's house, and Char...","",""
"552178","Dark Waters","2019","A tenacious attorney uncovers a dark secret that connects a growing number of unexplained deaths to one of the world's largest corporations. In the process, he risks everything — his future, his family, and his own life — to expose the truth.  [PLOT] Plot summary In 1998, Robert Bilott , from Cincinnati , is a corporate defense lawyer at law firm Taft Stettinius & Hollister . Wilbur Tennant, a farmer and friend of Bilott's grandmother, asks him to investigate the deaths of numerous dairy cattle at his farm in Parkersburg, West Virginia . Tennant connects the deaths to chemical manufacturing corporation DuPont and gives Robert a large case of videotapes related to the case. Robert visits the Tennants' farm, where he learns that 190 cows have died after exhibiting unusual medical conditions, including bloated organs, blackened teeth, and tumors. DuPont attorney Phil Donnelly says he is not aware of Tennant's concerns, but will help in any way he can. Bilott files a small suit to gain information through legal discovery of the chemicals dumped at a nearby landfill. When he finds nothing useful in the EPA report, he realizes the chemicals might be unregulated. Bilott confronts Donnelly at an industry event, leading to an angry exchange. In response to Bilott's request to broaden discovery, DuPont sends hundreds of boxes. Bilott finds numerous references to something called ""PFOA"", and with difficulty learns that it is perfluorooctanoic acid , which DuPont uses to manufacture Teflon , a substance widely used in nonstick frying pans and carpeting. The company has been running tests of the effect of PFOA for decades, finding that it causes cancer and congenital disabilities, but kept the findings private. Dupont dumped several tons of toxic sludge in a landfill uphill from Tennant's farm. PFOA and similar compounds are forever chemicals , which slowly accumulate and never leave the bloodstream. The local community shuns Tennant for suing their most significant employer. Bilott encourages him to accept DuPont's settlement, but he refuses, wanting justice, and reveals that both he and his wife have cancer. Bilott sends a summary and supporting documentation of the DuPont issues to the EPA and United States Department of Justice , among others. The EPA fines DuPont $16.5 million. Bilott is unsatisfied, as he realizes the residents of Parkersburg will continue to suffer the effects of the PFOA and more will likely die from disease. He seeks an agreement for DuPont to pay for medical monitoring for all residents of Parkersburg in one large class-action lawsuit . However, DuPont sends a deceptive letter notifying residents of the presence of PFOA, thus starting the statute of limitations running, giving any...","",""
"552524","Lilo & Stitch","2025","The wildly funny and touching story of a lonely Hawaiian girl and the fugitive alien who helps to mend her broken family.  [PLOT] Plot On planet Turo, Dr. Jumba Jookiba is convicted by the United Galactic Federation of illegal genetic experimentation, for creating an aggressive, near-indestructible creature with advanced learning capabilities called Experiment 626 . Jumba is imprisoned, while 626 is exiled for his destructive behavior. However, 626 escapes by stealing a police cruiser and using its hyperdrive to reach Earth , crashing on Kauaʻi . The Grand Councilwoman offers Jumba freedom if he recaptures 626, pairing him with Earth expert, Agent Pleakley. A Hawaiian girl named Lilo Pelekai is expelled from hula school for pushing her bully Mertle off stage due to frustration over her sister Nani 's absence. Their social worker , Mrs. Kekoa, visits and finds Nani unfit to care for Lilo, demanding she complete her tasks in three days. Elsewhere, 626 crashes near a wedding reception and is run over by a tourist trolley before being taken to an animal shelter . The next day, having heard that Lilo wants a friend, their neighbor Tūtū takes Lilo to the animal shelter where 626 is kept. Realizing Jumba and Pleakley are after him, 626 impersonates as a dog and allows Lilo to adopt him for his protection. Nani takes them to her resort lūʻau job with her friend David Kawena . Lilo names 626 ""Stitch"" after Nani comments on having to stitch a car seat he tore. They enjoy the resort, but Stitch accidentally causes a table fire, leading to Nani's dismissal. Nani is visited by Kekoa and Cobra Bubbles, a CIA agent posing as Kekoa's social director to investigate Stitch's arrival. Kekoa insists that Nani find new employment immediately. However, she is rejected after many interviews due to Lilo and Stitch's antics. Lilo helps Nani secure a job as a surfing instructor, and they enjoy surfing after her first shift. Meanwhile, Jumba and Pleakley fail to capture Stitch while jet skiing, causing the Pelekais and Stitch to wipe out, almost drowning Lilo when Stitch sinks. After Lilo's recovery, Kekoa informs Nani that the Hawaiian government will cover her health insurance costs if she relinquishes her guardianship—a decision she reluctantly accepts. As the sisters share a final night together, Stitch reflects on his actions and forlornly returns to the animal shelter alone. Meanwhile, the Grand Councilwoman, frustrated with Jumba's failure to capture Stitch, cancels their deal and orders Pleakley to return Jumba to prison. However, Jumba escapes Pleakley and plans to capture Stitch instead. Kekoa and...","",""
"552643","My Wife's Lover 2","2018","Sung-joo and Joo-hee moved into a new house next to Jong-gyu and Min-joo. Joo-hee gives out ddeok to tell them they've moved in next door. Jong-gyu falls in love with Joo-hee at once and thinks about having sex with her. Meanwhile, Sung-joo goes next door to borrow a tool and he falls for Min-joo. The husbands are attracted to each others' wives and soon they cross the line.  [PLOT] Plot Ray Reardon, a successful architect in Los Angeles, divorces his wife, and goes to a gallery opening to meet a blind date set up by his friend, Norman. While there, he bumps into an attractive young woman, making her spill wine on herself, and she verbally abuses him. A week later, Ray runs into the woman, Lena Mathers, at a supermarket. She apologizes for her behavior and the two go to dinner. They have sex the next night, marry shortly thereafter, and become parents. Despite his happiness in the marriage and with his two children, Ray becomes suspicious after catching Lena in several lies about her past. An assistant for one of his clients went to Swarthmore College one year before Lena supposedly attended the same school. The assistant remembers the university president, Sam Shaw, dying of a heart attack while giving a university-wide talk; when Ray mentions the name ""Sam Shaw"" (but not his profession or heart attack) to Lena, Lena talks about Shaw as if he was a fellow student, clearly not knowing who Shaw was or having any recollection of the university president's death. A woman meets the couple at a restaurant and recognizes Lena as ""Sissy"" from Piru, Texas, but Lena says the woman has confused her for somebody else. Ray also finds out that Lena's ""friends"" who attended their wedding were temp agency workers hired by Lena. A few years later, Ray visits Piru and is told by a town resident, Buddy, that a picture of Lena shown by Ray is ""Sissy,"" a nickname for Thelma. Ray visits the family home and meets Lena's parents, Mr. and Mrs. Sneeder, who recognize Ray and know his name. Ray finds out that alleged beatings of Lena as a child by her mother did not happen, and that Lena told her parents Ray was an employee of the Central Intelligence Agency . Ray arranges for Lena's parents to visit and stay with them, which makes Lena clearly uncomfortable. After her parents' departure, Lena admits to Ray that she changed her identity from Thelma ""Sissy"" Sneeder to Lena Mathers and invented a new life story for herself because she wanted to escape from her town to avoid a life of poverty and likely marriage to Buddy. Lena also tells Ray she was in love with him from afar before they met, and that she deliberately engineered their supposedly accidental meeting. Despite being unnerved by these revelations, Ray is still in love with his wife and attracted to her. However, Ray becomes increasingly paranoid when Lena sports bruises that she will not explain and...","",""
"553512","Burn the Stage: The Movie","2018","Burn the Stage: the Movie is the first movie from BTS, going behind-the-scenes of the BTS WINGS TOUR to reveal the full story of the band’s meteoric rise to fame. This unmissable film provides an intimate look at what happens when the most successful global boy band of all time breaks down barriers and invades the mainstream music scene. Exclusive tour footage and brand-new one-on-one interviews with BTS members give fans an unprecedented glimpse into their lives and an opportunity for everyone to celebrate together worldwide.  [PLOT] Plot The 85-minute film features live performances, award show highlights, off-stage moments, and interviews with the seven members of BTS. [ 1 ] It goes behind-the-scenes of the BTS Wings Tour to reveal the story of the band's rise to fame. [ 2 ] The film opens with footage of BTS-designed BT21 characters, and seconds later fans are heard chanting ""BTS"" and waving customised fandom light sticks while the members perform on stage. Throughout the film BTS talk about the hardships and mundane side of stardom, as well as insecurities they have faced along the way and their wish to continue growing and improving as artists. [ 3 ] ^ .mw-parser-output cite.citation{font-style:inherit;word-wrap:break-word}.mw-parser-output .citation q{quotes:""\""""""\""""""'""""'""}.mw-parser-output .citation:target{background-color:rgba(0,127,255,0.133)}.mw-parser-output .id-lock-free.id-lock-free a{background:url(""//upload.wikimedia.org/wikipedia/commons/6/65/Lock-green.svg"")right 0.1em center/9px no-repeat}.mw-parser-output .id-lock-limited.id-lock-limited a,.mw-parser-output .id-lock-registration.id-lock-registration a{background:url(""//upload.wikimedia.org/wikipedia/commons/d/d6/Lock-gray-alt-2.svg"")right 0.1em center/9px no-repeat}.mw-parser-output .id-lock-subscription.id-lock-subscription a{background:url(""//upload.wikimedia.org/wikipedia/commons/a/aa/Lock-red-alt-2.svg"")right 0.1em center/9px no-repeat}.mw-parser-output .cs1-ws-icon a{background:url(""//upload.wikimedia.org/wikipedia/commons/4/4c/Wikisource-logo.svg"")right 0.1em center/12px no-repeat}body:not(.skin-timeless):not(.skin-minerva) .mw-parser-output .id-lock-free a,body:not(.skin-timeless):not(.skin-minerva) .mw-parser-output .id-lock-limited a,body:not(.skin-timeless):not(.skin-minerva) .mw-parser-output .id-lock-registration a,body:not(.skin-timeless):not(.skin-minerva) .mw-parser-output .id-lock-subscription a,body:not(.skin-timeless):not(.skin-minerva) .mw-parser-output .cs1-ws-icon a{background-size:contain;padding:0 1em 0 0}.mw-parser-output .cs1-code{color:inherit;background:inherit;border:none;padding:inherit}.mw-parser-output .cs1-hidden-error{display:none;color:var(--color-error,#bf3c2c)}.mw-parser-output .cs1-visible-error{color:var(--color-error,#bf3c2c)}.mw-parser-output .cs1-maint{display:none;color:#085;margin-left:0.3em}.mw-parser-output .cs1-kern-left{padding-left:0.2em}.mw-parser-output .cs1-kern-right{padding-right:0.2em}.mw-parser-output .citation .mw-selflink{font-weight:inherit}@media...","",""
"553604","Honest Thief","2020","A bank robber tries to turn himself in because he's falling in love and wants to live an honest life...but when he realizes the Feds are more corrupt than him, he must fight back to clear his name.  [PLOT] Plot Tom Dolan is a former US Marine demolitions expert. After years of service, Tom decides to use his knowledge and skills to become a bank robber. He successfully robs a string of banks, and becomes known to the public as the ""In-and-Out Bandit"". One day, while he is storing stolen money in a storage unit, he meets Annie Wilkins, a psychology graduate student employed by the storage facility. Unaware that the money is stolen, Annie helps him store the money, and the two of them hit it off and are soon inseparable. A year later, Tom, wanting to live a life with Annie without the guilt of his past, calls the FBI and offers to surrender himself and the ill-gotten money to the government in exchange for a much more lenient sentence. FBI special agent Sam Baker agrees to meet with him the next day. However, tied up with other business, Baker assigns the case to lower-ranking agents John Nivens and Ramon Hall. Nivens and Hall meet with Tom to take his statement, and Tom reveals the location of the stolen money, in the storage unit he had rented. The agents visit the storage unit, realize he was telling the truth, and decide to keep the money for themselves. They go back to the hotel to kill off Tom, but Tom reveals that they only have three million dollars, not nine. At this point, Agent Baker arrives at Tom’s hotel room. Nivens shoots and kills Baker with a 9mm , then points the gun at Tom, who charges at him. Tom and Nivens fall through the hotel window and land in front of Annie, who is on her way to visit Tom. Tom and Annie drive away; Nivens and Hall keep shooting at them, and they barely escape safely. Tom then confesses to Annie that he had turned to bank robbery as revenge for his father's CEO 's unfair treatment of him. (Tom’s father had become depressed after the death of Tom’s mother, and had later committed suicide.) Tom explains that once he’d started robbing banks he kept doing it because it was exhilarating. He advises Annie to board a bus to keep herself safe, which she does. However, unbeknownst to Tom, Annie gets off the bus near Tom’s storage unit, planning to pick up the storage unit's security-footage card. While she is at the storage unit, Nivens and Hall arrive; they too have come to pick up the security-footage card, to cover their tracks. Nivens knocks Annie unconscious and he and Hall leave. Tom soon finds her and rushes her to the hospital. When Baker's partner, Sean Meyers, attempts to arrest Tom, Tom explains everything and then...","",""
"553610","Mobile Suit Gundam Narrative","2018","U.C. 0097, one year after the opening of ""Laplace's Box"".  Despite the revelation of the Universal Century Charter that acknowledges the existence and rights of Newtypes, the framework of the world has not been greatly altered.  The conflict later dubbed the ""Laplace Incident"" is thought to have ended with the downfall of the Neo Zeon remnants known as the Sleeves. In its final battle, two full psycho-frame mobile suits displayed power beyond human understanding. The white unicorn and the black lion were sealed away to remove this danger from people's consciousness, and they should now be completely forgotten.  However, the RX-0 Unicorn Gundam 03, which disappeared two years earlier, is now about to show itself in the Earth Sphere once more. A golden phoenix… named Phenex.  [PLOT] Story In UC 0096, the conflict dubbed the ""Laplace Incident"" ended with the dissolution of the Neo Zeon remnant group ""Sleeves"". Both the Unicorn Gundam and the Banshee were supposedly dismantled. [ 1 ] With the original draft of the Universal Century Charter revealed, the existence of Newtypes and their promised rights have become known to the public. [ 2 ] One year later, in UC 0097, the world is largely unchanged despite these revelations. [ 3 ] The reappearance of the RX-0 Gundam unit 3 Phenex, ""brother"" to the Unicorn and Banshee, two years after it disappeared, triggers the Federation to launch Operation ""Phoenix Hunt"" to capture the mobile suit. [ 4 ] [ 5 ] Minister Monaghan Bakharo of the Republic of Zeon secretly directs a Zeon unit to the same objective through his operative Ellic Hugo. [ 6 ] Mineva Lao Zabi, the figurehead ""princess"" of Zeon, calls out Monaghan's ambitions, though she cannot directly intervene. [ 7 ] The powerful corporation Luio & Co. assigns Michele Luio and pilot Jona Basta along with the RX-9 Narrative Gundam to assist the Federation. [ 8 ] Michele and Jona's childhood friend, Rita Bernal, is believed to be in control of the Phenex. Rita, Michele, and Jona were declared the ""Miracle Children"" after predicting the colony drop from Zeon's ""Operation British"" at the opening of the One Year War, saving many lives. [ 9 ] Michele and Jona know that only Rita displayed true Newtype precognition. [ 10 ] The Federation and Zeon teams detect the Phenex within a college colony at Side 6. The two sides race to the scene, though the Phenex is nowhere to be found. Piloting a Sinanju Stein, Zeon pilot Zoltan Akkanen, a failed product of the project that created Full Frontal, attacks Jona and the Narrative Gundam and inflicts serious damage to the colony. Zoltan summons the II Neo Zeong mobile armor to help him destroy Jona, and the massive armor breaches the hull of colony. The conflict ends after the Phenex finally appears and disrupts the encounter before escaping. [ 11 ] [ 12 ] In the aftermath of the disastrous events within the colony, Minister Monaghan instructs Ellic to flee her ship as he intends to blame the event on rogue Sleeves remnants and have the Federation destroy the rest of the force. Zoltan overhears the communication and murders Ellic. He suffers a psychotic break and launches in the II Neo Zeong with no greater intent than mass destruction. [ 13 ] Michele reveals she orchestrated the encounter in the colony in order...","",""
"553837","Code Geass: Lelouch of the Re;surrection","2019","The story takes place several years after Lelouch's ""Zero Requiem"" plan. He gave up his life to save the world and protect the ones he loved. The day Lelouch vi Brittannia fell was the day this war-torn world found peace. Now, as his friends work to keep the peace, a terrorist attack could risk everything. Can the brilliant tactician outwit death and save them all? Or will Lelouch’s legacy fall here?","",""
"553839","Saga of Tanya the Evil: The Movie","2019","The time is UC 1926. The Imperial Army's 203rd Air Mage Battalion led by Major Tanya Degurechaff has won the battle to the south against the Republic's stragglers. They expected to be given a vacation after returning victorious, but instead receive special orders from Staff HQ as soon as they get home. They are told that there were signs of a large-scale deployment near the Empire-Federation border. Faced with the prospect of a new major enemy, the desperate Empire fans the flame of war. Meanwhile, an international volunteer army spearheaded by the Commonwealth set foot in Federation territory. As they say, the enemy of an enemy is your friend. They suffer through misfortune purely out of national interest, and among them is a young girl. She is Warrant Officer Mary Sue, and she takes up arms hoping to bring the Empire, who killed her father, to justice.  [PLOT] Plot Years after the war, Adelheid von Schugel, now a priest, explains to a reporter that the Empire was at war because all the other nations feared its power. The 203rd Aerial Mage Battalion are on a sortie in Africa against Free Republic forces and destroy their headquarters. Tanya announces that the 203rd would return to the Empire for R&R , but upon their return, Rerugen orders them into an immediate reconnaissance mission on the Empire's eastern border with the Russy Federation. At the border, while the 203rd observe Federation forces stockpiling heavy artillery materiel they receive a message advising that the Federation has declared war on the Empire. Tanya and the 203rd proceeds to destroy the entire enemy encampment. She proposes a direct attack on the Moscow , the capital city of the Federation, asserting that its AA defence is poor. HQ authorizes the attack, and the 203rd are unopposed in the air because the Federation has sent its mages to internment camps. Meanwhile, Warrant Officer Mary Sioux, has enlisted in the US Army to avenge her father, Anton Sioux. She arrives in Moscow with other multinational military volunteers of the 42nd Flying Division for recruit training under Lieutenant Colonel William Drake but the 42nd suffers casualties as a result of Tanya's attack. The 203rd use the successful operation as an opportunity to record propaganda footage by singing the Imperial national anthem over Moscow. Loria, a member of the Federation's cabinet , witnesses Tanya singing and becomes infatuated with her. Mary becomes enraged and takes off alone to engage the 203rd, disobeying Drake's orders. The remaining members of the 42nd are also forced to engage in battle where they suffer losses because of their inexperience. Mary engages Tanya in a fierce duel, but is defeated and is found later lying gravely wounded in a crater begging God for the power to kill Tanya. The 203rd and other Imperial soldiers celebrate their successes at Imperial East Border Temporary Camp 21, drinking the night away. The 203rd receives a request to assist the 3rd and 22nd Divisions, who have been encircled at Tiegenhoff. Tanya agrees to help, because taking control of Tiegenhoff would give the Empire control of the major railway hub leading into the Federation. The 203rd succeeds in defending Tiegenhoff. Back in Moscow, Loria suspects Tanya is at Tiegenhoff and advocates the use of a massed assault to capture the city. The Federation begins a human wave attack on...","",""
"554230","The Lost Daughter","2021","A woman's seaside vacation takes a dark turn when her obsession with a young mother forces her to confront secrets from her past.  [PLOT] Plot While on holiday in Greece, middle-aged university professor and noted translator Leda Caruso meets Nina, a young mother, after Leda reunites Nina with her three-year-old daughter Elena, who has momentarily gone missing on the beach. Leda and Nina get talking, and Nina expresses her growing exhaustion and unhappiness. Elena is upset after she loses her favorite doll, which Leda has secretly taken. In flashbacks, it is shown that Leda also struggled with being a young mother to her two daughters, Bianca and Martha, often losing her patience and becoming withdrawn from her family. One evening Leda has dinner with Lyle, her holiday apartment's caretaker; he notices Leda has Elena's missing doll but doesn't comment on it, nor does he tell Nina. Leda later discovers Nina is having an affair with Will, who works at the beach bar; separately, Nina shares that her husband Toni is very controlling. The search for Elena's doll continues, with Nina even putting up flyers offering a reward for its return. At a market, Leda buys Nina a hatpin to help hold her sunhat in place. When Nina asks Leda about her daughters, Leda becomes emotional; she reveals that she had abandoned them with her now ex-husband for three years after she became too overwhelmed, during which time she had an affair with a fellow professor. She admits being away from her daughters felt ""amazing"", and she only went back to them when she genuinely missed them. Nina learns that Leda knows about her and Will, and he later asks Leda if they can borrow her apartment to have sex. When Nina arrives at Leda's to get the apartment keys the following day, Leda admits to being a selfish and ""unnatural"" mother and warns that Nina's depression will never go. She then gives Nina Elena's doll, confessing that she took it and that she was ""just playing"". Nina reacts angrily by stabbing Leda in the stomach with the hatpin before leaving. That night, Leda packs her bags and leaves the resort, but her stomach injury causes her to drive her car off the road; she soon collapses on the shoreline. The next morning, Leda awakens and calls Bianca, who happens to be with Martha. They express their relief to hear from their mother, from whom they had not heard in several days. Leda says she is fine and then looks down to discover an orange in her hands; she peels the orange skin off ""like a snake"", the way she had done for her daughters when they were little.","",""
"554421","Unoccupied","2015","Documentary film.","",""
"554776","An Affair: My Sister-in-law's Love","2018","Eun-joo is a twenty-year-old pre-college student who lives with her sister Eun-hee. Eun-hee is worried about her sister's academics and hires Je-hyuk as her tutor. Eun-joo falls for Je-hyuk as time goes by. They end up making love. A few months later, Eun-joo improves her grades and passes her tests. However, Eun-hee announces that she's getting married to Je-hyuk and Eun-joo doesn't want to lose him...","",""
"554972","Unstoppable","2018","Dong-chul and Ji-soo are a happily married couple. One day, Dong-chul comes home to find his house in disarray and his wife missing.  [PLOT] Plot Kang Dong-cheol is a meek seafood distributor who tries to hit big bucks with various business opportunities that eventually go bust, losing a lot of money, much to the annoyance of his wife Ji-su. One evening, while trying to convince her about a new opportunity in the fishing industry with the supply of king crab and opening a new restaurant. Dong-cheol's car is rear-ended by the car of Gi-tae, a human trafficker, who is attracted to Ji-su and kidnaps her the next night. When Dong-cheol arrives home after work, he learns that Ji-soo is kidnapped, where he receives a bag full of money from Gi-tae in exchange for the ""purchase"" of his wife. However, Gi-tae is unaware that Dong-cheol was a legendary fighter and gangster, now living a quiet life upon his wife's insistence. Dong-cheol, along with his friend Choon-sik and retired Inspector named Gomsajang, begins a search which leads them to a casino where they find that the gangsters are smuggling Lorazepam and plates from Jangseang port. They find the manager Park In-chang of ""Business Club"". Dong-cheol checks In-chang's car where he finds that In-chang was present at the time of Ji-su's kidnapping. Dong-cheol tries to nab In-chang but the latter escapes. With the help of the police department , Dong-cheol meets and learns from a deceased wife's husband. The husband reveals that Gi-tae had offered him money in exchange to sell his wife, who was in coma. The husband reluctantly accepted and felt guilty for his actions, he then gives a file to Dong-cheol before committing suicide by jumping off the roof of the police headquarters. In the file Dong-cheol finds the business card of a finance company headed by Dae-sung, who is Gi-tae's associate (Dae-sung had given him an identical card previously when they accidentally crashed their car). Dong-cheol confronts Dae-sung where he kidnaps him, which is witnessed by Gi-tae from the CCTV cameras . Gi-tae calls Dong-cheol and blackmails him to kill Dae-sung in exchange for Ji-su's survival. Dong-cheol strangles Dae-Sung to the point of unconsciousness, appearing to kill him. This convinces Gi-tae, who spares Ji-su, and tells Dong-cheol to bring the money. The trio revive Dae-sung and interrogate him, from whom they learn that the husbands and fathers of the trafficked girls are convinced into selling their wives or daughters in exchange for money. They manage to steal the money from the police station (as Dong-cheol had given the bag to the police). Dong-cheol...","",""
"555604","Guillermo del Toro's Pinocchio","2022","During the rise of fascism in Mussolini's Italy, a wooden boy brought magically to life struggles to live up to his father's expectations.  [PLOT] Plot Resin sculpture of Pinocchio and Sebastian used in the film, exhibited at the Cineteca Nacional de México In Italy , woodcarver Geppetto loses his son Carlo to an aerial bombardment by Austro-Hungarian forces during World War I . Twenty years later, he uses the pine wood planted in Carlo's grave to create a puppet in drunken despair. The Wood Sprite appears in the middle of the night and brings it to life, christening him Pinocchio due to the puppet being made of pine, and assigns Sebastian J. Cricket , who formerly lived inside the pine wood, to guide him morally, promising him a wish in exchange. Geppetto wakes up and is frightened by Pinocchio exploring and destroying his home. He becomes fed up with Pinocchio's antics due to his newborn lack of self-control , and he is told by the town that he must send the boy to school to teach him discipline. He gifts Pinocchio a schoolbook that used to belong to Carlo. On his way, Pinocchio is intercepted by showman Count Volpe and his monkey Spazzatura , who bring Pinocchio to their circus to perform. Geppetto arrives to take him back, resulting in a confrontation that causes them to fight over him and ends with Pinocchio being fatally hit by the Podestà 's truck. In the afterlife, he meets the Wood Sprite's sister, Death , who explains that he is immortal and revives when an hourglass empties, cautioning that each time he dies, he will spend longer in the afterlife before returning to life. After Pinocchio comes back to life, an army officer hears about him and meets up with Geppetto. The officer tells Geppetto that Pinocchio may be a distraction by others and should be sent to military youth camp by law. Geppetto is conflicted over sending Pinocchio to youth camp or sending him to perform in the circus. Seeing Geppetto upset, Pinocchio decides to earn money for him by performing in the circus, and to avoid being conscripted into the Army by the Podestà, who thinks his immortality makes him the ideal soldier. A jealous Spazzatura, the former star, reveals to Pinocchio that Volpe has been lying to him about sending half their profits to Geppetto. Hearing this, Volpe viciously beats Spazzatura as a result, upsetting Pinocchio, who performs a song ridiculing Benito Mussolini while he is in attendance. Mussolini has Pinocchio executed and the circus burned down. Once revived, Pinocchio is taken by the Podestà to military recruit training , where other boys are trained for war. He befriends the Podestà's...","",""
"556678","Emma.","2020","In 1800s England, a well-meaning but selfish young woman meddles in the love lives of her friends.  [PLOT] Plot summary In Regency England , the wealthy and beautiful 20-year-old Emma Woodhouse lives with her widowed father at his Hartfield estate in the Surrey village of Highbury. A frequent visitor to Hartfield is George Knightley , a close friend of the family and owner of nearby Donwell Abbey. George is the brother of John Knightley, the husband of Emma's sister Isabella who lives in London. Emma prides herself on her matchmaking skills, and successfully arranges the marriage of her old governess, Miss Taylor, to Mr Weston. She befriends Harriet Smith, a naive young woman of uncertain parentage who boards at a local girls' school, and persuades her to decline a marriage proposal from a respectable farmer, Robert Martin, instead recommending the local vicar, Mr Elton. George Knightley privately expresses his disapproval, telling Emma that she is encouraging Harriet to aspire to a man who can never accept her. On the way home from a dinner party, Emma finds herself alone in a carriage with Mr Elton. To her shock, he proposes marriage, leading to an awkward rejection. Only then does she learn that what she had mistaken for affection towards Harriet was merely Mr Elton's attempt to woo Emma herself. Mr Elton subsequently leaves the area, returning six weeks later with a new wife, the pretentious Augusta. Two long-anticipated visitors arrive: Jane Fairfax, the highly accomplished niece of Miss Bates , a genteel but poor family friend who is notable for her incessant chatter; and the charming Frank Churchill who, always required to be at his wealthy aunt's beck and call, has had few opportunities to visit. Emma finds herself intrigued by Frank and is envious of Jane's talents. Frank's arrival prompts the Westons to hold a ball , at which Mr Elton rudely snubs Harriet. She is rescued by George Knightley, who asks her to dance. Emma and Knightley also share a dance, awakening romantic feelings between them. During a picnic at Box Hill , Frank urges the company to play a lighthearted game, and Emma, in a moment of thoughtless humour, insults Miss Bates, causing her great distress. Knightley privately reprimands Emma for her unkindness, prompting her to reflect on her behaviour. She apologises to Miss Bates, who forgives her. Harriet confides to Emma that she has again found love; she does not name the man, but Emma assumes she is referring to Frank Churchill. The sudden death of Frank's aunt leads to the revelation that Frank and Jane Fairfax have been secretly...","",""
"556694","Three Thousand Years of Longing","2022","A solitary scholar discovers an ancient bottle while on a trip to Istanbul and unleashes a djinn who offers her three wishes. Filled with reluctance, she is unable to come up with one, so the djinn tries to inspire her with his stories.  [PLOT] Plot A young woman is imprisoned in a room in a large stately home, later revealed to be New Carfax Abbey. She escapes her room and, despite the pleas of the search party, hangs herself from the staircase. In present-day New York City, struggling artist Evelyn ""Evie"" Jackson makes a living freelancing for a catering business with her best friend Grace. Evie takes a DNA test after her mother's death, discovering she has a distant cousin in England named Oliver Alexander. She meets Oliver, who tells her the scandal of her great-grandmother, Emmaline, who had a secret child with a black footman . Oliver invites Evie to an upcoming family wedding in England. She arrives in Whitby at the New Carfax Abbey, where she meets the lord of the manor, Walter De Ville; Mrs. Swift, a longtime maid of the estate; and De Ville's devoted butler, "" Mr. Field "". Evie also meets the rest of the Alexander family and the maids of honor, friendly Lucy and condescending Viktoria. During her stay, Evie and Walter develop a mutual attraction. Meanwhile, throughout the house, several housemaids, under the stewardship of Mr. Field, vanish after being attacked by an unseen force. One night, Evie sees an apparition in her bedroom. The next day, she sneaks into Walter's office and discovers that he had been researching her before her arrival. She confronts him and threatens to leave, but the two reconcile and have sex. The family hosts a rehearsal dinner, where Evie expects to finally meet the bride and groom. Instead, Walter announces that he and Evie are to be wed. Mr. Field slits a maid's throat and serves her blood in wine glasses to Walter, Lucy, and Viktoria, who are all revealed to be vampires. Walter explains that Evie's ancestors, the Alexanders, are one of the three families who, for centuries, have each offered one of their women to become his wife in exchange for protection and wealth. Viktoria, Lucy, and Emmaline were wedded to him, but Emmaline killed herself due to her guilt of killing humans, and due to the loss of her love, Evie's great-grandfather, and their infant son. The Alexander family had trouble finding a female member until they tracked down Evie. Evie is imprisoned in the cellar and visited by Lucy and Viktoria. Viktoria admits that she was the apparition that Evie had seen, and reveals Dee, an imprisoned maid, who disappeared days earlier. Viktoria locks Evie inside a coffin, but she is freed by Mrs. Swift, who was friends with Emmaline. Evie hides in an ice...","",""
"557564","Mayskaya Street","2017","Belarus, Winter 2015. The omnipotent president Loukachenko is starting his campaign looking for a 5th mandate. As Kostia celebrates his18th birthday and gets ready to vote for the first time, he takes us around in his village and among his relatives as they all try to understand and conceive their country and their future.","",""
"558449","Gladiator II","2024","Years after witnessing the death of the revered hero Maximus at the hands of his uncle, Lucius is forced to enter the Colosseum after his home is conquered by the tyrannical Emperors who now lead Rome with an iron fist. With rage in his heart and the future of the Empire at stake, Lucius must look to his past to find strength and honor to return the glory of Rome to its people.  [PLOT] Plot Sixteen years after Marcus Aurelius 's death, [ a ] Rome is ruled by the twin emperors Caracalla and Geta . In the North African kingdom of Numidia , Hanno lives with his wife, Arishat. The Roman army led by General Justus Acacius invades and conquers the kingdom, killing Arishat and enslaving Hanno along with the other survivors. The enslaved people are taken to Ostia , where the Romans pit them against baboons to advertise them as potential gladiators . Hanno savagely kills one, impressing the stable master Macrinus , who promises Hanno an opportunity to kill Acacius if he wins enough fights in Rome. Meanwhile, Acacius returns to Rome as a war hero. Caracalla and Geta prepare gladiatorial games in the Colosseum to celebrate. Acacius asks for a break from war with his wife Lucilla , also Aurelius' daughter, but the emperors refuse and instead want him to join in their plans to conquer Persia and India respectively. Senator Thraex hosts a party for the emperors, featuring a gladiatorial duel. After Hanno wins, he recites a verse from Virgil 's Aeneid , revealing his Roman education and raising Macrinus' suspicion. Acacius and Lucilla conspire with Thraex and Senator Gracchus to overthrow the emperors and restore the Republic. Hanno emulates the legendary gladiator Maximus to defeat Glyceo the Destroyer and his black rhinoceros . Lucilla realizes that Hanno is actually her son Lucius Verus, whom she sent away as a child to protect him from rivals for the throne after the death of her evil brother Commodus . Lucilla visits Lucius and tries reconnecting with him, but he angrily rebuffs her, believing she had abandoned him. Lucilla reveals to Lucius that he is Maximus' son and tells him to use his father's strength to survive. During a naval battle in the Colosseum, Lucius leads the gladiators to victory and fires a crossbow at Acacius, but fails to kill him. Lucius later befriends Ravi, the gladiators' physician who shows him the shrine to Maximus, which includes the latter's sword and armor . That night, Lucilla and Acacius conspire to free Lucius as part of their plot to dethrone the emperors. Thraex, who owes Macrinus money, informs him of the conspiracy; Lucilla and Acacius are arrested for treason. Macrinus advises the emperors to have Acacius killed in the Colosseum and arranges for Lucius to fight him. After a brief fight, Acacius surrenders to Lucius and professes his love for Lucilla and Maximus. Lucius refuses to execute Acacius, who is then...","",""
"559581","Stowaway","2021","A three-person crew on a mission to Mars faces an impossible choice when an unplanned passenger jeopardizes the lives of everyone on board.  [PLOT] Plot Mission Commander Marina Barnett, biologist David Kim, and medical researcher Zoe Levenson lift off aboard MTS-42, on a two-year mission to Mars . Once underway, the upper stage of their launch vehicle is connected by 450-meter tethers to the ship's main hull, acting as a counterweight for inertia -based artificial gravity . [ 1 ] Shortly after takeoff, Barnett discovers launch support engineer Michael Adams, an accidental stowaway , unconscious between two modules, entangled with a device that scrubs carbon dioxide from the air on the ship. As he falls, the device is inadvertently destroyed. The crew is forced to use emergency lithium hydroxide canisters to scrub CO 2 from the air. Unfortunately, the canisters cannot sustain the extra load. Barnett orders David to immediately cultivate his algae experiment on the ship, rather than at the Martian colony as planned. Only half of the algae survive, providing just enough oxygen for a third crew member. Without another oxygen supply, the crew of four will asphyxiate weeks before reaching Mars. Barnett asks mission control for a solution that will save all four passengers, but the only option—an untested EVA (spacewalk) to climb the tethers and recover liquid oxygen from the spent upper stage rocket—is deemed too risky. Barnett and David begin to come to terms with sacrificing Michael, but Zoe convinces them to wait ten days for mission control to think of another solution. After three days, David breaks rank to explain the situation to Michael, offering him a painless lethal injection. Michael nearly takes his own life, but Zoe stops him and convinces him to hold out for a while longer. She insists on climbing the tethers to retrieve the liquid oxygen. David reveals that the rest of the algae has died, leaving only enough oxygen for two. Now facing the death of two passengers, he agrees to join her on the climb. Zoe and David perform the EVA and jury rig a solution to fill two cylinders, enough to sustain two more passengers. However, deadly radiation from a high-energy solar flare —a coronal mass ejection —forces them to leave one of the cylinders behind. [ 2 ] They make it back to the ship, but due to a critical equipment failure , the single oxygen cylinder is lost. After regrouping, they realize that the large tank continues to leak oxygen due to the improvised connection, and that if one person exposes themselves to the lethal radiation to retrieve the cylinder left behind on the first attempt, the...","",""
"559907","The Green Knight","2021","An epic fantasy adventure based on the timeless Arthurian legend, The Green Knight tells the story of Sir Gawain, King Arthur's reckless and headstrong nephew, who embarks on a daring quest to confront the eponymous Green Knight, a gigantic emerald-skinned stranger and tester of men.  [PLOT] Plot Gawain is awakened on Christmas morning in a brothel by his lover, a commoner woman named Essel. He returns to Camelot , following a scolding by his mother Morgan le Fay . Gawain attends a feast at the Round Table with his uncle the Lord, who invites Gawain to his side. In a tower, le Fay performs a magic rite which summons the mysterious Green Knight who barges into the court as Merlin gives the Lord a look. He states that any knight able to land a blow on him will win his green axe, but must travel to the Green Chapel the following Christmas and receive an equal blow in return. Gawain takes up the challenge. The Knight yields and Gawain, wielding Excalibur , decapitates him. The Knight rises and lifts his severed head, reminds Gawain of the bargain and leaves. After a year reveling, the Lord reminds Gawain to uphold his end of the challenge. Gawain departs on horseback for the Green Chapel, taking the green axe and a green girdle made by his mother, who claims that no harm will come to him so long as he wears it. During his journey, Gawain meets a boy scavenging a battlefield littered with dead warriors. The boy directs Gawain to a stream that will lead him to the Green Chapel. He asks for payment and Gawain gives him a single coin. Shortly afterwards, the boy and two others ambush Gawain and steal the axe, girdle and horse, leaving him tied up. Gawain scrambles to his sword and uses it to cut the ropes binding his hands and pursues them. By nightfall, Gawain arrives at an abandoned cottage and falls asleep in the bed. He is awakened by the ghost of a young woman named Saint Winifred , who asks Gawain to retrieve her head from a nearby spring. He asks what he will receive in return but is rebuffed. He reunites her skull with her skeletal remains and the next morning finds the axe has been returned to him. Gawain befriends a red fox who accompanies him on his journey where they see some giants. He reaches a castle inhabited by a Lord who informs him that the Green Chapel is nearby, and Gawain accepts his invitation to stay. The Lord's lady, who resembles Essel, makes seductive overtures towards Gawain. The Lord proposes they exchange what he obtains while hunting with whatever Gawain finds at the castle. The next morning, the Lady presents Gawain with the green girdle, which she claims to have made herself. Gawain accedes to her advances in exchange for it. Gawain flees and encounters the Lord in the forest. The Lord kisses Gawain in return for his...","",""
"559969","El Camino: A Breaking Bad Movie","2019","In the wake of his dramatic escape from captivity, Jesse Pinkman must come to terms with his past in order to forge some kind of future.  [PLOT] Plot In a flashback to shortly before they leave Walter White 's meth business, [ N 1 ] Jesse Pinkman asks Mike Ehrmantraut where he would go to start over. Mike says if he were younger, he would go to Alaska , which Jesse finds appealing. Jesse expresses the desire to make amends for past wrongdoing, but Mike warns that starting over would make that impossible. In the present, Jesse flees the Brotherhood compound in Todd Alquist 's El Camino . [ N 2 ] He goes to the Albuquerque home of Skinny Pete and Badger , who hide the car and give Jesse a place to sleep. The next morning, Jesse calls Old Joe to dispose of the El Camino, but Joe leaves after discovering its LoJack . Pete devises a plan to make it appear Jesse fled after trading the El Camino for Pete's Ford Thunderbird . Pete and Badger give Jesse the money Walter gave them, [ N 2 ] and Badger drives south in the Thunderbird so it appears Jesse is headed to Mexico . Pete stays with the El Camino and waits for police to respond to the LoJack. Jesse departs in Badger's Pontiac Fiero . He learns from the radio news of Walter's fatal poisoning of a woman, [ N 3 ] and of Walter's death. [ N 2 ] In a flashback to Jesse's captivity, [ N 4 ] Todd takes Jesse to Todd's apartment to help dispose of his cleaning lady, whom he killed after she discovered his hidden money. They sidestep Lou Schanzer, Todd's busybody neighbor, and bury the corpse in the Painted Desert . Jesse briefly holds the pistol Todd left unsecured, but Todd talks him into returning it. In the present, Jesse searches Todd's apartment. He finds the new hiding place for Todd's money, but policemen Neil Kandy and Casey enter and begin searching. Jesse hides but holds Casey at gunpoint after Casey finds him. Neil disarms Jesse, who realizes they are not police but thugs also looking for Todd's money. To save himself, Jesse reveals he found the cash. Lou reports finding an old note from Todd, and Casey distracts him by feigning interest. Neil and Jesse bargain over the cash; to avoid alarming neighbors, Neil lets Jesse take a third. As they depart, Jesse recognizes Neil as the welder who built the tether that held him while he was forced to cook meth for the Brotherhood. Jesse finds Ed Galbraith , the ""disappearer,"" who wants $125,000 to aid Jesse, plus $125,000 for the previous occasion when Jesse hired him but failed to commit. [ N 5 ] Jesse is $1,800 short and Ed refuses to help. Knowing his parents are being surveilled, Jesse calls them and...","",""
"560016","Monkey Man","2024","Kid is an anonymous young man who ekes out a meager living in an underground fight club where, night after night, wearing a gorilla mask, he is beaten bloody by more popular fighters for cash. After years of suppressed rage, Kid discovers a way to infiltrate the enclave of the city’s sinister elite. As his childhood trauma boils over, his mysteriously scarred hands unleash an explosive campaign of retribution to settle the score with the men who took everything from him.  [PLOT] Plot In a forest village in India , Kid lives with his mother Neela and is inspired by her tales of Hanuman . Baba Shakti, a spiritual guru in the nearby city of Yatana, sends corrupt police chief Rana Singh to evict the villagers, who are members of a persecuted religious minority, and acquire their land. The village is massacred, but Neela hides Kid before she is killed by Rana, who sets her body on fire. Kid's futile attempts to save Neela leave his hands burned and scarred. Years later, an older Kid works as a heel and jobber at the underground fight club Tiger's Temple, wearing a monkey mask. Kid is determined to exact revenge on Rana, who frequents Kings, a luxury brothel and cocaine den disguised as a social club . Kid infiltrates Kings through an elaborate ruse to meet the manager and pimp Queenie Kapoor and persuades her to give him a job as a menial kitchen worker. Kid befriends Alphonso, a gangster working for Queenie, and Sita, one of the exploited prostitutes. Kid rigs a bout at Tiger's Temple in Alphonso's favor to make him money in exchange for a promotion to waiter; Kid plans to use his new role to get closer to Rana to exact his revenge. Kid buys a revolver and trains a stray dog to carry it to a rear door to avoid security at the entrance of Kings. Kid serves Rana cocaine spiked with powdered bleach to drive him to the restroom, where he can be shot privately. The assassination attempt is botched, and Kid is forced to fight his way out of the building. He flees in Alphonso's supercharged auto rickshaw and is chased by the police. Kid crashes the rickshaw and is arrested. Kid manages to break out of police custody, but is shot by a police sniper during his escape. He falls into a canal and is rescued by Alpha, the keeper of a local temple devoted to Ardhanarishvara . The temple is a sanctuary for Yatana's hijra community, which is being targeted by Baba's nationalist and ultraconservative movement. Kid recovers at the temple after learning that he is now a wanted fugitive. Alpha guides him through a hallucinogenic experience in which he confronts the trauma of his mother's death. With a newfound sense of purpose, Kid trains in combat to fight for himself and the marginalized. When the hijra's sanctuary is threatened, Kid fights again at Tiger's Temple, placing a bet on himself. He purposely defeats two faces and emerges victorious with enough money to save Alpha's temple. During Diwali , Baba's candidate gets elected and their nationalist...","",""
"560057","The Sea Beast","2022","When a young girl stows away on the ship of a legendary sea monster hunter, they launch an epic journey into uncharted waters — and make history to boot.  [PLOT] Plot For centuries, sea beasts have surfaced to wreak havoc against humankind. In response, crews of ""hunters"" venture outward on their ships to hunt the beasts. The most famous and successful being the crew of the Inevitable , led by the legendary Captain Crow, his first mate Sarah Sharpe, and his adopted son and boatswain Jacob Holland. The hunters are supported by the King and Queen of the Crown by means of the Three Bridges Society as a result of the hunters' success over the centuries. After nearly being killed during a hunt, Crow tells Jacob he will make him captain once they kill the ""Red Bluster"", who took his right eye years earlier. The crew returns to Three Bridges to collect payment for their latest catch, but the King and Queen inform them that they will soon be replaced by the modern naval vessel Imperator , headed by Admiral Eric Hornagold, due to the Crown considering the hunters obsolete and not agreeing with the hunters' code of conduct, especially when Crow's crew was forced to abandon their hunt of the Red Bluster in order to save another hunter ship. This angers Crow and Sarah and nearly results in their arrest before Jacob placates them with a proposal that his crew be given one more chance to kill the Red Bluster as a test of worth. Admiral Hornagold accepts, and the Crown declares a contest between the crews of the Imperator and Inevitable with the winner being allowed to hunt the sea beasts in their name. After they depart, the crew discovers an orphan girl named Maisie Brumble has stowed away on the ship to join them, having been inspired to do so by her late parents, who were themselves hunters. The Inevitable relocates and attacks the Red Bluster, however, the ship is in danger of being pulled under, and, against Crow's orders, Jacob hesitantly allows Maisie to cut the Bluster free, which saves the crew, but lets the monster escape and throws Jacob and Maisie into the sea. Angered, Crow holds both of them at gunpoint and demands Jacob bring Maisie to him before the Bluster emerges from the depths and swallows Maisie and Jacob whole. Jacob and Maisie are taken to an isolated island populated by several other sea beasts. Maisie discovers that the Bluster is not malicious and befriends the beast, renaming her Red, while also befriending a smaller beast named Blue. Maisie begins to believe the monsters are really just misunderstood creatures, which Jacob initially denies. Jacob and Maisie convince Red to take them to Rum Pepper...","",""
"560144","Skylines","2020","When a virus threatens to turn the now earth-dwelling friendly alien hybrids against humans, Captain Rose Corley must lead a team of elite mercenaries on a mission to the alien world in order to save what's left of humanity.  [PLOT] Plot Ten years after the first invasion, [ a ] Rose leads the human fleet against the aliens, now called 'Harvesters', aboard the Armada , a mother ship orbiting the Moon. When she breaks through enemy lines, she hesitates to fire and one of her ships is destroyed. As the aliens prepare to attack Earth, Rose sacrifices another one of her ships, killing thousands but ultimately destroying the Armada . Overcome with guilt, she vanishes while humanity rebuilds, coexisting with billions of 'Pilots' (hybrid alien-humans). Five years after the battle, Rose lives in a tent city near the ruins of London, avoiding resistance forces searching for her and keeping the ageing effects of her hybrid nature at bay with the help of hyper-oxygenated blood transfusions prepared by her friend Dr. Mal. A viral pandemic strikes the Pilots and anyone using transplanted Pilot limbs. The virus eats the Pilots alive while reverting them back into their brainwashed state. Resistance leader Leon captures Rose and brings her before General Radford who reveals that the Armada 's core drive warped to Cobalt One, the Harvester homeworld, before the ship's destruction. Only with the Armada 's core drive can they save the Pilots. Rose reluctantly agrees to join the mission. At Cobalt One the ship crashes, leaving it on emergency power. Crew members Rose, Trent, Leon, Owens, and Alexi find a planet filled with dead Harvesters and strange mutations. Severely wounded, Alexi sacrifices herself with a grenade. The team reaches the Armada , where Rose briefly succumbs to the Harvester Matriarch's control, who accuses humans of wanting to destroy her species. Trent helps Rose break free, revealing that her telepathic influence caused her to freeze during the war. Now empowered, Rose steals the core drive. However, Owens betrays the team, infecting Trent and fleeing with the core drive. Rose and Leon later discover that Radford bombed Cobalt One before their arrival with a biological weapon , the same virus that is infecting the Pilots on Earth. As the two return aboard the ship, Radford uses the core drive to destroy Cobalt One and the Harvesters in an act of genocide . He reveals to them that the virus was intended to peacefully euthanize the Pilots and destroy the Harvesters, but it had the unintended side effect of reverting the Pilots back into their brainwashed state. Having boarded the ship, the Matriarch also kills Radford, intending to destroy the Earth in revenge. After realizing the...","",""
"560210","My Student's Mom 3","2018","The middle school teacher, Zhu Xi, suddenly goes to the studio by leaving her husband and son because of sudden local issue. She is stressed because of the overworked environment and the changed environment. After a lonely night without a wife, the husband finally winds up with his son’s young, sexy tutor …","",""
"560732","Hello Arsi","2018","Sudden industrialization and big scale mining activities in central-eastern India, in the twentyfirst century, has affected the socio-economic fabric of society which was earlier dependent on agriculture. People felt alienated due to the shift. A new meaning in life has to emerge. In this backdrop, a young man and a young woman cross each other's path accidentally, each searching for his/her identity. Their journey starts on the ever expanding ROAD.  [PLOT] Plot The film tells the story of a girl named Arsi from Rourkela , Odisha, India, who becomes a sex worker to survive. It explores topics of social alienation and industrialization, focusing more on ideas and actions rather than the characters. The film begins and ends in a car. The male protagonist remains unnamed for the duration of the film.","",""
"560751","Potential Victim","2018","Sofia is a vampire, she's prisoner of a chat program called SISTEMA ALMA, that forces her to use her career as a pop singer to attract teenagers yearning to be killed and give them death.  [PLOT] Plot During the German Autumn of 1977, Susie Bannion, an American from a Mennonite family in Ohio , is admitted at the Markos Dance Academy in West Berlin . The academy is reeling from the disappearance of a student, Patricia Hingle, who vanished after telling her psychotherapist, Josef Klemperer, that the academy is controlled by a coven of witches. Journals left by Patricia in Klemperer's office detail The Three Mothers , a trio of witches who predate Christianity : Mater Suspiriorum , Mater Tenebrarum and Mater Lachrymarum . Klemperer, initially dismissive of Patricia's claims, becomes suspicious of the academy after her disappearance. During rehearsal, a Soviet student, Olga, becomes indignant towards Madame Blanc and storms out of the studio. Olga attempts to escape with her belongings but finds herself trapped alone in a room lined with mirrors. Blanc, meanwhile, resumes the rehearsal, during which Susie performs an aggressive dance; her movements begin physically afflicting Olga, ravaging her body and damaging her organs and bones. Several of the academy's matrons drag Olga's mangled body away with large hooks. Later, the matrons hold an informal election for who is to serve as the coven's new leader. The vote is between Madame Blanc and Mother Markos, an aged and grossly disfigured witch who has long controlled the coven, and for whom the academy is named; Markos wins the popular vote. Afterwards, Miss Griffith, the most sheepish of the matrons, kills herself. Susie befriends her classmate Sara. While investigating the disappearances of Olga and Patricia, the two realize the academy has washed all traces of them. Susie quickly climbs the ranks as Blanc's protégée, then is appointed the lead of the academy's upcoming piece, Volk . Meanwhile, Sara grows suspicious of the matrons after a meeting with Klemperer and uncovers clandestine hallways in the building where she discovers esoteric relics . Klemperer attends the performance. Immediately prior, Sara explores a passageway leading into the catacombs where she finds a heavily withering Patricia. Sara runs away but the matrons manifest holes in the floor, causing her to fall and fracture her leg. Sara emerges midway through the performance, dancing her part in a hypnotic trance, but collapses in pain before the dance ends. Blanc subsequently chastises Susie for intervening in the matrons' efforts to manipulate Sara's body. The next day, Susie attends a celebratory dinner with the matrons. Meanwhile,...","",""
"562682","Nithyaharitha Nayakan","2018","A heartwarming romantic comedy that follows a man as he goes through various stages of love - from the first crush to final break-up.  [PLOT] Plot .mw-parser-output .ambox{border:1px solid #a2a9b1;border-left:10px solid #36c;background-color:#fbfbfb;box-sizing:border-box}.mw-parser-output .ambox+.mw-empty-elt+.ambox,.mw-parser-output .ambox+.mw-empty-elt+.mw-empty-elt+.ambox,.mw-parser-output .ambox+.mw-empty-elt+.mw-empty-elt+.mw-empty-elt+.ambox{margin-top:-1px}html body.mediawiki .mw-parser-output .ambox.mbox-small-left{margin:4px 1em 4px 0;overflow:hidden;width:238px;border-collapse:collapse;font-size:88%;line-height:1.25em}.mw-parser-output .ambox-speedy{border-left:10px solid #b32424;background-color:#fee7e6}.mw-parser-output .ambox-delete{border-left:10px solid #b32424}.mw-parser-output .ambox-content{border-left:10px solid #f28500}.mw-parser-output .ambox-style{border-left:10px solid #fc3}.mw-parser-output .ambox-move{border-left:10px solid #9932cc}.mw-parser-output .ambox-protection{border-left:10px solid #a2a9b1}.mw-parser-output .ambox .mbox-text{border:none;padding:0.25em 0.5em;width:100%}.mw-parser-output .ambox .mbox-image{border:none;padding:2px 0 2px 0.5em;text-align:center}.mw-parser-output .ambox .mbox-imageright{border:none;padding:2px 0.5em 2px 0;text-align:center}.mw-parser-output .ambox .mbox-empty-cell{border:none;padding:0;width:1px}.mw-parser-output .ambox .mbox-image-div{width:52px}@media(min-width:720px){.mw-parser-output .ambox{margin:0 10%}}@media print{body.ns-0 .mw-parser-output .ambox{display:none!important}} This article's plot summary needs to be improved . Please help do so . Relevant discussion may be found on the talk page . ( December 2023 ) ( Learn how and when to remove this message ) Sajimon has many desires, but things go wrong for him. [ 1 ] The film follows his romantic relationships. Sajimon tells stories of his relationships to his wife Haritha on his wedding night. Sajimon describes his romance with Nithya. His classmate Joby helps Sajimon to win her love. During his college days, Sajimon falls in love with Surumi. Vasu and Omana, who are the parents of Sajimon, provide comedy scenes. ^ .mw-parser-output cite.citation{font-style:inherit;word-wrap:break-word}.mw-parser-output .citation q{quotes:""\""""""\""""""'""""'""}.mw-parser-output .citation:target{background-color:rgba(0,127,255,0.133)}.mw-parser-output .id-lock-free.id-lock-free a{background:url(""//upload.wikimedia.org/wikipedia/commons/6/65/Lock-green.svg"")right 0.1em center/9px no-repeat}.mw-parser-output .id-lock-limited.id-lock-limited a,.mw-parser-output .id-lock-registration.id-lock-registration...","",""
"564147","K.G.F: Chapter 1","2018","A period drama set in the 1970s, KGF follows the story of a fierce rebel who rises against the brutal oppression in Kolar Gold Fields and becomes the symbol of hope to legions of downtrodden people.","",""
"564818","Reflections I","2016","A meditation on light and water; landscape as self-portraiture.","",""
"565770","Blue Beetle","2023","Recent college grad Jaime Reyes returns home full of aspirations for his future, only to find that home is not quite as he left it. As he searches to find his purpose in the world, fate intervenes when Jaime unexpectedly finds himself in possession of an ancient relic of alien biotechnology: the Scarab.  [PLOT] Plot In Antarctica , members of Kord Industries , led by its co-founder and CEO Victoria Kord , locate an ancient alien artifact known as the Scarab . Meanwhile, Jaime Reyes returns to his hometown of Palmera City after graduating from Gotham Law University , only to learn that his family is facing eviction from their home due to financial difficulties. Jaime's sister Milagro manages to get him a job at Victoria's mansion. However, both are fired after Jaime stops a confrontation between Victoria and her niece, Jenny. Jenny later tells Jaime to meet her at Kord Tower the next day to discuss a ""job opportunity"". The next day, Jenny finds that Victoria is using the Scarab for her One Man Army Corps (OMAC) projects. She steals the Scarab and avoids security by giving it to Jaime, hidden inside a Big Belly Burger to-go box. At home, Jaime's family convinces him to open the box, and when Jaime holds the Scarab, it activates and fuses with him, encasing him in an exoskeleton. After getting launched from the stratosphere to all over the city, Jaime tracks down Jenny for answers, rescuing her from Victoria's armed forces. She tells Jaime that the Scarab is a sentient weapon and has chosen Jaime as its host. With the help of Jaime's uncle Rudy, Jaime and Jenny break into Kord Tower to retrieve a smartwatch that once belonged to Jenny's father Ted , but are attacked by Victoria's bodyguard Ignacio Carapax , who has an OMAC prototype infused in his body. The Scarab, revealed to be named Khaji-Da, temporarily takes over Jaime's body and battles Carapax, but Jaime refuses to let it kill Carapax. Rudy and Jenny help incapacitate Carapax, before they escape with Jaime to Jenny's childhood home. Jenny uses Ted's watch to activate his secret laboratory and reveals that Ted was a vigilante named Blue Beetle who spent his life studying Khaji-Da before mysteriously disappearing, leaving his company in Victoria's hands. When they notice Victoria's helicopter flying toward Jaime's home, Jaime summons Khaji-Da and returns to protect his family, but Jaime's father, Alberto, collapses and dies from a heart attack , distracting Jaime and allowing Carapax and Victoria to capture him. Jaime is taken to an island fortress near Cuba , where he is strapped to a machine that downloads information from Khaji-Da into the OMACs. While unconscious, Jaime experiences a vision from Alberto in the afterlife , who encourages him to embrace his destiny as the new Blue Beetle. While Jenny and the...","",""
"566451","Re:ZERO -Starting Life in Another World- The Frozen Bond","2019","A prequel story set seven years before the beginning of the Re:ZERO series. Emilia lives in a secluded forest covered in snow with the spirit Puck. The forest holds a secret: the elves who once lived there have been frozen into ice. Emilia is feared by the people living on the outskirts of the forest, but makes a humble living selling magic stones and warding off Magic Beasts. One day, however, her peaceful life is disrupted when the Great Spirit of Fire Melakuera decides to lay his judgment upon her.","",""
"566525","Shang-Chi and the Legend of the Ten Rings","2021","Shang-Chi must confront the past he thought he left behind when he is drawn into the web of the mysterious Ten Rings organization.  [PLOT] Plot A thousand years ago, Xu Wenwu discovers the mystical ten rings which grant godly powers including immortality . He establishes the Ten Rings organization, conquering kingdoms and toppling governments throughout history. In 1996, Wenwu searches for Ta Lo , a village said to harbor mythical beasts. He travels through a magical forest to the village entrance but is stopped by a guardian, Ying Li . The two soon fall in love, but the Ta Lo villagers reject Wenwu so Li chooses to leave with him. They marry and have two children, Shang-Chi and Xialing . Wenwu abandons his organization and locks away the ten rings. When Shang-Chi is seven years old, Li is murdered by Wenwu's enemies, the Iron Gang. Wenwu dons the rings once again, massacres the Iron Gang, and resumes leadership of his organization. He makes Shang-Chi undergo brutal training in martial arts but does not allow Xialing to train, prompting her to secretly teach herself. When Shang-Chi is 14, Wenwu sends him to assassinate the Iron Gang's leader. After completing his mission, a traumatized Shang-Chi runs away to San Francisco and adopts the name ""Shaun"". In the present day, Shang-Chi works as a parking valet with his best friend Katy . They are attacked on a bus by the Ten Rings organization who steal a pendant that Li gave to Shang-Chi. Shang-Chi travels to Macau to find Xialing, fearing that the Ten Rings will go after her matching pendant. He reveals his past to Katy who insists on helping him. They find Xialing at a secret fight club which she founded after escaping from Wenwu at 16. The Ten Rings attack the fight club and Wenwu arrives to capture Shang-Chi, Katy, Xialing, and her pendant. At the Ten Rings' compound, Wenwu uses the pendants to reveal a mystical map leading to Ta Lo. Wenwu explains that he has heard Li calling and believes she has been held captive in Ta Lo behind a sealed gate. He plans to destroy the village unless they release her. When his children and Katy object, he imprisons them. They meet former actor Trevor Slattery , whom the Ten Rings imprisoned for impersonating Wenwu, [ a ] and his hundun companion Morris . They escape and Morris guides them to Ta Lo, which exists in a separate dimension with various Chinese mythological creatures . The group meet Li's sister Ying Nan who explains the history of Ta Lo: thousands of years ago, the village's universe was attacked by the soul-consuming Dweller-in-Darkness and its soul eaters, but was saved by a Chinese dragon...","",""
"566914","F2: Fun and Frustration","2019","After Venky, Varun also gets married thinking he can keep the wife in control but both of them gets frustrated with the marital life which generates fun.  [PLOT] Plot In the Czech Republic , the cops apprehended Venky and Varun for abusing two women. Interrogated by Indian Embassy officials Vishwanath, Venky, and Varun reveal that the women who filed a case against them are his wife and girlfriend, respectively, much to Vishwanath's surprise. Curious, Vishwanath asks them about their past. Venky was an orphan with high dreams about marriage and works as personal assistant to MLA Anji Reddy, earning a handsome income. Through a marriage bureau, Venky met Harika, a software engineer who lives with her parents, sister Honey, and paternal and maternal grandmothers Ganga and Manga. Her family was happy that Venky is an orphan, and Harika would therefore not have any problem with in-laws that women generally face, the family accepted marriage. Venky and Harika marry happily. However, they began to argue over petty issues, and Venky felt tormented. Plus, their neighbor Prasad, who showcased his love for his wife publicly, added to Harika's jealousy and Venky's problems. Unable to live in a hostel, Honey began to live with Harika and Venky and created issues between them when Venky tried to tell Harika that Honey had a boyfriend. Varun narrates his story: Varun is Honey's boyfriend and runs a hotel. Venky saw Honey hugging Varun and told Harika and her family, but they refused to believe him. He challenged them that he would expose Honey one day, and Harika and her family promised to be slaves for him if he did. Venky succeeded in doing so and was unwilling to be tormented by a vengeful Venky; Harika and her mother lied that they already knew about Honey's relationship and were just testing him by challenging him. Despite Venky's warning about the side effects of marriage and Honey, Varun proceeded to have an engagement. Venky exposed Prasad's second wife (Swarna) to his first wife as an act of revenge for tormenting him. Within six days, Varun faced problems managing Honey and his mother, Kanthamma, who had issues with each other. Frustrated, Varun agreed with Venky. Prasad joined them and theorized that women need husbands. On the former's wedding day, Venky, Varun, and Prasad escape to Europe to teach their wives a lesson, which shatters Honey and Harika when they find Varun and Venky missing. Venky, Varun, and Prasad enjoyed their lives in Europe. One day, Honey and Harika saw them in Europe and requested them to return, but they mocked and insulted them. Honey and Harika left the place, cursing them. Venky, Varun,...","",""
"567189","Tom Clancy's Without Remorse","2021","An elite Navy SEAL uncovers an international conspiracy while seeking justice for the murder of his pregnant wife.  [PLOT] Plot In Aleppo , Syria, a team of US Navy SEALs , including Senior Chief Petty Officer John Kelly, rescue a CIA operative taken hostage by a suspected pro- Assad para-military group. The situation escalates as the SEALs discover that the captors are actually Russian military . Three months later, in apparent retaliation for their role in the mission, two members of the team are covertly killed by Russian FSB operatives. Kelly's pregnant wife Pam is murdered when the Russians break into their house. Kelly kills three, all except one of the attackers, before being rushed to the hospital with near-fatal wounds. In Washington, D.C. , Lt. Commander Karen Greer, Kelly's SEAL team leader and friend, meets with Ritter and Secretary of Defense Thomas Clay to discuss how the FSB discovered the SEALs' identities and review their response options. Leaked news of Russia's unprecedented attack on American soil has caused the already-strained relationship between the two nations to sour further, possibly causing a new cold war . The CIA refuses to conduct an investigation into the murders, motivating Greer to pass confidential information to Kelly. Healed from his injuries, Kelly tracks down the corrupt Russian diplomat, who issued the passports to the FSB operatives, and forces him to give the name of the surviving assassin before killing him. Incarcerated for murder, Kelly bargains his way out by revealing the escaped operative is Victor Rykov, an ex- Spetznaz officer, who is hiding in Murmansk, Russia . Despite Greer's objections, Clay allows Kelly to participate in Rykov's capture on the condition that Kelly serves his sentence after the mission. Kelly flies to Murmansk with Greer and a CIA black ops team, planning to HALO jump into Russia. Intercepted and attacked by a Russian fighter, their modified Airbus A320 crashes into the Barents Sea . Kelly dives into the wreckage to recover essential equipment, including a zodiac boat. The team arrives in Murmansk and finds Ritter, whom Kelly suspects is to blame for the intelligence leaks. Ritter swears that he is not responsible and leads the team to Rykov. Kelly goes off mission to confront Rykov, finding him wearing a suicide vest and learns that he is a deep cover CIA asset. Rykov detonates his vest, killing himself as the team becomes pinned down by sniper fire. As police arrive, the team realizes that the mission was a set-up to have American soldiers killed on Russian soil to start a war. Kelly volunteers to cover...","",""
