"tmdb_id","title","release_year","synopsis","themes","tones"
"646380","Don't Look Up","2021","Two astronomers go on a media tour to warn humankind of a planet-killing comet hurtling toward Earth. The response from a distracted world: Meh.  [PLOT] Plot Kate Dibiasky, a doctoral candidate in astronomy at Michigan State University , discovers a previously unknown comet . Her adviser, Dr. Randall Mindy, confirms that it will collide with Earth in approximately six months and is large enough to cause a global extinction event . NASA verifies the findings, and Dr. Teddy Oglethorpe, head of their Planetary Defense Coordination Office , accompanies Dibiasky and Mindy to present their findings to the White House . However, they are met with apathy from President Janie Orlean and her Chief of Staff Jason Orlean, who is also her son. Oglethorpe encourages Dibiasky and Mindy to leak the news to the media, which they then do on The Daily Rip , a popular morning talk show . When hosts Jack Bremmer and Brie Evantee treat the topic flippantly, Dibiasky loses her temper and angrily rants about the threat before leaving. Mindy receives public approval for his looks, while Dibiasky becomes the subject of negative memes for her on-air behavior. Public reaction is muted, and the announcement is downplayed by NASA Director Jocelyn Calder, a top donor to Orlean with no background in astronomy. When Orlean's sexual relations with Supreme Court nominee Sheriff Conlon become news, the president tries to divert public attention to the looming threat of the comet, announcing a project to use nuclear weapons to strike and divert the comet . The mission successfully launches, but Orlean abruptly aborts it when Peter Isherwell, the billionaire CEO of BASH Cellular and another top donor, discovers that the comet contains trillions of dollars' worth of rare-earth elements . The White House agrees to commercially exploit the comet by fragmenting and recovering it from the ocean, using technology proposed by BASH in a scheme that has not undergone peer review . Orlean sidelines Dibiasky and Oglethorpe while hiring Mindy as the National Science Advisor . Dibiasky attempts to mobilize public opposition to the scheme but gives up under threat from Orlean's administration. Mindy becomes a prominent voice advocating for the comet's commercial opportunities and begins an affair with Evantee. World opinion is divided among people who believe the comet is a severe threat, those who decry alarmism and believe that mining a destroyed comet will create jobs, and those who deny that the comet even exists. When Dibiasky returns home to Illinois , her parents kick her out of the house and she begins a relationship with a young man named Yule, a...","",""
"646385","Scream","2022","Twenty-five years after a streak of brutal murders shocked the quiet town of Woodsboro, a new killer has donned the Ghostface mask and begins targeting a group of teenagers to resurrect secrets from the town’s deadly past.  [PLOT] Plot Twenty-five years after Billy Loomis and Stu Macher 's killing spree in Woodsboro, [ a ] high school student Tara Carpenter is home alone when she is attacked by Ghostface and left hospitalized. In Modesto , Tara's estranged older sister Sam Carpenter is informed about the attack. She returns to Woodsboro with her boyfriend Richie Kirsch to visit Tara at the hospital. There, Sam is reunited with Tara's friend group: Wes Hicks , Liv McKenzie , Amber Freeman , and twins Chad and Mindy Meeks-Martin . That night, Vince Schneider —Stu's nephew and Liv's ex-boyfriend—is killed by Ghostface. After an encounter with Ghostface at the hospital, Sam reveals to Tara that she has been dealing with hallucinations of Billy, who had an affair with their mother in high school and whom she discovered as a teenager was her biological father. Sam's discovery of her true parentage led to their parents' divorce and is the primary reason for her estrangement from Tara. Sam and Richie seek help from Dewey Riley , who is now divorced from Gale Weathers . Dewey contacts Gale and Sidney Prescott to warn them about the return of Ghostface. He joins Sam and Richie at the Meeks twins' home, where he briefly reunites with their mother, Martha Meeks , Randy Meeks ' sister. Mindy deduces that the killer is creating a "" requel "", targeting Tara and her friends as the new generation while using Sam's connection to Billy to lure the legacy survivors. Ghostface murders Wes and his mother, Sheriff Judy Hicks , a survivor of the 2011 murders, [ b ] at their home. Dewey reunites with Gale, who has returned to town to cover the story. At the hospital, Tara and Richie are attacked by Ghostface but are saved by Dewey and Sam. The Carpenter sisters and Richie escape, but Dewey is killed when he attempts to finish off Ghostface. Sidney arrives in town after learning of Dewey's death and meets Gale and Sam at the hospital. Sidney asks Sam to help stop Ghostface, but Sam declines, choosing to leave town with Richie and Tara. Sidney and Gale follow the trio to Amber's house, revealed to be Stu's former home, where the original Woodsboro massacre took place. During a party in Wes' honor, the Meeks twins are attacked by Ghostface. As the friend group gathers, Amber pulls out Dewey's gun and shoots Liv dead, revealing herself as Ghostface. Sidney and Gale arrive, and Richie is revealed to be Amber's accomplice. He stabs Sam, and together, he and Amber take Sam, Sidney, and Gale into the kitchen where...","",""
"646389","Plane","2023","After a heroic job of successfully landing his storm-damaged aircraft in a war zone, a fearless pilot finds himself between the agendas of multiple militias planning to take the plane and its passengers hostage.  [PLOT] Plot Commercial pilot Brodie Torrance, a former RAF pilot from Scotland , flies Trailblazer Airlines Flight 119 from Singapore to Honolulu via Tokyo using an DC-9 aircraft. Among the 14 passengers is fugitive homicide suspect Louis Gaspare, who is being extradited to Canada under custody of a Royal Canadian Mounted Police (RCMP) officer. Following a directive from one of his superiors, Brodie does not alter his route over the South China Sea despite severe weather, resulting in a lightning strike destroying the plane's avionics and killing a flight attendant and the RCMP officer during turbulence. Brodie and co-pilot Samuel Dele manage an emergency landing on a remote airstrip on Jolo island in the southern Philippines . In New York , Trailblazer Airlines activates its crisis response team led by David Scarsdale. With local authorities requiring 24 hours to mount a response, Scarsdale dispatches a private mercenary team to enter the rebel -controlled island. Meanwhile, Brodie ventures into the jungle with Louis, a former French Foreign Legionnaire , in search of help. At an abandoned warehouse, Brodie manages to contact the airline and his daughter to reveal their location before being attacked by a rebel, whom he kills. Louis kills other rebels in the building, and the two discover that the rebels take foreigners hostage for ransom. They rush back to the plane, but rebel leader Datu Junmar and his forces arrive first and capture the remaining passengers and crew, killing a couple who attempt to escape. After the rebels leave, Brodie and Louis ambush two rebels looting the plane's luggage, forcing them to reveal the location of their base before killing them. Brodie leaves a note behind to inform potential rescue teams of the situation. Infiltrating the rebel base, Brodie and Louis kill several guards and successfully escort the passengers and crew onto a bus. However, trapped by more rebels, Brodie decides to stay behind to create a diversion. As he is about to be executed, the hired mercenaries arrive and inflict heavy casualties on Junmar's forces. The passengers, crew, and mercenaries retreat to the plane while the remaining rebels continue their attack. Brodie and Dele work to restart the aircraft while the mercenaries and Louis fight off the advancing rebels. Louis chooses to stay behind, killing a rebel attempting to fire a rocket-propelled grenade at the plane, before fleeing into the jungle with a bag containing contingency ransom money. Junmar...","",""
"646681","Ioana","2015","Young Romanian Adrian works as a hustler in Zurich's underground in order to get his sister Ioana out of Romania and to Zurich, where they can both have a better future.","",""
"647912","Film Maker","2019","Ed is trying to make a film, however the pressure of it all is starting to show.  [PLOT] Plot .mw-parser-output .ambox{border:1px solid #a2a9b1;border-left:10px solid #36c;background-color:#fbfbfb;box-sizing:border-box}.mw-parser-output .ambox+.mw-empty-elt+.ambox,.mw-parser-output .ambox+.mw-empty-elt+.mw-empty-elt+.ambox,.mw-parser-output .ambox+.mw-empty-elt+.mw-empty-elt+.mw-empty-elt+.ambox{margin-top:-1px}html body.mediawiki .mw-parser-output .ambox.mbox-small-left{margin:4px 1em 4px 0;overflow:hidden;width:238px;border-collapse:collapse;font-size:88%;line-height:1.25em}.mw-parser-output .ambox-speedy{border-left:10px solid #b32424;background-color:#fee7e6}.mw-parser-output .ambox-delete{border-left:10px solid #b32424}.mw-parser-output .ambox-content{border-left:10px solid #f28500}.mw-parser-output .ambox-style{border-left:10px solid #fc3}.mw-parser-output .ambox-move{border-left:10px solid #9932cc}.mw-parser-output .ambox-protection{border-left:10px solid #a2a9b1}.mw-parser-output .ambox .mbox-text{border:none;padding:0.25em 0.5em;width:100%}.mw-parser-output .ambox .mbox-image{border:none;padding:2px 0 2px 0.5em;text-align:center}.mw-parser-output .ambox .mbox-imageright{border:none;padding:2px 0.5em 2px 0;text-align:center}.mw-parser-output .ambox .mbox-empty-cell{border:none;padding:0;width:1px}.mw-parser-output .ambox .mbox-image-div{width:52px}@media(min-width:720px){.mw-parser-output .ambox{margin:0 10%}}@media print{body.ns-0 .mw-parser-output .ambox{display:none!important}} This article's plot summary may be too long or excessively detailed . Please help improve it by removing unnecessary details and making it more concise. ( April 2022 ) ( Learn how and when to remove this message ) Sakthivel ""Sakthi"" is a young boy who dreams of becoming a superhero, like Shaktimaan . After being ridiculed by his teacher and classmates for believing that Shaktimaan is real, Sakthi tries to prove it by falling off the terrace of his school, injuring himself in the process. His father tries to convince Sakthi that Shaktimaan is fictitious by showing the disclaimer of the actor Mukesh Khanna advising viewers that the events depicted in the show are purely fictitious, causing Sakthi to abandon his hopes of becoming a superhero. Years later, Sakthi and Inbaraj, a.k.a. ""Ink"", are friends who earn their livelihood as educational brokers and run a Xerox shop in their neighborhood that houses a certificate forgery unit to provide individuals forged degrees to secure their desired jobs for exorbitant sums. Sakthi bumps into Meera, a social worker at an...","",""
"649609","Renfield","2023","Having grown sick and tired of his centuries as Dracula's lackey, Renfield finds a new lease on life — and maybe even redemption — when he falls for feisty, perennially angry traffic cop Rebecca Quincy.  [PLOT] Plot In the early 20th century, Transylvanian vampire Count Dracula meets English lawyer R. M. Renfield . Renfield hopes to broker a land deal, and after proving to be a useful assistant, he becomes Dracula's familiar , which grants him immortality and super strength and speed when he consumes bugs. Ninety years later, Renfield has grown weary of bringing victims to Dracula and being abused by him. They recently had a close call with vampire hunters who almost killed the count, so the duo moves to New Orleans to recuperate. There, Renfield discovers a 12-step self-help group for people in codependent relationships. He tracks down one of the group member's abusive lovers so he can give him to Dracula without feeling remorse, but they are attacked by an assassin hired by the rival Lobo crime family , whom Renfield kills. The assassin's boss Teddy Lobo drives off and runs into a sobriety checkpoint that is run by police officer Rebecca Quincy, who arrests him. At the police station, Teddy is released, while Rebecca has a confrontation with her sister Kate, an FBI agent. Dracula tells Renfield that the criminals he has brought as food are insufficient and he desires the blood of the pure. Renfield goes to a restaurant to abduct commoners while Rebecca is led there by clues from the crime scene. The two are caught in an attack on Rebecca's life that Teddy has been pressured into making. Renfield and Rebecca defend themselves, killing several gang members. Teddy's mother, Bellafrancesca, orders him to hunt down the man who killed her footsoldiers, and he encounters Dracula when Renfield is away. The two form an alliance while Renfield heeds the teachings of his self-help group and decides to make a life for himself apart from his master. He gives a statement to the police to help them stop the Lobos. However, Dracula learns of Renfield's betrayal and slaughters the support group in front of him. Rebecca finds Renfield surrounded by dead bodies, causing her to arrest him until she is swarmed by corrupt police officers and the Lobos, who also want revenge on Renfield. Rebecca refuses to hand him over and escapes with him. The next morning, Rebecca finds that Renfield has saved her life, and he explains his true origin. The two fight through corrupt police officers and Lobo henchmen who come to the apartment to kill them, but Rebecca discovers that Kate has been taken hostage by Dracula and Bellafrancesca. She and Renfield stockpile weapons and bugs to storm the...","",""
"650655","Stay","2019","A short film made by students on the BFI Film Academy at Film Oxford 2019.  [PLOT] Plot The Aftermath is set in the British occupation zone in post-war Germany in 1945. Rachael Morgan arrives in the ruins of Hamburg in the bitter German winter to be reunited with her husband Lewis Morgan, a colonel of British Forces Germany charged with rebuilding the shattered city under the Allied Control Council , and dealing with violent insurgent Werwolf activities. The couple, whose relationship is tense, stay in the requisitioned house of architect Stefan Lubert and his teenage daughter Freda Lubert. Lewis allows Stefan and Freda stay in the attic, a decision that Rachael is initially unhappy with because of her hatred of Germans due to her and Lewis' son Michael being killed during the Blitz . She is very rude to Stefan. Meanwhile, Freda becomes romantically involved with Bertie, a young Werwolf activist. Rachael eventually bonds with Stefan over shared grief: his wife was killed by Allied bombing . They begin an affair. Despite her initial hostility to the Morgans, Freda and Rachael come to an understanding after discovering they both share a talent for the piano. The situation is complicated by British Forces Germany suspecting Stefan of Werwolf membership, though it is actually Bertie who is involved. Lewis realises Rachael and Stefan are having an affair when he learns of her advocating for Stefan to receive his Persilschein . When Lewis confronts Rachael, she tells him that she is leaving him to be with Stefan, who intends to move to a chalet in the Swiss Alps . Bertie tries to assassinate Lewis but misses and kills Lewis's batman . Bertie flees across a frozen river but falls through the ice to his death. Stefan confronts Freda over her relationship with Bertie, which was motivated by her grief over the loss of her mother. After Stefan reaffirms his love for his daughter, the two reconcile. Meanwhile, Lewis tells Rachael to leave the next morning. After Lewis admits his grief over Michael to Rachael, she hugs him. She accompanies Stefan and Freda to the railway station, but decides to stay with Lewis instead of leaving with Stefan.","",""
"651045","Noraebang: Hot Women 2","2019","The special secret to a successful noraebang is revealed! The noraebang where Hee-jin works is for customers who want a call-girl. When they start turning around and leaving, Hee-jin decides to become a call-girl herself and even brings her friend Seong-hee in. Rumors of Hee-jin and Seong-hee's beauty and service quickly spread and more customers come. When they've made enough money, Hee-jin and Seong-hee decide to open their own noraebang and display a hidden special service.","",""
"651188","The Impure Ones","2019","Cali's search for her missing girlfriend will turn rather sinister after she enters an abandoned house which is not as empty as she thinks  [PLOT] Plot In 1974 in Upstate New York , young Thaddeus Sivana is riding in a car with his abusive father and elder brother Sid during a snowstorm, while being constantly mocked and verbally harassed by both of them. He is suddenly transported to the Rock of Eternity , a mystic temple located in another dimension. There, Thaddeus meets the ancient wizard Shazam , who has spent centuries searching for someone pure of heart upon whom to bestow his powers and name as champion after his previous one unleashed the Seven Deadly Sins . Thaddeus is tempted by the Sins, who promise him power if he frees them. The wizard deems Thaddeus unworthy and magically returns him to the car. His frustration and confusion leads to a crash, resulting in his father becoming paraplegic and even more resentful towards him. The Sins send Thaddeus a message via his 8-Ball toy, telling him to find them. In present-day Fawcett City , Philadelphia , 14-year-old foster child Billy Batson continually runs away from foster homes to search for his birth mother, whom he has been seeking ever since being separated from her at a carnival 10 years ago. He locks some police officers in a store to use their computer to locate her, but is unsuccessful. A social worker places Billy in a group home run by Víctor and Rosa Vásquez. They both had been in the system and have five other foster children: ""den mother"" Mary Bromfield , shy Pedro Peña , obsessive gamer Eugene Choi , energetic Darla Dudley , and superhero enthusiast Freddy Freeman . Elsewhere, an embittered Sivana succeeds in his lifelong quest to return to the Rock of Eternity. He becomes the Sins' vessel through a magical orb that replaces one of his eyes, allowing him to easily overpower the wizard. He promptly uses his newfound powers to kill his father, Sid, and Sivana Industries' board of directors. Billy defends Freddy from bullies at school and is pursued into a subway car, where he is transported to the Rock of Eternity. The dying wizard chooses him as his new champion; by saying ""Shazam,"" Billy transforms into an adult superhero. He then vanishes, leaving his magical staff behind. Freddy is taken into Billy's confidence and helps him explore his newfound powers, which include superhuman strength, near-invulnerability, superspeed, and electrokinesis. By saying ""Shazam"" again, he can return to his normal body. Freddy posts viral videos of the new superhero, and Billy starts skipping school to use his powers to busk for money and fame. He...","",""
"651970","Mother-Child","2019","In shades of gray, the calm, static shots show young female visitors to a public hospital in Argentina. This is the place where teenage girls have to make a decision about the new life growing inside them. A few of them have, at a very young age indeed, already had children. For others, the idea of a future as a mother is new and terrifying.  In many cases, though, having an abortion isn’t a decision to be taken for granted. Some of the girls have learned from childhood that getting pregnant is your own fault, and you have to accept the consequences. What they know about abortion comes from horror stories of clandestine practices in backstreet clinics.  The hospital gynecologists and other staff, who can be heard but not seen, ask the girls about their well-being, their relationship, their family ties, and how they see the future—with or without a child. In these intimate and non-judgmental conversations, the girls respond with powerful candor in their most vulnerable moments.  [PLOT] Plot Multinational Kaslan Corporation has just launched Buddi , a revolutionary line of high-tech dolls designed to be lifelong companions to their owners, learning from their surroundings, and acting accordingly via artificial intelligence . It quickly becomes a worldwide success. At a Kaslan assembly factory in Vietnam , an overworked employee is fired and verbally abused by his supervisor. In retaliation, he sabotages a Buddi doll by disabling all of its safety protocols before committing suicide. In Chicago , widowed retail clerk Karen Barclay and her twelve-year-old hearing-impaired son Andy have moved into a new apartment after the death of her husband. In an attempt to cheer Andy up about the relocation and the presence of her new boyfriend Shane, Karen blackmails her boss to procure a defective Buddi doll; it is revealed to be the tampered one. Once activated, the doll names himself "" Chucky "" and becomes attached to Andy. Chucky helps him befriend two other children, Falyn and Pugg, but also begins to display violent tendencies. Chucky kills the Barclays' pet cat after it scratches Andy and then terrorizes Shane, which leads him to rudely confront Andy. Misunderstanding Andy's pleas for Shane to disappear, Chucky follows him to his home, where it is revealed that Shane is married with children. Chucky breaks Shane's legs and activates a cultivator that scalps and kills him. He delivers Shane's skinned face as a gift to a horrified Andy. As police detective Mike Norris begins an investigation, Andy, Falyn, and Pugg disable Chucky and throw him into the garbage. Voyeur electrician Gabe finds and fixes the doll, who then kills him with a table saw . Meanwhile, Andy fails to convince Karen that the doll has become murderous. She takes him along to her job at the local shopping mall to keep an eye on him. When Chucky kills Norris' mother Doreen in a controlled car crash, Norris suspects that Andy is responsible for the murders and arrests him just as Chucky takes full control of the mall. Chaos is unleashed as employees and customers are brutally killed by rampaging Buddi dolls that Chucky has activated. Norris is wounded amid the massacre while Andy and his friends escape. However, Andy is forced to return when Chucky reveals that he is holding Karen hostage in the mall's storage. Andy saves his mother before Norris shoots Chucky down and Karen beheads him, both realizing Andy was telling the truth. As the police and paramedics tend to Karen, Norris,...","",""
"652828","Foreigner","2018","Mark is a young Englishman who has just arrived on the coast of Cádiz, to visit his cousin Margaret, who has organized a barbecue with her friends. After lunch, Amaro invites Mark for a ride on his boat to see the coast from the sea. Mark, without thinking, lets himself be carried away; without knowing his life is about to change forever.  [PLOT] Plot Joseph, a retired detective CPO with sharp investigating skills, lives a lonely life, and is separated from his wife Stella, who is now married to another person named Peter. One day, Joseph is called by SP Venugopal to investigate a crime scene involving the murder of an old couple. He reaches the crime scene and begins his investigation. Upon questioning the people present at the crime scene, it is revealed that a person named Manu was the first to witness the incident when he came to supply milk to their house and was also the one who informed the police. After questioning the members present at the crime scene, Joseph deduces that Manu is the culprit and arrests him using his skills and experience . Few days later, Joseph learns that Stella, his ex-wife met with an accident and rushes to the hospital to enquire about her condition. His friends find out that Joseph still has love for Stella and then enquires about the reason for separation. Joseph reveals that few years after he married Stella, he went to investigate a crime scene, while examining the corpse, he was shocked to find out that the corpse was of his ex-girlfriend Lisamma, and her death really haunted him to the extent that he was afraid to even touch Stella and did not reveal this fact to Stella, which rendered him alcoholic and caused the separation. But later, he reveals everything to Stella, which she accepts but says it's too late for their relationship. Later, Stella is declared brain dead and is requested for the donation of her organs by the doctor which is signed by Peter, her current husband. Joseph recalls a similar incident when his daughter died a year earlier, due to an accident, and was asked consent for organ donation which him and Stella signed together. Joseph and his friends reach the spot where Stella met with the accident, and receives the car number from the tea shop owner, who also describe the incident as seen by him. Joseph guesses that the car number would be a fake, which proved to be true. Joseph finds out that when Stella fell, her forearm would have received maximum injury and would be less chances for a head injury to happen. Joseph tracks all the second hand used cars of the car model recognized by the eyewitness and traces its ID . He also made sure that an eyewitness is present in order to make the case a-hit-and-run rather than a murder. Joseph tells his friends that a crime happens within 48 hours after a new SIM card is taken by the lady who...","",""
"652837","Josee, the Tiger and the Fish","2020","With dreams of diving abroad, Tsuneo gets a job assisting Josee, an artist whose imagination takes her far beyond her wheelchair. But when the tide turns against them, they push each other to places they never thought possible, and inspire a love fit for a storybook.  [PLOT] Plot Tsuneo Suzukawa, a university student and part time store employee in Osaka , rescues the disabled Josee, when she accidentally pushes her wheelchair down a steep road. Tsuneo is invited in by Josee's grandmother, Chizu, spending the night at the house and becoming Josee's caretaker. At first, Josee acts selfishly, but eventually their relationship grows. Tsuneo and Josee spend time at the beach together. Later, Josee is hired at the library by one of her friends, Kana Kishimoto. Tsuneo receives the scholarship and an offer to study in Mexico , but does not tell Josee about the future. After Chizu dies of a heart attack , Josee holds out alone, but is informed by two men that she will leave the house for a few months. One of the co-workers, Mai Ninomiya, tells Josee to ""redeem herself and set Tsuneo free"". Josee becomes an office worker, instead of being an artist. After having an argument at the beach, Josee gets her wheelchair stuck in the road. Tsuneo gets hit by a car, suffers a bone fracture on his right leg, and stays at the hospital for two months. When the professor informs Tsuneo that another student will replace him for school and travel, he gives up his dream and leaves Josee some time alone. However, Mai visits Josee, and tells her that she deserves Tsuneo more because she knows him better, in an attempt to convince Josee to help Tsuneo. As Tsuneo goes through rehabilitation , Josee resumes her role as an artist. One of Tsuneo's friends, Hayato Matsūra, escorts him from the hospital to the library, where Josee reads a story to the children: a book she has drawn called ""The Mermaid and the Radiant Wings"", an allegory for their relationship. Tsuneo, becoming impressed with the story, is encouraged into physical therapy, working relentlessly and walking again. He asks her to be there before being discharged, but she tells him that she will be happy for him. The discharged Tsuneo leaves the hospital and returns to the empty house, only to find Josee gone. While his friends search for Josee around the city, Tsuneo sees and follows the wheelchair tracks in the snow from the zoo (where Josee sees the tiger). When a careless stranger knocks the wheelchair into a snowy road, Josee finds herself tumbling but Tsuneo saves her once again, the same way they first met. Holding each other, they confess their feelings and share the future: Josee tells Tsuneo that she wants to be a storybook illustrator, and he tells her that he is staying with her. Josee...","",""
"653346","Kingdom of the Planet of the Apes","2024","Several generations following Caesar's reign, apes – now the dominant species – live harmoniously while humans have been reduced to living in the shadows. As a new tyrannical ape leader builds his empire, one young ape undertakes a harrowing journey that will cause him to question all he's known about the past and to make choices that will define a future for apes and humans alike.  [PLOT] Plot Generations after Caesar 's death, [ a ] apes have become the dominant species on Earth, while surviving humans have become feral. Noa, a young chimpanzee from a falconry-practicing clan, prepares for a coming-of-age ceremony by collecting eagle eggs with his friends, Anaya and Soona. A human scavenger follows Noa home and inadvertently cracks his egg during a scuffle, before fleeing. While searching for a replacement egg, Noa encounters ape raiders with electric staffs. While Noa hides from them, the apes follow his horse back to his clan. Noa hurries home to find his village burning; the gorilla general Sylva kills Noa's father, Koro, before dropping Noa from a high platform. Noa awakens to find that his clan has been abducted. He buries Koro and sets out to rescue his clan. Noa is joined by Raka, an orangutan, who tells Noa about Caesar. The apes notice the human scavenger is following them and Raka offers her food and a blanket, naming her Nova. When the trio encounters feral humans with zebras, Sylva's raiders attack them. Noa and Raka rescue Nova, who to their surprise, is intelligent and can speak. She reveals that her name is Mae and that the raiders took Noa's clan to a beachfront settlement outside an old human vault. As they cross a bridge, they are ambushed by Sylva. In the ensuing fight, Raka saves Mae from drowning, but is swept away by the rapids. Noa and Mae are captured and taken to the apes' settlement. Noa reunites with his clan and is introduced to the apes' king, Proximus Caesar. Proximus has enslaved other clans, forcing them to work on opening the vault so that he can access the human technology locked inside. Proximus invites Noa to dinner with Mae and Trevathan, another speaking human, who teaches Proximus about human history. Proximus believes that Noa's intuitiveness could help open the vault and warns him that Mae only has her own agenda. Noa confronts Mae, demanding the truth in exchange for help. Mae discloses knowledge of a hidden entrance to the vault and seeks a book capable of restoring speech to humans. Noa agrees to help her enter and destroy the vault. Noa, Mae, Soona and Anaya secretly plant explosives around the sea walls that protect the settlement. Trevathan catches them and intends to warn Proximus, but Mae strangles him to death. The group enters the vault, finding weapons and Mae's ""book"", which is actually a satellite decryption key. The apes discover picture books depicting humans as the once-dominant...","",""
"654974","Home Sweet Home Alone","2021","After being left at home by himself for the holidays, 10-year-old Max Mercer must work to defend his home from a married couple who tries to steal back a valuable heirloom.  [PLOT] Plot Jeff and Pam McKenzie are trying to sell their house, but have not told their children, Abby and Chris. Jeff has lost his job and Pam's salary is not enough to keep their home. To make matters worse, Jeff's obnoxious and successful brother Hunter, his wife, Mei, and their son Ollie have decided to stay with them for Christmas. During an open house, Max Mercer and his mother Carol stop by to use the restroom. Max has a brief exchange with Jeff, during which the latter reveals a box of old dolls, including a malformed one with an upside down face. Carol explains to Jeff that dolls with unusual deformities are rare and worth a lot of money. As Max and Carol return home, the whole family is preparing to leave for Tokyo , Japan, for the holidays, with Carol leaving earlier than the rest. Max, annoyed with the fuss, settles in the garage-parked car to watch cartoons and accidentally falls asleep. Unfortunately, Max's family do not realize that their son was sleeping in the car parked in the garage and left him at home, thinking he was in another vehicle with one of the rest of the members. Concerned about losing their home, Jeff goes to get the doll only to find it is missing. Believing that Max stole it, he locates the Mercer household the next day only to find the whole family hastily leaving. During the commotion, he overhears the security code and sees where the house key is hidden. Telling Pam about it, they agree to get the doll back at night. Meanwhile, Max discovers the whole family has left and initially has fun, though he quickly grows bored and misses them. Meanwhile, Jeff and Pam arrive at the Mercer's and get inside. Overhearing them talk about getting an ""ugly little boy"", Max assumes they are talking about kidnapping and selling him. He attempts to scare them away by calling the police. Officer Buzz McCallister arrives, but Pam diverts him. Max fears if Buzz realizes he is home alone, his parents may get arrested. Carol discovers Max was left behind and buys a ticket to head back. The McKenzies go to church the next day and run into their realtor. He tells them there is a buyer, but they must decide by the end of the year, which puts extensive pressure on them. Max arrives and unknowingly converses with Jeff and Pam's son Chris who sympathetically gives him his water gun. The couple spot Max talking with someone and assume she is his grandmother. They resolve to break into the house once again while their family is still at church. Sneaking...","",""
"657654","Senior Couple and Exchange Sex","2019","Local college couple Won-young and Jun-seok have a long time to graduate, but the two who Jun-seok already got a job and had nothing to do until graduation graduated from vacation and lived in Tokyo. Let's go to the house of a close senior couple, Ari and Sungho.  One day before they came, Ari and Seong-ho fought out loud. I greet you welcomingly, but I feel a cold atmosphere for some reason. Seong-ho tells Jun-suk about the couple's fight the other day, and after having sex that night, Jor explains to the young couple the situation of Seong-ho's husband and procrastinates to do it next time. In the end, Won-young can't tolerate her sexual desires and goes to Seong-ho to tempt her. What will happen to the love of the two couples?  [PLOT] Plot Returning home early from a business trip, real estate attorney Mitch Martin walks in on his girlfriend Heidi hosting an orgy and breaks up with her. At his friend Frank's wedding, Mitch makes an awkward impression on his high school crush, Nicole, and soon moves into a house near Harrison University campus in Upstate New York . Mitch's friend Bernard throws a hugely successful housewarming party dubbed Mitch-a-Palooza. A drunken Frank is seen streaking by his wife Marissa and her friends, straining their new marriage, while Mitch wakes up in bed with Darcie, a teenage girl he later learns is his boss's daughter and a high school senior. Kicked out by Marissa after a disastrous couple's therapy session, Frank moves in with Mitch. The friends are visited by an acquaintance and former college classmate they used to ridicule: Gordon Pritchard, now the college dean, who has had the house rezoned exclusively for campus housing. Exploiting a university loophole, Bernard turns the house into a fraternity open to anyone, and the friends carry out hazing events throughout campus, much to Pritchard's displeasure. Mitch walks in on Nicole's boyfriend, Mark, kissing a woman at a birthday party for one of Bernard's children. Elderly World War II -veteran fraternity brother Blue dies of a heart attack during a "" KY lube wrestling"" match with two college girls at his birthday celebration, and at the funeral, Marissa asks Frank for a divorce. Pritchard bribes student council president Megan Huang, promising to get her into Columbia Law School in exchange for revoking the fraternity's charter. Nicole confronts Mitch after Mark lies that he caught Mitch with the woman at the party instead, and a chance run-in with Darcie complicates Mitch's attempt to explain. Pritchard has the fraternity evicted, placing the students in the now unsanctioned fraternity at risk of expulsion. Mitch determines they can bypass Pritchard's ruling if all members complete various assessments to prove their legitimacy. Frank defeats James Carville in a debate session, and the fraternity cheats their way through an exam with the help of Mitch's co-workers. In the school spirit evaluation, the fraternity loses points when Frank, dressed as the school mascot, unsuccessfully jumps through a ring of fire. Megan confronts Pritchard for reneging their deal, and the fraternity faces their final athletics challenge. A badly burned Frank gives an intense rhythmic gymnastics performance, Bernard manages...","",""
"658436","Fate/kaleid liner Prisma☆Illya: Prisma☆Phantasm","2019","From a surreal talk show where a berserker hostess puts her hapless assassin brother co-host through an increasingly grueling wringer, to spicy ramen endurance tests, magical girls gone wild and wholesale gender-swapping for no apparent reason, you've never seen anything like Fate/kaleid liner Prisma☆Illya: Prisma☆Phantasm.","",""
"659555","Eroski/Paraíso","2019","Álex, a young filmmaker, wants to shoot a documentary about her parents, Antonio and Eva, who met at the Paraíso club in 1989, a place that is now a supermarket","",""
"661231","Operation Mincemeat","2022","In 1943, two British intelligence officers concoct Operation Mincemeat, wherein their plan to drop a corpse with false papers off the coast of Spain would fool Nazi spies into believing the Allied forces were planning to attack by way of Greece rather than Sicily.  [PLOT] Plot Lieutenant Commander Ewen Montagu , a Jewish barrister , remains in England during World War II while his wife Iris and their children travel to safety in the United States . Montagu is appointed to the Twenty Committee and takes his secretary, Hester Leggett , with him. Prime Minister Winston Churchill has promised the US that the Allies will invade Sicily by July of that year. Admiral John Godfrey suggests that Britain deceive Nazi Germany into believing the Allies will invade Greece to prevent a heavy Wehrmacht presence on Sicily. Charles Cholmondeley proposes an operation from the Trout Memo , which would entail planting false documents on a corpse where German intelligence could find them. Montagu and Cholmondeley plan the operation with Lieutenant Commander Ian Fleming . The body of a vagrant named Glyndwr Michael, who died by possible suicidal poisoning , is obtained and given the false identity of Major William Martin , Royal Marines , with identification papers revealing a detailed backstory. A widowed secretary in the office, Jean Leslie, offers a photo of herself to serve as Martin's fake fiancée, ""Pam"". Theatre tickets, personal bills and a love letter from ""Pam"" written by Hester are added for verisimilitude. Cholmondeley has a crush on Jean, but soon realises that Montagu and Jean share romantic feelings. This causes Cholmondeley to grow jealous and occasionally lash out at Montagu. Complications ensue when Michael's sister arrives to claim his body, but she is turned away. Godfrey suspects that Montagu's brother, Ivor , is a spy for the USSR . Godfrey incentivises Cholmondeley to spy on Montagu and, in return, Godfrey will locate and return the remains of Cholmondeley's brother, who was killed in action in Chittagong , Bengal . Cholmondeley reluctantly agrees. Specialist MI5 driver St John ""Jock"" Horsfall transports Montagu, Cholmondeley and the corpse to the submarine base at Holy Loch where it is loaded onto HMS Seraph . The submarine drops the corpse into the ocean in the Gulf of Cádiz and it is located by fishermen in Huelva , Spain . The mission is hampered by bad luck, as the Spanish have resisted Nazi influence more than expected. Captain David Ainsworth, the British naval attaché in Madrid , meets with Colonel Cerruti of the Spanish secret police in one last attempt to get the papers to the Germans. When Martin's personal items are returned to London, a specialist determines the documents have been tampered with, giving the...","",""
"661374","Glass Onion: A Knives Out Mystery","2022","World-famous detective Benoit Blanc heads to Greece to peel back the layers of a mystery surrounding a tech billionaire and his eclectic crew of friends.  [PLOT] Plot Leonardo da Vinci 's early 16th century painting, Mona Lisa , is featured as a major plot point in the film. During the COVID-19 pandemic in May 2020, Miles Bron, the co-founder of technology company Alpha, hosts a murder mystery game at the Glass Onion, his mansion on a private island in Greece . He sends invitations via intricate puzzle boxes to his friend group, the ""Disruptors"": Alpha head scientist Lionel Toussaint, Connecticut governor Claire Debella, controversial model-turned-fashion designer Birdie Jay, men's rights streamer Duke Cody, and ousted Alpha co-founder Cassandra ""Andi"" Brand, who is estranged from the rest. The Disruptors travel to Miles's island, along with Birdie's assistant Peg and Duke's girlfriend Whiskey. Famous detective Benoit Blanc joins them, claiming Miles invited him; however, upon arrival Miles privately tells Blanc that another guest probably invited him as a joke, and lets him stay. Before dinner, Miles shows off his glass sculpture collection and the Mona Lisa , which he has on loan from the Louvre . Miles also reveals that the mansion is powered by ""Klear"", a hydrogen-based alternative fuel that Alpha will soon sell despite Lionel and Claire's knowledge that it is dangerously volatile. Blanc solves Miles's murder mystery game immediately and privately warns Miles that the Disruptors all have motives to kill him. After an argument with the rest of the group, Andi storms off. Duke suddenly dies after drinking from Miles's glass and the panicked group suspects that Andi attempted to poison Miles. Lionel calls the police but they are unable to arrive until morning. After the group discovers Duke's pistol is missing, a power outage occurs, prompting the group to scatter. Blanc finds Andi, whom he addresses as Helen, but an unseen assailant shoots her. Blanc gathers the group away from the body and announces that he has solved Andi's murder. An extended flashback shows that Andi had actually died a week earlier, apparently by suicide, and her twin sister Helen hired Blanc to investigate. Andi had halted Alpha's development of Klear because of safety concerns, so Miles fired her. Andi sued Miles, but lost after the other Disruptors perjured themselves by testifying that Miles and not Andi had single-handedly sketched out the original plan for Alpha on a napkin. Shortly before her death, Andi had emailed the group a photo showing that she had found the original napkin. Helen suspected that one of the Disruptors killed...","",""
"661539","A Complete Unknown","2024","New York, early 1960s. Against the backdrop of a vibrant music scene and tumultuous cultural upheaval, an enigmatic 19-year-old from Minnesota arrives in the West Village with his guitar and revolutionary talent, destined to change the course of American music.  [PLOT] Plot A young girl named Ellen prays for a companion to ease her loneliness. She inadvertently contacts a powerful being known as the Nosferatu , forging a psychic link between them. In 1838, Ellen has married Thomas Hutter , and they live in Wisburg, Germany . Thomas is sent to Transylvania by his employer, Herr Knock, to sell the decrepit Grünewald Manor to the reclusive Count Orlok . He leaves Ellen with his friend Friedrich Harding and his pregnant wife Anna, who have two daughters. Unbeknownst to Thomas, Knock is actually in league with Orlok. Arriving at a Transylvania hamlet , Thomas is shunned by the locals when he mentions Castle Orlok. That night, he witnesses a group of Roma exhuming and staking an alleged vampire's corpse, which gushes blood. He wakes up to the hamlet deserted and his horse gone. He continues on foot until a mysterious carriage takes him to Orlok's castle. Distracted by Orlok's appearance during dinner, Thomas cuts his hand, which agitates the Count. He wakes up on the floor of the dining room the next morning. Orlok completes the home sale and takes Thomas' locket, containing a lock of Ellen's hair. Thomas discovers bite marks on his chest and becomes increasingly ill and fearful. While attempting to escape the castle, he ends up in a crypt where he finds the Count asleep in a coffin, naked and decayed. When Orlok awakens and gives pursuit, Thomas falls into a river and is rescued by Eastern Orthodox nuns . They explain that Orlok became a vampire after making a pact with the Devil . Orlok sets sail for Wisburg inside his coffin on a ship with plague -carrying rats. Meanwhile, Ellen, under Orlok's influence, begins suffering from seizures and sleepwalking. Her doctor, Wilhelm Sievers, consults with his former mentor, Albin Eberhart von Franz, a Swiss scientist ostracized for his occult beliefs. Von Franz confirms that Ellen is under Nosferatu's demonic influence. Knock is institutionalized after killing and eating sheep raw. Von Franz reveals that sunlight will kill Nosferatu. Thomas returns to Wisburg as Orlok's plague ravages the populace. Knock escapes and escorts Orlok to Grünewald Manor. Orlok appears to Ellen in her nightmares and tells her that Thomas ""sold"" her to him for his commission of the home sale (he could not read the documents as they were in Orlok's language). He demands that she submit to him in three days or he will kill Thomas. She awakes to find Anna being attacked by plague-infested rats. Ellen berates...","",""
"662231","Hacked","2020","A young woman finds her life turned upside down when she rejects the advances of a teenage hacker.  [PLOT] Plot Sameera ""Sam"" Khanna, an employee at a magazine company, lives next to Vivek Tiwari, a 19-year-old hacker who has a crush on her. Sam has a tenuous relationship with her boyfriend, actor Om Kapoor, who is inconsistent in his affections. At her birthday party, Om's absence upsets Sam. Vivek comforts her, leading to a brief romantic encounter. The following morning, Sam regrets the incident, but complications arise when Vivek begins interfering in her personal and professional life. Vivek hacks Sam's laptop, leaking sensitive company files to retaliate against her boss, leading to Sam's dismissal. His escalating actions include publicizing intimate images of Sam and Om, causing Om to deny their relationship and leaving Sam devastated. Sam lodges a police complaint against Vivek after a series of confrontations, but Vivek manipulates his way out of custody and continues to harass Sam by hacking her social media. Through her neighbor Rohan and Vivek's maid, Riya, Sam learns of Vivek's history of manipulative and abusive behavior, including actions that led to a classmate's suicide. When Vivek's grandmother threatens to expose his lies, he kills her. In the climax, Sam devises a plan to kill Vivek, erasing all evidence linking her to the crime. The case is closed without resolution, and Sam is shown leaving with Rohan, hinting at a new beginning.","",""
"662702","Mother's Seduction 2","2020","Jeong-hee goes to her parents' home to take care of her sick mother. And then, a young lady, Se-hee, came to Jeong-hee's house to work as a household helper for a while. Yoon-soo, Jeong-hee's son, fell in love at first sight, and her husband, Seok-jin fell asleep from Se-hee's massage. Meanwhile, Jeong-hee who came to her parents' house, met Hyeok-jin who used to like her, and says she will be leaving her home for a while…","",""
"662708","Pokémon the Movie: Secrets of the Jungle","2020","In the Forest of Okoya, Koko is a feral child who has been raised as a Pokémon by the Mythical Pokémon Zarude. Koko has grown up never doubting that he is a Pokémon even though he can't really use any sort of moves. Ash Ketchum and Pikachu meet Koko and help him protect the Great Tree from the crooked scientist Dr. Zed.  [PLOT] Plot In the Forest of Okoya, the Mythical Pokémon Zarude finds an infant boy in a cradle washed up on a riverbank. Unable to leave the child on his own, Zarude adopts him as a son, naming him ""Koko"". Zarude leaves his tribe, which inhabits a Great Tree deep in the jungle where humans are forbidden to venture, to raise Koko who grows up as a feral child . Ten years later, Ash Ketchum and Pikachu visit the Forest of Okoya from nearby Milyfa Town. While attempting to capture a wild Cramorant , Ash and Pikachu encounter a research team from the Biotope Company, a scientific organization studying the jungle. Team Rocket , covertly following them, look up information on the Biotope Company and its leader Dr. Zed, and decide to infiltrate the group. Later, Ash sees Koko go over a waterfall, after he got knocked out from a pipe while swinging on a vine, and retrieves him from the water, bringing him to Milyfa Town's Pokémon Center for treatment. When Koko awakens, he panics and escapes the building, having never seen other humans before. Discovering that Koko believes himself to be a Pokémon, Ash and Pikachu spend time with him in the town, helping him to learn about humans for the first time. Ash, Pikachu and Koko later encounter Zarude, who is forced to admit the truth about Koko's heritage. Zarude brings them to an abandoned laboratory he found shortly after adopting Koko, where he shows them a photograph he found of an infant Koko with his human parents. Zarude then leaves, returning to the Great Tree alone. Discovering a wallet from Biotope Company, Ash brings Koko to their headquarters, where they meet with Dr. Zed. He reveals that Koko's parents, Chrom and Phossa Molybdenum, were scientists who led the organization in researching the healing springs, and that Koko's real name is Al Molybdenum. However, Chrom and Phossa were killed in a car accident ten years ago, which was presumed to have killed Al as well. Zed scans Koko's pendant and discovers partially corrupted data on it that reveals an image of the Great Tree. Distraught over the news of his parents' fate, Koko flees to the Great Tree as well. As soon as he reaches the Great Tree, Koko discovers a tracking chip planted on him by Zed. Zed arrives with his research team, which Team Rocket have infiltrated, along with a giant tank. Koko and Ash try to stop Zed, but he restrains them and throws them into the back of one of his trucks. He then fires missiles at the Great Tree, creating holes from which...","",""
"663121","My Personal Trainer","2019","YouTuber Jin-ho starts going to the gym to collect subscribers. But somehow he's more interested in the good-looking trainer Seok-hoon than in his shape. Looking at Seok-hoon, who is exceptionally friendly, Jin-ho is sure that Seok-hoon is also in love with him. Then, Seok-hoon and Jin-ho met in the shower: ""Are you free today?""  [PLOT] Plot In 1924 Peking, a young boy by the name of Douzi is abandoned by his prostitute mother to a Peking opera troupe supervised by Master Guan, who like many other opera troupe leaders, would take in orphaned children as apprentices. There, Douzi is mocked by the other children for his mother's origin, but nonetheless is befriended by another boy about his age, Shitou, a boy with a talent for breaking stones with his head. As teenagers, Douzi trains to play dan (female heroine roles), while Shitou learns jing (male hero roles). When practicing the play Dreaming of the World Outside the Nunnery , Douzi repeatedly misspeaks the line ""I am by nature a girl, not a boy"" as ""I am by nature a boy, not a girl,"" for which he receives severe physical punishment. Douzi and another student, Laizi, attempt to run away; Laizi buys candied hawthorns using Douzi's few coins, but Douzi decides to pursue acting seriously after being moved by an opera performance. Upon returning, they find the whole troupe being punished for their desertion, and Douzi steps in and is beaten in Shitou's place. As a result, Laizi eats the hawthorns and later hangs himself. Na Kun, an agent who provides funding for opera plays, comes to the troupe to seek potential actors. When Douzi repeats the same mistake in front of the agent, Shitou commands him to start over. Douzi finally delivers the entire monologue successfully and secures Na Kun's patronage. The troupe is invited to perform for eunuch Zhang. Shitou and Douzi are brought to Zhang's house where they find a finely crafted sword, which Shitou promises to one day gift to Douzi, as the hero would do for his concubine. Zhang asks to meet Douzi in his room and sexually assaults him. Shitou implicitly knows what happened, although Douzi does not speak of the assault. On their way home, Douzi rescues an abandoned baby, who later comes under Master Guan's training. Years later, Douzi and Shitou have become Peking opera stars, taking the names Cheng Dieyi and Duan Xiaolou, respectively. Their signature performance is the play Farewell My Concubine , where Cheng Dieyi plays Consort Yu and Duan Xiaolou plays Xiang Yu ; before every play, Dieyi would finish the stage makeup for Xiaolou as a small act of love. Their fame attracts the attention of the high-ranking Yuan Shiqing when he attends their performances. Yuan has come to possess the sword from Zhang's house, which he gives to Dieyi as a gift. Though pursued by Yuan, Dieyi is secretly in love...","",""
"663712","Terrifier 2","2022","A year after the Miles County massacre, Art the Clown is resurrected by a sinister entity. Art returns home, where he must hunt down and destroy teenage Sienna and her younger brother Jonathan on Halloween. As the body count rises, the siblings fight to stay alive while uncovering the true nature of Art's evil intent.  [PLOT] Plot In a morgue, Art the Clown resurrects and brutally murders the coroner examining his body [ a ] before going to the laundromat to clean his blood-soaked suit where he encounters the Little Pale Girl—a mysterious entity in similar clown attire. One year later, teenager Sienna Shaw is preparing her Halloween costume: a Valkyrie character designed by her recently deceased father. Her younger brother Jonathan has become fixated with Art since discovering art of him in their father's sketchbook. That night, Sienna has a nightmare about a commercial for ""The Clown Cafe"" in which Art appears. He kills various Clown Cafe patrons as Sienna pulls a sword from a box of cereal. She wakes from the dream and finds her dresser on fire, but the sword resting on it is unscathed. Later that day, Jonathan sees Art and the Little Pale Girl at school playing with a dead opossum and is blamed when his principal discovers the carcass. Sienna goes to a costume shop where Art antagonizes her. Art kills the shop clerk when she leaves and arrives at Allie's home pretending to trick or treat. He later breaks into her house and brutally maims her before killing her mother. Jonathan shows Sienna their father's sketchbook, filled with sketches of Art and newspaper clippings of 10 year old Emily Crane who was murdered. He believes their father knew how to stop Art, saying that he gifted her the sword for that purpose but their mother Barbara scolds Johnathan for his fixation on Art. Sienna departs for a Halloween party while Jonathan runs away after Barbara slaps him. Barbara is then shot and killed by Art and when Jonathan returns home, Art kidnaps him and steals Sienna's sword. At the party, Brooke spikes Sienna's drink and has a panic attack after seeing the Little Pale Girl in the crowd. Brooke's boyfriend Jeff drives them home when Sienna gets a phone call from The Little Pale Girl mimicing Jonathan's voice. Leading them to an abandoned carnival. while Sienna looks for Jonathan alone, Art castrates and murders Jeff and chases Brooke into a haunted house named Terrifier where she murders her and beats Sienna unconscious. Sienna awakens to find Art attacking Jonathan. Sienna and Art fight and when Jonathan shoots Art, Sienna passes out and Art kidnaps Jonathan. He stabs Sienna with her father's sword and throws her into a portal to Hell where she encounters the ""Clown Cafe"" again. Sienna dies but is resurrected by the sword. She decapitates Art while he is biting into Jonathan's...","",""
"664035","Love Sarah","2020","A young woman wishes to fulfill her mother's dream of opening her own bakery in Notting Hill, London. To do this, she enlists the help of an old friend and her grandma.  [PLOT] Plot On November 9, in Palm Springs , Nyles wakes up and fails to consummate sex with his girlfriend Misty. That evening, Nyles attends a wedding reception for Tala and Abe. There, he bonds with the maid of honor, Tala's depressed half-sister Sarah. Nyles and Sarah leave the party to have sex in the nearby desert. As he undresses, Nyles is hit by an arrow shot by an assailant, then he crawls into a cave, warning Sarah not to follow him. Concerned for Nyles, she follows him and is sucked into a vortex. Sarah wakes up and realizes that it is November 9 again. She confronts Nyles, and he explains that by following him into the cave, Sarah has become stuck in a time loop with him; falling asleep or dying resets the loop, repeating November 9. Nyles reveals that the man who shot him, Roy, is from the wedding and that Nyles inadvertently trapped him in the time loop. For revenge, Roy sometimes hunts down Nyles, as he enjoys putting him through pain even though his ""deaths"" are only temporary. Sarah tries various methods to escape the loop, but is unsuccessful. Nyles, having already been in the loop for a long time, has become complacent and carefree, abandoning hope of escape. Sarah resigns herself to her fate and adopts Nyles' carefree and reckless lifestyle. Nyles and Sarah become close. They begin to look forward to their days together, where they are free to do anything without consequence. One night, Nyles and Sarah camp out in the desert, get high, and have sex. The day after, Sarah sleeps in and is woken up by Abe, with whom she had sex on November 8, the night before the wedding. Guilt-ridden, Sarah refuses to talk to Nyles about their previous night, expressing nihilism about their life in the loop. After being pulled over by Roy disguised as a cop, Sarah runs him over. She and Nyles argue, leading him to admit that he had sex with Sarah many times in the loop, something he previously lied about. An angry Sarah starts avoiding Nyles. Nyles feels lost without Sarah and spends days aimlessly moping, discovering Abe and Sarah's affair in the process. One day, Nyles visits Roy at his home in Irvine . Having now experienced a painful injury at the hands of Sarah, Roy realizes what he has put Nyles through, and they reconcile. Meanwhile, Sarah spends her days studying to become an expert in quantum physics and general relativity . After some experimentation, she believes that exploding oneself in the cave will break the time loop. Sarah offers Nyles a chance...","",""
"664280","David Attenborough: A Life on Our Planet","2020","The story of life on our planet by the man who has seen more of the natural world than any other. In more than 90 years, Attenborough has visited every continent on the globe, exploring the wild places of our planet and documenting the living world in all its variety and wonder. Addressing the biggest challenges facing life on our planet, the film offers a powerful message of hope for future generations.  [PLOT] Synopsis From Pripyat , a deserted area after the nuclear disaster , Attenborough gives an overview of his life. Interspersed with footage of his career and of a wide variety of ecosystems, he narrates key moments in his career and indicators of how the planet has changed since he was born in 1926. As a child, Attenborough enjoyed studying fossils. His documentary career began in the 1950s when he began working for the BBC , a British public service broadcaster. He visited places such as the African Serengeti , in which native animals require vast areas of land to maintain grazing patterns. Over time, he noticed a decline in wildlife when searching for fish or orangutans in Borneo or other animals which he was looking for as part of his documentaries. Areas of the Arctic or Antarctic were different to what the filming crew expected due to ice caps melting. The causes are anthropogenic climate change and biodiversity loss pushing the planet towards a sixth mass extinction event over a period of centuries rather than the hundreds of millennia that built up to previous mass extinctions . Attenborough describes the film as his "" witness statement "" and gives an impression of what could happen to the planet over the course of a lifetime beginning in 2020 and lasting as long as his own, were human activity to continue unchanged. The Amazon rainforest could degrade into a savanna ; the Arctic could lose all ice during summer; coral reefs could die; soil overuse could cause food crises. These irreversible events would cause mass extinction and exacerbate climate change further. However, Attenborough describes actions which could prevent these effects and combat climate change and biodiversity loss . He asserts that the solution has been ""staring us in the face all along. To restore stability to our planet, we must restore its biodiversity . The very thing that we've removed."" He proposes re-wilding ; moreover, he says that bringing countries out of poverty , providing universal healthcare and improving girls' education would make the growing human population stabilise sooner and at a lower level. Renewable energy such as solar, wind, water and geothermal could sustainably power all human energy usage. Protecting a third of coastal areas from fishing could allow fish populations to thrive and the remaining area would be sufficient for human consumption. Humans changing their diet to eliminate or reduce meat in favour of plant-based foods could allow land to be...","",""
"664416","Beastie Boys Story","2020","Here's a little story they're about to tell... Mike Diamond and Adam Horovitz share the story of their band and 40 years of friendship in a live documentary experience directed by friend, collaborator, and their former grandfather, Spike Jonze.","",""
"665251","Altered Carbon: Resleeved","2020","On the planet Latimer, Takeshi Kovacs must protect a tattooist while investigating the death of a yakuza boss alongside a no-nonsense CTAC.","",""
"666277","Past Lives","2023","After decades apart, childhood friends Nora and Hae Sung are reunited in New York for one fateful weekend as they confront notions of destiny, love, and the choices that make a life.  [PLOT] Plot In Seoul , South Korea , in 1999, Na Young and Hae Sung are 12-year-old classmates who develop feelings for each other and go on a playdate set up by their parents. Shortly thereafter, Na Young's family immigrates to Canada and the two lose contact. Na Young changes her name to Nora. In 2011, Hae Sung has finished his military service and Nora has moved to New York City . While calling her mother, Nora discovers on Facebook that Hae Sung had posted that he was looking for Na Young, unaware of her name change. They reconnect through video calls but are unable to visit each other, as Nora is about to attend a writer's retreat in Montauk and Hae Sung is moving to China for a Mandarin language exchange. Eventually, Nora tells Hae Sung they should stop talking for a while, as she wants to focus on her writing and life in New York. At her retreat, Nora meets Arthur Zaturansky and they fall in love, at one point discussing the Buddhist -derived concept of inyeon ( 인연 , dependent origination ), how a relationship between two souls in the present life is influenced by interactions in thousands of past lives. Hae Sung also meets a woman, whom he begins to date. In 2023, Arthur and Nora are married and living in New York. Hae Sung, no longer with his girlfriend, travels to visit Nora. Arthur wonders if he is a roadblock in their love story, suggesting to Nora that, if another man with similar appeal had met her at the same time, Nora would have married him to secure a green card for U.S. residency. He also expresses anxiety about cultural barriers in their relationship, highlighting Nora's habit of sleep-talking in Korean: ""you dream in a language that I can't understand."" Nora reassures Arthur that she loves him. The next night, the three go out to a speakeasy. Initially, Nora translates between the two men, but eventually speaks with Hae Sung exclusively in Korean. He wonders what they were to each other in their past lives, and what would have happened if she had never left Korea and they had continued their relationship. When Nora goes to the bathroom, Hae Sung apologizes to Arthur for speaking alone with Nora, but Arthur says he is glad to have met him. They return to Arthur and Nora's apartment. Hae Sung invites them to visit him in Korea and calls an Uber . Nora waits with him, and the two exchange long looks at each other until the car arrives. Hae Sung says that perhaps they are, at that moment, experiencing a past life, and asks Nora what their...","",""
"666668","Kem Chho?","2020","Mayur is a married middle-class man and that becomes his biggest problem. Juggling between various expectations of friends, family, and society, Mayur is in search of a solution as we all are. But does such a solution really exist?","",""
"667520","A Whisker Away","2020","A peculiar girl transforms into a cat to catch her crush's attention. But before she realizes it, the line between human and animal starts to blur.","",""
"667538","Transformers: Rise of the Beasts","2023","When a new threat capable of destroying the entire planet emerges, Optimus Prime and the Autobots must team up with a powerful faction known as the Maximals. With the fate of humanity hanging in the balance, humans Noah and Elena will do whatever it takes to help the Transformers as they engage in the ultimate battle to save Earth.  [PLOT] Plot The planet-eating Transformer , Unicron , attacks the homeworld of the Maximals . Unicron sends his herald, Scourge , and the Terrorcons to obtain the Transwarp Key, which can open portals through time and space, allowing Unicron to consume planets faster. The Maximal leader Apelinq sacrifices himself to allow the other Maximals to escape the planet before Unicron devours it. The Maximals' new leader, Optimus Primal , escapes to Earth with the key. In 1994 Brooklyn , Noah Diaz, an ex- military electronics expert, struggles to find a job to support his ill brother Kris and is convinced by his friend Reek to steal a Porsche to sell, only to discover that it is the Autobot Mirage in disguise. Concurrently, museum intern Elena Wallace studies an ancient statue of a falcon bearing the Maximal symbol and accidentally breaks it open to reveal the key hidden inside. The key releases an energy pulse detected by Autobot leader Optimus Prime , who summons the other Autobots, including Arcee and Bumblebee . Mirage is contacted in the middle of Noah's attempted theft, and he is roped into the Autobots' mission to recover the key so they can use it to return to their homeworld, Cybertron. Drawn by the key's signature, the Terrorcons arrive on Earth and attack the Autobots outside the museum, with Elena caught up in the conflict. Scourge kills Bumblebee, steals the key, and the Terrorcons retreat when the Maximal Airazor arrives to repel them. Airazor reveals that the Maximals have been hiding on Earth, and Scourge only has half of the Transwarp Key, which was split in two to keep it safe. Prime insists that the key be reassembled so the Autobots can use it to return home, while Noah secretly plots to destroy the key to keep Earth safe. Elena deduces that the other half of the key is in a hidden temple in Peru . The cargo plane Autobot Stratosphere takes them to Peru, where they meet with Wheeljack , who leads them to the temple. However, the other half of the key is revealed to be no longer there. The Terrorcons attack again, and Scourge corrupts Airazor with Dark Energon. Subsequently, the Autobots meet Primal and the Maximals, who entrusted the second half of the key to a human tribe they have worked with for millennia. Scourge's corruption overtakes Airazor, whom Primal reluctantly kills at her request to save Elena. In the chaos, Noah attempts to destroy the second half of the key, but Prime convinces him otherwise. Scourge steals it and then reassembles the...","",""
"668391","Seeru","2020","A guy from a small-town takes on a ruthless criminal lawyer for his friend and sister(s).","",""
"668482","Roald Dahl's Matilda the Musical","2022","An extraordinary young girl discovers her superpower and summons the remarkable courage, against all odds, to help others change their stories, whilst also taking charge of her own destiny. Standing up for what's right, she's met with miraculous results.  [PLOT] Plot In a hospital, Mrs Wormwood gives birth to Matilda , who grows into a sweet child who loves reading, despite the neglect of her parents. The authorities discover that Matilda has not been properly schooled, and teacher Miss Jennifer Honey suggests Matilda be sent to Crunchem Hall. Angry about being fined for not sending his daughter to school, Mr Wormwood tells Crunchem Hall’s tyrannical headmistress, Miss Agatha Trunchbull , that Matilda is a horrible child. In retaliation, Matilda mixes green hair dye into his hair tonic. Arriving at school, Matilda and fellow new student Lavender are warned about the terrible way the students are treated. In Miss Honey's classroom, Matilda solves a complex mathematical equation on the board left there from a class for adults. An impressed Miss Honey asks Trunchbull to move Matilda to a class with older children, but Trunchbull refuses to let Matilda be an exception to the rules. At home, when Matilda criticises her father, he rips her library book apart; the next day, she retaliates by putting glue in his hat. The children explain Trunchbull's preferred method of punishment to be the Chokey, a spiked cupboard. During lunch, Trunchbull accuses Matilda of stealing a slice of her chocolate cake, but Bruce Bogtrotter accidentally reveals he is the culprit by belching. Trunchbull forces Bruce to eat the entire cake, saying he will be forgiven if he eats it all. Bruce succeeds, but Trunchbull goes against her word and takes him to Chokey anyways. Afterwards, Matilda's classmates sing about their hopes for the future. After school, Matilda tells a story to Mrs. Phelps about a pregnant acrobat and escapologist who are forced to perform a dangerous stunt by the acrobat's stepsister; she is horribly injured and dies after giving birth to a daughter. The escapologist doesn't blame the stepsister and asks her to help him raise his daughter, but she is cruel to the girl. When the escapologist discovers his daughter locked in the cellar, he comforts her before leaving to confront the stepsister, but never returns. The next day, Trunchbull forces the children through challenging exercises to crush their rebelliousness. Lavender slips her pet newt, Isaac, into Trunchbull's drinking water, causing her distress. Right before Trunchbull punishes another student, Matilda stands up to her and tells her to stop. This enrages Trunchbull and causes her to shout at Matilda, who then uses her newly-discovered telekinesis to hurl a cup at...","",""
"668801","Entre nosotras","2018","Estefanía, an 8 year old girl, refuses to accept the changes that her sister's illness causes in the family. Without understanding the disease, she thinks they have abandoned her.","",""
"669204","I Was a ""Secret Bitch""","2019","Hiromi is a 26-year-old single woman. She is popular with guys. Her hobby and specialty is getting men to like her using small talk and a shy persona. If a guy confesses his feelings for her, Hiromi leaves them. Hiromi's sharehouse mate Akira and her friend Aya blame Hiromi, calling her ""Kakure Bitch"" (a type of women who uses innocence to flirt with men). Hiromi does not care. One day, she takes an interest in Tsuyoshi, who works in the same office. She becomes to like him sincerely.","",""
"669502","Metropolitan Bowling","2019","[PLOT] Plot The film begins with Shelby ( Mischa Barton ) driving at night while crying and smoking a cigarette, which she drops. She then hits someone who was standing in the path of the car. Mike ( Matt Long ), Shelby's ex-boyfriend, and his new girlfriend, Elizabeth ( Jessica Stroup ), are preparing to go to Mt. Bliss, Mike's hometown, because the football team is retiring his jersey. Shelby has problems with the bank about the bowling alley she inherited from her mother and believes that she and Mike are still an item. After the football game Mike and Elizabeth decide to go to Shelby's bowling alley. When Shelby sees Mike, she kisses him, but Mike tells her that he has a new girlfriend. Shelby befriends Elizabeth and after a few tequila shots, a drunk Elizabeth says she is going to meet Mike's parents after. Shelby then tells her that Mike's parents are over-judgmental, making Elizabeth nervous. Wanting to give a good first impression to Mike's parents, Elizabeth decides to go to a motel and sleep her intoxication off, so gets driven to the nearest one from Mike's policeman cousin Billy. As she arrives at check-in, the man behind the counter tells her that there are not any rooms left because of the homecoming football games and the nearest motel is four miles away. Mike goes home to see his mother, who tells him that one of her friends said his new girlfriend got drunk at the alley. Mike tells her that since Elizabeth wanted to make a good impression, she decided to stay at a motel. Mike's mother questions him why Elizabeth would think that, implying that Shelby lied to Elizabeth. Elizabeth begins to walk up the road, looking for someone to drive her to the motel. While driving, Shelby is now crying and smoking a cigarette as seen at the beginning of the film. Elizabeth tries to flag the car down and becomes the person Shelby hits. After the crash, Shelby takes her home with her. At her house, Shelby cares for Elizabeth by using some medical supplies left over from when her mother was sick. The next morning Mike tries to call Elizabeth but her phone goes to voicemail. Elizabeth then wakes up in Shelby's house. Confused, she asks Shelby what happened. Fearing that she would go to jail for hitting Elizabeth, Shelby tells her that she found her in the road as a victim of a hit and run . Elizabeth suffered extensive bruising and a broken ankle. Shelby tells Elizabeth that she left a message on Mike's voicemail telling him where Elizabeth was, which is a lie....","",""
"669671","Night Teeth","2021","A college student moonlighting as a chauffeur picks up two mysterious women for a night of party-hopping across LA. But when he uncovers their bloodthirsty intentions—and their dangerous, shadowy underworld—he must fight to stay alive.  [PLOT] Plot The movie reveals that vampires have co-existed peacefully with humans for centuries, feeding only by consent. Benny, a freelance chauffeur driving in place of his brother Jay, is hired by friends Blaire and Zoe to drive them to several popular Los Angeles nightclubs . Unbeknownst to him, the girls are both vampires, and Jay is secretly part of the human council charged with maintaining the peace between vampires and humans. Victor, a wealthy vampire lord who has grown bored and discontented with his life, is planning to subvert the system by kidnapping Jay's girlfriend, breaking the truce with Boyle Heights . As Jay and his allies begin hunting down all of the vampires in Greater Los Angeles , Victor executes a plan to wipe out his fellow lords and seize power for himself while tasking Blaire and Zoe with creating as much chaos in the city as they can to distract the vampire hunters and peacekeepers. When Benny drops the girls off at a hotel, he discovers that the hotel is actually a feeding ground for vampires and realizes what Blaire and Zoe are using him for. The girls threaten his life, but spare him so they can get to Jay. During a visit to one of their targets, the girls are trapped by vampire hunters, but Benny decides to help them escape and lets them hide at his home. Benny then learns that Victor has his brother, who lost to the vampire in hand-to-hand combat while trying to slay him. Benny drops the girls off at the last location on their list and discovers that the home belongs to Victor. Blaire urges him to leave, but Benny refuses to abandon his brother. Inside the house, Benny finds several human prisoners being kept by the lord as "" blood bags "" for him to feed on, including Jay, but is captured by Victor while trying to free him. Victor and Zoe then threaten to kill him, leading Blaire to turn against Victor and Zoe, after realizing that she has feelings for Benny. In the struggle that follows, Zoe stabs Blaire and in retaliation, Benny remotely activates his brother's car, smashing a window and exposing sunlight which kills Zoe. Victor then attacks Benny using Jay as bait, and manages to bite Benny before Jay tackles him into sunlight, killing him. Benny soon transforms into a vampire and the brothers go their separate ways after Jay decides to start training as a professional vampire hunter and tells Benny that he expects him to fight by his side when the city plunges into chaos. Later that night, Benny meets Blaire for an evening...","",""
"670292","The Creator","2023","Amid a future war between the human race and the forces of artificial intelligence, a hardened ex-special forces agent grieving the disappearance of his wife, is recruited to hunt down and kill the Creator, the elusive architect of advanced AI who has developed a mysterious weapon with the power to end the war—and mankind itself.  [PLOT] Plot In 2055, an artificial intelligence created by the U.S. government detonates a nuclear warhead over Los Angeles , California. In response, most of the Western world pledges to eradicate AI to prevent humanity's extinction . Their efforts are resisted by New Asia, a region comprising East , South and Southeast Asia , whose people continue to embrace AI. The U.S. military aims to assassinate ""Nirmata"", [ a ] the chief architect behind New Asia's AI advancements, using the USS NOMAD (North American Orbital Mobile Aerospace Defense), a space station capable of launching destructive attacks from orbit. In 2065, U.S. Army Sergeant Joshua Taylor is undercover in New Asia with his pregnant wife Maya, believed to be the daughter of Nirmata. Taylor is exposed when their home is attacked by U.S. military forces, and Maya is presumed dead after a NOMAD strike. Five years later, Taylor, now part of the ground zero cleanup crew, is recruited by General Andrews and Colonel Howell for a mission against ""Alpha O"", a new weapon developed by Nirmata that could destroy NOMAD . Shown evidence of Maya's survival, Taylor agrees. Infiltrating a compound in New Asia, Taylor finds the weapon is a robotic ""simulant"" in the form of a young girl who has the ability to control technology. Dubbing her ""Alphie"", Taylor disobeys Howell and seeks out his ex-commander, Drew. Drew declares Alphie could be humanity's most powerful weapon. An attack by New Asia police attempting to recover Alphie kills Drew's simulant girlfriend and leaves Drew fatally wounded; before he dies, Drew confesses to Taylor that the reason the military attacked Taylor's home five years ago is because they learned Maya is Nirmata, and they have been keeping it a secret from him ever since. Taylor and Alphie are captured by New Asian forces led by Harun, a simulant soldier and former ally of Taylor's during his time undercover. Harun states that the detonation in Los Angeles was a human error blamed on AI, who only wish to peacefully co-exist with humanity . After escaping his captors, Taylor rescues Alphie as Howell launches an attack on the village. Taylor learns that Maya is alive, but has been in a coma ever since the attack, being kept on life support by simulants. Since simulants cannot harm Nirmata, she is ""stranded"" and unable to die. As Taylor takes Maya off life support, U.S. forces led by Howell arrive. Howell attempts to extract Maya’s consciousness but is killed by Harun during the process. Harun...","",""
"670686","Father Father","2019","Father James must decide what kind of a ""Father"" God wants him to be?  [PLOT] Plot Anne visits her father Anthony in his flat after he has driven away the latest of several carers . He has dementia and constantly forgets important life events and where things are around his flat, including his watch. He tells Anne he believes his carer stole his watch and that he will never move out of his flat. She tells Anthony she is moving to Paris to be with a man, which confuses Anthony since he does not recall any men in her life since the end of her marriage to James. Anne says that if he keeps refusing to have a carer, she will have to move him into a nursing home. The next day, Anthony encounters an unknown man, Paul, in his flat. Paul says he is Anne's husband and that Anthony is living in their flat. Anne returns but appears to Anthony as a different woman. When a new carer, Laura, arrives for an interview, Anthony tells Laura he was a professional dancer and insists he does not need any assistance. Anthony later says Laura reminds him of his other daughter Lucy, whom he has not seen for a long time. Anthony is taken to a doctor and rejects the idea that he has memory problems. Later, he tells Laura how proud he is of Lucy, a painter. She tells him she is sorry about Lucy's accident, but Anthony is confused as he has no recollection of the accident. Over the course of the film, it becomes clear that Anthony has really been living with Anne for years, but believes he still lives in his own flat. After Anne comes home, she and her husband – who is sometimes called Paul and sometimes James, and appears as two different men – have an argument over a holiday that had to be cancelled because of Anthony's needs, and about Anne's sacrifices for her father. Paul asks Anthony how long he plans to stay in their flat and annoy everyone; this sequence of events is repeated later, and on the second occasion Paul slaps him. Anthony wakes up and walks out of the flat, finding himself in a hospital hallway. He remembers Lucy lying in a hospital bed with blood on her face. He then wakes up in a completely different bedroom, which is in a nursing home. His nurse arrives, having earlier appeared as both Anne and Laura, but now identifying herself as Catherine. She informs him that Anne lives in Paris and visits on occasional weekends. Another nurse named Bill also visits, identical to one of the men who earlier appeared to be Anne's husband. Anthony breaks down in tears over his inability to understand what is happening to him, as well as Anne's...","",""
"671757","Day Six","2016","Carmen, a young actress is trapped between the love she feels for Pablo and the relationship she has with Joaquin. When she finds out about the illnnes she has, she decides to take a trip with one of them, which will change the life of all forever.","",""
"672128","Dia","2020","Dia tells the story of a young, introvert girl whose routine life brightens up when she falls for Rohith, one of her fellow college mates. Being an introvert girl and trying to express her love becomes the biggest challenge of her life. This romantic drama will make you lose yourself in the emotional journey of a girl falling in love.  [PLOT] Plot Dia Swaroop, an introverted biotechnology college student who lives in Bengaluru , has a crush on Rohit. She does not express her feelings for him before he moves out of the country. Three years later, Dia encounters Rohit in Mumbai , where she has moved and is now working. The two gradually begin to develop a bond, and Rohit proposes his love for her. One night, as they are returning home from a movie, they get into an accident after a car hits them. When Dia wakes up in the hospital and asks for Rohit, her father's friend tells her that Rohit has died. Unable to accept Rohit's death, Dia becomes severely depressed and leaves to Bengaluru, where she decides to kill herself at a railway crossing. Facing an oncoming train, she is interrupted by a phone call from Adi, who has retrieved Dia's bag from a thief. Annoyed, she tells him to keep it and not to call her again. Dia and Adi then run into one another several times, and Dia reveals her past to him. Adi charms Dia out of her depression; they become friends and eventually fall in love. Dia returns to Mumbai, where she is shocked to find Rohit waiting for her. Rohit explains that he was declared brain dead, and that it was uncertain that he would regain consciousness, causing her father to tell his friend to lie to her with the hope that she would move on. Dia calls Adi and tells him that Rohit is alive. Adi, heartbroken, tells Dia that she should be happy with Rohit. Despite his mother forbidding him to see Dia, Adi goes to see her one last time. He finds Dia disheartened and Rohit happy, wishes them well and returns home. While away, Adi's mother has died from a heart attack, and he learns that she could have been saved had someone been there. Meanwhile, Dia confesses her college love, how she thought he died and how she met Adi to Rohit. A distressed Rohit tells her to return to Adi so that she will be happy. Elated, Dia goes to Adi's home and finds an auto driver who tells her that he is missing. She and the driver search for him until another auto driver reveals that Adi has gone to the railroad crossing where she attempted to kill herself. Adi has decided to kill himself at the railway crossing because he feels immense guilt over his mother's death and believes that he will be unable to live without his mother and Dia. He prays to God one last time for Dia's happiness and waits for the train. Dia reaches him and calls out; Adi turns to her, surprised, and is hit by a train as a startled Dia...","",""
"672322","Rurouni Kenshin: The Beginning","2021","Before he was a protector, Kenshin was a fearsome assassin known as Battosai. But when he meets gentle Tomoe Yukishiro, a beautiful young woman who carries a huge burden in her heart, his life will change forever.  [PLOT] Plot Himura Kenshin, also called Hitokiri Battōsai , is a political assassin who is part of the revolution that is poised to overthrow the Tokugawa shogunate during the Bakumatsu in Kyoto . He joins the Chōshū clan and soon works for their leader, Katsura Kogorō , as an assassin alongside Iizuka, the examiner of executions. During one of the assassinations, a member of the Kyoto Watch wounds Himura in his last moments, much to Himura's confusion. One evening, as Himura is out having a drink, he steps in to intervene with supposed members of the revolution who demand to be treated as heroes by a woman named Yukishiro Tomoe . Himura is then attacked by an unknown assassin but manages to slay him. In the aftermath, Himura finds Tomoe watching him and takes her back to his hideout, an inn for Chōshū revolutionaries. The next morning, Tomoe decides to stay and work at the inn. Kenshin is stunned, particularly when she questions and twists his philosophy on who he chooses to kill. When Katsura is informed of Himura's new relationship, he questions Tomoe's impact on him. During the Ikedaya incident (1864), an armed encounter between the Ishin Shishi which includes masterless samurai formally employed by the Chōshū and Tosa clans, and the Shinsengumi , the Bakufu's special police force at the Ikedaya Inn in Shijō Kawaramachi , Kyoto, Himura rushes to the site to protect the Chōshū and rescue Katsura but is delayed by the Shinsengumi captain Okita Sōji . Himura and the Chōshū clan are forced to withdraw from the area. Before Katsura goes into hiding, he arranges for Kenshin and Tomoe to hide in the village of Ōtsu , outside Kyoto, asking Tomoe to look after Himura and pretend to act as husband and wife so that Himura will not be suspected. During their time in the village, Himura learns how to be a farmer and starts to understand the meaning of peace and happiness. One day, when Himura is out, Tomoe's brother, Enishi , comes to meet his sister, revealing both as spies working for the Yaminobu who are pro-shogunate and have been planning to entrap and kill Battōsai the whole time. Tomoe refuses to continue working with them and asks Enishi to return home to Edo, causing Enishi to run off in anger. When Himura returns, he learns from Tomoe that she was previously engaged to be married; however, her fiancé was assassinated before the wedding. Himura consoles her and tells her that she has done enough and that she should no longer carry the pain. As they bond as...","",""
"673593","Mean Girls","2024","New student Cady Heron is welcomed into the top of the social food chain by the elite group of popular girls called ‘The Plastics,’ ruled by the conniving queen bee Regina George and her minions Gretchen and Karen. However, when Cady makes the major misstep of falling for Regina’s ex-boyfriend Aaron Samuels, she finds herself prey in Regina’s crosshairs. As Cady sets to take down the group’s apex predator with the help of her outcast friends Janis and Damian, she must learn how to stay true to herself while navigating the most cutthroat jungle of all: high school.  [PLOT] Plot Sixteen-year-old homeschooled Cady Heron moves back to the United States from Kenya with her mother and attends North Shore High School. She befriends Janis ʻImiʻike and Damian Hubbard , who introduce her to the various cliques , warning her to avoid the Plastics, who consist of the insecure gossiper Gretchen Wieners, unintelligent and bubbly Karen Shetty, and manipulative "" queen bee "" Regina George . When Regina invites Cady to join their group, Janis uses this as an opportunity to convince Cady to infiltrate the group for her. Cady becomes attracted to Aaron Samuels, a senior in her calculus class and Regina's ex-boyfriend. Gretchen and Karen warn her that he is off-limits as he has dated Regina. While at Regina's house with the Plastics, they show Cady their ""Burn Book"", a scrapbook they have filled with cruel content about students and staff at the school including Janis, Damian and Ms Norbury. Cady tells Janis and Damian about the Burn Book, and they explain that Janis and Regina were once friends, but fell out after Regina spread a rumor about Janis being a lesbian. Despite being mathematically skilled, Cady begins to intentionally fail math to get closer to Aaron, who offers to tutor her. He eventually invites her to his Halloween party. Regina discovers Cady's crush on Aaron and, in a fit of jealousy, flirts with Aaron before kissing him in front of Cady. Realizing Janis was right about Regina, she agrees to commit to her plan to ruin her reputation. Cady tricks Regina into eating weight-gain Kälteen Bars to lose weight and replaces her face cream with lard. The trio target Gretchen's insecurities by having a Candy Cane-Gram sent to Cady on Regina's behalf, making Gretchen believe Regina has replaced her as her best friend. Gretchen reveals Regina's secrets to Cady, including her cheating on Aaron with football player Shane Oman. Regina's reputation takes a further hit after a disastrous performance at the Winter Talent Show leads to viral embarrassment. With Regina's social status plummeting, Cady becomes the new ""queen bee"". Janis invites Cady to her art show, but she lies, saying she has to travel with her mother to Madison . However, Cady convinces her mother to let her stay home and secretly throws a house party, where she drunkenly admits to Aaron that she has been deliberately failing math to get closer to him. He rebukes Cady for becoming as manipulative as Regina and storms out. When she follows him, she is confronted by Janis, who...","",""
"674324","The Banshees of Inisherin","2022","Two lifelong friends find themselves at an impasse when one abruptly ends their relationship, with alarming consequences for both of them.  [PLOT] Plot In early 2016, Charlie is a super-morbidly obese recluse in Moscow, Idaho . [ a ] Weighing 600 pounds (270 kg), [ 3 ] Charlie never leaves his apartment, where he teaches online English writing courses to college students, but keeps his webcam off, ashamed of his appearance. His nurse Liz enables him by bringing him unhealthy food , while urging him to seek treatment for heart failure, though Charlie insists he cannot afford medical care. Charlie orders pizza almost every night with delivery driver Dan, who leaves pizza on the porch and collects payment from the mailbox, the two never meeting face-to-face. Things begin to change for Charlie when he is visited by Thomas, a missionary for the New Life Church who wants to help him. Thomas learns that Charlie hopes to reconnect with his estranged teenage daughter Ellie, whom he abandoned eight years before when leaving his wife, Mary, for a male student of his, Alan. He reveals that he has been saving money for years and offers Ellie his $120,000 bank account if she spends time with him. Ellie agrees on the condition that he completes her homework, though he also requests that she write in a notebook he gives her. As Charlie's health worsens, Liz brings him a wheelchair. Thomas again visits Charlie. Liz arrives and angrily orders Thomas to leave, then changes her mind and has a talk with him outside. Liz chastises Thomas for his efforts to help Charlie, then reveals she is the adopted daughter of New Life's head pastor and that Alan was her brother; Alan's religious guilt drove him to suicide, and Charlie turned to emotional eating to cope with his grief, leading to his current weight. Despite Liz's objections, Thomas still believes his mission is to help Charlie. One day, Ellie places crushed Ambien into Charlie's food, knocking him out. Thomas arrives, and the two smoke marijuana. Thomas confesses to stealing money from the church and running away because he was dissatisfied with the mission work in Iowa . Ellie secretly records their conversation. Liz brings Mary to visit Charlie. When Liz learns about the amount Charlie has saved for Ellie, she storms out, furious over having been lied to about why he avoided medical treatment. Mary and Charlie argue over his decision to leave his family for Alan. Mary is further exasperated with Ellie's apparently malevolent behavior, but Charlie expresses hope that Ellie will prove he did ""one thing right with his life"". Later, after delivering pizza, Dan hears...","",""
"675319","Zone 414","2021","In the near future on a colony of state-of-the-art robots, a private investigator is hired by the colony's creator to bring his missing daughter home.  [PLOT] Synopsis Zone 414 is a walled city of state-of-the-art androids, humanoid robots which cater to wealthy clients, providing companionship and sex. The Zone is run by a corporation owned by the androids' inventor, Marlon Veidt, and his brother, the psychologist Joseph Veidt. Marlon realizes that his adult daughter Melissa has gone missing inside Zone 414. He hires private investigator David Carmichael to bring her home. David is a former police detective who was forced to retire after he caused the death of his police partner and a criminal during a hostage situation. He is also a recovering alcoholic who is troubled by his wife's suicide. The Veidt Corporation tests David by asking him to shoot a woman who pleads for her life. He deduces that she must be a lifelike android and shoots her, passing the test. Joseph Veidt then interviews and psychologically profiles David to see if he is suitable for the job, which requires discretion and a willingness to work outside of the law. When he passes both tests, he meets Marlon, who describes his assignment. He wants David to find Melissa without involving the police, fearing that news of a missing person in Zone 414 might lead to a crackdown on the zone's regulatory exemptions. David pairs up with Jane, a highly advanced and self-aware robot, to find Melissa. Jane has developed human-like emotions that transcend the simulated emotions required in her work as a prostitute. She tells David that a man is leaving threatening messages for her. Believing herself to be the target of a stalker, she has become afraid for her safety. David meets Royale, the pimp who helps wealthy clients select a robot to cater to their sexual needs. He asks her if some wealthy clients are paying to be able to threaten robots like Jane, but Royale denies that she would comply with such a request. He asks her about Melissa, and she says that she was hanging out at a gritty part of the city, pretending to be a robot. As Jane continues to face threats from her stalker, the pair discover Melissa hanging by a noose in an empty warehouse in a boatyard. David returns the body to Marlon and suggests that the authorities be alerted to Zone 414's dangers. When David meets Joseph Veidt to receive his payment, David goads the psychologist into admitting that he was stalking Jane. He tells David that when Melissa caught him torturing and killing androids, he killed her. Soon after, Joseph arrives at Jane's apartment and attempts to immobilize her with a...","",""
"675353","Sonic the Hedgehog 2","2022","After settling in Green Hills, Sonic is eager to prove he has what it takes to be a true hero. His test comes when Dr. Robotnik returns, this time with a new partner, Knuckles, in search for an emerald that has the power to destroy civilizations. Sonic teams up with his own sidekick, Tails, and together they embark on a globe-trotting journey to find the emerald before it falls into the wrong hands.  [PLOT] Plot Sonic lives with the Wachowskis and attempts to help the public as a vigilante hero with little success due to his recklessness. While on a fishing trip, Tom advises Sonic to remain patient for the day his powers will be needed. He and Maddie depart for her sister Rachel's wedding in Hawaii , leaving Sonic in charge of the house for the weekend. While staying at home that night, Sonic is ambushed by his old nemesis Dr. Robotnik , who has escaped the mushroom planet he was banished to, [ a ] and Knuckles , an echidna warrior who is his newest henchman. Knuckles demands the location of the legendary Master Emerald —an ancient relic that grants its user ultimate power and the ability to change reality to their will—so he can bring honor to his ancestors. Sonic is rescued by Miles ""Tails"" Prower , a young two-tailed fox who idolizes him and has come to warn him about Knuckles. Sonic convinces Tails to help him find the Master Emerald while Robotnik reunites with his assistant, Agent Stone , and forms an alliance with Knuckles, scheming to steal the emerald. Following clues on a map given to Sonic by his late former guardian, Longclaw, Sonic and Tails find a compass within a temple in Siberia . Knuckles and Robotnik track them and chase Sonic and Tails down a mountain. Knuckles reveals that he lost his whole tribe the same day Sonic lost Longclaw. Despite this brief moment of sympathy, Knuckles and Robotnik steal the compass. However, Knuckles grows suspicious of Robotnik's sense of loyalty and honor when he mocks Sonic for choosing to save an injured and unconscious Tails instead of the compass before an avalanche starts upon them. Tom saves Sonic and Tails from an avalanche by using a ring to teleport them to the wedding. Rachel's fiancé Randall and his wedding guests reveal themselves as undercover agents of the Guardian Units of Nations (G.U.N.), having set the wedding up to capture Sonic and Tails; they also arrest Tom when he tries to stop them. The trio are saved by Maddie and a vengeful Rachel, who reconciles with Randall after he confirms that his feelings for her are real. Meanwhile, Knuckles and Robotnik find an underwater temple containing the Master Emerald. Blaming himself for Tails' injuries, Sonic decides to face Knuckles and Robotnik alone and goes to the temple, where he fights Knuckles to keep him from taking the Master Emerald. Robotnik exploits the distraction and seizes the emerald, which collapses the temple, sinking it into the...","",""
"675445","PAW Patrol: The Movie","2021","Ryder and the pups are called to Adventure City to stop Mayor Humdinger from turning the bustling metropolis into a state of chaos.  [PLOT] Plot After being called by Cap'n Turbot to rescue a truck driver who has crashed through a suspension bridge, the Paw Patrol receives a message from a dachshund named Liberty, who informs them that their arch-nemesis Mayor Humdinger has just taken over nearby Adventure City in a fixed election . Chase initially refuses to go, as he has PTSD from being abandoned by his original owners in the city when he was younger, but reluctantly agrees to go after Ryder assures him everything will be fine. As Ryder and the pups settle into their new headquarters, Humdinger travels to a meteorology laboratory and commandeers a Cloud Catcher designed to suction up small clouds for research. Despite the warnings of head meteorologist Dr. Kendra Wilson, Humdinger uses the device to keep the city constantly free of rain. He later attempts to set off too many fireworks at once at a show, and the Paw Patrol, aided by Liberty, suit up to respond to the ensuing chaos. During the response, Chase sees some citizens trapped on a balcony and parachutes down to rescue them, but he forgets to take off his parachute and gets blown over the railing by a wind gust, badly frightening him. The next day, Humdinger unveils a loop-the-loop extension he has designed for the local el train ; the structure quickly breaks, leaving a train stranded upside down atop a loop. Ryder sends Chase up to a rooftop to zip-line across and rescue the passengers, but Chase freezes in panic. Skye rescues him, and Marshall saves the passengers instead. After the train rescue, Ryder advises Chase to take a break. Chase angrily accuses Ryder of betraying his trust and giving up on him, and runs away. However, he is captured and taken to an obedience school converted into a dog pound . Liberty allows herself to be captured as well so she can speak with Chase and the other impounded dogs. The rest of the Paw Patrol follows Liberty, breaking into the pound and releasing the prisoners. As the other pups return to headquarters, Ryder takes Chase to the intersection where he had found Chase as a small puppy, and explains that he adopted Chase because he saw bravery in him. Later, Humdinger reveals an extension he has added to the city's tallest skyscraper, putting his office at the very top. Kendra attempts to warn an indifferent Humdinger that the Cloud Catcher is being overworked and will soon dangerously malfunction. The machine goes critical, unleashing a hurricane on the town. Kendra calls the Paw Patrol to...","",""
"676159","Inspector Vikram","2021","Inspector Vikram is the typical do-gooder cop, who also entertains and ensures no crime is left unsolved. What happens when he gets to meet a villain who is smarter than the average criminal and heads a drug racket?  [PLOT] Plot Inspector Vikram begins with the murder of popular journalist and editor of a TV News channel Arvind Aradhya who was about to break some explosive piece of a drug smuggler, but is murdered by the drug smuggler Prathap Mishra, who is also an ACP in Karnataka state police department . Vikram, a happy-go-lucky Sub Inspector with a sharp intellect to solve crimes. Vikram is posted at Manipal to solve a drug racket where he meets Bhavana, who appears as a PA to a drug peddler Johnny, but is also an undercover officer and the daughter of police commissioner Prakash, and also Vikram's childhood friend Pinky. They manage to bust down Johnny and the drug peddlers, and they are arrested. Later, Vikram and Bhavana are sent to Bangalore to crack Aravind Aradhya's murder case, where Vikram deduces Prathap Mishra's identity. Prathap Mishra holds Bhavana, along with Aradhya's daughter hostage, but is saved by Darshan , who was shooting for his film Roberrt and also was requested by Vikram to save them. Vikram defeats Prathap Mishra, gathers the evidence, and arrests him. Vikram and Bhavana are appreciated by the police department for solving the case. They get married and are assigned to investigate another case.","",""
