"tmdb_id","title","release_year","synopsis","themes","tones"
"502033","Sound of Metal","2020","Metal drummer Ruben begins to lose his hearing. When a doctor tells him his condition will worsen, he thinks his career and life is over. His girlfriend Lou checks the former addict into a rehab for the deaf hoping it will prevent a relapse and help him adapt to his new life. After being welcomed and accepted just as he is, Ruben must choose between his new normal and the life he once knew.  [PLOT] Plot In South Carolina in the 2000s, Ray McElrathbey is a freshman at Clemson University , having been accepted on a football scholarship for their team, the Tigers. He is quickly thrust into campus life as he tries to balance his school work and football career. He begins to receive numerous phone calls from his younger brother Fahmarr, but tries to ignore him to study. He quickly takes an interest in sports journalist student Kaycee Stone while also butting heads with football captain Keller. One day, Ray learns that Fahmarr is not at home with their mother, Tonya, and races back home over the weekend to find that their mother has relapsed and Fahmarr has been staying with a former acquaintance, presumed to be a dealer. Ray takes Fahmarr to child services and, faced with the prospect of losing Fahmarr to the system, decides to take him in, albeit temporarily so that Tonya can recover in a month. Ray hides Fahmarr in his dorm with his roommate Daniel Morelli discovering him. He promises to keep him a secret while also helping him out. Ray soon becomes close with Kaycee though she begins to suspect that he is hiding something from her. Fahmarr also gets enrolled in a new school, though the different environment becomes slightly alienating for him. Eventually, studying, practice and caring for Fahmarr begin to take its toll on Ray and Daniel brings in the rest of the freshman squad to help with keeping Fahmarr out of trouble. Unfortunately, team captain Keller discovers Fahmarr and forces Ray to come clean about it. Coach Bowden and Simmons reprimand him and Ray tells Fahmarr that he must leave as Tonya's program is almost over. Tonya informs the boys that she will be staying in the program much longer, meaning that Fahmarr must go into the system. Ray becomes depressed and tells Kaycee about why he has been acting so strange. After some encouragement, Ray speaks with Simmons about Fahmarr and he helps him go out and retrieve him. They must live off campus while Ray holds side jobs to keep themselves afloat. Fahmarr goes back to school and begins crushing on a girl named Shannon. Meanwhile, Ray's relationship with both Keller and Kaycee improve, and Ray becomes a better player. Fahmarr sits-in in one of their classes and helps the team with one of their games. Kaycee, impressed with the changes, offers to print Ray's story in the paper, despite him not wanting to come off as a charity case. Soon, everyone in the community begins offering help to the...","",""
"502235","Purpose of Reunion 3","2018","Sung-hyeon reunites with first love, Jin-hye at a class reunion.  [PLOT] Plot In 1960, Jeannette and Jerry Brinson have recently moved to Great Falls, Montana , with their teenage son Joe. Tensions build after Jerry is fired from a job as a golf pro at a country club . He is offered his old job back but refuses out of pride, and instead of looking for work, he sleeps in his car and watches the local firefighting efforts against a forest fire raging in nearby mountains. To support the family as Jerry looks for a job, Jeannette takes a job as a swimming instructor (although she tries first to get a job teaching at school). Joe gives up football after school to work part-time at a local photography studio. One day, Jerry decides to take a low-paying job fighting the forest fire, which upsets Jeannette and worries Joe. Jeannette speaks openly about her strained marriage with Jerry to Joe, and the stress of the situation takes a minor toll on Joe's school life. While Jerry is away, Jeannette tells her son they may have to move to a smaller place as they cannot afford their small rented house. She introduces Joe to Warren Miller, a prosperous older man who owns an automobile dealership . She says she taught him to swim and he has offered her a job. Joe is repeatedly left alone as Jeannette spends time with Miller and Jeannette opens up about her dissatisfaction with her husband's restlessness. Joe wakes one morning and his mother is absent. He goes to Miller's car dealership, but the receptionist does not know who his mother is. One night, after a dinner hosted by Miller, Miller dances with a drunken Jeannette and kisses her; he spends the night at Joe's house, which a shocked Joe discovers later that night. After Miller leaves, Joe confronts Jeannette about the affair. Jeannette does not admit to caring about Miller or no longer loving Jerry, but concedes that the affair will make their life financially better, and she implores Joe to think of a better plan for her. He tells her that he cannot. The next morning, Joe packs up some of his belongings and heads to a bus stop. As the bus arrives it begins to snow, signaling the end of the wildfires, and Joe returns home. Jerry returns and is met with a lukewarm reception by Jeannette, who reveals that she has begun renting an apartment in town, and Joe is free to stay with her. Devastated and suspecting an affair, Jerry asks Jeannette to admit to her relationship. Furious upon hearing that Miller slept with Jeannette in the family house, Jerry drunkenly goes to Miller's house and tries...","",""
"502356","The Super Mario Bros. Movie","2023","While working underground to fix a water main, Brooklyn plumbers—and brothers—Mario and Luigi are transported down a mysterious pipe and wander into a magical new world. But when the brothers are separated, Mario embarks on an epic quest to find Luigi.  [PLOT] Plot Italian-American brothers Mario and Luigi operate a struggling plumbing business in Brooklyn , to the derision of their ex-foreman Spike and the disapproval of their father. After seeing a significant water main leak on the news, Mario and Luigi go to the sewer to fix it, but are sucked into a Warp Pipe and separated. Mario lands in the Mushroom Kingdom , ruled by Princess Peach , while Luigi arrives in the Dark Lands, ruled by the evil Koopa king Bowser , who seeks to marry Peach and will destroy the Mushroom Kingdom using a Super Star if she refuses. Seeing Mario as competition for Peach's love, Bowser imprisons Luigi to threaten him. Mario meets Toad , who takes him to Peach. Peach plans to ally with the primate family of Kongs to help defeat Bowser, and trains Mario before allowing him and Toad to travel along. During their journey, she tells Mario that she ended up in the Mushroom Kingdom as a baby, where the Toads took her in and eventually made her their leader. In the Jungle Kingdom, King Cranky Kong agrees to help if Mario defeats his son, Donkey Kong , in a fight. Despite initially being overpowered by Donkey Kong's strength, Mario defeats him using a Cat Suit . Mario, Peach, Toad, and the Kong royal family use go-karts [ a ] to drive back to the Mushroom Kingdom, where Bowser's army ambushes them on Rainbow Road . When a blue-shelled Koopa General destroys part of the road, Mario and Donkey Kong plummet into the ocean while the other Kongs are captured. Peach and Toad return to the Mushroom Kingdom and urge the citizens to evacuate. Bowser arrives aboard his flying castle and proposes to Peach, who reluctantly accepts after Bowser's advisor Kamek tortures Toad with magic. Mario and Donkey Kong, having been swallowed by a giant eel, learn they both want the respect of their fathers. They escape the eel by riding a rocket barrel from Donkey Kong's kart and hurry to Bowser and Peach's wedding. At the wedding ceremony, Bowser intends to sacrifice all of his prisoners, including Luigi and the Kongs, in Peach's honor. Toad smuggles an Ice Flower into Peach's bouquet, which she uses to freeze both Bowser and the chain lowering the prisoners into the lava. Mario and Donkey Kong fight their way through Bowser's army and free the prisoners, with Mario using a Tanooki Suit to save Luigi. Bowser frees himself and launches a Bomber Bill to destroy the Mushroom Kingdom, but Mario knocks it off-course and directs it into the Warp Pipe where it detonates,...","",""
"502425","Escape from Pretoria","2020","South Africa, 1978. Tim Jenkin and Stephen Lee, two white political activists from the African National Congress imprisoned by the apartheid regime, put a plan in motion to escape from the infamous Pretoria Prison.  [PLOT] Plot In 1978, Tim Jenkin and Stephen Lee ; two white South Africans , are carrying out anti-apartheid missions in South Africa . They are arrested on the spot and prosecuted; Jenkin is sentenced to twelve years and Lee is sentenced to eight. At the courthouse Lee attempts to escape but to no avail. Transported to Pretoria Prison , they meet Denis Goldberg , an older political prisoner serving four life sentences for previous work against apartheid. He shows them the ropes but discourages them from trying to escape. Jenkin and Lee discuss escaping with another prisoner, Leonard Fontaine. They settle in and go about their daily routines, but Jenkin starts to analyze the prison and think of ways to escape. He steals items from the wood shop to make wooden keys that fit the locks to their cells. He sneaks around the prison at night, making keys for other locks. Lee and Jenkin bury these keys in the prison garden while tending it and make many other preparations for their escape. Fontaine and Jenkin do a test run by using keys to leave their cells. They hide in a closet as the night guard walks by. They use another key to leave the cell block, but they have to run back to their cells before they can use another key. The guards search everyone's cells the next day but fail to find anything. Later, Jenkin discovers that a new gun tower is being built. He, Fontaine and Lee present their plan to Goldberg and other prisoners who decide against trying to escape with them. Jenkin, Lee and Fontaine execute their plan. They gather keys hidden in various areas and change into previously smuggled street clothes. Once again, they hide in the closet to evade the night guard. Unexpectedly, the night guard comes back to the closet. Goldberg short-circuits the light in his cell, causing the electricity to go out and calls for the guard, distracting him so that the trio can reach the last door. They cannot get any of the keys to work on this door, but Fontaine breaks it open using a chisel and screwdriver. They leave the prison and find a taxi driven by a black driver to take them out of Pretoria after offering him cash. It transpires that the biggest manhunt ensued in the aftermath, but they managed to escape to London via Mozambique , and Tanzania . The three continued their protests against apartheid under the African National Congress Party; they were ultimately pardoned in 1991. Goldberg was finally freed in 1985 after spending 22 years in prison. In 1992, a year after...","",""
"503736","Army of the Dead","2021","Following a zombie outbreak in Las Vegas, a group of mercenaries take the ultimate gamble: venturing into the quarantine zone to pull off the greatest heist ever attempted.  [PLOT] Plot A U.S. military convoy traveling from Area 51 collides with a car on a highway. The convoy's cargo, a zombie , escapes, killing and infecting soldiers before heading into Las Vegas , infecting most of its population. After a military intervention fails, the government quarantines the city. Six years later, casino owner Bly Tanaka and his associate Martin approach mercenary and former Las Vegas resident Scott Ward about a job to recover $200 million from his casino vault in Las Vegas before the military deploys a tactical nuclear strike on the city. Ward agrees and recruits his former teammates Maria Cruz and Vanderohe, along with helicopter pilot Marianne Peters, German safecracker Ludwig Dieter, and Chicano sharpshooter Mikey Guzman, who brings along his associate Chambers. Martin joins the team to give them access to the casino. Ward's estranged daughter Kate, who works at a quarantine camp, directs them to Lilly, a smuggler familiar with the city, who also recruits Burt Cummings, a camp security guard. When Kate learns that Lilly has escorted her friend Geeta into Las Vegas, Kate insists on joining the team despite Ward's objections. After an encounter with a zombified tiger upon entering Las Vegas, Lilly wounds Cummings and explains that a group of ""Alphas"" (intelligent zombies) will allow safe passage in exchange for a sacrifice. An Alpha known as the Queen takes Cummings away to the Olympus casino, where the Alpha leader Zeus infects him. Lilly leads the team to a building full of hibernating, normal zombies. Ward creates a path through them with glow sticks. When Chambers accuses Martin of ulterior motives, he diverts her off the path, and she wakes the zombies. After she is surrounded and bitten, Guzman shoots the gasoline canister on her back, killing her and the surrounding zombie horde. At Bly's casino, Ward and Kate turn on the power, Peters prepares a helicopter on the roof, and Dieter works on the vault. A news report reveals that the government has brought forward the nuclear strike, giving the team approximately 90 minutes. Martin and Lilly stay outside under the pretense of keeping watch but instead lure the Queen into the open. Martin beheads her and takes her head. Zeus discovers her body and returns her to the Olympus casino, revealing that the Queen is pregnant with a zombie fetus. Enraged, Zeus directs the Alphas to the casino. As Dieter opens the vault, Ward discovers that Kate has left to look for Geeta. As Ward and Cruz are...","",""
"503919","The Lighthouse","2019","Two lighthouse keepers try to maintain their sanity while living on a remote and mysterious New England island in the 1890s.  [PLOT] Plot In the 1890s, Ephraim Winslow begins a four-week stint as a ""wickie"" ( lighthouse keeper ) on an isolated island off the coast of New England, under the supervision of former sailor Thomas Wake. In his quarters, Winslow discovers a small scrimshaw of a mermaid and keeps it in his jacket. Wake immediately proves to be very demanding, subjecting Winslow to taxing jobs such as emptying chamber pots , maintaining the machinery, carrying heavy kerosene tanks up the stairs, and painting the lighthouse, while barring Winslow from the lantern room. Winslow observes that, every night after ascending the lighthouse, Wake disrobes before the light. During his stay on the island, Winslow begins to hallucinate sea monsters and logs floating in the sea, and masturbates to the mermaid on the scrimshaw. Winslow is bothered by a one-eyed gull , but Wake warns him against killing it under the superstitious belief that gulls are reincarnated sailors. One evening while dining, Wake reveals to Winslow that his previous wickie died after losing his sanity, while Winslow reveals that he is a former timberman from Maine who was stationed in Canada and is now seeking a new trade. The day before the scheduled departure, Winslow discovers a dead gull inside the cistern , bloodying the drinking water. He is attacked by the one-eyed gull and brutally bludgeons it to death. The wind drastically changes direction and a fierce storm hits the island. Winslow and Wake spend the night getting drunk, and the storm prevents the lighthouse tender from collecting them the next day. As Winslow empties the chamber pots, he discovers the beached body of a mermaid, which waves and howls at him. He flees back to the cottage, where Wake informs him the storm has spoiled their rations. Winslow is not worried because he thinks the tender is only a day late, but Wake says that they have already been stranded for weeks. The pair unearths a crate at the lighthouse's base that Winslow assumes contains reserve rations, but it is full of bottles of alcohol. As the storm continues to rage, Winslow and Wake get drunk every night and alternate between moments of intimacy and hostility. One night, Winslow tries unsuccessfully to steal the lantern room keys from Wake and contemplates murdering him. Winslow later sees the one-eyed head of Wake's previous wickie in a lobster trap . While drunk, Winslow confesses to Wake that his real name is Thomas Howard, and he assumed the identity of Ephraim Winslow, his...","",""
"504172","The Mule","2018","Earl Stone, a man in his eighties, is broke, alone, and facing foreclosure of his business when he is offered a job that simply requires him to drive. Easy enough, but, unbeknownst to Earl, he's just signed on as a drug courier for a Mexican cartel. He does so well that his cargo increases exponentially, and Earl hit the radar of hard-charging DEA agent Colin Bates.  [PLOT] Plot In 2005, Korean War veteran and celebrated daylily horticulturalist Earl Stone misses his daughter Iris's wedding so he can receive a lifetime award celebrating his professional accomplishments. Enraged that her father once again chose his career over her, Iris stops speaking to him and his wife Mary files for divorce. Twelve years later, Earl visits his granddaughter Ginny to attend her wedding rehearsal, not telling his family that the only reason he's there is because his flower farming business has gone bankrupt, and his home has just been foreclosed on by the bank. While there, he is spotted by a member of a drug cartel who had been tipped off by one of Earl's former employees as to his financial problems. Earl accepts the gangster's offer and becomes a "" mule "", transporting cocaine through Illinois for the cartel. Facing little suspicion due to his age, ethnicity, spotless criminal history, and strict adherence to driving laws, Earl is soon entrusted with huge amounts of drugs, the delivery of which earns him thousands of dollars. Over time, Earl gets more involved with the cartel and becomes one of their best mules. With the money he buys a new truck, buys back his home, and even pays for badly needed renovations on behalf of the local VFW post that had been damaged in a fire. Earl even pays for Ginny's wedding and tuition so she can attend college. Meanwhile, Special Agent Colin Bates moves to the Chicago DEA office and is assigned Agent Trevino as his partner. They are tasked with closing in on the cartel's deliveries to Chicago. Bates and Trevino find an informant from within the cartel and start looking for their most profitable driver, Tata (“grandfather”). The head of the cartel, Latón, is overjoyed with Earl's success and invites him to a party. During the festivities, Earl dances with one of Latón's escorts before she leads him to a private bedroom; they are soon joined by another, and he engages in a sexual encounter with the two women. All the while, Earl mistakenly believes that the cartel considers him their friend. Things take a turn for the worse when Latón is assassinated and replaced by another gangster, Gustavo. Gustavo is more bloodthirsty and controlling than Latón and demands Earl be kept under tighter control. In the middle of a $12 million cocaine shipment, Earl winds up in a diner with Bates. Neither man recognizes the other, and the elderly Earl gives Bates advice to try and mend fences with his wife and not make the...","",""
"504253","I Want to Eat Your Pancreas","2018","After his classmate and crush is diagnosed with a pancreatic disease, an average high schooler sets out to make the most of her final days.  [PLOT] Plot An unnamed male high school student comes across a book in a hospital waiting room. He soon discovers that it is a diary kept by his very popular classmate Sakura Yamauchi, who reveals to him that she is secretly suffering from a fatal illness in her pancreas. Despite this, Sakura intends to maintain a normal school life and thus is drawn to him due to his relatively unfazed reaction to her condition. They begin to spend time together and become friends. During their school break, Sakura invites him on a train trip to Fukuoka where they play truth-or-dare game and eventually share a bed in their hotel room. Afterward, Sakura's friends and classmates grow suspicious and resentful of his newfound closeness to her. The two begin doing activities from Sakura's bucket list together until she is suddenly hospitalized. During her hospitalization, the two sneak out to see fireworks together. When she gets discharged, Sakura invites him for lunch but fails to show up at their meeting place. Later that night, he learns from the news that Sakura died from a stabbing. He breaks down and does not attend her funeral. Later, he visits Sakura's mother and asks for her diary. Her mother recognizes him and reveals Sakura left a message in the diary for him. The message tells him to keep the diary and to make her best friend Kyoko read it since she was unaware of her illness. Soon after reading the message, he immediately breaks down into tears as he never felt so much sorrow for a single person before. Sakura's mother learns of his name as Haruki Shiga before he leaves and explains how his name meaning ""spring trees"" relates to her daughter's name which means ""cherry blossom"". Haruki meets with Kyoko, who is in denial that Sakura ever lied to her, but she runs away after reading the diary. Haruki runs after her and asks her to be his friend. In a post-credits scene , Haruki and Kyoko, who are now friends, visit Sakura's grave a year later.","",""
"504314","Sudani from Nigeria","2018","When a soccer club manager brings one of his injured foreign players home to recuperate, they form an unlikely bond despite their cultural differences.  [PLOT] Plot The movie is set in a rural town in Malappuram district in the state of Kerala . Majeed is an unmarried young football coach , who is the manager of a local team, named 'MYC Accode', which participates in Sevens football matches. He manages to recruit three talented Nigerian players to his team, who catapult the team's fame. Although successful in matches, Majeed, his friends and players are financially set back. His team's star player Samuel ""Sudu"" Robinson is hospitalised following an accident and forced to rest for a month. Afraid he'll not be able to afford the hospital charges, Majeed decides to take Samuel to his home until he recovers. He and his mother are the only inhabitants of their home, with occasional visits from Majeed's stepfather who works as a security guard. Samuel becomes a spectacle for the townsfolk and many people visit the recovering ""Sudani from Nigeria"". Majeed and Samuel bond over time and share their personal life stories with each other. Majeed hates and does not talk to his step-father due to emotional attachment with his late father. He also resents his mother for remarrying following the death of her husband, and refuses to talk to her unless absolutely necessary. Samuel, on the other hand, lost both his parents in the civil war and lived in a refugee camp with his grandmother and two sisters. Samuel only left in hope of being able to financially support his family. Trouble comes looking for them when an article in the newspaper, showing a recovering Samuel, Majeed, his friends and neighbours, attracts the attention of police officials who come asking for Samuel and his passport. Samuel learns that his grandmother has died, and wants to immediately leave in order to be with his sisters. Chaos ensues when they discover his passport is missing, and Majeed and his friends looks for it everywhere, but in vain. Majeed decides to apply for a duplicate passport, prompting Samuel to reveal that his passport is fake. He was not able to legally acquire a passport due to being a refugee. The passport is eventually recovered and Majeed manages to buy a ticket for Samuel. Samuel bids the town and Majeed an emotional farewell. Returning from the airport , Majeed decides to mend ties with his family. He meets his step-father and brings him back home to his mother's surprise and happiness.","",""
"504409","Naadodigal 2","2020","A set of befriends jointly saving a lovers against the cast antagonists of a bad group after facing so many dramas arranged by the girls family  [PLOT] Plot Jeeva is a passionate socialist who speaks out against issues in his village with his friends, Sengodi, Priya, and Paandi. Sengodi is a doctor , while Priya is studying to be a Sub-Inspector of Police . After seeing an honour killing video online, Jeeva organises a massive gathering for people who hate caste and tells them to dress in red. In turn, this angers the local caste leader/chieftain, who mixes ruffians dressed in the red dress code and thugs dressed as police officers; they cause a violent riot among the youngsters. The news of the violence reaches his uncle and his mother, who cancel the alliance with a prospective family. At the same time, Priya successfully becomes the first transgender Sub-Inspector of Police. She also reunites with her parents, who disowned her at a young age. After the cancelled engagement , Jeeva's uncle organises an alliance with a girl and her family from the neighbouring village of Keeripatti . Jeeva looks at the photo of the girl, Sowmya, and immediately falls in love with her. Eventually, they get married. However, on the wedding night, Jeeva sees Sowmya slitting her wrists with a blade . She then reveals her story. Her parents forced her to marry Jeeva, or they would kill her love. The group go to see the boy that Sowmya loves, who got severely beaten. He says that he and Sowmya are from different castes , and Sowmya fell in love with him. He does not want to be a victim of caste mania. Jeeva then brings the two of them together and gets them married. They both get in a car and drive off. The villagers become agitated after Sowmya's disappearance. Jeeva then reveals to the villagers that he was the one who sent her off. As a result, there is a massive fight between Jeeva and the caste-supporting villagers. Sengodi's father, Tamilarasan, fights the goons and saves Jeeva. After the villagers create fear in life, Paandi reveals the couple are in Andhra Pradesh , in Samara Simha Reddy's house; they are hiding at ""Selfie"" Chinnamani's house in the village. Meanwhile, Sowmya's relatives search all over South India for the couple. Eventually, Chinnamani leaves the couple in Thrissur . Meanwhile, Jeeva's elderly friend convinces Sengodi and Jeeva to marry because they have similar principles, philosophies, and lifestyles. Sengodi's family accepts Jeeva as their future son-in-law. Priya gets transferred to Jeeva's village. Jeeva fights for 'no caste' and to hold a 'no caste' convention at the Madras High Court after the...","",""
"504608","Rocketman","2019","The story of Elton John's life, from his years as a prodigy at the Royal Academy of Music through his influential and enduring musical partnership with Bernie Taupin.  [PLOT] Plot Dressed in a flamboyant devil's outfit, Elton John enters an addiction rehabilitation session, recounting his life in a series of flashbacks ("" The Bitch Is Back ""). Shy boy Reginald Dwight grows up in the suburbs of 1950s Britain, raised by his unaffectionate mother, Sheila, and his more loving grandmother, Ivy. He is interested in music and hopes to perform for his father, Stanley, who takes no interest in him ("" I Want Love ""). Reginald begins piano lessons, making his way into the Royal Academy of Music . Stanley abandons his family after Sheila has an affair. Soon after, her lover, Fred, moves in with the family, and he introduces young Reginald to rock music. He grows up idolizing rock musicians and begins performing in local pubs ("" Saturday Night's Alright for Fighting ""). As an adult, Reginald joins the band Bluesology , which is hired to play backup for touring American bands the Isley Brothers and Patti LaBelle and the Blue Belles . Ronald Isley recommends that he write songs and put his old life behind him to become a famous artist. Reginald changes his name to Elton John, taking his first name from Elton Dean , the saxophonist of Bluesology, and ""John"" from John Lennon . Elton writes music and tries to find success with Dick James ' record label DJM Records under the management of Ray Williams . Williams introduces Elton to lyricist Bernie Taupin ; they become friends and move into a flat to compose their songs. When Elton admits he is homosexual , he ends his romantic relationship with their landlady, so they are evicted. Elton and Bernie move in with Elton's grandmother, his mother, and Fred, where they continue writing and create "" Your Song "". James sets up a performance for them at the Troubadour in Los Angeles . Elton is nervous before his debut, but the audience embraces his performance ("" Crocodile Rock ""). Elton's success overjoys him, but he feels abandoned when Bernie leaves him at a party to spend time with a woman ("" Tiny Dancer ""). He is approached by music manager John Reid and, after hitting it off, they have sex. Reid's influence launches Elton into a downward spiral of a life of debauchery, while his career rises to new heights ("" Honky Cat ""). He develops a flamboyant stage persona and becomes one of the most successful and iconic figures in rock and roll of the 1970s. Reid becomes Elton's manager and insists Elton tell his parents he is gay, so he reconnects with his father, who displays no interest in him....","",""
"504891","Secret Love: My Friend's Mom","2018","A student finds his friend's mom very sexy. While studying for tests, she tempts him away from his studies and a hot affair ensues.  [PLOT] Plot Jenn and her friends stop at a bar for a drink before dinner. There, they meet Sol and his friends over a short discussion of UFC and embarrassing pickup lines. After Sol and Jenn meet up a few times, they start a seamless relationship. They move in together so he can pursue his passion to become a chef after he complains that his current job doesn't fulfill him. After analyzing his mounting bills, he decides to stay at work. The couple host Friendsgiving , a ploy by Jenn to inspire him. Although Sol feels off, he ignores it. He whispers to Jen over a thank you toast to everyone that he put in his two weeks notice. Later in the season, he proposes with family and friends singing their favorite song. Sol starts working at Jenn's cousin Gina's successful restaurant. One night, Sol wakes up screaming in pain. Although he has cancer, he reassures Jen that everything will be okay once he gets treatment. Sol suggests they get a dog if the news is bad. After returning from the doctor's, he tells them that everything is fine and that the labs are good. The couple continues planning the wedding and Sol returns to the restaurant, where his dish is put on the menu. One day, Sol texts Jen to come home and greets her with a dog named Otis, his way of telling her his cancer has returned. A few months later, he is accepted for a clinical trial. They discuss postponing the wedding, but their friends offer to throw them a quick wedding in three weeks. They fund it with the help of strangers through crowd-funding and putting up posters all over town and friends while Sol undergoes his treatment. Sol's friend Kyle misses everything because his illness reminds him of losing his dad, which he hasn't dealt with. Sol tells Jenn about suffering from all of the drug trial's side effects, including his sense of taste. He tells her to just move on with her life, but she insists on staying by his side. Jenn and Sol get married in front of all their friends and family. Kyle finally shows up at the reception. Jenn and Sol get his scans and are told the cancer has metastasised throughout his body. The doctor tells them he has little time left. So, Jenn and Sol work together on his eulogy. Jenn goes to Dave and Kyle's new restaurant/bar, called Now or Never , Sol's motto. She talks about Sol and how he inspired everyone. Amanda and Megan give her Sol's honeymoon gift, which they had been keeping secret until after his death. The flash drive contains a video of Sol, thanking Jenn...","",""
"504949","The King","2019","England, 15th century. Hal, a capricious prince who lives among the populace far from court, is forced by circumstances to reluctantly accept the throne and become Henry V.  [PLOT] Plot After a battle with the Scots, King Henry IV meets with those who fought. Hotspur is angry and insulting towards the king. England 's Prince Henry ("" Hal "") spends his days drinking, whoring, and jesting with his companion Falstaff in Eastcheap . His father King Henry IV grows tired of Hal's debauchery and announces that Hal's younger brother Prince Thomas will inherit the throne. King Henry IV sends Thomas to subdue Hotspur's rebellion. However, Hal arrives and challenges Hotspur to single combat , which Hal wins, ending the battle without further conflict. Thomas dies shortly after while campaigning against the rebels in Wales . When King Henry IV dies, Hal is anointed as King Henry V. He opts for peace and conciliation with his father's many adversaries, despite his actions being seen as weakness. At King Henry V's coronation feast, envoys from the Dauphin of France present Hal with a tennis ball as an insulting coronation gift. However, King Henry V frames this as a positive reflection of his boyhood. His sister Philippa , now the Queen of Denmark , cautions her brother that nobles in any royal court have their own interests in mind and will never fully reveal their true intentions. King Henry V interrogates a captured assassin who claims to have been sent to kill him by King Charles VI of France . French agents approach the English nobles Cambridge and Grey . The traitors plot against Hal and unsuccessfully attempt to win over the Chief Justice, Gascoigne . Gascoigne advises Hal that a show of strength is necessary to unite England, so Hal declares war on France and has Cambridge and Grey beheaded. He approaches Falstaff and appoints him as his chief military strategist, saying that Falstaff is the only man he truly trusts. The English army sets sail for France. After completing the Siege of Harfleur , they receive taunting messages from the Dauphin. The English advance parties stumble upon a vast French army gathering to face them. Dorset advises Hal to retreat, but Falstaff proposes using infantry without armor to attack the armored French cavalry, who would get weighed down and stuck in the mud. Hal challenges the Dauphin to single combat to minimize bloodshed, but the Dauphin refuses. Falstaff's plan succeeds, and the outnumbered English army defeats the French, although Falstaff is killed. The Dauphin, witnessing his men's retreat, restates Hal's challenge, but slips in the mud until Hal orders his soldiers to kill him. Hal commands the...","",""
"505026","Death on the Nile","2022","Belgian sleuth Hercule Poirot's Egyptian vacation aboard a glamorous river steamer turns into a terrifying search for a murderer when a picture-perfect couple's idyllic honeymoon is tragically cut short.  [PLOT] Plot Flashback to Belgium at the Yser Bridge on October 31, 1914, in the front lines of World War I . Hercule Poirot 's captain has been given a mission considered certain death for all of his men. Poirot suggests his captain follow a strategy that will accomplish the mission safely. It succeeds, but when his captain steps on a mine, Poirot is caught in the explosion. His fiancée Katherine visits him in the hospital, who reassures him that she still loves him despite his facial injury and that he can grow a moustache to conceal it. In 1937, at a London club, Poirot watches blues singer Salome Otterbourne perform. He notices Jacqueline ""Jackie"" de Bellefort introducing her fiancé Simon Doyle to her childhood friend heiress Linnet Ridgeway. After meeting Simon, Linnet agrees to hire him as her land agent. Six weeks later, in Egypt , Poirot encounters his friend Bouc with Bouc's mother Euphemia, all of whom attend the wedding of Linnet and Simon. Others join their honeymoon trip: Linnet's maid Louise Bourget; Salome and her niece/manager Rosalie, Linnet's schoolfriend; Linnet's godmother Marie Van Schuyler with her nurse Mrs. Bowers; Linnet's financial manager and cousin Andrew; and Linnet's former fiancé Dr. Linus Windlesham. Jackie has also stalked the couple to Egypt and continues to follow the couple around. To escape Jackie, the group boards the cruise ship S.S. Karnak. Linnet asks Poirot for protection from Jackie and confesses that she distrusts her guests. Bouc reveals he is dating Rosalie, despite his mother's disapproval, and teases Poirot about his attraction to Salome. The party disembarks from the Karnak to visit the Abu Simbel Temples . After a boulder falls off a column and nearly crushes Linnet and Simon, the guests return to the Karnak to discover Jackie has boarded. When Linnet goes to sleep, Simon confronts her, who shoots him in the leg. When she attempts to shoot herself, Rosalie and Bouc intervene, taking Jackie to Mrs. Bowers. Windlesham treats Simon. The following morning, Louise discovers Linnet has been shot in the head and her valuable necklace has been stolen. Poirot, assisted by Bouc, interrogates the guests, each of whom bears a vendetta against Linnet or would benefit from her death. The area around the boat is dredged and the murder weapon is found, wrapped in Van Schuyler's scarf. Poirot also reveals that Euphemia hired him to investigate Rosalie. When Rosalie storms off, she discovers Louise's body with money and her throat...","",""
"505192","Shoplifters","2018","In the outskirts of Tokyo, a poor but close-knit group living on the fringes of society survives through shoplifting and odd jobs. When Osamu and his son take in a neglected young girl, their already fragile existence begins to unravel. As the family grows attached to her, buried secrets surface, forcing them to confront the true meaning of love, belonging, and what makes a family.","",""
"505259","Stay","2018","After losing his job, a recovering addict struggles to survive and meets a free spirited woman, who changes his world, but cannot stay in his life.  [PLOT] Plot Bittersweet first love story of a stage frightened prospective musician Woo-jin ( Kim Jung-hyun ) and vivacious would be actress Yeon-soo ( Seo Yea-ji ). [ 1 ] ^ .mw-parser-output cite.citation{font-style:inherit;word-wrap:break-word}.mw-parser-output .citation q{quotes:""\""""""\""""""'""""'""}.mw-parser-output .citation:target{background-color:rgba(0,127,255,0.133)}.mw-parser-output .id-lock-free.id-lock-free a{background:url(""//upload.wikimedia.org/wikipedia/commons/6/65/Lock-green.svg"")right 0.1em center/9px no-repeat}.mw-parser-output .id-lock-limited.id-lock-limited a,.mw-parser-output .id-lock-registration.id-lock-registration a{background:url(""//upload.wikimedia.org/wikipedia/commons/d/d6/Lock-gray-alt-2.svg"")right 0.1em center/9px no-repeat}.mw-parser-output .id-lock-subscription.id-lock-subscription a{background:url(""//upload.wikimedia.org/wikipedia/commons/a/aa/Lock-red-alt-2.svg"")right 0.1em center/9px no-repeat}.mw-parser-output .cs1-ws-icon a{background:url(""//upload.wikimedia.org/wikipedia/commons/4/4c/Wikisource-logo.svg"")right 0.1em center/12px no-repeat}body:not(.skin-timeless):not(.skin-minerva) .mw-parser-output .id-lock-free a,body:not(.skin-timeless):not(.skin-minerva) .mw-parser-output .id-lock-limited a,body:not(.skin-timeless):not(.skin-minerva) .mw-parser-output .id-lock-registration a,body:not(.skin-timeless):not(.skin-minerva) .mw-parser-output .id-lock-subscription a,body:not(.skin-timeless):not(.skin-minerva) .mw-parser-output .cs1-ws-icon a{background-size:contain;padding:0 1em 0 0}.mw-parser-output .cs1-code{color:inherit;background:inherit;border:none;padding:inherit}.mw-parser-output .cs1-hidden-error{display:none;color:var(--color-error,#bf3c2c)}.mw-parser-output .cs1-visible-error{color:var(--color-error,#bf3c2c)}.mw-parser-output .cs1-maint{display:none;color:#085;margin-left:0.3em}.mw-parser-output .cs1-kern-left{padding-left:0.2em}.mw-parser-output .cs1-kern-right{padding-right:0.2em}.mw-parser-output .citation .mw-selflink{font-weight:inherit}@media screen{.mw-parser-output .cs1-format{font-size:95%}html.skin-theme-clientpref-night .mw-parser-output .cs1-maint{color:#18911f}}@media screen and (prefers-color-scheme:dark){html.skin-theme-clientpref-os .mw-parser-output .cs1-maint{color:#18911f}} "" Stay with me (2018) "" . KoBiz . Retrieved 14 September 2020 .","",""
"505262","My Hero Academia: Two Heroes","2018","All Might and Deku accept an invitation to go abroad to a floating and mobile manmade city, called 'I-Island', where they research quirks as well as hero supplemental items at the special 'I-Expo' convention that is currently being held on the island. During that time, suddenly, despite an iron wall of security surrounding the island, the system is breached by a villain, and the only ones able to stop him are the students of Class 1-A.  [PLOT] Plot In the past, a young All Might , while as an exchange student in California , deals with a group of villains who have robbed a casino. He is aided by his classmate and friend, David Shield , who eventually becomes a scientist and works with him to design many of his suits. In the present, during his summer break, All Might brings Izuku Midoriya with him to I-Island, a floating city island, in response to an invitation from David's daughter, Melissa , to surprise her father. During their reunion, David runs a test with All Might and learns that his Quirk is nearly depleted, becoming horrified as he believes that All Might will no longer be able to fulfill his role as the Symbol of Peace. Meanwhile, Melissa shows Izuku around the island and unexpectedly encounters Izuku's classmates from Class 1-A, who have all been invited to the island for various reasons. After enjoying the island's events, Melissa invites them to a formal party being held with all the Heroes present. Prior to the party, Melissa confesses to Izuku that she is Quirkless, a revelation that astonishes him due to him also originally being Quirkless. She then presents him with a ""Full Gauntlet"", a mechanical arm device that enables him to harness the full potential of his Quirk without suffering any harm. Meanwhile, Wolfram , a terrorist villain who had secretly arrived on the island, takes control of the island's security system during the party and threatens to kill its residents. He restrains all of the attending Heroes, including All Might, and takes David and his assistant, Samuel Abraham, hostage to break into the island's vault. Izuku, Melissa, and some of Class 1-A at the party manage to evade the attackers, and they decide to save the hostages by reaching the top of the building and deactivating the security system. Discovering their presence, Wolfram deploys enemy forces to stop them, forcing the group to be split up as they deal with the Villains and security bots. Eventually, Izuku and Melissa are the only ones left who manage to climb to the top. At the top of the tower, they discover that David and Samuel orchestrated the night's events. They had hired fake Villains to cause a distraction in order to retrieve their greatest invention – a headset that maximizes the power of a person's Quirk – which had been confiscated and sealed away by the project's sponsors. David wishes to give it to All Might so that he can maintain his role as the Symbol of Peace. However, Wolfram...","",""
"505283","My Cousin Sister","2019","Cousins who work at a single workplace, the man having sex with her older cousin who is angry at him, his younger cousin he loves before who visits, and a hot love story that begins again. The story of a woman who wants to leave the countryside falls into the charm of an uncle who lives with her in town, and a new story written with entangled desires.","",""
"505642","Black Panther: Wakanda Forever","2022","Queen Ramonda, Shuri, M’Baku, Okoye and the Dora Milaje fight to protect their nation from intervening world powers in the wake of King T’Challa’s death.  As the Wakandans strive to embrace their next chapter, the heroes must band together with the help of War Dog Nakia and Everett Ross and forge a new path for the kingdom of Wakanda.  [PLOT] Plot T'Challa , king of Wakanda , is suffering from a terminal illness which his sister Shuri believes can be cured by the "" heart-shaped herb "". Shuri attempts to synthetically recreate the herb after it was burned by Erik ""Killmonger"" Stevens , [ a ] but fails to do so before T'Challa dies. A year later, Wakanda faces pressure from other nations to share their vibranium , with attempts to steal it by force. Queen Ramonda urges Shuri to continue her herb research to create a new Black Panther , but Shuri refuses, believing the Black Panther is no longer needed. In the Atlantic, a U.S. expedition team uses a vibranium detector to find a deposit underwater, but a group of blue-skinned, water-breathing superhumans led by Namor kills them. The CIA suspects Wakanda's involvement. Namor confronts Ramonda and Shuri after bypassing Wakanda's security. He blames Wakanda for the vibranium race and gives them an ultimatum: hand over the scientist who created the detector or he will attack Wakanda. Shuri and Okoye learn from CIA agent Everett K. Ross that the scientist is MIT student Riri Williams . They confront her at the university before being pursued by the FBI and Namor's warriors, who defeat Okoye and take Shuri and Williams underwater to meet Namor. Angered by Okoye's failure to protect Shuri, Ramonda strips her of her title as general of the Dora Milaje and seeks out Nakia , who has been living in Haiti since the Blip . [ b ] Namor shows Shuri his vibranium-rich underwater kingdom of Talokan , protected for centuries from the surface world. Bitter at the surface world for the slavery and genocide of his people, Namor proposes an alliance with Wakanda against the rest of the world, threatening destruction if they refuse. Nakia helps Shuri and Williams escape, accidentally killing two Talokanil guards. Namor retaliates with an attack on Wakanda, during which Ramonda drowns while saving Williams. Namor vows to return with his army, and Wakanda's citizens relocate to the Jabari mountains for their safety. Meanwhile, Ross is arrested by his ex-wife, CIA director Valentina Allegra de Fontaine , for secretly exchanging classified intelligence with Wakandans. After Ramonda's funeral, Shuri uses a remnant of the herb that gave Namor's people their superhuman abilities to reconstruct the heart-shaped herb. She ingests it, gaining superhuman abilities and meeting Killmonger in the Ancestral Plane , who questions if she will seek revenge or be as honorable as T'Challa....","",""
"506574","Descendants 3","2019","The teenagers of Disney's most infamous villains return to the Isle of the Lost to recruit a new batch of villainous offspring to join them at Auradon Prep.  [PLOT] Plot Mal, Evie, Jay, and Carlos visit the Isle of the Lost to choose four new villain kids (VKs) to take to Auradon. They pick Dizzy, granddaughter of Lady Tremaine; Celia, daughter of Dr. Facilier; and Squeaky and Squirmy, the twin sons of Mr. Smee. The day the kids are to be picked up, Mal's boyfriend Ben, the king of Auradon, proposes to her, and she accepts. Ben's ex-girlfriend Audrey seethes with jealousy, and her grandmother Queen Leah admonishes her for failing to secure the family legacy by marrying Ben. As the older VKs return to Auradon after picking up the kids, Hades attempts to break through the Isle's barrier, but Mal stops him. Meanwhile, unable to let go of her resentment of Mal, Audrey steals the Queen's crown and Maleficent's scepter from the museum, gaining magical powers and becoming a villain. Following the theft and Hades' escape attempt, Mal suggests the best way to protect Auradon is to close the Isle's barrier permanently. Audrey curses Mal with Maleficent's scepter and turns her into an old woman, so Mal and the other VKs go to the Isle to get Hades' Ember, the only artifact powerful enough to break the scepter's curse. Upon entering the Isle, Mal is freed of the curse (because no dark magic is allowed there) and Celia gets her into Hades' lair, but Hades thwarts their effort to steal the Ember. He is revealed to be Mal's absentee father and reluctantly gives her the Ember, warning her to avoid getting it wet, and that since she is only “half Hades”, it may not do everything for her that it does for him. While leaving the Isle, Mal and the others are intercepted by Uma, Gil, and Harry, who agree to help after Mal falsely agrees to release all the children from the Isle. Meanwhile, in Auradon, Audrey crashes Jane's birthday party with a sleeping curse; Chad aligns himself with her, while Jane escapes into the enchanted lake. As the entire kingdom falls under Audrey's spell, she offers to reverse it if Ben will marry her. His refusal prompts Audrey to turn him into a beast, and she begins turning people to stone. Mal and Uma, vying for the leadership of the VKs, return to Auradon with their friends. Despite their conflict, they eventually work together to pursue Audrey. After finding Ben in beast form, Carlos calms him after removing a splinter from his hand, while Jane restores him to human form with the enchanted lake water. At Evie's house, Mal and Uma make amends while Evie wakes Doug with true love's kiss. Audrey traps them in...","",""
"507076","Climax","2018","When a dance troupe is lured to an empty school, a bowl of drug-laced sangria causes their jubilant rehearsal to descend into a dark and explosive nightmare as they try to survive the night—and find who's responsible—before it's too late.  [PLOT] Plot In the winter of 1996, a professional French dance troupe , led by manager Emmanuelle and choreographer Selva, rehearse an upcoming performance in an abandoned school. After completing the elaborate closing piece of the dance, the group commence a celebratory after-party , dancing and drinking sangria made by Emmanuelle, while DJ Daddy provides music. As the party progresses, the dancers become increasingly agitated and confused, eventually concluding that the sangria has been spiked with a hallucinogen , presumably LSD . They initially accuse Emmanuelle since she made the drink, but she points out that she drank it too and is also suffering from its effects. Taylor, already resentful towards Omar for dating his sister Gazelle, proclaims that Omar is the only one who has not had the sangria, since he does not drink alcohol for religious reasons, causing the rest of the group to throw Omar out into the snowstorm. Emmanuelle finds her young son, Tito, drinking the sangria and locks him inside an electrical room to protect him from the dancers. Selva goes to the room of her friend Lou, who confesses that she did not drink because she is pregnant. A drug-addled Dom enters the room, accuses Lou of spiking the drink and kicks her repeatedly in the stomach, not believing she is pregnant. In the kitchen, Alaïa catches Jennifer snorting cocaine , despite earlier telling Alaïa that she had none, which causes Alaïa to angrily push Jennifer into a portable stove, setting her hair on fire. A frenzied Lou confronts Dom on the dance floor, but the others also accuse Lou of having spiked the drink. At first taking up a knife to defend herself, the taunts of the group cause Lou to have a breakdown, and she punches herself in the stomach and slashes herself with the knife on her face and arm as the group encourages her to kill herself, before being comforted by Eva. Selva, hearing screams, finds Emmanuelle, who has lost the key to the electrical room in which Tito is locked and is screaming for help due to hallucinations . While Emmanuelle desperately searches for the key, Selva witnesses Taylor and a group brutally beating David, who has spent the night talking about having sex with all the women in the group. When the school suddenly loses electricity and switches to red emergency lighting , someone laughingly shouts that Tito has electrocuted himself. In a shower, Eva desperately tries to wash off the blood from Lou's cuts. Ivana drags Selva to her room, where they...","",""
"507086","Jurassic World Dominion","2022","Four years after Isla Nublar was destroyed, dinosaurs now live—and hunt—alongside humans all over the world. This fragile balance will reshape the future and determine, once and for all, whether human beings are to remain the apex predators on a planet they now share with history's most fearsome creatures.  [PLOT] Plot Four years after the Lockwood Estate incident that followed the volcanic eruption of Isla Nublar , [ a ] once-extinct dinosaurs freely roam the Earth, breeding exponentially in order to increase the population numbers of their species. Amid global efforts to control them, Biosyn Genetics establishes a dinosaur preserve in Italy 's Dolomites and conducts genomics research, ostensibly for pharmacological applications. Claire Dearing , Zia Rodriguez , and Franklin Webb investigate illegal dinosaur breeding sites, also gathering proof of cases of animal cruelty . Claire's partner, Owen Grady , helps relocate stray dinosaurs. At their remote cabin in the Sierra Nevada mountains, Claire and Owen secretly raise 14-year-old Maisie Lockwood ( Benjamin Lockwood 's seemingly biogenetic granddaughter) and protect her from groups seeking to exploit her unique genetic makeup . When Blue, the last of the Velociraptors Owen raised and trained, arrives at the cabin with an asexually-reproduced hatchling , Maisie names it Beta. Increasingly frustrated living in seclusion, Maisie sneaks away to explore. Mercenaries searching for Maisie find and kidnap her and Beta. Meanwhile, swarms of giant locusts are devastating U.S. crops . Dr. Ellie Sattler observes that crops grown with Biosyn seeds are left uneaten, raising suspicions that Biosyn created the insects. She takes a locust obtained from West Texas to her former romantic partner, paleontologist Dr. Alan Grant and reveals she is now divorced from her husband Mark . [ b ] They determine the locust was genetically engineered with Cretaceous-period and contemporary DNA . Franklin, now with the CIA 's dangerous-species division, discloses to Claire and Owen that the mercenaries are at Malta . Upon arrival there, they infiltrate a dinosaur black market with Owen's former Jurassic World colleague Barry Sembène , who is leading a French Intelligence raid. Carnivorous dinosaurs are unleashed during the foray, wreaking havoc. When Claire and Owen learn that Maisie and Beta were transported to the Biosyn facility, sympathetic cargo pilot Kayla Watts agrees to fly them there. Chaotician Dr. Ian Malcolm now works for Biosyn. He sought Ellie's help to expose CEO Dr. Lewis Dodgson after communications director Ramsay Cole warned him of Dodgson's illegal and irrational activities. Dodgson is exploiting dinosaurs and forcibly coerces former InGen geneticist Dr. Henry Wu to modify the transgenic locust to let Biosyn corner the world's...","",""
"507089","Five Nights at Freddy's","2023","Recently fired and desperate for work, a troubled young man named Mike agrees to take a position as a night security guard at an abandoned theme restaurant: Freddy Fazbear's Pizzeria. But he soon discovers that nothing at Freddy's is what it seems.  [PLOT] Plot In 2000, mall security guard Mike Schmidt is fired for assaulting a father whom he had mistaken for a kidnapper. His career counselor, Steve Raglan, offers him a job as a night guard at Freddy Fazbear's Pizza, a once-successful pizzeria. Mike accepts after social services threaten to take custody of his younger sister, Abby, and pass her to their estranged aunt, Jane, who desires the monthly custody payments. During his first night, Mike falls asleep and has a nightmare about the kidnapping of his younger brother, Garrett. Within the nightmare, he meets five children who also witnessed the event. The next day, Jane hires a gang of vandals, including Abby's babysitter, Max, to vandalize the pizzeria and get Mike fired, hastening her custody of Abby. Mike meets police officer Vanessa Shelly, who explains that the building closed during the 1980s after several children went missing there. Once Mike's shift ends and he leaves, the vandals break in, but the pizzeria's animatronic mascots—Freddy Fazbear, Bonnie, Chica, Foxy and Mr. Cupcake—kill the entire group. On his third night, Mike brings Abby to work when Max fails to show. The animatronics befriend her and Mike discovers that they are possessed by the spirits of the missing children, who consistently mention a ""yellow rabbit"". Vanessa warns Mike not to touch the 'springlock' suits, which contain internal gears with a faulty design that can impale the wearer. On the fourth night, Abby is accidentally injured while bonding with the animatronics. The next day, Mike reluctantly allows Jane to babysit Abby while he goes back to Freddy’s with sleeping pills, hoping to induce more dreams to learn what happened to Garrett. In the dream, the children offer for Mike to stay with Garrett forever in exchange for Abby. Mike initially accepts, but when he changes his mind, he is attacked and injured by Foxy. A disused Freddy animatronic [ a ] incapacitates Jane and brings Abby back to the pizzeria. Vanessa reveals that she is the daughter of William Afton, the serial killer who kidnapped and murdered Garrett and the other children, hiding their corpses in the animatronics, and allowing their souls to be under his control. Realizing the animatronics plan to murder Abby and have her join them in the afterlife , Mike rushes to the pizzeria and thwarts the animatronics, but Afton arrives in the yellow rabbit suit and reactivates them. He then reveals himself to be Raglan and stabs Vanessa. Reminded of the...","",""
"507241","The Killer's Game","2024","When top hitman Joe Flood is diagnosed with a terminal illness, he decides to take matters into his own hands – by taking a hit out on himself. But when the very hitmen he hired also target his ex-girlfriend, he must fend off an army of assassin colleagues and win back the love of his life before it's too late.  [PLOT] Plot Zee is a professional hitwoman living in Paris who is regularly employed by Finn, an Irishman working for crime lord Jules Gobert, to eliminate Gobert's rivals in the drug business. Her violent lifestyle has left her with few things to enjoy, including the friendship of an old tailor named Tessier, who provides her with disguises, keeping a goldfish, and solving crossword puzzles. In the underworld, she is infamous as the Queen of the Dead. Finn contracts Zee to kill a drug gang from Marseille partying in a local nightclub where an American singer named Jenn Clark is performing. At the same time, police inspector Sey and his partner Jax try to arrest Jenn's drug-dealing boyfriend ""Coco"", but Coco escapes, injures Jax and takes a hostage, forcing Sey to kill him. At his death, Coco was listening to a demo of one of Jenn's songs, leading Sey onto Jenn's trail. In spite of the gangsters receiving texts that Coco has been killed, Zee eliminates them all, but Jenn hits her head in a fall, causing her to go blind. Although obliged to kill all present, Zee spares Jenn as an uninvolved civilian. Finn then sends her to the hospital where Jenn is staying to finish the job. Posing as a vice-consul from the US embassy, Zee gains access to Jenn's room. Before Jenn can be killed by the IV drip Zee has poisoned, Sey enters to take her statement, but due to traumatic shock, Jenn remembers little. Zee pretends to accidentally knock over the IV before it can kill Jenn in front of Sey, raising Sey's suspicions. Sey connects Gobert to a recent heroin theft from Arabian prince Majeb Bin Faheem. However, his investigations are stymied by his superiors, who fear the impact on their careers since some gangsters involved were dirty cops working for Gobert. Additionally, it is revealed that Finn is responsible for the theft since he intends to corner the Paris drug market. Before Finn's thugs can assassinate Jenn at the hospital where Sey is visiting Jax, Zee arrives to take her to safety. During the shootout, Zee and Sey briefly meet face-to-face before Zee escapes with Jenn. After Jenn identifies Zee as the killer, she reveals that she and Coco stole Bin Faheem's heroin shipment from its original thieves, setting off the subsequent murders. Zee lies to Finn that she eliminated Jenn, but Finn later learns the truth. Sey tracks Zee down and arrests her. While questioning her, he learns she was involved in an earlier case of his, saving his life. Zee escapes custody, only to...","",""
"507773","Bring Me Home","2019","Jung-yeon receives a tip-off that her son who went missing six years ago is in a fishing village. Local officers get in her way, trying to cover up a secret that might be related to her case.  [PLOT] Plot Jung-yeon ( Lee Young-ae ) has been searching relentlessly for her son since he disappeared six years ago. One day, she suddenly receives an anonymous tip-off about his whereabouts that leads her to a fishing village. However, the villagers say they have never seen a child similar to the police officer Hong Kyung-jang ( Yoo Jae-myung ), who seems to be wary of her appearance. Jung-yeon, who senses that they are hiding something, does not give up and begins to search for the truth. [ 1 ] [ 2 ] [ 3 ] ^ .mw-parser-output cite.citation{font-style:inherit;word-wrap:break-word}.mw-parser-output .citation q{quotes:""\""""""\""""""'""""'""}.mw-parser-output .citation:target{background-color:rgba(0,127,255,0.133)}.mw-parser-output .id-lock-free.id-lock-free a{background:url(""//upload.wikimedia.org/wikipedia/commons/6/65/Lock-green.svg"")right 0.1em center/9px no-repeat}.mw-parser-output .id-lock-limited.id-lock-limited a,.mw-parser-output .id-lock-registration.id-lock-registration a{background:url(""//upload.wikimedia.org/wikipedia/commons/d/d6/Lock-gray-alt-2.svg"")right 0.1em center/9px no-repeat}.mw-parser-output .id-lock-subscription.id-lock-subscription a{background:url(""//upload.wikimedia.org/wikipedia/commons/a/aa/Lock-red-alt-2.svg"")right 0.1em center/9px no-repeat}.mw-parser-output .cs1-ws-icon a{background:url(""//upload.wikimedia.org/wikipedia/commons/4/4c/Wikisource-logo.svg"")right 0.1em center/12px no-repeat}body:not(.skin-timeless):not(.skin-minerva) .mw-parser-output .id-lock-free a,body:not(.skin-timeless):not(.skin-minerva) .mw-parser-output .id-lock-limited a,body:not(.skin-timeless):not(.skin-minerva) .mw-parser-output .id-lock-registration a,body:not(.skin-timeless):not(.skin-minerva) .mw-parser-output .id-lock-subscription a,body:not(.skin-timeless):not(.skin-minerva) .mw-parser-output .cs1-ws-icon a{background-size:contain;padding:0 1em 0 0}.mw-parser-output .cs1-code{color:inherit;background:inherit;border:none;padding:inherit}.mw-parser-output .cs1-hidden-error{display:none;color:var(--color-error,#bf3c2c)}.mw-parser-output .cs1-visible-error{color:var(--color-error,#bf3c2c)}.mw-parser-output .cs1-maint{display:none;color:#085;margin-left:0.3em}.mw-parser-output .cs1-kern-left{padding-left:0.2em}.mw-parser-output .cs1-kern-right{padding-right:0.2em}.mw-parser-output .citation .mw-selflink{font-weight:inherit}@media screen{.mw-parser-output .cs1-format{font-size:95%}html.skin-theme-clientpref-night .mw-parser-output .cs1-maint{color:#18911f}}@media...","",""
"508081","Young Mom","2017","A middle-aged man who lives with his song marries a sexy, young Korean-American woman. The son finds his father uncomfortable, but is drawn to his new step-mother.  [PLOT] Plot After her mother Li Huanying is fatally injured in a car accident in 2001, grief-stricken Jia Xiaoling finds herself transported back in time to the year 1981, where she becomes her mother's close friend. [ 1 ] [ 2 ] [ 3 ] Jia Xiaoling feels that she has not been a good enough daughter in the present, so back in 1981, she does all she can to make Li Huanying happy, including setting her up with a factory manager's son, Shen Guanglin, in the hope of giving her mother a better husband, a better daughter, and a better life than she had the first time around. [ 4 ] ^ .mw-parser-output cite.citation{font-style:inherit;word-wrap:break-word}.mw-parser-output .citation q{quotes:""\""""""\""""""'""""'""}.mw-parser-output .citation:target{background-color:rgba(0,127,255,0.133)}.mw-parser-output .id-lock-free.id-lock-free a{background:url(""//upload.wikimedia.org/wikipedia/commons/6/65/Lock-green.svg"")right 0.1em center/9px no-repeat}.mw-parser-output .id-lock-limited.id-lock-limited a,.mw-parser-output .id-lock-registration.id-lock-registration a{background:url(""//upload.wikimedia.org/wikipedia/commons/d/d6/Lock-gray-alt-2.svg"")right 0.1em center/9px no-repeat}.mw-parser-output .id-lock-subscription.id-lock-subscription a{background:url(""//upload.wikimedia.org/wikipedia/commons/a/aa/Lock-red-alt-2.svg"")right 0.1em center/9px no-repeat}.mw-parser-output .cs1-ws-icon a{background:url(""//upload.wikimedia.org/wikipedia/commons/4/4c/Wikisource-logo.svg"")right 0.1em center/12px no-repeat}body:not(.skin-timeless):not(.skin-minerva) .mw-parser-output .id-lock-free a,body:not(.skin-timeless):not(.skin-minerva) .mw-parser-output .id-lock-limited a,body:not(.skin-timeless):not(.skin-minerva) .mw-parser-output .id-lock-registration a,body:not(.skin-timeless):not(.skin-minerva) .mw-parser-output .id-lock-subscription a,body:not(.skin-timeless):not(.skin-minerva) .mw-parser-output .cs1-ws-icon a{background-size:contain;padding:0 1em 0 0}.mw-parser-output .cs1-code{color:inherit;background:inherit;border:none;padding:inherit}.mw-parser-output .cs1-hidden-error{display:none;color:var(--color-error,#bf3c2c)}.mw-parser-output .cs1-visible-error{color:var(--color-error,#bf3c2c)}.mw-parser-output .cs1-maint{display:none;color:#085;margin-left:0.3em}.mw-parser-output .cs1-kern-left{padding-left:0.2em}.mw-parser-output .cs1-kern-right{padding-right:0.2em}.mw-parser-output .citation .mw-selflink{font-weight:inherit}@media screen{.mw-parser-output...","",""
"508336","Camera Threat","2017","Somewhere in the dreary zones of Mumbai's film industry, stuck between star-cult, superstition and the daily gridlock, Camera Threat explores the ambivalent, and sometimes paranoid relationship that this film city has with the moving image itself. Seated on a casting couch, two actors are getting trapped in their impromptu conversations on the unwanted side effects of a world that no longer bothers to tell facts from fiction.  An expanded multi-genre film within the constraints of the so-called Masala Formula popularly known from Indian cinema.  [PLOT] Plot In October 1988, twelve-year-old Bill Denbrough makes a paper sailboat for his seven-year-old brother Georgie . Georgie sails the boat along rainy streets, only to have it fall down a storm drain. Attempting to retrieve it, Georgie sees a clown in the drain, who introduces himself as "" Pennywise the Dancing Clown "". Pennywise bites off Georgie's arm and drags him into the sewer. The following summer, Bill and his friends Richie Tozier , Eddie Kaspbrak , and Stanley Uris run afoul of older bullies Henry Bowers , Belch Huggins, Patrick Hockstetter , and Victor Criss. Bill calculates that his brother's body may have washed up in the marshy wasteland ""The Barrens"". He investigates with his friends, believing Georgie may still be alive. Bill's classmate Ben Hanscom learns that unexplained tragedies and child disappearances have plagued the town for centuries. Fleeing Bowers' posse, Ben meets Bill's group in the Barrens. They find the sneaker of missing girl Betty Ripsom, and Patrick is killed by drowned children while searching the sewers. Bill and Ben develop feelings for bullied girl Beverly Marsh . The group befriends orphan Mike Hanlon having rescued him from Bowers. Each member of the group has encountered terrifying manifestations of Pennywise: Ben is chased by a headless undead boy, Beverly is attacked by a sink spewing blood only children can see, Eddie is chased by a rotting leper , Stan witnesses a painting of a woman coming alive, Mike relives his parents burning alive, and a phantom of Georgie haunts Bill. Dubbing themselves ""The Losers Club"", they realize they are all being stalked by the same entity, which they call as ""It"". They determine that It appears as their individual worst fears, awakening from hibernation every 27 years to feed on the children of Derry , and that it travels via the sewer lines, which all lead to an old well under an abandoned house on Neibolt Street. Pennywise attacks them while they look through photos in Bill's garage. Beverly shows little fear of Pennywise. The group ventures to confront him, only to be separated and terrorized by their fears. As Pennywise gloats to Bill about Georgie, It charges at them, but Beverly stabs him in the head with a metal spike. Pennywise retreats after injuring Ben. The group flees with only Bill and Beverly fighting Pennywise. Weeks later, after Beverly confronts and incapacitates her sexually abusive father, Pennywise abducts her. The Losers Club returns to the abandoned house to...","",""
"508439","Onward","2020","In a suburban fantasy world, two teenage elf brothers embark on an extraordinary quest to discover if there is still a little magic left out there.  [PLOT] Plot In the midst of rain at 4:03am, Tom Cooper is parked outside of his ex-wife's house. He is in pain and consumes one tablet of hydrocodone . He then removes his wedding ring, tossing it with contempt into the back seat. Tom grabs a hammer, a can of gasoline , and breaks into the house where he kills his ex-wife and her boyfriend. He then sets the house aflame. It explodes as he drives away. A news report states that Tom had a history of substance abuse and violence, and a restraining order was placed on him by his ex-wife after 12 months of repeated domestic disturbances. The following morning, Rachel Flynn, a newly divorced single mother, drives her son Kyle to school during rush hour traffic. As she is running late to work, one of her clients fires her over the phone. She then honks at Tom's pickup truck, which is blocking traffic at a green light. He catches up to Rachel and tries to apologize, then asks for an apology in return, saying that he wants to ""hit reset"", and that ""people should apologize for anything they do wrong"". Rachel says that she has nothing to apologize for. In return, Tom promises to teach her ""what it means to have a bad day"". At the end of the road, Tom drives in front of Rachel and stops. He then drives away. Unsettled, she arranges to meet her friend Andy, who is also her divorce lawyer, at a diner. Tom tracks Rachel to a gas station and switches his phone with hers while she is inside paying for her gas. Rachel sees him outside and gets help from a customer who accompanies her back to her car. The customer gets Tom's license plate number but is then rammed by the truck, which leads him to getting hit and killed by another car. A chase ensues, during which Tom shows Rachel that he has her phone. He uses her daily planner to locate Andy at the diner. Before she can warn Andy, Tom beats and stabs him to death in front of everyone while being filmed by a customer. Tom tells Rachel over the phone that she must choose another one of her contacts to die next. He suggests her ex-husband, her mother, or Kyle. She instead names the client who fired her, then calls the police, who respond to the client's home while Rachel races to Kyle's school. Meanwhile, Rachel's brother Fred is at her home watching a news report about the diner incident. According to the report, Tom worked as middle manager of an auto plant , where he was fired just shy of his pension after suffering a bad injury. Due to the injury, he became addicted to...","",""
"508442","Soul","2020","Joe Gardner is a middle school teacher with a love for jazz music. After a successful audition at the Half Note Club, he suddenly gets into an accident that separates his soul from his body and is transported to the You Seminar, a center in which souls develop and gain passions before being transported to a newborn child. Joe must enlist help from the other souls-in-training, like 22, a soul who has spent eons in the You Seminar, in order to get back to Earth.  [PLOT] Plot In New York City , pianist Joe Gardner teaches music part-time at a middle school while dreaming of playing jazz professionally. When he receives an offer to teach full-time, his mother Libba urges him to accept, although Joe is resistant. Joe learns famous jazz musician Dorothea Williams has an opening in her quartet and auditions at a jazz club. Impressed with his piano playing, Dorothea hires him for that night's show. As Joe heads off, his excitement distracts him, and he dies falling down an open manhole . Joe finds himself a disembodied soul heading into an afterlife called the ""Great Beyond"". Unwilling to die, he tries to escape but ends up in the ""Great Before"" (aka ""You Seminar""), a realm where new souls are prepared for life on Earth with guidance from otherworldly counselors — all named Jerry — and experienced souls who act as mentors: each soul has a badge that grants passage to Earth once it has been completely filled in with interests and personality traits. Mistaken for a mentor, Joe is assigned to 22, a cynical soul who has been in the Great Before for thousands of years and hopes to avoid Earth. Intrigued by Joe's desperation to return to an unremarkable life, 22 agrees to let Joe help find her ""spark"", which will complete her badge and enable Joe to use it to return home. After Joe fails several attempts to find 22 a passion, they visit ""the Zone"", a place that souls enter when their passions create a euphoric trance , but which becomes a trap for obsessed, lost souls. They meet Moonwind, a sign twirler who regularly enters the Zone to rescue lost souls, and helps the duo locate Joe's soulless body in a hospital. Joe returns to Earth but accidentally brings 22 with him, and they awaken in Joe's hospital room in the wrong bodies, with 22 inhabiting Joe's body and Joe inhabiting the body of a therapy cat . They locate Moonwind, who agrees to meet at the jazz club that night to restore Joe to his body. In the meantime, 22 settles into Joe's body and starts to find enjoyment in trivial things like food, wind, and music. She holds poignant conversations with Libba, Joe's student Connie, and Joe's barber Dez, deepening her understanding of life. Meanwhile, Terry, the being in charge of counting souls, discovers the count is off and arrives on Earth to find Joe. As the day ends, Joe and 22 visit Moonwind to return Joe to his body, but 22, having finally discovered the joy of living, refuses to leave Joe's body and flees. As Joe chases her...","",""
"508642","Gonjiam: Haunted Asylum","2018","The crew of a horror web series travels to an abandoned asylum for a live broadcast, but they encounter much more than expected as they move deeper inside the nightmarish old building.  [PLOT] Plot Two boys livestream themselves exploring the abandoned Gonjiam Psychiatric Hospital, where rumor states that the hospital's ping pong -loving director murdered all the patients before disappearing. The two head to Room 402, the intensive care unit , which no one has ever managed to open. After the sound of a ping-pong ball is heard, their livestream abruptly ends, with a fleeting glimpse of a ghostly face. News of their disappearance prompts Ha-joon, owner of the YouTube channel ""Horror Times"", to investigate the hospital. He enlists six people—three women (Ah-yeon, Charlotte, and Ji-hyun) and three men (Sung-hoon, Seung-wook, and Je-yoon)—for the livestreamed exploration. While the six enter the building, Ha-joon remains at a base camp nearby to oversee the broadcast. To spice up the livestream as with previous ""Horror Times"" videos, Ha-joon, Sung-hoon, and Seung-wook have prepared fake scares for the explorers and viewers to react to. Once inside, the group make a few ""discoveries"" (staged in advance) to up the tension. Outside, the camp's propane burners turn on by themselves. Ha-joon's equipment fails, temporarily cutting him off from the group. Je-yoon and Ah-yeon attempt to open Room 402 while the others explore the common room, where they find closets with holes in them. When Ji-hyun places her arm inside one, it is pulled and scratched. Frightened, Ji-hyun and Charlotte bail out and leave the asylum. Meanwhile, Ha-joon watches footage of all six participants together and becomes unsettled, unsure who filmed it. Nevertheless, he convinces Seung-wook and Sung-hoon to continue the scripted livestream, promising them higher pay. In the supply room, they encounter objects moving by themselves, and Seung-wook is knocked unconscious. Sung-hoon is dragged out of the room and also struck unconscious. Outside the hospital, Ji-hyun and Charlotte repeatedly see the marked tree, and realize they are walking in circles. Ji-hyun falls into a trance and her eyes turn black. Terrified, Charlotte flees toward the camp but finds herself back inside Room 402. After several scares, a naked man appears and drags her into the darkness. Sung-hoon wakes and runs to Je-yoon and Ah-yeon, who are still trying to open Room 402. He admits to them and on camera that some earlier events were staged, but now real paranormal forces are happening and they must rescue Seung-wook. A ping-pong ball is suddenly thrown at them, followed by Charlotte's screams from inside Room 402....","",""
"508822","HiGH&LOW The Movie 2: End of Sky","2017","Members of SWORD win against Wangan Rengogun, which is led by Kohaku. The city becomes peaceful again.  Nevertheless, the most brutal gangs, Doubt and Prison Gang, appear. They try to dominate the area controlled by SWORD.","",""
"508883","The Boy and the Heron","2023","While the Second World War rages, the teenage Mahito, haunted by his mother's tragic death, is relocated from Tokyo to the serene rural home of his new stepmother Natsuko, a woman who bears a striking resemblance to the boy's mother.  As he tries to adjust, this strange new world grows even stranger following the appearance of a persistent gray heron, who perplexes and bedevils Mahito, dubbing him the ""long-awaited one.""  [PLOT] Plot During the Pacific War , Mahito Maki loses his hospitalized mother, Hisako, in a fire. Mahito's father Shoichi, an air munitions factory owner, marries his late wife's sister , Natsuko, and they evacuate to her rural estate. Mahito, distant to the pregnant Natsuko, encounters a peculiar grey heron leading him to a sealed tower, the last known location of Natsuko's architect granduncle. After a school fight, Mahito deliberately injures himself . The heron, now speaking, entices Mahito with promises of finding his mother. Mahito is nearly kidnapped by a swarm of creatures, but Natsuko saves him with a whistling arrow , inspiring him to craft his own bow and arrow. The arrow is magically imbued with true aim after it is fletched with the heron's feather. Mahito's reading of a book left by Hisako is interrupted when an ill Natsuko disappears into the forest. Leading one of the estate's elderly maids, Kiriko, into the tower, Mahito is deceived by a watery imitation of his mother made by the heron, which dissolves at his touch. Affronted, he pierces the heron's beak with his arrow, revealing a flightless creature, the Birdman, living inside it. A wizard appears, ordering the Birdman to guide Mahito and Kiriko as all three sink into the floor. Mahito descends into an oceanic world. He is rescued from attacking pelicans and a forbidding, megalithic dolmen by a younger Kiriko, an adept fisherwoman who uses fire through a magic wand. They catch and sell a giant fish to bubble-like spirits called Warawara, which fly to the world above to be reborn. A pyrokinetic young woman, Himi, protects Warawara from predation by the pelicans. A dying pelican explains that their species is desperate to survive after being introduced to this world with no other food. Kiriko mediates peace between Mahito and the Birdman, and Mahito plugs the Birdman's beak, restoring his flight. The two are separated by anthropomorphic, man-eating parakeets . Himi saves Mahito and shows him a counterpart of the tower which contains doors to many worlds. They enter a door leading back to Natsuko's estate and are spotted by Shoichi, but Mahito returns through the door to continue his search for Natsuko. Infiltrating the parakeets' kingdom, Mahito finds Natsuko in a delivery room. Natsuko rebuffs him, and Mahito calls her his mother. Himi incinerates the paper attacking them, but all three are rendered unconscious by the encounter. In a dream, Mahito meets the wizard, Natsuko's granduncle. The...","",""
"508943","Luca","2021","Luca and his best friend Alberto experience an unforgettable summer on the Italian Riviera. But all the fun is threatened by a deeply-held secret: they are sea monsters from another world just below the water’s surface.  [PLOT] Plot In the summer in the 1950s, [ 1 ] timid sea monster child Luca Paguro herds goatfish off the coast of the Italian town of Portorosso. One day, Luca meets Alberto Scorfano, a fellow sea monster kid living alone in an abandoned lighthouse. Alberto demonstrates how sea monsters transform into humans when they are dry. Luca begins sneaking out to meet Alberto against his parents' order to stay away from the surface, fearing that he might be hunted by humans. The boys quickly become friends, wishing to own a Vespa and travel around the world. Upon discovering Luca's actions, his parents decide to send him to live in the deep with his uncle Ugo. To avoid this, Luca runs away from home and hides in Portorosso with Alberto. The boys run afoul of Ercole Visconti, the local bully and five-time champion of the Portorosso Cup, a triathlon of swimming, pasta-eating, and biking. When Ercole tries to soak Luca in a fountain, Giulia Marcovaldo, a young little girl, stops him. In hopes of winning the money needed for a Vespa, the boys team up with Giulia for the triathlon. Giulia invites them to stay at her house and introduces her fisherman father, Massimo, who is prejudiced against sea monsters. Meanwhile, Luca's parents infiltrate the town to find their son. Giulia and Luca bond over their love of learning, to Alberto's ire. When Luca shows interest in attending school, Alberto intentionally reveals his own sea monster form to Giulia to prevent it, frightening her. Unwilling to give himself up, Luca feigns shock at the transformation, and a betrayed Alberto flees as Ercole's gang arrives to hunt him. Shortly after, Giulia finds out that Luca is a sea monster as well, and sends him away for his safety. Luca heads to Alberto's hiding place in an effort to reconcile with him, and learns that Alberto was abandoned by his father long ago. Though Alberto declines to participate in the triathlon, Luca promises to win the Vespa to rebuild their friendship. The triathlon begins with Luca and Giulia competing separately. Luca successfully completes the swimming race in a diving suit and the pasta- eating contest without revealing himself, but it begins to rain during the bike race. Alberto shows up to give Luca an umbrella , but Ercole knocks it away, exposing Alberto's sea monster form and shocking the spectators and Ercole. Luca rescues Alberto, revealing his own true form, and the two bike towards the finish to get to the sea. Giulia deliberately collides with Ercole's...","",""
"508947","Turning Red","2022","Thirteen-year-old Mei is experiencing the awkwardness of being a teenager with a twist – when she gets too excited, she transforms into a giant red panda.  [PLOT] Plot In 2002 Toronto, 13-year-old Meilin ""Mei"" Lee lives with her parents, Ming and Jin, helps take care of the family's temple dedicated to her maternal ancestor Sun Yee, and works to make her mother proud. She hides her personal interests from Ming, such as the fact that she and her friends Miriam, Priya, and Abby are fans of the boy band 4*Town. One night when Ming, who is strict and overprotective, discovers Mei's crush on Devon, the 17-year-old local convenience store clerk, she inadvertently humiliates Mei in public. That night, Mei has a vivid nightmare involving red pandas; waking up the next morning, she finds that she has transformed into one. She hides from her parents and discovers that she transforms only when she is in a state of high emotion. When Mei reverts to human form, her hair remains red, and so she goes to school in a touque . Ming initially believes Mei is experiencing her first period , but learns the truth when she gets into an altercation with the school's security guard, causing Mei to transform from embarrassment and run home in panic and tears. Ming and Jin explain that Sun Yee was granted this transformation to protect her daughters and her village during wartime, and that all her female descendants have also had this ability. This has become inconvenient and dangerous in modern times, so the red panda spirit must be sealed in a talisman by a ritual on the night of a lunar eclipse , which will take place in a month's time. Mei's friends discover her transformation, but take a liking to it. Mei finds that concentrating on them enables her to control her transformations. Ming allows Mei to resume her normal life, but refuses to let Mei attend 4*Town's upcoming concert. Instead, the girls secretly raise money for the tickets at school by exploiting the popularity of Mei's red panda form while lying to Ming about how Mei is spending her time. To raise the last 200 dollars, Mei agrees to attend school bully Tyler's birthday party as the red panda. Before Mei leaves, Mei's grandmother and aunts arrive to assist with Mei's ritual. At the party, Mei is upset to discover that the concert will be on the night she is to undergo the ritual. In her rage, she attacks Tyler when he insults her family, frightening the other kids. Ming discovers Mei's activities and blames Mei's friends for everything. Mei fails to come to her friends' defense to maintain Ming's approval. While cleaning, Jin finds videos Mei recorded of herself as the red...","",""
"508965","Klaus","2019","A selfish postman and a reclusive toymaker form an unlikely friendship, delivering joy to a cold, dark town that desperately needs it.  [PLOT] Plot Lily and Paul invite their three-generation family to their seaside home over a weekend. Anna and her partner Chris arrive late, and it soon becomes apparent that she is estranged. Trying to connect with her sister, Jennifer helps Anna in her room, asking her why she hasn't responded to various family events. Chris has to be introduced around as everyone doesn't know her. Jennifer asks Anna about dancing, which she has quit, she then lists all the other pursuits she's quit like acupuncture, quilting and yoga which their parents have paid for. Anna also is critical of Jennifer's husband Michael, and likewise Jennifer disapproves of Anna bringing her on and off again Chris and of Lily's long-time friend Liz's presence. Everyone is there to say goodbye to Lily, who has an incurable disease, and with the help of her husband Paul has chosen to pursue euthanasia when the weekend is over. In the meantime, they do crossword puzzles, play charades, etc. The next morning, the grandson Jon asks his grandfather how they will euthanise Lily. As euthanasia is illegal in the state, although in reality Paul is going to give her the lethal dose, he's going to tell them on the 911 emergency phone line that she must have taken it while he was on a walk. Although Jon sees her as still okay, Paul explains that Lily is very likely go downhill fast, so she must do it while her arm still works. At breakfast, although it is summer, Lily suggests they do an early Christmas, assigning different people tasks. First, they all go for a walk, and she shows them where Jennifer was conceived, hence why she and Paul ended up buying the land and building the house there. When Anna asks, her conception story is ordinary. As her end approaches, their mother's decision becomes more and more difficult to handle for her daughters Jennifer and Anna. Anna tells Chris she is going to call 911 to prevent the procedure, who isn't too supportive of this. In the kitchen, as they're preparing the meal, Jen finds the pentobarbital . As Jon hangs the ornaments for Lily, he asks for life advice, which she attests elders are no wiser. When she presses for him to tell her his hidden desire, he admits he'd like to become an actor. Over dinner, Lily gives each of them a piece of jewelry important to her, as well as a novelty tie for Michael and a dildo for Jen. Jon's parents show how controlling they are of him, disapproving when he says he wants to be an actor, he is offered wine and Lily pulls out pot....","",""
"509635","Alone","2020","A recently widowed traveler is kidnapped by a cold blooded killer, only to escape into the wilderness where she is forced to battle against the elements as her pursuer closes in on her.  [PLOT] Plot One morning, a young man named Aidan awakens from a tryst with a random woman. A violent outbreak soon starts to happen outside of his apartment; everyone is being attacked by infected people called Screamers. Neighbor Brandon enters Aidan's apartment after being attacked by his roommate. Aidan threatens Brandon with a kitchen knife to leave after noticing a wound in the back of his neck. Later, Brandon begins to turn, but Aidan gets him out of his apartment before the change is complete. On the news, Aidan learns that the virus is transferred by bite and scratching. The symptoms of being infected include bleeding eyes, rage, cannibalism , inhuman screaming, and repeating the last words said before turning. The Screamers are aware of what they are doing but cannot stop themselves. Their repeated use of their last words are an attempt to plead for someone to stop them. Aidan tries contacting his family, but the signal is not working on his phone. He can receive the text messages his father sends him, which inform Aidan that his sister got away, but is out of contact. Aidan's parents are trying to reach him but are having trouble with the outbreak. The last message from Aidan's father instructs Aidan to 'Stay Alive' and to not leave his home until they arrive. Aidan follows his father's orders and isolates himself in the apartment. Over time he tallies the days that pass on his bathroom mirror, keeps video logs on his laptop, and tries to keep himself entertained. Eventually, he begins to run out of food, the water in his building is cut off, and he begins to hallucinate about his parents. A Screamer eventually breaks into his home using the air ducts connecting the rooms. He fights the Screamer off with a baseball bat and dumps the body off his balcony while sealing the vent the Screamer crashed through. He later learns through a voicemail from his mother that his parents died while hiding from Screamers. Distraught, Aidan attempts suicide. The moment he readies to hang himself, however, he sees a woman on a balcony across from his; she is a normal human woman. Having found renewed hope, he gives up his suicide attempt. He contacts her the next morning using premade cue cards and learns that her name is Eva. The two strike up a friendship, with Aidan offering his reserved bottled water for her. He later gets Brandon's keys and grabs the remaining food and rock climbing gear to help Eva, even finding radios for them to communicate. The two decide for...","",""
"509967","6 Underground","2019","After faking his death, a tech billionaire recruits a team of international operatives for a bold and bloody mission to take down a brutal dictator.  [PLOT] Plot In 1986, young Adelaide Thomas wanders away from her parents at the Santa Cruz Beach Boardwalk and enters a funhouse . She encounters a doppelgänger of herself in the house of mirrors . Following the encounter, she suddenly stops speaking, and withdraws from her family. Thirty-three years later, Adelaide, now an adult, reluctantly joins her husband, Gabe Wilson, and their children, Zora and Jason, on a vacation. They are joined by friends, Josh and Kitty Tyler, along with their twin daughters, Becca and Lindsey, at the beach. During their outing, they observe paramedics removing the body of an elderly man holding a sign that matches one Adelaide had seen on the day she encountered her doppelgänger, as a child. Later, Jason spots an individual bearing a striking resemblance to the deceased, motionless with outstretched arms and bloodied hands. That night, Adelaide relays her story to Gabe, when the lights suddenly go out. Jason notices a family of four in the driveway, who break into the house and corner the Wilsons. The intruders are the Wilsons' doppelgängers: Red (Adelaide's doppelganger, who she met all those years ago), Pluto (Jason's pyromaniac, facially scarred double), Umbrae (Zora's sadistic double) and Abraham (Gabe's animalistic double). Red is the only double who can speak, albeit in a raspy voice. She explains that they are called ""the Tethered"", as they share a soul with their counterparts and have come to ""untether"" themselves. The Wilsons are separated and terrorized by their doppelgängers. Jason discovers that Pluto mirrors his actions. After Gabe kills Abraham, the family escapes. Meanwhile, the Tyler family is attacked and murdered in their home by their doppelgängers. The Wilsons arrive and are attacked as well, but they manage to overpower and kill the Tylers' doubles. They watch the news and learn that the Tethered have been murdering their equivalents across the city then joining hands to form a human chain (similar to the one from the Hands Across America demonstration) that surrounds the city. The Wilsons decide to drive along the coast and escape to Mexico. While they are leaving, Umbrae intercepts the car but Zora throws her off the car and kills her; Adelaide goes separately to comfort Umbrae as she dies. Arriving at the boardwalk, the Wilsons find many townspeople slaughtered. The road is blocked by a burning car. Jason, realizing it is a trap set by Pluto, orders everyone out of the car. Before Pluto can ignite the...","",""
"510794","Tu Mo Hero","2017","Khushi falls in love with Prem due to his personality. However, her father is against their relationship and tries to do whatever it takes to keep them apart.  [PLOT] Synopsis Lata and her husband Sambhu get introduced at Salia Sahi in Bhubaneswar. Sambhu and Lata adopt his sister's son Prem. Prem is the most stylish among the boys which makes Khushi daughter of State Bank manager Abhiji fall in love with him. But her father is against their relationship and wants Khushi to marry the son of a wealthy builder. Heartbroken, Prem attempts suicide but survives somehow. The rest of the movie conveys how they fight to be together.","",""
"511142","The Tooth","2017","Every child knows full well that losing a tooth is only the prologue to a magical experience—namely, a night-time visit from the tooth fairy and the gift she leaves behind. So why, in this case, is the tooth fairy a no-show? These are the sorts of questions a father needs to be able to answer for his son… In this brilliantly simple animated short, Quebec cartoonist Guy Delisle brings to the screen the titular parent of his popular series, Le guide du mauvais père (A User’s Guide to Neglectful Parenting), published by Delcourt. Inspired by a common childhood experience, Delisle uses his trademark wry humour to reflect on the vagaries of parenting. A slice of everyday life, courtesy of the Comic Strip Chronicles.  [PLOT] Plot In the middle of the 19th century, in the town of Darkness Falls, Maine , elderly widow Matilda Dixon was adored by the town's children. She would give them a gold coin whenever they lost a tooth, earning her the nickname Tooth Fairy . One night, a fire broke out in her house and left her face disfigured and severely sensitive to light. She wore a white porcelain mask and would only leave her house at night. However, the town's adults were suspicious of Matilda, believing her to be a witch. When two children went missing, the town quickly turned on Matilda. They tore off her mask, exposed her face to light and hanged her. Before her death, Matilda placed a curse on the town and swore revenge. ""What I gave before in kindness, I will take forever in revenge"". When the two missing children returned home unharmed, the town realized their mistake and quickly buried Matilda's body, keeping their deed a secret. Over the next 150 years, the story of Matilda became the legend of the Tooth Fairy. Her spirit visits children on the night they lose their last baby tooth. If anyone lays eyes upon her, they will face her curse and be killed. In 1990, Kyle Walsh loses his last baby tooth. That night, he wakes after a horrific nightmare and senses Matilda's presence, discovering that the story is true. Knowing that she cannot bear the light, he shines a flashlight into her face and flees, hiding in the brightly lit bathroom. His mother tries to reassure him that there is nobody else in the house, but is killed after seeing Matilda in Kyle's room. The next morning, police arrive and Kyle is removed to a psychiatric institution after mistaken speculations that he killed his mother. 12 years later, Caitlin Greene, an old friend from school, telephones Kyle to ask for his help with her younger brother Michael, who refuses to sleep in the dark. Kyle still suffers extreme paranoia from his encounter with Matilda. He has dozens of flashlights and numerous medications for anxiety, depression and sleep disorders. Kyle visits Michael at the hospital but denies any relation to his condition and walks away from Caitlin. She still believes that the legend of Matilda Dixon is just a story, one which they were all told as children but a story nonetheless. Kyle tries to warn others of Matilda but faces ridicule and skepticism which leads to the death of many townspeople for not believing him. A lightning storm blacks out the whole town. Realizing that Michael and Caitlin are in...","",""
"511642","Female Hostel 2","2018","At a women's boarding house, the ladies like to be pampered and served by the men and expect satisfaction of all of their desires.  [PLOT] Plot Tina works for the Swedish Customs Service and uses her heightened olfactory sense to detect contraband , as well as human emotions such as guilt and shame. She has a strongly Neanderthalic appearance and lives in a secluded house in the woods with Roland, a dog trainer. One day at the border, Tina sniffs out a memory card containing child pornography , and her superior asks her to help with the subsequent investigation. The next day, a strange man with facial features similar to Tina's appears at customs. His bag is revealed to contain maggots and a device that the man claims is a maggot incubator. Tina lets him pass, but he soon returns and volunteers to be strip searched. Tina is taken aback when she learns that the man has female genitalia and a large scar on his tailbone similar to one she herself has. The man introduces himself as Vore and states that he will be staying in a nearby hostel. Tina goes to a nursing home to see her father, who does not look like her. Upon being asked about the origin of her scar, Tina's father tells her she fell on something as a small child. She then visits the hostel where she finds Vore eating maggots off a tree. He gives her one, which she eats. Tina offers him a room in her guest house, and he accepts. Tina brings him home. He tries to kiss her. Roland's suspicions are aroused. Tina accompanies the police when they search the apartment where the suspected pedophiles live and detects a camera with footage of an infant being sexually abused. The police arrest the occupants but cannot identify who is trafficking the infants. During a thunderstorm, Vore enters Tina's house, and the two huddle under a table, terrified by the lightning. They finally kiss. Tina later confesses that she has a chromosome deformity which makes it difficult for her to have sex and impossible to bear children. Vore tells her that it's not a deformity, and she should ignore what humans say about her. Tina is astonished as an erect penis emerges from her groin. The two have sex, after which Vore tells Tina that she is a troll , just like he is, and that he is hoping to get in contact with a group of trolls who maintain a furtive existence in Finland. Tina is excited by her newfound identity and begins living more like a troll, finally mustering the courage to evict Roland. She notices that Vore has taped his refrigerator shut. Upon opening it, she finds a strange infant in a cardboard box. Vore tells Tina that the baby is a hiisi , an...","",""
"511987","Crawl","2019","When a huge hurricane hits her hometown in Florida, Haley ignores evacuation orders to look for her father. After finding him badly wounded, both are trapped by the flood. With virtually no time to escape the storm, they discover that rising water levels are the least of their problems.  [PLOT] Plot University of Florida swimmer Haley Keller receives a call from her older sister Beth advising her to leave the state due to the imminent arrival of a Category 5 hurricane . Concerned for the safety of her estranged father Dave, Haley checks on him at his condo but finds it empty except for the family dog, Sugar. Against the instructions of Beth's ex-boyfriend Wayne, a Florida state trooper, she ignores evacuation orders and goes with Sugar to their old family home in Coral Lake, a location at risk of flooding. Haley finds the house empty. She enters the crawl space under the house and finds her father mauled but alive. She attempts to drag him out but is stopped by a large American alligator . She and her father retreat back where she found him, in an area that the animal cannot enter, but she drops her phone. As the house begins to flood, she attempts to retrieve the phone but encounters a second gator that crushes it and injures her leg. She retreats back to the safe space. Peeping outside through holes in the wall, she sees three looters at a nearby gas station. She gets the attention of one, but then all three are attacked and devoured by alligators swimming in the rising floodwaters. Wayne and his partner Pete arrive at the old house searching for Haley and Dave. Wayne enters the house, but Pete is ambushed and torn to pieces by the alligators. Wayne locates the crawl space. Haley and Dave warn him of the danger, but he is pulled in and devoured. In a last-ditch effort to escape, Haley swims to a storm drain , where she discovers the alligators have made their nest and laid eggs . An alligator attacks her, but she kills it with Wayne's gun. With the floodwaters almost filling the crawl space, Haley swims out into the flooded street through the storm drain, enters the house, and uses a crowbar to make a hole in the living room floor, saving Dave. They take the dog and make their way to a boat outside as the hurricane's eye moves over the neighborhood. However, the floodwaters break the nearby levees and crash them back into the house, separating them. As Dave and Sugar make their way up the stairs, an alligator attacks Dave and bites off his right forearm . Haley navigates around the kitchen and uses a police radio floating in the floodwater to call for rescue. An alligator closes on her, but she traps it in the bathroom's shower stall. While making her way to the attic, she is attacked by another alligator that attempts to kill her with a death...","",""
"512195","Red Notice","2021","An Interpol-issued Red Notice is a global alert to hunt and capture the world's most wanted. But when a daring heist brings together the FBI's top profiler and two rival criminals, there's no telling what will happen.  [PLOT] Plot During the 1st century BC , Roman general Mark Antony gives Egyptian queen Cleopatra three bejeweled eggs as a wedding gift. The eggs are lost in time until two are found by a farmer in 1907, but the last one remains lost for over 2,000 years. In the present, John Hartley is an FBI profiler who investigates the theft of one of the eggs on display at the Museo Nazionale di Castel Sant'Angelo in Rome , along with Interpol agent Urvashi Das. Having stolen the egg, globally wanted art thief Nolan Booth manages to escape but finds Hartley and the Interpol at his home in Bali . They arrest Booth, but not before Booth's main rival Sarah ""The Bishop"" Black steals the egg and frames Hartley. Das has Hartley incarcerated in a remote Russian prison with Booth, believing he is responsible for the theft. Hartley suggests that he and Booth work together to defeat Black. If he helps Hartley imprison her, Booth will be the number one art thief in the world and Hartley's name will be cleared. The pair escapes from prison and heads for Valencia to steal the second egg, currently in possession of arms dealer Sotto Voce. They infiltrate his masquerade ball and fight Black in Voce's vault for the egg. Black reveals she is working with Voce and they torture Hartley until Booth reveals the location of the third egg. Black betrays Voce and leaves for Egypt , where Booth claims it is. Booth reveals to Hartley that he lied; the egg is actually in Argentina in a secret location inscribed on his late father's special watch, which once belonged to Adolf Hitler 's personal art curator Rudolph Zeich. Searching the jungle, they find a secret bunker containing Nazi artifacts, including the third egg. Black arrives to steal it but the three are interrupted by Das and police. Hartley, Booth and Black escape in an antique 1931 Mercedes-Benz 770 . Booth learns that Hartley is actually not an FBI profiler, but a conman, and shares the Bishop mantle with Black; Hartley and Black are a couple and work as a team. They had planned the entire heist from the very beginning, using Booth to take them to the third egg. Booth surrenders and they leave him handcuffed. In Cairo , Hartley and Black deliver the three eggs to an Egyptian billionaire as a gift for his daughter's wedding. They then double-cross him; Interpol raids the wedding and arrests the billionaire. Six months later, Hartley and Black find Booth on their boat in Sardinia . He informs them that he told Das about their Cayman Islands...","",""
"512200","Jumanji: The Next Level","2019","As the gang return to Jumanji to rescue one of their own, they discover that nothing is as they expect. The players will have to brave parts unknown and unexplored in order to escape the world’s most dangerous game.  [PLOT] Plot After their adventures in Jumanji , Spencer Gilpin, Anthony ""Fridge"" Johnson, Martha Kaply, and Bethany Walker plan to meet up over Christmas break to hang out after being apart for their first semester of college. Spencer, feeling despondent that his life is not as glamorous as his friends', decides to go back to Jumanji , wanting to feel like his avatar again: the strong, courageous Dr. Smolder Bravestone. On visiting his house when Spencer fails to show up as planned, his friends are shocked to realize he entered the game, having gone back to retrieve the pieces and repair it after the group destroyed it following their previous escape. They follow him, knowing he cannot get out by himself. Unfortunately, Spencer's grandfather Eddie and Eddie's estranged friend Milo, who are upstairs, are also sucked into the game. As Bethany is left behind, she turns to Alex Vreeke for help. Martha once again becomes the avatar Ruby Roundhouse, but Fridge becomes Bethany's old avatar, Professor Sheldon Oberon, while Eddie and Milo become Spencer and Fridge's old avatars, Dr. Smolder Bravestone and Franklin ""Mouse"" Finbar, respectively. Expecting the same gameplay, the group is surprised by a new plot: Jumanji is suffering from a drought. To end the game, they must recover the magical Falcon Jewel, stolen by warlord Jurgen the Brutal. After escaping a stampede of ostriches, they meet up with Spencer at a bazaar, who also has a new avatar: a skilled female thief called Ming Fleetfoot. The group struggles adjusting to their avatars and have trouble with Milo not being able to relay information quickly, and Eddie's volatile carelessness costing them several lives. They reunite with Alex as his avatar Jefferson ""Seaplane"" McDonough, along with Bethany, who has become a black stallion named Cyclone. Eddie learns that Milo is terminally ill and wants to make amends before he dies, which leads them to reconcile. The group finds a river with magical water that allows them to switch avatars. This lets Spencer, Fridge and Bethany return in their original avatars of Bravestone, Finbar and Oberon, whilst Eddie and Milo are given Ming and Cyclone respectively. When Eddie and Milo are captured by Jurgen's soldiers, the friends split up to rescue their teammates and get the Falcon Jewel. They fight off Jurgen and his men and steal back the gem. Cyclone, who is discovered to have the ability to turn into a winged horse , flies up to the sky with Eddie, who shows the jewel to the...","",""
"512287","Suvarna Purushan","2018","Set in the small town of Kerala, Irinjalakuda, Suvarnapurushan is about the ardent fans and loyal followers of the Malayalam superstar, Mohanlal. It revolves around a lady, the owner of the Mary Martha theatre and her struggles and fights with other theatre owners in the town to release Mohanlal's movie Pulimurugan in her theatre.","",""
"512294","Kuttanadan Marpappa","2018","When John Paul, a wedding photographer, meets Jessy for the first time, he instantly finds himself attracted to her. His crush eventually turns into love, the feeling which is reciprocated from Jessy's end too. However, their relationship is put to test when an arranged marriage proposition comes their way and everything in their relationships goes for a toss.  [PLOT] Plot Alex ""Mestri"" Philippose is living a happy life with his epileptic wife Annie and their son Shine. One day, he loses his temper and slaps Annie, triggering a fit which causes her to fall into a well. He fails to save her and his attempts are seen as proof that he killed her. He goes to jail. The first parole application is rejected since his son does not sign it, thinking he will be targeted next. After his sister Kathrina's death, he finally succeeds in getting parole, with the intention of seeing his son. After many attempts, he locates his son, but is distraught when he learns that he is a petty criminal, working for Sudarshan, a local drug kingpin. His son is brought in for questioning, but is taken by Sudarshan. Alex finds Sudarshan, beats him up and rescues his son. The police officer investigating the case threaten to arrest Shine, but decides to arrest Alex instead when he is reminded that his own son, one of Shine's friends, would also be incarcerated. The movie ends with everyone realising about Alex's innocence as he goes back to jail for another crime he did not commit.","",""
"512295","Swathanthryam Ardharathriyil","2018","Jacob, a manager at a big financial firm, finds himself behind bars when he tries to save the woman he loves from being involved in a criminal case. The only way for him to survive and to escape was to break out of prison. How he plans and executes the prison break forms the crux of the movie.  [PLOT] Plot Sethu Padmakumar is sentenced to imprisonment for second-degree murder in the district prison of Nagercoil. On his first day, he helps the prison guards foil an escape attempt by a group of inmates. Consequently, the head warden, Doss, favors him. However, he is constantly tormented by the gang whose plan he spoiled. He decides to escape. Sethu shares his plan with his cellmate, Durai. Initially, Durai disagrees but later agrees after he finds out his wife is being preyed upon by random men at the marketplace where they work. Annachi's advocate questions Sethu about the location of his childhood friend called Charlie, but Sethu remains calm and says that he does not know anything. Durai asks Sethu about Annachi and Charlie, where Sethu reveals his story. Sethu was responsible for bookkeeping for Annachi, the most powerful and dangerous crime lord in Nagercoil, while Charlie was Annachi's driver. Charlie was keen to take revenge on Annachi as he killed his father. During this time, Sethu met and fell in love with Kayal Sivakumar, who is an orphan, disabled, and speech-impaired. Meanwhile, one of Annachi's men kept harassing Kayal, but he was eventually arrested by the police. When he was released on bail, he tracked down Kayal and tried to attack her. Sethu tried to stop him and ended up killing him in a fit of rage. Sethu asked for help from Charlie, who promised to arrange for Sethu and Kayal to escape with him to Australia, but not before he robbed Annachi of all his black money and illegal documents. Charlie immediately left for Australia but promised Sethu that he would come back to take him and Kayal along with him. In the meantime, Sethu and Kayal fled to Kerala, where they somehow stayed hidden for days. On their way to collect passports, Kayal got involved in a protest and was admitted to the hospital, while Sethu got arrested and was sent back to Nagercoil to face imprisonment. In the present day, Durai and Sethu plan to escape and successfully arrange for a group of fellow inmates to be placed in the same cell as them. However, when the guards find marijuana in Durai's cell, he is sent away to an even more secure prison. During this time, Sethu and the remaining inmates dig a hole through the toilet of their cell down the drainage and into the compound, where they start building the tunnel bit-by-bit. As the day of escape comes closer, the leader of the gang that tried to escape earlier is transferred to Sethu's cell, making their plan even...","",""
"513310","Boss Level","2021","A former special forces agent is trapped in a time loop and relives his death over and over again. To escape the terrible situation, he must track down those responsible and stop them.  [PLOT] Plot Roy Pulver, a retired Delta Force soldier in Atlanta , has been stuck in a time loop for nearly 140 days and has learned the day's patterns through many previous loops. He wakes at 07:00 AM each day, avoids an assassin in his apartment and an attack by a gunman in a helicopter outside his window, then escapes his apartment before it explodes. He has been able to elude more assassins throughout the morning, but finds himself unable to figure out how to survive a final attack at 12:47 PM, waking up back in his apartment on the next loop. On the day before Roy entered the loop, his estranged wife Jemma had asked Roy to visit her at defense contractor Dynow Labs under the pretense of a job interview. The two argue over Joe, their son, whom Jemma has led to believe that Roy is just a family friend. When Colonel Clive Ventor, head of Dynow, discovers Roy near Jemma's highly classified project, he has him escorted out, but not before Jemma obtains a sample of Roy's hair. In one loop, Roy tries to call Jemma but instead reaches Ventor, who tells him that Jemma died from a lab accident the day before. Roy becomes suspicious. On a later loop, he finds Joe at Underground Atlanta , skipping school for a video game tournament . Roy spends the day with Joe but does not mention Jemma's death. The assassins arrive to kill Roy - who uses his body to protect Joe - telling him, as he dies, that he is his father. When Roy next wakes, he realizes that the assassins had followed him using a dental tracking device implanted by Alice, his date from the night before, who is a dental hygienist. Through more trial-and-error loops, Roy finds a way to remove the tracker and sneak into Dynow, killing several guards and assassins, but is always stopped by Ventor and the sword wielding Guan Yin. Ventor reveals to Roy that Jemma's project is the Osiris Spindle, a quantum device capable of rewriting history, which Ventor plans to use to set himself up as the world's dictator. Ventor admits he was responsible for Jemma's death after an argument the night before. As she had started the Spindle and no one else knows how to operate it, Ventor warns Roy the Spindle will destroy the world if it runs too long. On further loops, Roy makes the connection to the Egyptian god of the afterlife, Osiris , from a book with a hidden message that Jemma gifted him for his birthday, and he realizes that Jemma must have placed him in the Spindle to stop Ventor. While he is able to further infiltrate...","",""
"513540","Missing","2018","A couple checks into a beach resort in Mauritius late night with their three-year-old daughter Titli who in the next morning goes missing.  [PLOT] Plot The film opens with Sushant Dubey preparing to go for a business trip. He arrives at a resort in Mauritius with his wife Aparna and their 3-year-old daughter Titli. Sushant persuades the resort's receptionist Naina to upgrade his single room to a double room. They settle in after a while and Sushant and Aparna make love. The man in the room below is shown to be creeping about and peeping into rooms. When Titli goes missing in the middle of the night, this man is shown to be the main suspect. It is revealed that Sushant and Aparna are not married to each other. They met on the ferry to Mauritius. Sushant is in an unhappy marriage and Aparna is divorced. They talk and bond and Sushant invites Aparna to spend the next couple days with him. That is how they came to the resort. When Titli suddenly goes missing Aparna throws a fit. Sushant does not want their liaison to become public and the resort manager does not want to invite police scrutiny upon the resort. They try their best to find Titli but their efforts to contain the situation are foiled when Aparna calls the police. Police inspector Buddhu begins the investigation. The CCTV footage first points to the creepy neighbor who has since checked out of the hotel. Over the protests of the resort manager the photograph of the neighbor is flashed on television and he is soon spotted about town with a little girl. When he is hauled in, Aparna finds that the girl is not Titli, and the man reveals that the girl is his own daughter. His ex-wife now has custody and the man visits the daughter once a month. Buddhu calls in a sketch artist who draws two sketches based on the descriptions given, separately, by Aparna and Sushant. The sketches turn out to be completely different. Under intense grilling, Sushant discloses that Aparna could not bear children and the strain led to a mental breakdown. Titli is a hallucination, a figment of Aparna's imagination. Later in his room, Sushant tells Aparna that he cannot carry on the charade any more. Sushant later confesses to Buddhu that he and Aparna are not married and that they merely had an affair at the resort. He did not see Titli's face. Back in his room, Sushant tells Aparna that he has kidnapped Titli at the behest of his friend who is Aparna's ex-husband. He threatens Aparna and rushes her out of the resort. Significantly, it is not shown how they managed to pass the front desk with three pieces of heavy luggage, and that too, when hotel staff, including hotel...","",""
"514847","The Hunt","2020","Twelve strangers wake up in a clearing. They don't know where they are—or how they got there. In the shadow of a dark internet conspiracy theory, ruthless elitists gather at a remote location to hunt humans for sport. But their master plan is about to be derailed when one of the hunted turns the tables on her pursuers.  [PLOT] Plot In a group chat, Athena, Ted, Richard, Miranda, Julius, Peter, Martin, Mike and Liberty discuss an upcoming hunt of ""deplorables"", [ a ] at a manor. Later, on Athena's private jet, a flight attendant talks to Richard but is interrupted by Randy, who staggers out from the cargo hold. Ted claims to be a doctor and subdues Randy before Athena kills him. Eleven captives consisting of Crystal, Don, Gary, ""Yoga Pants"", ""Target"", ""Dead Sexy"", ""Staten Island"", ""Vanilla Nice"", ""Big Red"", ""Trucker"" and ""Bandana Man"" awaken in a forest, with bit gags locked in their mouths. Crystal leaves while the others go into a field and find a crate, containing a pig and a cache of weapons. Yoga Pants finds the keys to their gags. A rifle is fired at them, killing Yoga Pants. Bandana Man shoots back but is also shot and killed. Dead Sexy falls into a spike pit, impaling herself. Trucker tries to carry Dead Sexy to safety, but steps onto a land mine ; he dies and Dead Sexy kills herself. Target is shot against a barbed-wire fence and killed with a grenade. Big Red, Staten Island and Vanilla Nice reach a service station, whose owners (Julius and Miranda) tell them they are in Arkansas . They realize their situation's similarity to the ""Manorgate"" conspiracy theory after discovering each was abducted from a different part of the country. Big Red eats a poisoned doughnut, Staten Island is killed with a shotgun while Vanilla Nice is suffocated with poison gas. Julius and Miranda then clean the station. When Crystal arrives to purchase cigarettes, she notices that they are too expensive for the region, so she takes the shotgun from under the counter and kills Julius and Miranda. Crystal inspects a pickup truck outside the service station and finds hidden license plates, suggesting she is outside the United States. She also discovers a booby-trap bomb and warns Gary, a conspiracy theorist podcaster. They board a train and discover refugees, whom Gary insists are crisis actors . The train is raided by Croatian soldiers ; when Gary tries to convince them of Manorgate and the refugees' duplicity, refugee ""Crisis Mike"" admits that he is one of the hunters but the other refugees are innocent. The raid was unplanned, and he offers a head start for Gary's cooperation. Gary instead kills Mike with a grenade. Crystal is taken to a refugee camp where she meets Don. Oliver, an envoy from the Croatian U.S. Embassy, arrives to extract them but during the drive Crystal becomes suspicious of...","",""
"514968","Granny Project","2017","Three charming 20-something grandsons take a unique journey with their grannies to discover their historic and personal legacies through stories from the Second World War.  Three grandsons embark an anarchic journey into the past – a complex road movie about intergenerational dialogue in Great Britain, Germany and Hungary. Granny Project is a seven-year-long investigation of three young men coming to terms with their heritage through the extraordinary lives of their grandmothers: an English spy, a dancer from Nazi Germany and a Hungarian communist Holocaust survivor. The film deals with classic values and taboo-like historical topics, and the method used is equally important as it gives an insight to the zeitgeist of the young today.  [PLOT] Plot Fatmawati, a 70-year-old fussy grandmother, lives with her son, Aditya, daughter-in-law, and two grandchildren. Fatmawati has always been proud of Aditya, but is hurt when, one day, she finds out she will be sent to a nursing home. She runs away from the house, while regretting aging. That night, her sight falls upon mysterious photo studio Forever Young , and proceeds to want a picture of herself for her funeral. Before taking the photo, the photographer asks what she wants, she answers to make her look beautiful and young in the photo, then the photographer said he would make her 50 years younger. All is well, and the photo was taken, until suddenly Fatmawati really transforms into a woman 50 years younger; she becomes just like how she looked when she was 20 years old. Fatmawati started to live her new life as Mieke, a name of her idol Mieke Wijaya . As time goes by, Fatmawati gets the opportunity to realize her dream to become a singer, something she couldn't do back then. Her unique, old-fashioned speech and fashion style, conquers the heart of three men: music producer Alan, her own grandson, and Hamzah who has been in love with her 50 years ago. The latter has a late wife and living daughter, who constantly shows irritation at her father's caring attitude towards Fatmawati. Throughout living as Mieke, Fatmawati is haunted by the fear that her legacy will be lost. Meanwhile, she learns that bleeding will cause her real skin to be exposed. As this is learned, Hamzah realizes the truth, and swears to keep this from everyone. As Fatmawati is about to appear on a television concert, everyone on the band learns that one of her grandson, Juna, loses a lot of blood in an accident. Juna's blood type is AB negative, one only belonged to Fatmawati. Unwilling to kill her grandson for her ego, she expresses will to transfer her blood to Juna. Aditya, who has known her identity all this time, apologizes to her mother for being a horrible son; Fatmawati says she never thinks so. While the band continues, Hamzah visits Young Forever just for Fatmawati, the love of his life.","",""
