"tmdb_id","title","release_year","synopsis","themes","tones"
"440471","Escape Plan 2: Hades","2018","Ray Breslin manages an elite team of security specialists trained in the art of breaking people out of the world's most impenetrable prisons. When his most trusted operative, Shu Ren, is kidnapped and disappears inside the most elaborate prison ever built, Ray must track him down with the help of some of his former friends.  [PLOT] Plot Ray Breslin continues to operate his security company to some success, with senior members Hush and Abigail and newcomers Shu Ren, Jasper Kimbral, and Luke Graves as field operators. During a hostage rescue mission in Chechnya , Kimbral, trusting his computer algorithms, deviates from the mission objectives. This results in one of the hostages being shot, later dying of her wounds; Breslin fires Kimbral as a result. A year later, Shu is contacted by his family to protect his cousin Yusheng Ma. Soon to announce groundbreaking satellite communications technology from his telecommunications company, Yusheng has been targeted by a rival company, Ruscho. After attending a party in Bangkok , Shu defends Yusheng from masked men, but both are stunned with tasers and kidnapped. Later, Shu finds himself imprisoned in an unknown arena, where inmates are forced to fight. Shu is forced to brawl another prisoner and wins, and encounters fellow inmate Kimbral, who explains the prison is called HADES, where he has been held for several months. Luke, Hush, Abigail, and Breslin attempt to locate Shu after his and Yusheng's disappearance. Drawing on Breslin's training to formulate an escape plan, Shu meets the warden Gregor Faust, who calls himself the ""Zookeeper"", and learns that Faust wants Yusheng's communications patents in exchange for their release. Yusheng tells Shu that he buried the technology for fear it could be used to hijack any nuclear launch system in the world, and they resolve to escape. Breslin determines that HADES is funded by the same mysterious organization who funded the Tomb , and seeks help from an old contact, Trent DeRosa. While following a lead on Shu's disappearance, Luke is caught and transferred to HADES. Shu befriends the prison cook named Chu and learns that the prison layout changes every night using a pencil mark on the floor. Kimbral reveals that another inmate, a hacker known as Count Zero who is the leader of the group of hackers called Legion, knows the layout. Shu earns his trust and Count Zero gives him the information, but in doing so reveals his identity. The following day, Shu, Luke, and Kimbral are brought in for questioning and forced to watch as Count Zero is presumably executed. Kimbral reveals that he actually runs HADES; in the year since being dismissed from Breslin's team, he designed and built HADES to prove his algorithms work and that his prison is literally inescapable, since it is not operated by human guards but...","",""
"441130","Wolfwalkers","2020","In a time of superstition and magic, when wolves are seen as demonic and nature an evil to be tamed, a young apprentice hunter comes to Ireland with her father to wipe out the last pack. But when she saves a wild native girl, their friendship leads her to discover the world of the Wolfwalkers and transform her into the very thing her father is tasked to destroy.","",""
"441168","From Straight A's to XXX","2017","When a change of circumstances leaves Miriam unable to pay her college tuition, she makes a surprising decision: to start performing in adult films, using the pseudonym Belle Knox. Miriam lies to her family and her friends at school, keeping her double life a secret. But soon rumours spread and Miriam becomes the subject of vicious online attacks and unwanted attention. Miriam fights back: she talks to the media, saying her new line of work empowers her as a feminist. But her confident stand has unintended consequences. Miriam is shunned by her conservative family and her colleagues in the adult film world. One impulsive decision has quickly spiralled out of control - and Miriam's problems are just beginning.","",""
"441282","Night Hunter","2019","A Minnesota police officer crosses paths with a committed and tireless vigilante as he follows the trail of a ruthless predator responsible for several abductions and murders.  [PLOT] Plot Hunter Conrad, a young woman from a lower-working-class family, has recently married Richie Conrad, a man from a wealthy family who is set to take over as CEO of his father's Manhattan corporation. This affords Hunter the ability to stay at home in the couple's lavish upstate New York home. Despite this, Hunter finds herself emotionally stifled and isolated in both her marriage and domestic life, while Richie is distant and inconsiderate toward her. For example, at a dinner with Richie's parents to congratulate the young couple on their pregnancy, Hunter is enticed to tell a story, only to be interrupted by her father-in-law zoning out and asking Richie about business. One day while home alone, Hunter develops the impulse to eat a marble . She finds it exhilarating and begins to consume other inedible objects around the house, including thumbtacks , metal figurines, and a battery. During a routine ultrasound, the sonogram technician notices an anomaly in her abdomen. She is rushed in for emergency surgery to remove a variety of objects trapped in her intestine. Hunter is diagnosed with pica , a psychological disorder that compels individuals to eat inedible objects. Instead of concern and sympathy, Richie responds with anger and contempt. Richie's parents, Katherine and Michael, arrange for her to see a psychiatrist in the city . During therapy, Hunter says she just wants to stop swallowing objects to make Richie happy and that she likes the feel of their textures in her mouth. Richie hires Luay, a family friend and immigrant from Syria , to monitor Hunter while he is at work. Hunter, feeling smothered, is initially hostile toward Luay, who dismisses her mental illness as resulting from her privileged life. She continues concealing and swallowing objects and, at Richie's birthday party, is upset to learn that he has told his friends about her illness. In therapy, she eventually reveals she was not raised by her biological father and has never met him, though she knows his name, William Irwin, and keeps a picture of him. She was conceived as a result of her mother's rape by this man, though her mother never considered abortion because of her religious convictions. William served time in prison for his crime. One afternoon, Hunter overhears Richie speaking with her psychiatrist on the phone, and she realizes Richie has bribed the doctor to tell him what was discussed in Hunter's therapy sessions. This sends Hunter into a panic, and she swallows a...","",""
"442062","Goosebumps 2: Haunted Halloween","2018","Be careful what you wish for. With their after school junk business, best friends Sonny and Sam hope to find treasure in other people’s trash. But when cleaning out the old Stine house, they open a locked book that frees a supernatural nightmare – Slappy! Now, with the help of Sonny’s sister Sarah, they’re in a race against time to get the sinister dummy and all the creatures he’s brought to life back into the pages before he unleashes total pandemonium!  [PLOT] Plot Teenager Sarah Quinn lives with her mother, Kathy, and her younger brother, Sonny, in the town of Wardenclyffe, New York and is writing an essay for her college application while Halloween is just around the corner. Sonny's friend, Sam Carter, is dropped off at their house to be looked after while his parents are away for the next three days. Scavenging for items in an abandoned house formerly owned by R. L. Stine after school, they find an unpublished Goosebumps manuscript and unlock it, resulting in Slappy the Dummy appearing, who is currently inanimate. Leaving the house after obliviously reading the incantation that brings Slappy to life, they are intercepted by bully Tommy Madigan, who steals the manuscript from them. He and his friends attempt to chase the duo home, but are secretly stopped by the now-brought-to-life Slappy. Back home, Slappy reveals his sentience to the duo, but requests that they keep him a secret from the other Quinns. The next day, Slappy tries to assert himself as a member of the family – first by assaulting Sarah's boyfriend, Tyler Mitchell, for recently cheating on her, then causing damaging to one of the classrooms of Sonny's school after sabotaging his science project , a working model of the abandoned Wardenclyffe Tower created by Nikola Tesla . Now aware of Slappy's true nature, the duo and Sarah settle on getting rid of him, only for him to escape when they attempt to do so. As Halloween night arrives, the trio find an article online regarding events that occurred in the town of Madison, Delaware . [ a ] Through further research, they discover that the unpublished manuscript is required to stop Slappy and attempt to contact his creator, R. L. Stine, for assistance, but leave a voicemail when he is unavailable. Meanwhile, Slappy visits a local Fred's and uses his powers to bring various Halloween costumes and decorations to life, some of which are Goosebumps themed; he additionally brainwashes the store manager, Walter, to his cause using a mask . Slappy soon reactivates the Wardenclyffe Tower and uses it to bring the town's Halloween decor to life. As Sonny and Sam retrieve the manuscript at Tommy's house, during which they discover it can imprison anything Slappy had brought to life, it is unfortunately stolen by his forces, which then abduct Kathy. Mr. Chu, the Quinns' neighbor and an avid Goosebumps fan, assists the trio in disguising themselves to safely navigate the town. They infiltrate the Wardenclyffe Tower...","",""
"442249","The First Purge","2018","To push the crime rate below one percent for the rest of the year, the New Founding Fathers of America test a sociological theory that vents aggression for one night in one isolated community. But when the violence of oppressors meets the rage of the others, the contagion will explode from the trial-city borders and spread across the nation.  [PLOT] Plot In 2014, rising unemployment, rising inflation, and a housing crisis led to the New Founding Fathers of America (NFFA) becoming the most powerful political party in the United States, with NFFA candidate Bracken being elected president in 2016. Later that year, NFFA chief of staff Arlo Sabian and sociologist Dr. May Updale announce an experiment to take place on Staten Island : for 12 hours, citizens will be allowed to release their inhibitions in any way they choose, including murder. Meanwhile, crazed drug addict Skeletor talks about his desires to ""purge"" and unleash his hatred of others with an NFFA employee. The NFFA offers residents $5,000 to stay on Staten Island during the experiment, with additional compensation if they join the Purge and survive. They also outfit the participants with contact lens cameras to monitor all activity and put tracking devices in them to know if they try to leave the island. Low-lying gang boss and businessman Dmitri Cimber tells his associates that they will not be leaving the island, as moving his money and product will draw too much attention, and tells them to stay in a safe house and lay low. Drug dealer Capital A disobeys and joins the Purge, while a rookie named Isaiah is attacked and injured by Skeletor. Isaiah goes to his sister Nya, an anti-Purge activist and Dmitri's ex-girlfriend, for treatment. As people flee Staten Island, Nya joins her friends Dolores, Luisa, and Selina in a church to wait out the Purge. Dmitri has stayed behind; Anna and Elsa, two prostitutes, are sent by his dealers to his office to keep him company. Skeletor commits the first Purge murder, and the video recorded by the NFFA goes viral. The NFFA observes that all crimes taking place are minor, unlike the expected violent ones like murder. Isaiah secretly joins the Purge to get his revenge on Skeletor. When Skeletor disrupts a party taking place and Isaiah is unable to muster the courage to kill him, he runs off into more Purgers before hiding and calling Nya for help. Anna and Elsa, who are actually Purgers, attempt to kill Dmitri, who fights them off and learns that Capital A sent them so he could take over Dmitri's business. Skeletor captures Nya in the streets, but Isaiah stabs him, and they escape. Capital A and his crew go to Dmitri's office to meet with Anna and Elsa. However, Dmitri and his gang ambush him and kill them all, except for Anna and Elsa, whom they tell to leave. Nya and Isaiah return to the church to see...","",""
"443791","Underwater","2020","After an earthquake destroys their underwater station, six researchers must navigate two miles along the dangerous, unknown depths of the ocean floor to make it to safety in a race against time.  [PLOT] Plot In 2050, the Kepler 822 , a research and drilling facility operated by Tian Industries at the bottom of the Mariana Trench , is struck by what is assumed to be a strong earthquake. As part of the facility is destroyed by the incident, mechanical engineer Norah Price and her colleagues, Rodrigo and Paul, make their way to the escape pod bay. However, the three discover that all of the escape pods have already been deployed, with Captain Lucien being the only person in the area when the three arrive. Together, they reach a control base and find biologist Emily Haversham and engineer Liam Smith, who are unsuccessful in their attempts to make contact with the surface. Lucien suggests using pressurized suits to walk one mile across the ocean floor to Roebuck 641 hoping to resurface from there. As they descend in a freight elevator, Rodrigo's defective helmet implodes under the water pressure, killing him. The surviving crew sees a distress beacon from one of the escape pods below, and Liam and Paul go to investigate. As they arrive at the location, they find a body in the rubble. A creature emerges from the corpse's back and attacks them. Liam kills the creature and takes it inside. Emily examines the creature and realizes that it belongs to a previously undiscovered species. The five make their way to the sea floor, but as they are walking, the Kepler explodes above and nearly buries them in debris. Liam is hit, but Norah and Lucien save him. They manage to get through an access tunnel to an intermediate station, where they can charge and clean their suits. However, they find that Liam's oxygen scrubber is badly damaged from the debris. On their way through the access tunnel, Paul is attacked by an unknown creature, dragged underwater, and killed. Before the team leaves the access tunnel, they find that Liam's damaged oxygen pod will cause him to suffocate from the explosion's toxic fumes. Unwilling to leave another crew member behind, Norah, Lucien, and Emily agree to help Liam walk. The four set off across the ocean floor, but a humanoid creature appears and drags Liam into a cave. Lucien manages to get Liam out, but he is pulled from the other three. Norah is dragged along with Lucien, but Lucien sacrifices himself to spare Norah from the increasing pressure differential. Norah ends up at the abandoned Shepard station alone and is able to change her damaged diving suit before continuing toward Roebuck. Walking along the ocean floor, she reunites with...","",""
"444539","The Bookshop","2017","Set in a small English town in 1959, a woman decides, against polite but ruthless local opposition, to open a bookshop, a decision which becomes a political minefield.  [PLOT] Plot In 1992, Joseph Castleman wins the Nobel Prize in Literature , but his wife Joan seems strangely unhappy about it. Their adult son David, who idolizes his father, seeks critique of his first short story, which Joe keeps putting off. The trio flies to Stockholm as Nathaniel Bone, a biographer with a taste for scandal, tries to ingratiate himself with the Castlemans. Joan's unhappiness worsens as adulation is heaped on Joseph. His attempts to publicly thank her for supporting him embitter her further. At Smith College in 1958, a young Joan Archer, a college student and aspiring writer, is awed by her professor Joseph Castleman, a handsome, young, married man, and his force of personality and advice. Later, Joan meets a published alumna author, Elaine Mozell, whose cynical view of opportunities available to female writers disheartens her. In Stockholm in 1992, Nathaniel, sensing Joan's emotional state, induces her to talk with him over drinks and says that he believes Joan has ghostwritten a major portion or even all of each of Joe’s novels. While Joan admits nothing, Nathaniel is convinced by their conversation that he is correct. Meanwhile, Joe begins to seduce a young photographer assigned to him, but just as he begins his seduction, his watch alarm goes off for him to take his heart pills, cooling the moment, and she leaves the room. Joe accuses Joan of abandoning him, while Joan expresses outrage over his attempted affair. The argument ceases when they learn that their daughter Susannah has given birth to their grandson, Max. In 1960, Joe has been fired for having an affair with Joan, and his first attempt at writing a novel turns out very poorly. Joan, a secretary at a publishing house, observes how the all-male editors dismiss women writers. When Joan criticizes Joe's work, he threatens to end his relationship with her, claiming she cannot love ""a hack"". Joan agrees to fix Joe's novel for him. The work, titled The Walnut , is published and becomes a bestseller. On the night of the Nobel ceremony, David confronts his parents after being told by Nathaniel that Joan is the real writer in the family. Joe and Joan deny everything. At the ceremony and the banquet which follows, Joan feels increasingly humiliated because Joe praises her as his support, his muse, his soul, further cementing her into “The Wife” role. She flees, and Joe follows her. He demands that she take his prize, but she refuses. At their hotel, Joan tells Joe she is divorcing him....","",""
"445571","Game Night","2018","Max and Annie's weekly game night gets kicked up a notch when Max's brother Brooks arranges a murder mystery party -- complete with fake thugs and federal agents. So when Brooks gets kidnapped, it's all supposed to be part of the game. As the competitors set out to solve the case, they start to learn that neither the game nor Brooks are what they seem to be. The friends soon find themselves in over their heads as each twist leads to another unexpected turn over the course of one chaotic night.  [PLOT] Plot Hogan ""Hoagie"" Malloy, Bob Callahan, Randy ""Chilli"" Cilliano, Kevin Sable, and Jerry Pierce have been playing tag since 1983 during the month of May, with Jerry the only one who has not been tagged. Hoagie recruits Callahan, Chilli, and Sable for one last attempt to tag Jerry, telling them that Jerry plans to retire after this year's game because of his upcoming marriage. Rebecca Crosby, a Wall Street Journal reporter, decides to write an article on the friends. They are also accompanied by Hoagie's wife Anna. Once in their hometown of Spokane, Washington , the group locate Jerry and attempt to tag him but are overwhelmed by his skill. He introduces his fiancée Susan. The others agree to not play the game at wedding-related events in exchange for invitations to the wedding. Despite this, the group makes several attempts to tag Jerry, but come up short, with one of the attempts leaving Hoagie, Chilli, and Sable in traps set by Jerry. During the rehearsal dinner, Susan confides to the guys that she is pregnant. Defeated, the group try to build a new plan. After finding out Jerry attends Alcoholics Anonymous meetings, they decide to strike his next meeting, which is on his wedding day. They make their move and almost tag Jerry, but he retreats to the communion wine storage. Jerry and the guys stay there for hours, until Susan comes by with the wedding just a few hours away. She berates him for risking their wedding for a childish game, then suddenly appears to have a miscarriage, so he comes out to help. Chilli is convinced that it is a ruse, but Jerry insists he is not playing around and the couple leaves. The guys receive texts that the wedding is postponed due to the potential miscarriage. However, they see a post from a bridesmaid of Susan in her dress, showing that the wedding is still on schedule. Incensed by the trick, the gang decide to crash the wedding. Upon their arrival, Susan confirms the hoax, including the pregnancy. Angry at Jerry for lying, Hoagie decides to tag him at the end of the ceremony after he and Susan kiss. He charges at Jerry and ends up tackling the pastor to the ground and loses consciousness. Anna confirms that his condition is serious and calls for an ambulance. Everyone meets up at the hospital, where Hoagie tells them he had lied about Jerry quitting after the season because he wanted to reunite with his friends after he himself recently discovered a tumor on his liver; he feared he might not be alive for the following...","",""
"445656","Sambá","2017","After fifteen years in an American jail, a man returns to the Dominican Republic. As he faces family problems, he turns to illegal street fighting and is discovered by an Italian ex-boxer.  [PLOT] Premise Samba Cissé, a migrant from Senegal to France, works as a dish washer in a hotel. After a bureaucratic slip-up lands him in detention, he is ordered to leave France. With the help of a businesswoman, he fights to stay in France.","",""
"446354","The Post","2017","A cover-up that spanned four U.S. Presidents pushed the country's first female newspaper publisher and a hard-driving editor to join an unprecedented battle between journalist and government. Inspired by true events.  [PLOT] Plot Martha Farnsworth runs a girls' school in Virginia during the American Civil War . By 1864, almost all of the students, teachers, and slaves have left. In addition to Farnsworth herself, only five students and one teacher, Edwina Morrow, remain. In the woods, the youngest student, Amy, comes across John McBurney, a corporal in the Union Army who was wounded in the leg during battle, and has since deserted . At the school, Farnsworth tends to his wounds and all the women and girls are fascinated by the handsome man. Initially, some of the school's residents want McBurney to be delivered as a prisoner of war to the Confederate Army , but Farnsworth decides that they will let his leg heal before they decide, ostensibly to be a good Christian. When Confederate soldiers arrive at the school, Farnsworth does not tell them that a Union soldier is on the premises. While McBurney is recovering, the women and girls subtly vie for his affection by giving him presents, wearing jewelry, and preparing a lavish dinner for him. He returns their affection, which Farnsworth deduces is an attempt to win their favor and not be turned over to either army. When he is able to move again, he begins to help in the garden. When Miss Farnsworth indicates that McBurney is healthy now and will have to leave the school in a few days, he tries to convince her to let him stay as a gardener but to no avail. Accepting his fate, he tells Edwina that he has fallen in love with her. That night, however, she finds him in bed with Alicia, the rebellious eldest pupil. McBurney tries to appease Edwina, but she pushes him away, causing him to fall down the stairs. Farnsworth and the rest of the girls hear the commotion and come to investigate, finding McBurney at the bottom of the stairs unconscious and with a badly fractured leg. Alicia claims that McBurney forced himself onto her and Edwina's intervention caused the accident. Farnsworth examines the injury and decides that the only way to save his life is to amputate his leg. When he awakens days later and discovers he's lost his leg, McBurney is devastated and furious, accusing the women of doing so in revenge for him choosing Alicia over them. Fansworth locks McBurney in the music room for their safety. When Alicia comes to visit, he threatens Alicia into giving him the key. He breaks out, steals Farnsworth's gun, and threatens the women before storming off. When Farnsworth sends Amy to the gate to signal McBurney's presence to...","",""
"446791","All the Money in the World","2017","The story of the kidnapping of 16-year-old John Paul Getty III and the desperate attempt by his devoted mother to convince his billionaire grandfather Jean Paul Getty to pay the ransom.  [PLOT] Plot In 2001, Parvana is an eleven-year-old girl who lives in Kabul under the Taliban 's Islamic Emirate of Afghanistan just as the war on terror is beginning. Her father, Nurullah, is a former school teacher who became a hawker after losing his left leg in the Soviet–Afghan War . One day, during supper, he is unjustly arrested after Idrees, a young and volatile Taliban man who was a former student of his, thinks he insulted him earlier while the two were selling goods in the market. Because the Taliban forbids women from going out without a male relative, Parvana's family is left without someone to support them, as her elder brother Sulayman died years ago, leaving her, her mother Fattema, her elder sister Soraya, and her youngest infant brother Zaki. When Parvana and Fattema try to go to the prison to appeal Nurullah's arrest, a man beats Fattema, while other men watch, after she shows him a photograph of Nurullah and threatens to arrest them if they go outside again. Parvana comforts Zaki by telling the story of a boy on a quest to retrieve his village's seeds from an evil elephant named the Elephant King. Later, Parvana tries to buy food for her family, but the hawkers cannot sell her any due to fear of the Taliban. A few men spot Parvana and chase her, and she drops the bag Fattema gave her while running. Parvana eventually makes it back home. To support her family, she decides to cut her hair and dress as a boy. She starts calling herself ""Atesh"", claiming to be Nurullah's nephew. The plan works, and Parvana is able to get both food and money. On the advice of a friend named Shauzia, who is another young girl disguised as a boy called Delowar, Parvana tries to bribe a prison guard so she can see Nurullah, but the guard sends her away, and so she works to save up more money for a larger bribe, taking on hard labor jobs with Shauzia, who is trying to save enough money to escape her abusive father. Meanwhile, Fattema is forced to write to a relative in Mazar , arranging marriage for Soraya in exchange for shelter and protection. Parvana also meets Razaq, the former patrol partner of Idrees; the illiterate Razaq pays her to read him a letter informing him that his wife was killed by a land mine. He befriends her and continues to meet with her so that she can teach him how to read and write. Parvana and Shauzia take a hard labor job where Idrees was also present. He makes fun of them for their weakness when Shauzia rests, and shoves Parvana onto the...","",""
"446807","The Girl in the Spider's Web","2018","After being enlisted to recover a dangerous computer program, hacker Lisbeth Salander and journalist Mikael Blomkvist find themselves caught in a web of spies, cybercriminals and corrupt government officials.  [PLOT] Plot Two young sisters, Camilla and Lisbeth Salander , play chess at the home of their abusive father, crime lord Alexander Zalachenko . One day, when Zalachenko attempts to molest Camilla, Lisbeth tries to drag her away, to no avail. She eventually leaps from a balcony into a snowdrift and escapes, leaving Camilla behind. Years later, in Stockholm, Sweden , computer programmer Frans Balder hires Lisbeth, now a vigilante hacker, to retrieve Firefall, a program he developed for the National Security Agency (NSA) that can access the world's nuclear codes. Balder believes it too dangerous to exist. Lisbeth retrieves Firefall from the NSA's servers, but cannot unlock it. NSA agent Edwin Needham tracks the unauthorized login to Stockholm and arrives there seeking Lisbeth and Firefall. Mercenaries led by Jan Holtser steal the program from Lisbeth and attempt to kill her, though she survives. When she misses a scheduled rendezvous with Balder, he mistakenly believes Lisbeth kept Firefall for herself and contacts Gabrielle Grane, the deputy director of the Swedish Security Service (SÄPO). Grane moves Balder and his young son, August, to a safe house. Lisbeth and her hacker friend, Plague, contact Lisbeth's former lover, investigative journalist Mikael Blomkvist , for help identifying her assailants. Blomkvist learns that Holtser previously worked for Lisbeth's late father, Zalachenko, and is now affiliated with the ""Spiders"", an international crime syndicate. Lisbeth puts surveillance on Balder's safe house, and when it is attacked, she intervenes, attempting to protect Balder and August. She is intercepted by Holtser, who kills Balder, frames Lisbeth, and kidnaps August. Lisbeth pursues them and rescues August. She also learns that the Spiders' leader is Camilla, whom Lisbeth believed was dead. After years of physical and sexual abuse by Zalachenko, Camilla faked her suicide and went underground to form the Spiders. Lisbeth takes August to another safe house, and confirms only he can unlock Firefall. Elsewhere, Needham locates Lisbeth's girlfriend, Sofia, and persuades her to arrange a meeting between them, intending to lure Lisbeth into a trap. Lisbeth evades Needham, who is later arrested by SÄPO. Lisbeth helps Needham escape in exchange for him escorting August to San Francisco to reunite him with his mother; she agrees to later give him Firefall. The Spiders trick August by calling him from his father's cellphone, then track him to Lisbeth's safe house....","",""
"446893","Trolls World Tour","2020","Queen Poppy and Branch make a surprising discovery — there are other Troll worlds beyond their own, and their distinct differences create big clashes between these various tribes. When a mysterious threat puts all of the Trolls across the land in danger, Poppy, Branch, and their band of friends must embark on an epic quest to create harmony among the feuding Trolls to unite them against certain doom.  [PLOT] Plot In the Techno Reef, King Trollex's tribe of Techno Trolls are attending a rave . Queen Barb and her Hard Rock Trolls arrive, and use weaponized guitars to destroy everything, demanding Trollex to surrender and hand over his ""string"". In Pop Village, two years after the events of the first film , Queen Poppy receives a letter from Barb, inviting her to bring her ""string"" to unite the trolls. Poppy's father King Peppy explains there were once six magical lyre strings that represented major tribes of music - Techno, Funk , Classical , Country , Hard Rock, and Pop , but the tribes took their strings and went their separate ways after their differences broke into arguments. King Peppy, Branch, and the others do not trust Barb's invitation, but Poppy decides to sneak out with the Pop string, to prove Barb is the same as any other troll. Branch, who is trying to confess his love, and Biggie, who stowed away, accompany her on her journey. Meanwhile, one of Poppy's friends, Guy Diamond, gives birth to a son who is a miniature version of his father, which Poppy names Tiny Diamond. At the same time, Cooper finds old illustrations of trolls his shape, and sets off to find them alone. Meanwhile, Barb sends bounty hunters of smaller music genres to find Poppy, promising to spare the tribe of the successful one. Poppy's group soon arrive at the ruins of the Classical tribe's town of Symphonyville, and meet a sentient flute named Pennywhistle, who tells them that Barb wants to forcefully unite all trolls under Rock. The group then head to Lonesome Flats to warn the centaur -like Country Trolls. Poppy feels the Country Trolls' music is too downbeat and decides to try to cheer them up first, despite Branch's reservations. The Pop Trolls wind up imprisoned, but are rescued by a smooth-talking Country Troll named Hickory. After being chased by the Country Trolls into a ravine, Hickory builds the group a raft to take them to Vibe City to warn the Funk Trolls. They encounter Chaz, a Smooth Jazz troll, who tries to paralyze them with his music. Hickory, using gumdrop earplugs to remain immune , drives him off. Angry that Poppy broke an earlier promise to keep him safe, Biggie decides to leave the group and return to Pop Village. Meanwhile, Cooper gets beamed up into a spaceship The group gets beamed up into Vibe City, which turns out to be the spaceship that took Cooper. They reunite with Cooper, who reveals that he is actually the long-lost son of King Quincy and Queen...","",""
"446894","Smallfoot","2018","A bright young yeti finds something he thought didn't exist—a human. News of this “smallfoot” throws the simple yeti community into an uproar over what else might be out there in the big world beyond their snowy village.  [PLOT] Plot Set in the early 2000s, four sisters grow up together. Jo is an aspiring writer who travels to New York and eventually marries her professor, Freddy Bhaer. Beth plays the piano, has a battle against cancer throughout the movie, and eventually dies of leukemia. Amy becomes an internationally renowned painter and marries Theodore Laurence (Laurie). Meg, who struggles with wanting to be happily married versus being able to help with her family's finances, marries Laurie's former tutor and has twins.","",""
"447200","Skyscraper","2018","Framed and on the run, a former FBI agent must save his family from a blazing fire in the world's tallest building.  [PLOT] Plot Will Sawyer, a Marine veteran turned Federal Bureau of Investigation 's Hostage Rescue Team (HRT) leader, loses his left leg below the knee when he and HRT colleague Ben Gillespie encounter a hostage taker with a suicide bomb . Ten years later, Will, now a private security consultant, is recommended by Ben to review security for ""The Pearl"", a 3,500 feet (1,100 m) skyscraper located in Hong Kong that comprises 225 floors and is the tallest in the world. His wife Sarah (the naval doctor who treated on him 10 years prior) and twin children Henry and Georgia stay with him on the not-yet-opened residential floors. Meeting with Ben, the Pearl's owner Zhao Long Ji, security director Okeke, and head insurance underwriter Pierce, Will reported that the computerized fire and security systems have passed his tests, though he needs to inspect the offsite security center. Zhao provides Will with a tablet that gives him complete control over the Pearl's systems, accessible only to his biometric credentials. Will and Ben head to the offsite facility, but a mugger hired by international terrorist Kores Botha attempts to steal the tablet. Ben betrays and attacks Will for the tablet, resulting in Will killing Ben. Botha and a group of his men break into the Pearl and undermine the safety systems by using a water-reactive chemical to start a fire on the 96th floor, creating a barrier that renders it impossible to enter or exit from the upper 130 floors. Will tries to return to the Pearl, but is attacked by Xia, one of Botha's associates. Xia and her agents take the tablet, kill everyone at the offsite facility, and use the tablet to disable the fire-extinguishing systems in the Pearl and activate the air vents, spreading the fire to the upper floors. Zhao and Okeke send security guards to rescue Will's family, but the guards are killed in an explosion and the family is believed dead. Urged on by Pierce, Zhao orders the remaining personnel to evacuate by helicopter. Pierce, another of Botha's accomplices, kills all of them as Zhao escapes into his penthouse apartment and locks it down from any intrusion. Hong Kong Police Force Inspector Wu and his team attempt to secure the Pearl and capture Will, who is framed for the incidents. Will evades them and makes his way into the Pearl above the fire barrier using a crane from an adjacent building. He kills Pierce before Pierce can kill his family, though Georgia is separated from the others. Will has Sarah and Henry ride...","",""
"447273","Snow White","2025","Following the benevolent King's disappearance, the Evil Queen dominated the once fair land with a cruel streak. Princess Snow White flees the castle when the Queen, in her jealousy over Snow White's inner beauty, tries to kill her. Deep into the dark woods, she stumbles upon seven magical dwarves and a young bandit named Jonathan. Together, they strive to survive the Queen's relentless pursuit and aspire to take back the kingdom.  [PLOT] Plot Snow White is a princess born to a benevolent king and queen, named for a snowstorm on the day of her birth. She grows up happily as her parents share prosperity with their subjects, but the queen dies of an illness and the king remarries. Before departing to confront a far-off threat warned of by his new wife, the king gifts Snow White a necklace engraved with the words: ""Fearless, Fair, Brave, True"". He never returns, and the new Queen reveals herself as an evil enchantress obsessed with her own beauty, forcing her subjects to live in poverty and conscripting many into the royal guard . Fearing Snow White's beauty will outshine her own, she confines her stepdaughter to the palace as a scullery maid . Each day, the Queen asks her Magic Mirror who is ""the fairest one of all"", and the Mirror always responds in her favor. Years later, Snow White grows into a young woman. One day, while cleaning the castle, she meets Jonathan, a bandit leader who is caught stealing by the Huntsman . The Queen sentences Jonathan to be tied to the palace gates, but Snow White frees him, leading the Magic Mirror to deem her the fairest. Enraged, the Queen orders the Huntsman to take Snow White into the forest, kill her, and bring back her heart in a jeweled box as proof. While Snow White is picking apples in the forest, the Huntsman cannot bring himself to harm her, so he warns her of the Queen's intentions instead. At his urging, Snow White flees deep into the forest. Lost and frightened, she is befriended by woodland animals who lead her to a secluded cottage, where she falls asleep. She awakens to meet the owners, seven magical beings [ a ] named Doc, Grumpy, Happy, Bashful, Sleepy, Sneezy, and Dopey, who have returned home from working in a diamond mine . After learning about her story, they agree to let her stay. Meanwhile, the Queen learns from her Magic Mirror that Snow White is alive and imprisons the Huntsman before sending her guards to find the princess. The next day, when a misunderstanding between the seven miners leaves the cottage a mess and Dopey humiliated, Snow White comforts him, teaching him how to whistle and motivating the others to tidy up their home. She crosses paths with Jonathan, who is wounded fending off the Queen's guards with his fellow bandits, and brings him to the cottage to be treated. The two realize their feelings for each other, and he agrees to help search for her missing father, but is captured and brought to the Queen, who imprisons...","",""
"447277","The Little Mermaid","2023","The youngest of King Triton’s daughters, and the most defiant, Ariel longs to find out more about the world beyond the sea, and while visiting the surface, falls for the dashing Prince Eric. With mermaids forbidden to interact with humans, Ariel makes a deal with the evil sea witch, Ursula, which gives her a chance to experience life on land, but ultimately places her life – and her father’s crown – in jeopardy.  [PLOT] Plot Under the Caribbean Sea, in the kingdom of Atlantica, the mermaid princess Ariel is fascinated with the human world and collects human artifacts in her grotto despite never having seen it, as her father King Triton , the ruler of Atlantica, forbids all merfolk from surfacing there after Ariel's mother was killed by a human. With her best friend Flounder , they both visit Scuttle , a northern gannet who gives inaccurate information about humans. One night, Ariel sees fireworks above the ocean and surfaces to see them better. They come from the ship of Eric , the prince of a nearby island. When a storm arrives, the ship crashes against rocks, forcing all to go for the lifeboats. Ariel rescues Eric, brings him to shore, and sings to him, fleeing before he can regain full consciousness. Noticing Ariel's absent-minded behavior, Triton questions his advisor Sebastian the crab, who reveals that she saved a human. Enraged, Triton travels to Ariel's grotto and demands that she swear to never return to the surface. When she refuses, he destroys her collection of human objects. Ariel is later approached by two moray eels sent by the sea witch Ursula , Triton's estranged sister and Ariel's aunt who was banished from Atlantica fifteen years prior. Ariel makes a deal with Ursula to transform into a human for three days in exchange for her voice, which Ursula will keep in a nautilus shell . Within that time, Ariel must receive ""true love's kiss "" to remain human permanently. If Ariel fails, she will transform back into a mermaid and Ursula will claim her soul. After receiving human legs, she swims to the surface with Sebastian and Flounder. In the human world, she is rescued and taken to Eric's castle. Eric, who has been searching for the woman who saved his life, rushes to meet Ariel. While exploring the castle, Ariel finds Eric's collection of items he accumulated over his travels. Eric spends time with her poring over his collection. The next day, Eric takes Ariel sightseeing around the kingdom. Sebastian, who has followed Ariel, discovers that Ursula has rigged the spell to make Ariel forget that she needs to kiss Eric. Along with Scuttle and Flounder, Sebastian takes it upon himself to get the pair to kiss. They are almost successful but are thwarted by Ursula's eels. Enraged by Ariel’s close success, Ursula turns into a young woman named Vanessa and uses Ariel's voice to hypnotize Eric. Back in Atlantica, Triton has the kingdom search for Ariel and begins to...","",""
"447330","The Paris Opera","2017","A behind-the-scenes look at the of how the Paris Opera is run under the direction of Stephane Lissner.  [PLOT] Plot In the 1880s, eleven-year-old Félicie, an orphan girl who dreams of becoming a ballerina, but lacks formal training, runs away from her orphanage in rural Brittany , France, with her best friend, Victor, a young inventor, who has a crush on her. Together they go to Paris, but they soon become separated, and Victor becomes an office boy in Gustave Eiffel 's workshop. Félicie finds her way to the Paris Opera , where the guard catches her trespassing. She is rescued by a mysterious cleaner with a limp, Odette, who agrees to let Félicie stay with her until she gets on her feet. Odette works for both the Opera and for the cruel and imperious Régine Le Haut, a wealthy restaurant owner. While helping Odette clean, Félicie spies Regine's daughter, Camille, practicing ballet. Camille sees Félicie, insults her, and throws Félicie's treasured music box out of the window, breaking it. As Félicie takes it to Victor for repair, she intercepts the postman who brings a letter from the Opera admitting Camille to the celebrated school of the Paris Opera Ballet partly because of her mother's connection. In her anger, Félicie hides the letter and decides to assume Camille's identity to get into the school and pursue her dream. Odette agrees to mentor Félicie, who later learns that Odette was a former prima ballerina . Félicie finds her training very difficult, but with Camille's letter of acceptance, she manages to take her place at the ballet school. Mérante, the school's exacting choreographer, announces that one of the girls from the class will be chosen to dance the role of Clara in The Nutcracker . Each day, he dismisses the worst dancer in class, but Félicie improves every day and narrowly avoids elimination. Mérante happens to see Félicie dance passionately in a bar that she and Victor visit, reluctantly admiring her for it. A couple of days before the final elimination, Félicie's lie is discovered; Mérante decides to admit Camille into the class, while also letting Félicie stay, although Félicie's infraction was serious. The night before the final elimination, Félicie neglects training to go out on a date with Rudi, a handsome boy from the school, which disappoints Odette. Victor sees Félicie with Rudi and becomes jealous; he and Félicie argue. The next day, Félicie is late to the audition and unable to perform well, and so the part of Clara goes to Camille. Regine sends Félicie back to her orphanage, where she loses her spirit. She has a dream about being an...","",""
"447332","A Quiet Place","2018","A family is forced to live in silence while hiding from creatures that hunt by sound.","",""
"447365","Guardians of the Galaxy Vol. 3","2023","Peter Quill, still reeling from the loss of Gamora, must rally his team around him to defend the universe along with protecting one of their own. A mission that, if not completed successfully, could quite possibly lead to the end of the Guardians as we know them.  [PLOT] Plot At their new headquarters on Knowhere , the Guardians of the Galaxy are attacked by Adam Warlock , a Sovereign warrior created by High Priestess Ayesha who seeks to destroy them for stealing from her. [ a ] After critically wounding Rocket , Adam is stabbed by Nebula and flees. The Guardians' med-packs are ineffective at healing Rocket's wounds due to a kill switch embedded in him by the organization Orgocorp. The Guardians travel to Orgocorp's headquarters to find the switch's override code and save Rocket's life. As Rocket lies dying, he recalls his past. He was found and experimented on as a baby raccoon by the High Evolutionary , leader of Orgocorp, who aimed to enhance and anthropomorphize animal lifeforms into ""Humanimals"" for an ideal society, Counter-Earth . Rocket's fellow Batch 89 test subjects included the otter Lylla , walrus Teefs , and rabbit Floor . Rocket's insights were used to improve later batches of Humanimals although the High Evolutionary was angry that one of his creations could solve a problem that he could not. The High Evolutionary planned to harvest Rocket's brain and incinerate all of Batch 89. Rocket tried to rescue his friends, but the High Evolutionary killed Lylla and mocked Rocket's grief. Enraged, Rocket attacked the High Evolutionary while henchmen killed Teefs and Floor during the chaos. Rocket killed the henchmen and then escaped in a spaceship. In the present, an alternate version of Gamora , [ b ] who has joined the Ravagers , helps the Guardians infiltrate Orgocorp. They retrieve Rocket's file but discover that Theel, one of the High Evolutionary's advisors, has removed the override code. The Guardians and Gamora travel to Counter-Earth to find him. They are followed by Ayesha and Adam after the High Evolutionary, their race's creator, threatened to wipe out the Sovereign if they failed to retrieve Rocket. At Counter-Earth, Drax and Mantis remain with Gamora and Rocket while Peter Quill , Groot , and Nebula go to the High Evolutionary's Arête Laboratories complex. Guards force Nebula to wait outside due to her cybernetic enhancements; Quill and Groot enter Arête. Drax tricks Mantis into pursuing Quill's group and Gamora saves Rocket from Adam and War Pig, one of the High Evolutionary's Hellspawn guards. The High Evolutionary agrees with Quill that Counter-Earth is imperfect and begins bombarding the entire planet, killing the Humanimals and Ayesha. Arête, which is actually a spaceship, departs as Nebula, Drax,...","",""
"447404","Pokémon Detective Pikachu","2019","In a world where people collect pocket-size monsters (Pokémon) to do battle, a boy comes across an intelligent monster who seeks to be a detective.  [PLOT] Plot Tim Goodman gave up his dream of being a Pokémon Trainer following the death of his mother and his estrangement from his father Harry, a police detective who moved to Ryme City, where humans and Pokémon live together side by side, while participating in Pokémon battles, being a Trainer and having Poké Balls are illegal. Tim is informed by Harry's friend, Lieutenant Hideo Yoshida, that Harry died in a car accident. Tim travels to Ryme City and goes to Harry's apartment to sort things out, being surprised by Harry's Pokémon partner, a deerstalker -clad amnesiac Pikachu , whom only Tim can understand. Tim accidentally releases a purple gas known as ""R"" from a vial he finds in Harry's office; they are attacked by a group of Aipom [ a ] who became aggressive under the gas' influence. Pikachu believes that Harry survived the crash, as the police never found his body. They meet an informant of Harry's, a Mr. Mime , who directs them to an illegal underground Pokémon battle arena. The arena is raided by police and Tim and Pikachu are arrested. They are brought to Yoshida, who reveals footage of Harry's crash, explaining that Harry having survived would have been impossible. Tim and Pikachu are contacted by Howard Clifford, the founder and former chairman of Clifford Industries and of Ryme City. He uses advanced holographic imagery to show them the crash; the hologram was recreated from police footage and allows them to see what police officers cannot or do not want them to see. The hologram reveals that Harry was abducted by a genetically engineered Pokémon called Mewtwo , who seemingly caused the crash and erased Pikachu's memory of the incident. Howard reveals that his son, the current chairman of Clifford Enterprises, Roger Clifford, is the mastermind of the R gas. Tim and Pikachu recruit junior reporter Lucy Stevens and her Psyduck , and travel to the abandoned genetics laboratory Harry was investigating. Through advanced holographic imagery, Tim and Pikachu discover that Mewtwo's DNA was used to create the R gas and Harry was tasked with capturing him. Roger releases power-enhanced Greninja that attack them. They manage to escape and survive a field of growth-enhanced Torterra , but Pikachu becomes severely injured. A Bulbasaur leads Tim and Pikachu to Mewtwo, who heals Pikachu. Mewtwo begins to reveal how Pikachu helped him escape from the lab, only to be abducted by Roger. Believing that he betrayed Harry, Pikachu leaves Tim. Pikachu soon comes across...","",""
"447557","Oru Kidayin Karunai Manu","2017","People of a village go on a trip to their neighbouring village to offer a goat as a sacrifice with a newlywed couple. On a remote thoroughfare, there is an accident and a local is found dead. What happens next?","",""
"447759","Adult Only Institute","2017","Chi-soo is a repeater who gets bullied by his friends. However, he had a secret about his body that rumors wouldn't die down about...  The secret was that he was the possessor of an outstanding package. Rumors about Chi-soo spread and all the women begin to desire him.  Chi-soo who realizes what he has, takes revenge on those who bullied him by conquering all their women...  [PLOT] Plot In October 1988, twelve-year-old Bill Denbrough makes a paper sailboat for his seven-year-old brother Georgie . Georgie sails the boat along rainy streets, only to have it fall down a storm drain. Attempting to retrieve it, Georgie sees a clown in the drain, who introduces himself as "" Pennywise the Dancing Clown "". Pennywise bites off Georgie's arm and drags him into the sewer. The following summer, Bill and his friends Richie Tozier , Eddie Kaspbrak , and Stanley Uris run afoul of older bullies Henry Bowers , Belch Huggins, Patrick Hockstetter , and Victor Criss. Bill calculates that his brother's body may have washed up in the marshy wasteland ""The Barrens"". He investigates with his friends, believing Georgie may still be alive. Bill's classmate Ben Hanscom learns that unexplained tragedies and child disappearances have plagued the town for centuries. Fleeing Bowers' posse, Ben meets Bill's group in the Barrens. They find the sneaker of missing girl Betty Ripsom, and Patrick is killed by drowned children while searching the sewers. Bill and Ben develop feelings for bullied girl Beverly Marsh . The group befriends orphan Mike Hanlon having rescued him from Bowers. Each member of the group has encountered terrifying manifestations of Pennywise: Ben is chased by a headless undead boy, Beverly is attacked by a sink spewing blood only children can see, Eddie is chased by a rotting leper , Stan witnesses a painting of a woman coming alive, Mike relives his parents burning alive, and a phantom of Georgie haunts Bill. Dubbing themselves ""The Losers Club"", they realize they are all being stalked by the same entity, which they call as ""It"". They determine that It appears as their individual worst fears, awakening from hibernation every 27 years to feed on the children of Derry , and that it travels via the sewer lines, which all lead to an old well under an abandoned house on Neibolt Street. Pennywise attacks them while they look through photos in Bill's garage. Beverly shows little fear of Pennywise. The group ventures to confront him, only to be separated and terrorized by their fears. As Pennywise gloats to Bill about Georgie, It charges at them, but Beverly stabs him in the head with a metal spike. Pennywise retreats after injuring Ben. The group flees with only Bill and Beverly fighting Pennywise. Weeks later, after Beverly confronts and incapacitates her sexually abusive father, Pennywise abducts her. The Losers Club returns to the abandoned house to...","",""
"448119","Dolittle","2020","After losing his wife seven years earlier, the eccentric Dr. John Dolittle, famed doctor and veterinarian of Queen Victoria’s England, hermits himself away behind the high walls of Dolittle Manor with only his menagerie of exotic animals for company. But when the young queen falls gravely ill, a reluctant Dolittle is forced to set sail on an epic adventure to a mythical island in search of a cure, regaining his wit and courage as he crosses old adversaries and discovers wondrous creatures.  [PLOT] Plot In Victorian era Britain , Dr. John Dolittle is a Welsh veterinarian with the ability to communicate with animals. After his adventurous wife Lily dies at sea, Dolittle retreats from human society, living in seclusion at the animal sanctuary gifted to him by Queen Victoria . Years later, young animal lover Tommy Stubbins is forced to go hunting, accidentally wounding a red squirrel named Kevin. He finds himself led to Dolittle's home by Poly the macaw , who hopes his arrival will help Dolittle reconnect with humans. There, Tommy meets Queen Victoria's maid of honor Lady Rose, sent to summon Dolittle to help the queen, who has fallen seriously ill. Tending to Kevin, Dolittle agrees to see Victoria, realising that he will lose his home to the Treasury if the queen dies. At Buckingham Palace , Dolittle finds Victoria being treated by his lifelong rival, Dr. Blair Müdfly, in the presence of Lord Thomas Badgley. Dolittle discovers the queen has been poisoned with nightshade and can only be cured by the magical fruit of the Eden Tree . Leaving Jip the Irish Wolfhound and stick insect Styx to guard the queen, Dolittle mounts an expedition of various animals, including Chee-Chee the gorilla , Yoshi the polar bear , and Plimpton the ostrich , but refuses to take Tommy. Poly sends Betsy the giraffe and Tutu the fox to bring Tommy aboard Dolittle's ship, convincing the doctor to accept his help. However, Lord Badgley plots to seize the throne for himself, and sends Müdfly to stop Dolittle's quest. Enlisting the help of a whale to escape Müdfly and the warship HMS Britannia , Dolittle is saved from drowning by Tommy, who begins to learn to talk to animals. Dolittle and Tommy infiltrate the bandit island of Monteverde to steal the only map to the Eden Tree, contained in Lily's journal salvaged from her shipwreck. They are captured by King Rassouli, Lily's father, who leaves Dolittle to be eaten by Barry the Bengal tiger . The doctor is rescued by his animals as Tommy steals the journal, which is seized by Müdfly and his soldiers, who sink Dolittle's ship. Moved by Dolittle's undying love for Lily, Rassouli gives him another vessel to continue his journey, pursuing Müdfly with the help of more whales. They arrive on Eden Tree Island only to be captured by Müdfly, who inadvertently awakens the dragoness guarding the tree. Realising she is suffering from the death of her mate, as well as a bowel obstruction , Dolittle successfully treats the grateful dragoness, who...","",""
"449176","Love, Simon","2018","Everyone deserves a great love story, but for 17-year-old Simon Spier, it's a little more complicated. He hasn't told his family or friends that he's gay, and he doesn't know the identity of the anonymous classmate that he's fallen for online.  [PLOT] Plot Ali ( Bea Alonzo ) is an impulsive photographer who savors every moment of her life. Nick ( Aga Muhlach ), is a venture capitalist , who accidentally meets Ali in a bookshop where Ali works. The two strangers bump into each other underneath the shop’s doorway and, in slo-mo fashion, they connect on a deep, romantic level that doesn’t quite reach you. [ 1 ] [ 2 ] Ali’s infectious charm is too strong for Nick to resist. She is full of life and lives each day like it’s her last, quite literally because Ali has a grave heart condition. Soon, their chance encounter turns into something deeper, something worth risking heartbreak for. [ 3 ] [ 4 ] ^ .mw-parser-output cite.citation{font-style:inherit;word-wrap:break-word}.mw-parser-output .citation q{quotes:""\""""""\""""""'""""'""}.mw-parser-output .citation:target{background-color:rgba(0,127,255,0.133)}.mw-parser-output .id-lock-free.id-lock-free a{background:url(""//upload.wikimedia.org/wikipedia/commons/6/65/Lock-green.svg"")right 0.1em center/9px no-repeat}.mw-parser-output .id-lock-limited.id-lock-limited a,.mw-parser-output .id-lock-registration.id-lock-registration a{background:url(""//upload.wikimedia.org/wikipedia/commons/d/d6/Lock-gray-alt-2.svg"")right 0.1em center/9px no-repeat}.mw-parser-output .id-lock-subscription.id-lock-subscription a{background:url(""//upload.wikimedia.org/wikipedia/commons/a/aa/Lock-red-alt-2.svg"")right 0.1em center/9px no-repeat}.mw-parser-output .cs1-ws-icon a{background:url(""//upload.wikimedia.org/wikipedia/commons/4/4c/Wikisource-logo.svg"")right 0.1em center/12px no-repeat}body:not(.skin-timeless):not(.skin-minerva) .mw-parser-output .id-lock-free a,body:not(.skin-timeless):not(.skin-minerva) .mw-parser-output .id-lock-limited a,body:not(.skin-timeless):not(.skin-minerva) .mw-parser-output .id-lock-registration a,body:not(.skin-timeless):not(.skin-minerva) .mw-parser-output .id-lock-subscription a,body:not(.skin-timeless):not(.skin-minerva) .mw-parser-output .cs1-ws-icon a{background-size:contain;padding:0 1em 0 0}.mw-parser-output .cs1-code{color:inherit;background:inherit;border:none;padding:inherit}.mw-parser-output .cs1-hidden-error{display:none;color:var(--color-error,#bf3c2c)}.mw-parser-output .cs1-visible-error{color:var(--color-error,#bf3c2c)}.mw-parser-output .cs1-maint{display:none;color:#085;margin-left:0.3em}.mw-parser-output .cs1-kern-left{padding-left:0.2em}.mw-parser-output .cs1-kern-right{padding-right:0.2em}.mw-parser-output .citation...","",""
"449342","Alamara","2017","Arun finally finds love in Swati after a long luckless search. They get married and soon their parents and their massive egos start interfering with their life. The problems worsen when a huge cupboard arrives as a gift from Swati's parents.","",""
"449443","Den of Thieves","2018","A gritty crime saga which follows the lives of an elite unit of the LA County Sheriff's Dept. and the state's most successful bank robbery crew as the outlaws plan a seemingly impossible heist on the Federal Reserve Bank.  [PLOT] Plot In Los Angeles, a team of ex- MARSOC Marines led by Ray Merrimen hijack an armored truck . The ensuing shootout with police leaves several dead, including one of Merrimen's crew, as the hijackers escape with an empty truck. Los Angeles County Sheriff's Department Detective Nick ""Big Nick"" O'Brien and his team, the Major Crimes Unit , investigate the robbery, making the recently paroled Merrimen his prime suspect. Nick's team kidnaps Donnie Wilson, a bartender who confesses to acting as the thieves' unarmed getaway driver . He describes a large sum of cash stolen from a stadium by the crew but denies knowing their plans and is released. Merrimen and his crew prepare to rob the heavily guarded Federal Reserve . With approximately $30 million in old bills removed from circulation daily, they plan to steal the untraceable money before it is shredded. Nick's team tails Donnie, who is hired as a Chinese food delivery driver, allowing him to deliver inside the Federal Reserve. When Nick recognizes Donnie at a restaurant, Merrimen's crew suspects Donnie is an informant . Interrogated at gunpoint, he admits that Nick questioned him; to his surprise, Merrimen orders him to tell Nick when the heist is taking place. Donnie informs Nick but denies knowing the location. Merrimen's girlfriend seduces Nick and, on Merrimen's instructions, reveals the crew will be robbing a bank in Pico Rivera . On the day of the heist, as Nick's team waits nearby running surveillance , Merrimen's crew takes the Pico Rivera Savings & Loan bank hostage, demanding a ransom and a helicopter. When the FBI attempts to negotiate, the crew appears to execute a female hostage. The thieves access the vault and detonate explosives inside, leading Nick to realize this is not their usual M.O. . He impatiently storms the bank himself to find the hostages alive, bound, and hooded. In contrast, the thieves have blown their way into the sewers and escaped. Merrimen and his right-hand man Enson infiltrate the Federal Reserve, using the stolen armored truck and stadium money to pose as security guards dropping off cash. Donnie, hidden inside a cart of cash, is wheeled inside a counting room as the thieves disrupt the room's power, making it seem like a common brownout . The employees are briefly sent away, and Donnie triggers an electromagnetic pulse to disable the room's cameras as he sends the bills earmarked for shredding safely down the trash chute. Crawling through an air duct to the restroom, he...","",""
"449459","The Vanishing","2019","Three lighthouse keepers on an uninhabited island off the coast of Scotland discover something that isn't theirs to keep.  [PLOT] Plot Three men begin their six-week shift tending to the remote Flannan Isles Lighthouse . Donald, the youngest, is inexperienced and learning the trade of the lighthouse keeper from James and Thomas. James has a family waiting for him on the mainland. Thomas is still mourning the loss of his wife and children. After a storm, the men discover a boat, a body and a wooden chest washed ashore. Donald descends the cliffs to check on the man, who appears lifeless. As they haul up the chest, the man awakens and attacks Donald. Donald smashes the man's head with a rock in self-defence. Thomas is against opening the chest, but does so alone and keeps the findings to himself. Eventually the other two give in to their curiosity and discover several gold bars inside. Urging caution and secrecy, Thomas proposes they dispose of the body, sneak the gold back to the mainland, and lie low for a year before splitting their shares. Another boat arrives with strangers Locke and Boor, crewmates of the deceased. They interrogate Thomas who claims the cargo has been reported and taken away, as per protocol. The visitors leave but attempt to contact the lighthouse by radio. Thomas and James are unable to respond due to their malfunctioning radio, revealing their lie. The strangers return, circling the island until nightfall. In a violent struggle James manages to strangle Boor and Donald kills Locke, using the woolding . Sensing another intruder outside, the keepers chase him through the darkness and James slashes him with a hook. He is horrified to discover he has killed a young boy, reminding him of his son. After dumping the bodies into the sea, the three men endure their remaining time on the island despite mounting distrust and tension. James in particular becomes unhinged, secluding himself in the tiny chapel nearby. Donald grows uneasy and insists that he and Thomas leave with the gold. James suddenly reappears, apologising for his behaviour. Once Donald and Thomas let their guards down, James locks Thomas in the pantry and strangles Donald. Thomas breaks free and subdues James. Finally ready to depart the island, Thomas and James board the dead visitors' boat with the gold. After throwing Donald's body overboard, James admits that he cannot bear to live with his guilt and lowers himself into the water to end his life. He calls for Thomas to help with this last act and Thomas complies by holding James' head under water before sailing on alone.","",""
"449562","The Hustle","2019","Two female scam artists, one low rent and the other high class, compete to swindle a naïve tech prodigy out of his fortune. A remake of the 1988 comedy ""Dirty Rotten Scoundrels.""  [PLOT] Plot Penny Rust is a young, Australian , small-time con artist who catfishes wealthy men, pretending to be an attractive young lady looking for love; then showing up on the first date claiming to be friends with her persona and convincing the man into giving her lots of money, which she claims will go to her persona. Josephine Chesterfield is a young, British , sophisticated con artist who cons the world's richest men out of their money. Their idol is the legendary con artist “Medusa” whose real identity is unknown. The two con artists meet for the first time while traveling on the French Riviera . Not willing to take a chance with any competition, Josephine tricks Penny into staying on the train. However, after realizing Penny managed to con a wealthy man who Josephine intended to swindle, she has Penny arrested. Josephine pays Penny’s bail and advises Penny to leave the country. While on the plane leaving France, Penny encounters a wealthy Danish man from whom Josephine stole a highly valuable piece of jewelry belonging to his wife (which he was hoping to sell to pay his gambling debts and then replace with the money he got from the original). Because the jewelry was stolen, he is unable to get any money and his wife has subsequently filed for divorce. Penny is furious that she was tricked, but returns to Josephine begging to be taught how to become professional like her. Josephine and Penny execute a complicated con act against multiple rich men called The Lord of the Rings, stealing engagement rings. The plan works but Josephine refuses to pay Penny because she's an apprentice. Penny and Josephine wager Penny's entire net worth of $500,000 using billionaire Thomas Westerburg, the creator of a tech app called YaBurnt, as their victim. Penny initially gains the upper hand by pretending to be blind, something that Thomas could relate to because his grandmother was also blind. Josephine, however, pretends to be a prominent eye doctor to ""treat"" Penny using unorthodox methods as a ruse to get close to Thomas. Penny uses sympathy gained by a few women at the club to have them ambush Josephine in the bathroom while she spends alone time with Thomas, but she learns that Thomas is not a billionaire and that he intends to use the last amount of his money for her instead. She tells Josephine that the wager is off, having developed some feelings for him. Josephine changes the wager of stealing Thomas' money to stealing his feelings instead. To hold her up,...","",""
"449574","Godzilla: Planet of the Monsters","2017","A desperate group of refugees attempts to recolonize Earth 20,000 years after Godzilla took over. But one young man wants revenge above all else.  [PLOT] Plot Captain Haruo Sakaki bears a seething hatred towards Godzilla, who had killed his parents during humanity's banishment and exile from Earth after 20 years in the Interstellar medium . He believes the exoplanet selected for colonization , Tau-e , is uninhabitable and tries to force the ship's central committee to rescind the order to send the elderly, including his grandfather, to scout the planet. Haruo is arrested and then witnesses the exploratory shuttle explode while entering the planet's atmosphere. He then anonymously publishes a classified essay on Godzilla's weak points provided by the Exif priest named Metphies. This sways public opinion among the population forcing the central committee into returning to Earth after deciding that they are unlikely to find another habitable world. The Aratrum emerges from hyperspace into Earth's orbit and begins sending reconnaissance drones to scout the surface, which reveal that Godzilla is still alive. Metphies arranges Haruo's bail and he explains to the committee that Godzilla has a vulnerability. It is an electromagnetic pulse -producing organ in his body which generates an asymmetrical permeable shield making him impervious to all damage except for a short period when the organ recycles. Haruo proposes using that window to crack the shield organ and quickly implant an EMP probe into Godzilla to cause an implosion from the resulting energy buildup. He stresses that close quarters combat would be needed for accurately coordinated attacks in order to find the organ and requests a force of 600 out of the 4,000 people on board to implement the plan. When Haruo and the landing ships with the 600 personnel from the Aratrum reach Earth's surface, they learn that almost 20,000 years have elapsed due to relativistic effects and Time Dilation , and Godzilla's presence on the planet has radically altered Earth's biosphere. They suffer losses and damage to their landing ships by new flying creatures called Servums. The remaining troops mobilize and soon encounter Godzilla. Haruo proceeds with the original plan on his own and attacks Godzilla before Leland intervenes and provoke Godzilla, his death allowing the others to learn Godzilla's weak point is his dorsal fins. Command falls to Metphies, who promotes Haruo to commander as the human convinces the remaining survivors to continue with the plan and defeat Godzilla. The group manage to trap Godzilla within a collapsed mountain pass, where they succeed in killing...","",""
"450465","Glass","2019","In a series of escalating encounters, former security guard David Dunn uses his supernatural abilities to track Kevin Wendell Crumb, a disturbed man who has twenty-four personalities. Meanwhile, the shadowy presence of Elijah Price emerges as an orchestrator who holds secrets critical to both men.  [PLOT] Plot Superhuman David Dunn , now a superhero dubbed the Overseer, and his son Joseph track Kevin Wendell Crumb , a man with multiple personalities called The Horde, to an abandoned factory near Philadelphia . Kevin holds four cheerleaders hostage to feed The Beast, a superhuman personality that several of Kevin's personalities worship. David rescues the cheerleaders and has a scuffle with The Beast until they are both captured by Dr. Ellie Staple. They are taken to the Raven Hill Memorial Psychiatric Hospital, where a sedated Elijah ""Mr. Glass"" Price, a former terrorist born with osteogenesis imperfecta , whom David previously fought over a decade ago, [ a ] is being detained. David and Kevin are placed in separate rooms containing unique security measures based on their weaknesses of water and light flashes, respectively. Ellie diagnoses them as suffering from delusions of grandeur and believes they do not have superpowers . Elijah's mother Mrs. Price, Joseph, and Beast survivor Casey Cooke [ b ] individually fail to convince Ellie that superhumans are real and to let them go. As part of her final evaluation, Ellie brings the trio to a room where she challenges them with explanations backing up her theory. David and several of Kevin's personalities become confused and distraught, while Elijah remains catatonic . That night, Elijah awakens, escapes from his room, and conducts research on David and Kevin. He visits Kevin and says he has been feigning his sedated state and plans to escape the institute, but he requires the help of The Beast to do so. The next morning, Ellie sees surveillance footage of Elijah outside his room and performs a prefrontal lobotomy -type procedure on him. When he is alone with his caretaker, Elijah kills the man, revealing the procedure was unsuccessful because he had sabotaged the surgical laser. He frees Kevin and then manipulates David into using his strength to break out of his room by relaying a master plan for The Beast to reveal himself to the world at the opening of the Osaka Tower, a new skyscraper in Philadelphia , while Elijah destroys a chemical lab in the building, potentially killing thousands. Mrs. Price, Casey, and Joseph arrive at Raven Hill just as Elijah, Kevin, and David escape. Ellie, also witnessing the fight, calls an armed SWAT team to move in on the superhumans. David and The Beast battle at the Raven Hill parking lot, before Elijah tells The Beast that David's weakness is water, at which point Joseph...","",""
"451048","Jungle Cruise","2021","Dr. Lily Houghton enlists the aid of wisecracking skipper Frank Wolff to take her down the Amazon in his dilapidated boat. Together, they search for an ancient tree that holds the power to heal – a discovery that will change the future of medicine.  [PLOT] Plot In 1556, Don Aguirre leads Spanish conquistadors to South America to search for the Tears of the Moon, a mythical tree whose flowers can cure illness and lift curses, believing it may save his ill daughter. After many conquistadors die, the Puka Michuna tribe heals the survivors with the Tree's flowers. Aguirre asks for the arrowhead, that can reveal the Tree's location, but the tribal chief refuses, so Aguirre stabs him and burns the village. As his daughter escapes with the arrowhead, the dying chief curses the conquistadors, making them immortal and unable to leave sight of the Amazon River without being dragged back by the jungle itself. In 1916 London , McGregor Houghton presents his sister Dr. Lily Houghton's research of the Tree to the Royal Society , which bars female members. The Houghtons hope to revolutionize medicine and aid the British war effort , so they request access to a recently acquired arrowhead that Lily believes can locate the Tree in Lágrimas de Cristal [ a ] but are denied. Lily steals the arrowhead, narrowly evading Prince Joachim , who is equally intent on finding the Tree for himself and the German Empire . After arriving in Brazil , Lily and MacGregor hire skipper Frank Wolff to guide them down the Amazon . Frank, who offers jungle cruises embellished with faked dangers, initially declines, citing the dangerous river and jungle, but reconsiders upon seeing the arrowhead. The trio departs after escaping Joachim's U-boat . While snooping through Frank's cabin below deck, Lily discovers his research of the Tree, but he insists he stopped searching long ago. They are captured by cannibals that are actually the Puka Michuna who work for Frank as part of his contrived jungle cruise. Angered, Lily arrogantly accuses Frank of being a liar and decides to find the Tree herself. Tribal chief Trader Sam translates the symbols on the arrowhead, revealing the Tree's location at La Luna Rota, [ b ] and that it only blooms under a blood moon . Meanwhile, Joachim locates the conquistadors petrified inside a cave and partially revives them with Amazon water. Aguirre agrees to bring Joachim the arrowhead in exchange for lifting the curse when he finds the flowers. Joachim diverts river water to flood the cave which reanimates Aguirre and his conquistadors and infuses them with rainforest elements. The conquistadors attack the tribe and Aguirre stabs Frank through the heart. Lily flees with the arrowhead, chased by conquistadors, but the...","",""
"451156","Infidelity in Suburbia","2017","With her husband away at work, and her son at school, Laura dreams of a home-renovation project to supplant her restless days. Elliott, her irresistibly hot private contractor, soon fulfills her more forbidden dreams.  [PLOT] Plot Lester Burnham, a middle-aged media executive in suburbia , despises his job and is unhappily married to neurotic , status-obsessed Carolyn. Their 16-year-old daughter and only child, Jane, resents her parents and has low self-esteem . Retired Marine colonel Frank Fitts, his near- catatonic wife Barbara, and their teenage son Ricky move in next door. Ricky documents the world around him with a camcorder , collecting recordings on videotape in his bedroom, as he finds beauty in unexpected places and things; he pays for supplies by dealing marijuana , using his part-time catering and waitstaff jobs as a front. A strict and abusive disciplinarian, Frank previously had Ricky sent to a psychiatric hospital and military school . Gay couple Jim Olmeyer and Jim Berkley, also neighbors, welcome the Fitts family, angering the homophobic Frank. One evening during a cheerleading routine at a school basketball game, Lester becomes infatuated with Jane's best friend Angela Hayes, who brags to her classmates about being sexually experienced. He starts having sexual fantasies about her, in which red rose petals are a recurring motif. Carolyn begins an affair with married real estate ""King"" Buddy Kane. Lester quits his job, blackmails his supervisor into giving him a generous severance package, and starts working as a fry cook at a fast food restaurant . He also buys his dream car, a 1970 Pontiac Firebird , and starts regularly exercising after overhearing Angela teasing Jane that she would have sex with Lester if he improved his physique. He begins smoking marijuana supplied by Ricky and returning Angela's flirts. The girls' friendship wanes when Angela and Lester start having sexual interests in one another and when Jane starts a relationship with Ricky; while Angela thinks he is strange, Jane appreciates him for focusing on the beauty he sees within her. Buddy and Carolyn have a date at a shooting range . Lester then discovers Carolyn's infidelity when they order a meal at the fast food's drive-through. Buddy fears a costly divorce and ends the affair, while Carolyn is humiliated and simultaneously frustrated by her lack of professional success. Frank finds Ricky's recording of a nude Lester working out and becomes suspicious of their friendship, assuming that they are sexually involved after spying on their drug session. He viciously accuses Ricky of being gay and expels him from the house. Ricky defiantly embraces this forced dissociation. Carolyn withdraws a...","",""
"451997","The Merciless","2017","Jae-ho, who aims to become the number one in a crime organization, gets to build up trust with Hyun-su, an ambitious newbie in prison. When they try to take over the organization after their release, their ulterior motives start to emerge.  [PLOT] Plot Christian is the curator of the X-Royal art museum in Stockholm , formerly the Royal Palace . He is interviewed by journalist Anne, struggling to explain museum parlance. Later, Christian is pulled into a confrontation at a pedestrian zone, after which he notices that his smartphone and wallet are missing, along with his cufflinks, presumably stolen in a confidence trick . Christian is able to track the position of his phone on his computer, which he and his assistant Michael trace to a large apartment block. They write a threatening anonymous letter demanding the return of the phone and wallet by depositing them at a nearby 7-Eleven . Christian puts a copy of the letter through each apartment mailbox that night. Several days later, a package for him is deposited at the store, containing the phone and the completely untouched wallet. Euphoric after the success of his plan, Christian goes to a party where he meets Anne again, before ending up in her apartment. After the two have sex, Anne offers to throw away a used condom but he steadfastly refuses to hand it over to her. They argue over the situation, as she believes he does not trust her to dispose of the semen rather than take it . Several days later, Anne meets Christian in the museum and states she is looking for more than casual sex . She asks him if he feels the same, but Christian is evasive. When Anne later tries to call him, he does not pick up the phone. The day after picking up the package, Christian is informed that a second one has arrived for him at the 7-Eleven. Suspicious, he sends Michael to pick it up. In the store, Michael is confronted by a young Arab boy who states that his parents believe that he is a thief because of the letter and demands that Christian apologizes to him and his family. Otherwise, the boy threatens to create ""chaos"" for him. Later, the boy visits Christian's home and confronts him, along with his two young daughters, on the staircase. Christian tries to send him away but the boy begins to knock on doors and screaming for help. In a fit of frustration, Christian pushes the boy down the stairs, though no one comes to his aid. Disturbed, Christian desperately searches the trash outside the house for a note which contains the boy's phone number. After finding it and unsuccessfully trying to call him, Christian records an apologetic video message. In the midst of these troubles, Christian has to manage the promotion of a new exhibition centered on an art piece...","",""
"452244","La Leçon","2016","Ludovic, a weekend biker, has planned an afternoon with Axelle in a wooden shed. Despite her attraction to him, the young and bold Axelle is determined not to get caught in Ludovic’s well oiled game of seduction…","",""
"452416","Puthan Panam","2017","The sudden implementation of demonetisation rattles the country, and a few black money hoarders in Kerala are trying their best to save their void currencies by hook or crook. Kasaragod-based financier Nithyananda Shenoy also gets embroiled in it, and drawn into the scene are also a few underprivileged folk in Kochi. Dramatic situations surrounding the hotchpotch ensue, as each one tries to set their lives straight.","",""
"452773","Tad, the Lost Explorer, and the Secret of King Midas","2017","Tad dreams of becoming an archaeologist traveling the world, uncovering hidden secrets and lost treasure, but his job working construction keeps him daydreaming instead of exploring. The chance of a lifetime comes when he is invited to attend archaeologist Sara Lavrof's presentation of her latest discovery - the papyrus that proves the existence of the Necklace of Midas, the legendary King who turned everything he touched into solid gold.","",""
"452832","Serenity","2019","The quiet life of Baker Dill, a fishing boat captain who lives on the isolated Plymouth Island, where he spends his days obsessed with capturing an elusive tuna while fighting his personal demons, is interrupted when someone from his past comes to him searching for help.  [PLOT] Plot Baker Dill is a fishing boat captain living a quiet and sheltered life. He spends his days leading tours off a tranquil, tropical enclave called Plymouth Island and is obsessed with catching an evasive giant yellowfin tuna whom he calls ""Justice."" One day, Dill's ex-wife Karen tracks him down and begs him to save her and their young son, Patrick, from her new, powerful but violently abusive husband Frank. She offers Dill $10 million to murder him by throwing him overboard. She tells him that Frank will be arriving later in the week and that they have booked Frank for a fishing trip, the perfect opportunity for Dill to kill Frank. Torn between his conscience and his desire to help Karen, Dill is thrust back into a life he had tried to forget, as his world is plunged into a new reality that may not be all that it seems. It soon becomes apparent that Dill is a character in a computer game Patrick created, based on his father, John Mason, a U.S. Marine Corps Captain who was killed in Iraq in 2006. Patrick had based the character on a memory of his father taking him fishing when he was three years old. When the widowed Karen remarried, Patrick introduced his mother and abusive step-father as new characters in the game, and changed Dill's task from catching tuna to murdering his step-father. Dill soon begins to realize that he and the other inhabitants of Plymouth Island are merely artificial intelligence characters created by his son inside the pupil of his eye. Nevertheless, he decides to go along with the objective of killing Frank. As Dill carries out the objective, Patrick summons up the courage to confront Frank in real life and stabs him in the chest with a knife that belonged to his father. Frank dies and Patrick is charged with murder, but he is released into his mother's custody while awaiting trial. He designs a new computer game in which he and his father are reunited.","",""
"452970","Mazinger Z: Infinity","2017","When the evil Dr. Hell attacks the Earth, the mighty giant mecha Mazinger Z is formed to stop him.  [PLOT] Plot Ten years after the end of the war against Dr. Hell and his Mechanical Beasts, the world lives in an era of peace thanks to the development of photonic energy for peaceful purposes. Mazinger Z's pilot Koji Kabuto has become a distinguished scientist, after his father and grandfather, while Sayaka Yumi is now the director of the Photon Research Institute, after her father, Dr. Yumi, became the Prime Minister of Japan . Great Mazinger's pilot Tetsuya Tsurugi is still in the military and married to Jun Hono, who is expecting their first child. Koji's younger brother Shiro is also a military mecha pilot. While constructing the institute's new building, they find an enormous robot buried beneath Mt. Fuji, which they codename Infinity. When Koji comes to investigate, a girl emerges from the inside. Lisa is the robot's main control unit, a 91% organic AI with feelings. Shortly before, the presumed dead Dr. Hell attacks the institute with new Mechanical Beasts, as well as his henchmen Baron Ashura and Count Brocken, and steals the Infinity, using a captured Tetsuya and Great Mazinger as improvised activation key, since he was unable to get Lisa. Lisa reveals that the final power of the Infinity is the Goragon, the ability to exchange their universe with another , by causing a forced quantum overlapping . Dr. Hell plans to use it, as he believes this world is not worth existing. Dr. Nossori and Dr. Sewashi use a giant photonic energy 3D Printer to repair and upgrade the original Mazinger Z (which was hidden at the old Photon Research Institute). Koji and Lisa, in the refurbished Mazinger Z, infiltrate the invaded Photon Institute, battling the Mechanical Beasts inside. After defeating Baron Ashura and Count Brocken, Mazinger Z confronts Dr. Hell's robot, but is gravely damaged. Shiro rescues Great Mazinger, and they stop the Goragon countdown but Dr. Hell has a backup of Great Mazinger's activation code on his Bardos scepter and takes control of Infinity, activating Goragon. In the adjacent dimension, Koji sees an alternate universe where Lisa is his and Sayaka's daughter. Lisa uses herself as a key to give Mazinger a power equivalent to Infinity's, by transmuting photonic energy into matter. Everyone on the planet gives their photonic energy to Mazinger Z, and Koji punches Infinity with Dr. Hell out of the planet, where it explodes. Lisa disappears, assuring Koji they will see each other again. Meanwhile, Jun gives birth to her and Tetsuya's child....","",""
"453133","My Brother's Wife 3: The Woman Downstairs","2017","My sister and I moved into a new house. We didn't do much but the woman downstairs came up to ask us to keep it down.  She said she was sensitive so we decided to keep it down.  Her gangster husband would beat her when he came home drunk.  Every time I heard her suffer from the beatings, I couldn't stand it and would stomp the floor to create a distraction.  She would come up telling us to be quiet.  I told her I did it intentionally. I also decided to do something about the woman who showed interest in me by memorizing my number.","",""
"453395","Doctor Strange in the Multiverse of Madness","2022","Doctor Strange, with the help of mystical allies both old and new, traverses the mind-bending and dangerous alternate realities of the Multiverse to confront a mysterious new adversary.  [PLOT] Plot A demon chases America Chavez and a variant of Stephen Strange in the space between universes while searching for the Book of Vishanti . Strange is killed and Chavez accidentally creates a portal that transports herself and Strange's corpse to Earth-616 , [ a ] where that universe's version of Stephen Strange rescues Chavez from another demon [ b ] with help from Wong , the Sorcerer Supreme . Chavez explains that the beings are hunting her because she has the power to travel through the multiverse , but is unable to consciously control it. Recognizing witchcraft runes on the demon, Strange consults Wanda Maximoff but soon realizes that she is responsible for the attacks. After acquiring the Darkhold and becoming the Scarlet Witch , Wanda believes that taking Chavez's powers and traveling through the multiverse will allow her to reunite with Billy and Tommy , the children she created during her time in Westview . [ c ] When Strange refuses to surrender Chavez, Wanda attacks Kamar-Taj , kills many sorcerers, and captures Wong. Chavez accidentally transports herself and Strange to Earth-838 . Wanda uses the Darkhold to "" dreamwalk "", taking control of her Earth-838 counterpart who lives a suburban life with her own Billy and Tommy. After a surviving sorceress, Sara, sacrifices herself to destroy the Darkhold and break the dreamwalk, an enraged Wanda forces Wong to lead her to Mount Wundagore , the source of the Darkhold 's power, to reestablish the dreamwalk. While searching for help, Strange and Chavez are apprehended by Earth-838's Sorcerer Supreme, Karl Mordo , and brought before the Illuminati , a group consisting of Mordo, Peggy Carter , Blackagar Boltagon , Maria Rambeau , Reed Richards , and Charles Xavier . They explain that through reckless use of their universe's Darkhold in an attempt to defeat Thanos , Earth-838's Strange triggered a universe-destroying "" incursion "". After defeating Thanos, the Illuminati executed their Strange to prevent him from causing more harm. Mordo believes that Earth-616's Strange is similarly dangerous, but Wanda reestablishes her dreamwalk at Mount Wundagore and arrives in her Earth-838 counterpart's body before the Illuminati can pass judgment. She brutally kills all the Illuminati except Mordo, whom Strange subdues before fleeing with Chavez. The two escape with help from the Earth-838 version of Strange's ex-fiancé, Christine Palmer , a scientist working with the Illuminati. Strange, Chavez, and Palmer enter...","",""
"453405","Gemini Man","2019","Henry Brogan is an elite 51-year-old assassin who's ready to call it quits after completing his 72nd job. His plans get turned upside down when he becomes the target of a mysterious operative who can seemingly predict his every move. To his horror, Brogan soon learns that the man who's trying to kill him is a younger, faster, cloned version of himself.  [PLOT] Plot Henry Brogan, a 51-year-old former Force Recon Marine Scout Sniper working as an operative of the Defense Clandestine Service of the Defense Intelligence Agency , is sent to assassinate a bioterrorist aboard a train in Belgium . Henry's spotter warns him of a young girl approaching the target, causing him to delay his shot until the last second, shooting the man in the neck despite aiming for his head. Disillusioned with killing, Henry retires. In Buttermilk Sound, Georgia , Henry meets boat rental manager Danny and reconnects with his old friend Jack, who tells Henry that his informant Yuri claims that the target on the train was innocent. Demanding proof, Henry has Jack arrange a meeting with him. In retaliation, agency director Lassiter plans to kill Henry; Clay Verris, director of a rogue private military company codenamed ""GEMINI"", is denied permission to eliminate him. Deducing that Danny is a fellow agent sent to monitor him, Henry befriends her. After his home is broken into by government agents, he calls his spotter, who is killed along with Jack and his mistress. Henry warns Danny, and they kill the assassins sent after them, realizing the agency wants them both dead. They escape to Colombia with Baron, Henry's former colleague, hiding at his home and planning to meet with Yuri. Clay dispatches his top assassin to kill Henry. Fighting him off, Henry realizes the assassin bears an uncanny resemblance to himself as a young man. Arriving at a safe house, the assassin is revealed to be Clay's adopted ""son"" Junior. Curious about his similarities to Henry, Junior is ordered to finish the job. Danny suggests the assassin might be Henry's child, despite his denials. Desperate for answers, Henry has Baron obtain a Gulfstream and transport them to Hungary . Testing DNA recovered from Junior, Danny discovers that his and Henry's DNA are identical – Junior is Henry's clone . Henry meets Yuri and learns of GEMINI's cloning project; the man he killed on the train was a scientist who tried to leave the project, having designed a method to produce clones devoid of pain or emotion. Henry calls Lassiter, who agrees to send Junior to bring Danny safely back to the United States. Collecting Danny, Junior sets up a trap for Henry, who is warned via a covert listening device hidden in Danny's mouth. Ambushing the younger assassin, Henry explains to Junior that he is a clone, revealing their similar traits that no one else could know. Escaping to GEMINI, a...","",""
"453661","Las cinéphilas","2017","Six elderly retired women, two from Buenos Aires, Argentina; two from Montevideo, Uruguay; and two from Madrid, Spain, have something in common, despite their different interests and lives: they go to the movies almost every day.","",""
"454227","Outlaw King","2018","Forced into exile by the English after being crowned King of Scotland, legendary warrior Robert the Bruce fights to reclaim the throne.  [PLOT] Plot Divorced father Jay drives his daughter Kayla to a ballet retreat. On the way, they find Kayla's friend, Britney, waiting on the side of the road, and give her a lift. After pulling over so Britney can go to the bathroom in the woods, Jay hears Kayla scream and finds her sitting alone on a bridge over a river. Kayla claims she pushed Britney off the bridge. Jay checks the area for Britney's body, but does not find it and assumes she drowned and was washed away. Kayla finds Britney's purse and they go to see Kayla's mother, Rebecca, an attorney. At Rebecca's home, Kayla tells her that she murdered Britney. Britney's father, Sam, arrives in search of his daughter. When he asks to speak to Kayla, Rebecca lies, saying she is at the doctor. Later on, Sam gets suspicious and returns to discover that Rebecca lied and Kayla is at home. After a physical altercation with Jay, Sam threatens to go to the police. Noting that Britney had a bruise on her face, Jay convinces Rebecca to try and put suspicion on Sam for the disappearance. She contacts a police associate, Detective Kenji Tagata, to accuse Sam of abusing Britney. When Kenji interrogates Sam, he denies hitting Britney and admits that she has run away before. Kenji interviews Kayla, who says that Sam has a bad temper and hit Britney before. Sam spots Kayla outside Jay's apartment and tries to grab her, but she retreats back into the house as he is chasing her, banging on the windows, and screaming her name. Jay and Rebecca try to bury Britney's phone behind Sam's house, but he catches them in the act. Before they flee, Sam tells them that he knows Kayla killed Britney. When Sam appears in front of their car, Rebecca purposefully drives into him. Jay and Rebecca consider calling for help before letting him bleed to death and leaving his corpse in the road. The next morning, as Jay and Rebecca scrub Sam's blood off her car, Britney suddenly appears, alive and well, asking to speak to Kayla. Britney admits her disappearance was no more than an elaborate ruse between her and Kayla to allow for Britney to visit her boyfriend. Britney becomes uncomfortable and leaves after noticing a bloodied rag, and their suspicious reactions. Jay and Rebecca confront Kayla, who tearfully admits that she went along with Britney's plan, and escalated the lie by pretending to ""push"" Britney off the bridge, hoping that the pseudo-tragedy would bring her divorced parents back together. As the family embrace and Kayla begs her...","",""
"454626","Sonic the Hedgehog","2020","Powered with incredible speed, Sonic The Hedgehog embraces his new home on Earth. That is, until Sonic sparks the attention of super-uncool evil genius Dr. Robotnik. Now it’s super-villain vs. super-sonic in an all-out race across the globe to stop Robotnik from using Sonic’s unique power for world domination.  [PLOT] Plot Sonic , a young anthropomorphic blue hedgehog who can run at supersonic speed, is ambushed by an echidna tribe for his power. His guardian, an anthropomorphic owl named Longclaw, gives him a bag of golden rings that open portals to distant locations. She tells Sonic the best way to stay safe is to stay hidden before using a ring to send him to Earth while she stays behind to hold off the echidnas, sacrificing herself. Ten years later, Sonic enjoys a secret life in a forest cave near the rural town of Green Hills , Montana , but longs to make friends. He idolizes the local sheriff, Tom Wachowski , and his wife, Maddie, unaware that the pair plans to relocate to San Francisco as Tom intends to accept a job at the San Francisco Police Department . One night, Sonic grows lonely while playing baseball alone. While he is running at unusually high speeds to clear his mind, his frustration causes him to accidentally trigger an electromagnetic pulse that causes a massive power outage across the Pacific Northwest . The U.S. Department of Defense enlists the services of eccentric roboticist and scientific genius Doctor Robotnik to determine the cause of the outage. Realizing his cover has been blown, Sonic reluctantly plans to leave Earth and live on a different planet that only contains mushrooms. Robotnik discovers Sonic's footprint in the forest and, determining that the print is not of any animal found on Earth, uses his drones to track Sonic, who escapes his cave and hides in the Wachowskis' shed to leave for the mushroom planet. However, Sonic causes a commotion as he prepares to leave, causing Tom to investigate. Discovering Sonic in his shed, Tom shoots him with a tranquilizer dart , causing Sonic to accidentally open a portal to San Francisco and drop his bag of rings through the portal to the Transamerica Pyramid 's roof before passing out. After Sonic recovers, Tom agrees to help him, and the two flee when confronted by Robotnik, who falsely labels Tom a domestic terrorist. The two bond as they make their way to San Francisco, with Tom relating to Sonic's desire for friends. Sonic creates a bucket list in a western-themed bar where Tom helps him complete several entries, culminating in a bar fight. Meanwhile, Robotnik comes across one of Sonic's quills, discovering that the power in it has the potential to fuel his machines, and becomes obsessed with capturing Sonic to harness his power. Sonic and Tom fight off several mechanized drones sent by...","",""
"454640","The Angry Birds Movie 2","2019","Red, Chuck, Bomb and the rest of their feathered friends are surprised when a green pig suggests that they put aside their differences and unite to fight a common threat. Aggressive birds from an island covered in ice are planning to use an elaborate weapon to destroy the fowl and swine.  [PLOT] Plot On Bird Island, Red has become a hero after saving the island's eggs, [ a ] and defends the island from a prank war against the pigs of Piggy Island, led by Leonard. One day, a giant ice ball from the distant Eagle Island crashes near Piggy Island, prompting Leonard to call for a truce and propose an alliance with the birds. The new threat comes from Zeta, the leader of Eagle Island, who is tired of living on the island and plans to take over both islands by launching lava-filled balls of ice from her superweapon inside of a volcano. Meanwhile, Red struggles with insecurity, fearing he will no longer be admired if peace is achieved. His friends Chuck and Bomb invite him to a speed dating event, where Red meets Chuck's sister, Silver, an engineering student who deems him incompatible. At the same time, three hatchlings —Zoe, Vincent, and Samantha—accidentally lose Zoe's unhatched sisters and embark on a quest to retrieve them. Leonard visits Red and convinces him to form a team and infiltrate Eagle Island. They recruit Chuck, Bomb, Silver, Leonard's assistant Courtney, and Mighty Eagle, the latter of whom recognizes Zeta. The group plans their mission in Mighty Eagle's cave but is interrupted when Zeta's weapon destroys part of Eagle Mountain, frightening the other birds. To reach Eagle Island, the team uses a submarine built by pig inventor Garry. Red insists that evacuation is unnecessary, hoping to preserve his heroic image. Upon arrival, Mighty Eagle confesses that Zeta was once his fiancée, but he abandoned her out of cowardice . Upon arriving, Red decides to infiltrate the weapon alone, though Silver follows him. Red and Silver sneak into the cannon 's entrance but are quickly captured by security. Zeta reveals her plan to bombard the islands with lava-filled ice balls to force evacuation. Regretting his decisions, Red admits to Silver that his actions were driven by his fear of losing popularity. Silver comforts him, and together they escape through Silver's ingenuity. Elsewhere, Chuck, Bomb, and the three pigs disguise themselves as an eagle to infiltrate the base and obtain a keycard . They reunite with Red and Silver, the latter of whom devises a plan to destroy the cannon as it begins to charge. Red and Silver encase themselves in an ice ball and attempt to destroy the weapon from within, but their plan fails. As Zeta prepares to fire the cannon, Mighty Eagle confronts her and apologizes for abandoning her. Zeta dismisses Mighty Eagle,...","",""
"454699","Monster Family","2017","The Wishbone family are far from happy. In an attempt to reconnect as a family, they plan a fun night out. However, the plan backfires when they are cursed and all turned into Monsters.  [PLOT] Plot Young Lucas finds out he's not human after he transforms into a monster in front of the most popular kids at school. His search for Monster Island and his real roots takes him on a journey that puts him face to face with more tentacles, fangs and far-out situations than he can shake one of his new wings at.","",""
"454983","The Kissing Booth","2018","When teenager Elle's first kiss leads to a forbidden romance with the hottest boy in high school, she risks her relationship with her best friend.","",""
"455236","Accident Man","2018","Mike Fallon, the Accident Man, is a stone cold killer.  When a loved one is murdered by his own crew, Fallon is forced to avenge the one person who actually meant something to him.  [PLOT] Plot Mike Fallon is an assassin who specializes in disguising his kills as accidents, and he is a regular at an assassins' pub called Oasis, where retired Big Ray is the bartender. Fellow regulars include Carnage Cliff, who kills his victims with an axe; Poison Pete; military veterans Mick and Mac; Finnicky Fred, who invents and sells unorthodox weapons; and Jane the Ripper, an expert swordswoman. After killing an accountant named Archie Rudd, Mike gets a call from Milton, who assigns the assassins their missions. Milton asks Mike to receive his payment for the kill in an alleyway, but Mike is attacked by an amateur assassin, whom he kills easily. Mike accuses Milton of setting him up, but Milton denies this. Mike learns that his ex-girlfriend Beth has been murdered in a botched burglary and was pregnant with his child. Hearing that the alleged perpetrators overdosed immediately afterwards, Mike becomes suspicious and steals the police report, where he deduces that Mick and Mac were responsible, as they specialize in disguising assassinations as random street crimes. Mike accuses Mick and Mac, and they confess to killing Beth, but deny knowledge of their client's identity. Enraged, Mike fights and defeats them, and Big Ray reminds Mike never to get emotionally involved in his line of work. Mike goes to Beth's apartment and asks her girlfriend Charlie whether Beth's environmentalist activities made her enemies. They argue until Cliff breaks in and attacks Charlie. Mike inadvertently kills Cliff, tracks down Milton, and tortures him to reveal who ordered the hit on Beth, a man named Leonard Kent. Big Ray reluctantly orders a hit on Mike for killing Cliff. Flashback: Years earlier, 15-year-old Mike worked as a paperboy and was bullied every day on his route. While hiding from his bullies, Mike noticed a man mysteriously walking away from a house that exploded moments later. After recording and spying on him for weeks, Mike confronted the man and blackmailed him to teach him to become an assassin. Big Ray took him as an apprentice and had him kill the bullies' leader as his first kill. Ray kept photographs incriminating Mike in the murder, and warned Mike to never betray him. Ray taught Mike what he needed to be a professional assassin and became a father figure to Mike. Back in the present, Charlie reveals that Beth had collected information on Pankot Petroleum, a corrupt Indian oil company , provided by Archie Rudd. Mike confronts Kent, who turns over a...","",""
