"tmdb_id","title","release_year","synopsis","themes","tones"
"302946","The Accountant","2016","As a math savant uncooks the books for a new client, the Treasury Department closes in on his activities and the body count starts to rise.  [PLOT] Plot An autistic child whose mother desires to have him treated at the Harbor Neuroscience facility is instead raised by his father, a U.S. Army psychological operations officer who refuses to enroll him. When the mother leaves the family, unable to cope, the father trains him and his brother in martial arts, encouraging the child to acclimate himself to triggering stimuli rather than avoiding them. As an adult, the child is known by the alias Christian Wolff and acts as a forensic accountant investigating criminal organizations, ""un-cooking"" their financial records to uncover thefts. He operates a small accounting office in Plainfield, Illinois , that serves as a front for his money laundering enterprise. He assists a farmer and his wife with their tax problems, and is seen living a regimented life in a suburban property. His criminal clients contact him via an unnamed woman (later revealed to be Justine, daughter of Harbor Neuroscience's founder), who also organizes his business, identities and life using a computer-generated voice over the phone. After Living Robotics' CEO, Lamar Blackburn, and his sister Rita learn of accounting irregularities from in-house accountant Dana Cummings, they hire Christian to audit their firm with Dana's assistance. Christian informs Rita he's discovered $61 million has been embezzled but doesn't know the thief's identity. That night, Living Robotics CFO Ed Chilton is forced by a hitman to overdose on his insulin . Lamar pays Christian his remaining fee and tells him to leave. Christian kills two hitmen who attempt to kill him. Learning from one that Dana has also been targeted, he prevents another team from killing her in her apartment, then takes her to his storage unit, which contains an Airstream recreational vehicle filled with artwork and valuables he's accumulated by purchase or as payment for previous jobs. He hides Dana at a hotel and goes to confront Rita, finding her murdered. He suspects Lamar is her killer. Treasury Director Ray King is blackmailing data analyst Marybeth Medina, who omitted her juvenile criminal record from her federal employment application, to get her to find a shadowy figure known as ""The Accountant"". Medina realizes Christian is using the names of great mathematicians as aliases and tracks the Wolff identity to the accountancy office and adjacent businesses used to launder money. King, Medina, and a group of agents search Christian's home and King tells Medina that Christian was...","",""
"303857","Dragon Ball Z: Resurrection 'F'","2015","One peaceful day on Earth, two remnants of Frieza's army named Sorbet and Tagoma arrive searching for the Dragon Balls with the aim of reviving Frieza. They succeed, and Frieza subsequently seeks revenge on the Saiyans.","",""
"305470","Power Rangers","2017","Five ordinary teens must become something extraordinary when they learn that their small town of Angel Grove — and the world — is on the verge of being obliterated by an alien threat. Chosen by destiny, our heroes quickly discover they are the only ones who can save the planet. But to do so, they will have to overcome their real-life issues and before it’s too late, band together as the Power Rangers.  [PLOT] Plot In the Cenozoic era, a team of warriors known as the Power Rangers are tasked with protecting the Zeo Crystal and life on Earth. The Green Ranger, Rita Repulsa , betrays them, planning to use the Crystal's power to dominate the universe. The Red Ranger, Zordon , survives Rita's attack and hides five of the Power Coins. He then orders Alpha 5 , his robotic assistant , to perform a meteor strike that kills him, the dinosaurs, and sends Rita to the bottom of the sea, foiling her scheme. Sixty-five million years later in the town of Angel Grove , high school football star Jason Scott is kicked off the team and placed under house arrest after a prank gone wrong. In detention, he encounters nerd Billy Cranston and former cheerleader Kimberly Hart . Billy is placed in detention after experimenting with explosives while Kimberly is there for cyberbullying . After Jason defends Billy from a bully named Colt Wallace, who usually goes after the latter, Billy offers to deactivate Jason's ankle monitor for help at an old gold mine. Once there, Jason leaves to explore and runs into Kimberly. Billy detonates explosives to break some rock, attracting the attention of Jason, Kimberly, and nearby students Trini Kwan and Zack Taylor . The five discover the Power Coins and each take one. While escaping mine security, their car is hit by a train. The five find themselves at home Monday morning and discover that the coins have granted them superhuman abilities. Elsewhere, Rita's sleeping body is found, but upon waking, she goes on a rampage, accumulating gold to raise her minion Goldar and find the Crystal. The five teenagers return to the mine, where they discover an ancient spaceship and meet Alpha 5 and Zordon's consciousness. They inform the teenagers about the Rangers' history and Rita, warning that they have less than two weeks until Rita has her full power, finds the Crystal, and uses it to destroy life on Earth. The five spend the next week training against simulated Putties and trying to morph, to little success. To inspire the Rangers, Alpha reveals the Zords , a fleet of enormous assault vehicles modeled after dinosaurs. Zack takes his Zord out for a joyride and almost kills the group when he crashes it. This angers Jason, and they fight. While trying to separate the two, Billy morphs. However, when he becomes conscious of it, the armor disappears. Angered at their lack of progress, Zordon dismisses the group. Jason returns to the ship to confront him and...","",""
"306819","The Danish Girl","2015","When Gerda Wegener asks her husband Einar to fill in as a portrait model, Einar discovers the person she's meant to be and begins living her life as Lili Elbe. Having realized her true self and with Gerda's love and support, Lili embarks on a groundbreaking journey as a transgender pioneer.  [PLOT] Plot In 1920s Copenhagen , portrait artist Gerda Wegener is attending an art show to support her husband, popular landscape artist and closeted trans woman Einar Wegener. Though Gerda is talented, she hasn't quite received the same success Einar has. The following day Gerda shows some of her work to a Museum curator but he's unfortunately unimpressed. When she returns home, she asks Einar to stand in for a female model, who is running late, to pose for a painting Gerda is working on. The experience of posing for Gerda's painting creates a string of events that brings out more of Einar's feminine identity, who is eventually named Lili. The following day, Gerda mentions going to an artist ball, but when Einar refuses to go, she suggests that he go as someone else, namely Lili, and he agrees. They spend a few days preparing Einar, learning female mannerisms and donning him with make-up, new clothes and a woman's wig. All of which helps to bring out more of Lili's identity, but Gerda misinterprets it as a game. At the ball, Lili ends up spending the night talking with Henrik Sandahl. When Gerda looks for her, she sees the two of them kissing. When she confronts Einar about it the next morning, he says Henrik was kissing Lili. Gerda shows the curator her new portraits of Lili and to her surprise, he agrees to show them. Lili goes to visit Henrik at his home and begins kissing him but when he calls her ""Einar"" she leaves devastated. When Gerda comes home, Lili tells her about Henrik and while Gerda sits at the table heartbroken, Lili turns back into Einar. She assures her that Einar has no romantic feelings for Henrik but Lili does, she also tells her that as a child Lili kissed a boy named Hans until Lili's father caught them. Afterwards, Gerda takes Lili to see Doctor Hexler who opts to treat Lili with radiation but after the procedure, Lili tells him he ""hurt Lili"". Hexler, convinced that Lili is insane, wants to have her admitted into an insane asylum on grounds of perversion . Lili and Gerda relocate to Paris ; Gerda's portraits of Lili in her feminine state attract serious attention from art dealers in a way that Gerda's previous portraits did not. Gerda tracks down art dealer Hans Axgil, Lili's childhood friend (whom Lili had kissed when they were young). Hans and Gerda's mutual attraction is a challenge as Gerda is navigating her changing relationship with Lili. Hans' long-time friendship with and affection for Lili causes him to support Lili and Gerda....","",""
"307081","Southpaw","2015","Billy ""The Great"" Hope, the reigning junior middleweight boxing champion, has an impressive career, a loving wife and daughter, and a lavish lifestyle. However, when tragedy strikes, Billy hits rock bottom, losing his family, his house and his manager. He soon finds an unlikely savior in Tick Willis, a former fighter who trains the city's toughest amateur boxers. With his future on the line, Hope fights to reclaim the trust of those he loves the most.  [PLOT] Plot Professional boxer Billy ""the Great"" Hope, the reigning champion in the Light Heavyweight division with an Orthodox stance and a unbroken record of 42 wins, resides in New York City with his wife, Maureen, and their daughter, Leila. During a match against Darius Jones at Madison Square Garden , he is horrifically injured in the face several times, resulting in profuse bleeding out of his eye, frightening Maureen. Nonetheless, he wins the match by knockout and retains the light heavyweight title. While the press surrounds Billy, a younger upstart boxer, Miguel ""Magic"" Escobar, taunts Billy to fight him. Upon returning home, Maureen urges him to retire. Later, she rejects the plan of his manager, Jordan Mains, to get him to sign a two-year deal for three more fights. At a fundraiser ball for the orphanage where he and his wife met, Billy delivers a speech, thanking Maureen, Leila, Jordan, and his friends for his success. Unfortunately, Miguel is also attending, and as Billy departs, Miguel goads him by insulting Maureen and saying he will take his titles away from him, leading to a brawl. A gunshot from Miguel's brother Hector rings out and Billy notices that Maureen has been accidentally shot. Hector flees while she perishes in Billy's arms. Shortly thereafter, Billy begins abusing alcohol and drugs while obsessively pursuing Hector. He eventually discovers his whereabouts, but encounters his drug-addict wife Maria and realizes Hector is a father. Jordan suggests Billy sell the house to liquidate his debts before then booking him a fight against Kalil Turay, who soundly defeats him. Blinded due to headshots, he accidentally headbutts the referee in the face and receives a yearlong suspension. Owing the referee and the network damages, he suffers the repossession of his house and belongings. Both Jordan and his longtime trainer Eli Frost abandon him for Miguel. Upon awakening in the hospital after smashing his car into the tree outside his home one night, Billy discovers that Leila called 911 after finding him bleeding on the floor and Child Protective Services officer Angela Rivera is her current guardian. Despairing, Billy visits the Wills Gym, owned by former boxer Titus ""Tick"" Wills, whose final fight resulted in his blindness in one eye. Billy implores Tick to recuperate him, but noticing his drug problems, he declines and instead offers Billy a janitorial job. When Billy, accompanied by Angela, visits Leila, she rebuffs him for causing their...","",""
"307663","Vice","2015","Julian Michaels has designed the ultimate resort: VICE, where anything goes and the customers can play out their wildest fantasies with artificial inhabitants who look, think and feel like humans. When an artificial becomes self-aware and escapes, she finds herself caught in the crossfire between Julian's mercenaries and a cop who is hell-bent on shutting down Vice, and stopping the violence once and for all.  [PLOT] Plot A futuristic resort, Vice, offers visitors the opportunity to live out all their fantasies, no matter how violent or deviant, on sophisticated androids (referred to as ""artificials""). Every day, the androids' memories are reset, and any damage sustained is scheduled for repair. To maintain the illusion that the androids are real, they are programmed to have behavioral responses such as emotions and believe themselves to be human. Kelly, a gynoid bartender, believes herself to be on the last day of her job. After meeting Evan, a friendly visitor who encourages her to follow her dreams, she and her friend Melissa, also a gynoid, are brutally killed by a different visitor. At the same time, Detective Roy Tedeschi arrests a rapist at the resort as he sexually assaults one of the androids. Tedeschi's captain orders him to stay away from Vice and only arrest its patrons after they leave, as Vice provides massive tax revenue for the city. Tedeschi believes that visitors to Vice become desensitized to violence and rape, pointing to the man he arrested as proof, and suspects that his department is taking bribes from the resort. As Tedeschi storms out, he vows to stop Vice. Vice CEO Julian Michaels orders Kelly immediately reactivated, as important clients are scheduled to arrive soon. Soon after, she experiences random flashbacks, and she is recalled. An engineer explains that her memories cannot truly be deleted, only made inaccessible. To stop her from having flashbacks, he must first bring all her memories to the forefront. Alarmed by the trauma of reliving all her deaths and sexual assaults, Kelly breaks free of her restraints before her memories can be reset. Security forces chase her through the resort, but she escapes into the outside city. There, she learns the truth about Vice and herself. Michaels orders a security team, led by Chris, to quietly reacquire her through any means necessary. Michaels plans to expand the use of androids to military and commercial use once they have become more socially acceptable. Believing a loose android could jeopardize this, he covers up the escape and blames the resort's brief shutdown on a terrorist attack. Tedeschi becomes suspicious and angers his captain when he confronts Michaels. Ordered again to stay away from Vice, Tedeschi is assigned to a series of homicides apparently performed by a professional mercenary. Unknown to Tedeschi or his captain, this is Chris' work as he attempts to recapture Kelly and kills...","",""
"308215","Noms propis","2015","","",""
"308266","War Dogs","2016","Based on the true story of two young men, David Packouz and Efraim Diveroli, who won a $300 million contract from the Pentagon to arm America's allies in Afghanistan.  [PLOT] Plot In 2005, David Packouz , a massage therapist living in Miami , Florida with his girlfriend Iz, spends his life savings on an unsuccessful venture to sell bedsheets to retirement homes. David runs into his old friend Efraim Diveroli , whose company, AEY Inc., sells arms to the US government for the war in Iraq . Efraim explains that all military equipment contracts up for bidding are posted on a public website, and he bids on small orders that, although ignored by larger contractors, are still worth millions of dollars. After Iz informs David she is pregnant, Efraim offers him a job at AEY. David accepts, but he lies to Iz, telling her they will be selling sheets to the military; when she later learns the truth, she tells him she understands what he is doing, but insists that he stop lying to her. Efraim gives David a crash course on arms dealing and introduces him to his silent partner, businessman Ralph Slutsky, who funds AEY’s deals under the false belief that the company only sells arms to protect Israel . David and Efraim land a contract to provide 5,000 Beretta pistols to the Iraqi police, but they have to circumvent an Italian embargo by sending the shipment to Baghdad through Jordan , where it is seized by customs . If they fail to deliver the pistols, AEY will be blacklisted from future contracts. They fly to Jordan, bribe local officials to release the shipment, and, with a smuggler, take it into Iraq themselves by truck. They are paid handsomely for driving it through the “ Triangle of Death ”. David again lies to Iz, telling her he was in Jordan the whole time. AEY expands its operations and David's daughter Ella is born, while Efraim grows more unstable and untrustworthy. The company has a chance at a contract to supply 100 million rounds of AK-47 ammunition to the Afghan military at a time when this ammunition is in short supply. At a convention, David and Efraim encounter arms dealer Henry Girard, who has sole access to massive stocks of unused Soviet-era weapons in Albania that the Albanians are required by NATO to liquidate. Barred from dealing directly with the US, Girard proposes to sell AEY the ammunition it needs. AEY wins the contract, although David and Efraim learn to their dismay that they underbid their competitors by $53 million. Before David leaves for eight weeks in Albania to supervise the loading of the ammunition, Iz, who is fed up with David lying to her, leaves him to stay at her mother's with Ella. In Albania, David...","",""
"308504","Last Knights","2015","When an evil emperor executes their leader, his band of knights – bound by duty and honour – embarks on a journey of vengeance that will not come to an end until they've destroyed their mortal foe.  [PLOT] Plot Commander Raiden is surprised when aging nobleman Bartok makes him heir to his kingdom, a vassal to a corrupt empire. When minister Geza Mott beats Bartok for failing to provide an adequate bribe, Bartok retaliates and is put to trial where he denounces the loss of honour in the empire. Raiden is ordered to execute his master Bartok, whose clan is disbanded and estate divided. Geza has his warrior Ito watch Raiden lest he seek revenge. A year passes and Geza, still fearful of Raiden, demands half his father-in-law Auguste's troops to protect construction of his newly fortified estate, and is promoted to First Councillor to the Emperor. The Emperor chides Geza for his paranoid behavior over Raiden who is now a drunkard. Raiden has sold his sword for drink, his wife has left him, and he is hated by his men for killing Bartok. Geza relaxes his watch on Raiden. Raiden and the Bartok clan soldiers have sacrificed everything for the illusion of complete defeat, while preparing to avenge Bartok's death. Auguste, an old friend of Bartok, has made a pact to help Raiden in return for freeing his daughter from her abusive marriage to Geza. Raiden and his men infiltrate Geza's estate and face Geza's soldiers. Raiden kills Ito in a duel; Ito's men surrender to him. Raiden breaks into Geza's bedroom and decapitates him as his men rescue Bartok's daughter. The Emperor's council realises the public view Geza's death as righteous and widely support the Bartok clan. They caution him against the risk of turning the people against the crown. Raiden asks that only he be executed for Geza's death. The crown publicly acknowledges the righteousness of the Bartok clan, but reminds the crowd that killing a high council member is the same as an attack on the emperor and Raiden will be executed. Raiden charges Lieutenant Cortez to take control of the Bartok clan. In flashback, he apologises to Naomi. Raiden lowers his head with his eyes closed, and as the executioner draws his sword back, Raiden's eyes suddenly open wide as the screen goes to black.","",""
"308531","Teenage Mutant Ninja Turtles: Out of the Shadows","2016","After supervillain Shredder escapes custody, he joins forces with mad scientist Baxter Stockman and two dimwitted henchmen, Bebop and Rocksteady, to unleash a diabolical plan to take over the world. As the Turtles prepare to take on Shredder and his new crew, they find themselves facing an even greater evil with similar intentions: the notorious Krang.  [PLOT] Plot A year after stopping Shredder , [ a ] which Vern Fenwick was mutually credited for, the Teenage Mutant Ninja Turtles are informed by April O'Neil that scientist Baxter Stockman is working for Shredder and plans to bust him out of prison. As the Shredder is transferred between prisons alongside Bebop and Rocksteady by corrections officer Casey Jones , the Foot Clan attacks their convoy . Despite the Turtles' interference, Shredder escapes when Stockman uses a teleportation device. Shredder is hijacked mid-teleport, winds up in another dimension , and meets the alien warlord Krang , who reveals his plans to invade Earth. He gives Shredder a mutagenic compound in exchange for reassembling the arc capacitor, a device that he sent to Earth long ago which will open a portal to his dimension, a portal through which he will bring to earth his powerful war machine, the Technodrome. Shredder and Stockman already have the first piece and must collect the other two. Casey tells NYPD chief Rebecca Vincent and his superior what happened to Shredder, but is met with disbelief before they effectively suspend him, and decides to go after Shredder on his own. Shredder recruits Bebop and Rocksteady, and Stockman uses Krang's mutagen to transform them into a humanoid warthog and rhinoceros, respectively. April witnesses their transformation and steals the remaining mutagen vial from the TCRI lab. Pursued by the Foot, she is rescued by Casey, who later meets the Turtles, but the vial is taken into police custody. In the lair, Donatello deduces that the mutagen could be used to turn the Turtles into humans, but Leonardo refuses and orders Donnie to keep it a secret from the others. However, Michelangelo overhears and tells Raphael , which enrages Raph and leads to a fierce argument between him and Leo. Raph then recruits Mikey, April, Casey, and Vern to break into the NYPD headquarters and retrieve the mutagen, but the Foot arrives ahead of them. In the ensuing battle, the turtles' existence is revealed to the police, who start a manhunt for them, and April and Casey are arrested while helping the brothers escape with the mutagen. After recovering the second component of the machine, Bebop and Rocksteady go to the rainforests of Manaus , for the final component. The turtles follow them and board Bebop and Rocksteady's jet in midair. In the resulting battle, the jet is critically damaged after Rocksteady inadvertently fires a tank -mounted Mark 19 grenade launcher , and...","",""
"308835","Punts de vista","2016","","",""
"309809","The Little Prince","2015","Based on the best-seller book 'The Little Prince', the movie tells the story of a little girl that lives with resignation in a world where efficiency and work are the only dogmas. Everything will change when accidentally she discovers her neighbor that will tell her about the story of the Little Prince that he once met.  [PLOT] Plot A single mother and her young daughter move to a new neighborhood. The mother imposes a coaching life plan for the girl that leaves no time for playing or making friends, all for her to enroll at the prestigious Werth Academy. The girl, however, becomes distracted by her elderly retired Aviator neighbor, who tells her the story of the ""Little Prince"", a boy he claims to have encountered after crash-landing in the Sahara . As soon as they met, the boy revealed he needed a sheep. Lacking drawing skills, the Aviator drew him a box containing a sheep, satisfying the Little Prince, and they became friends. The Little Prince's home is "" Asteroid B-612"", which is covered in baobab sprouts . After clearing away the sprouts, the Little Prince discovered and nurtured a rose into maturity. Despite becoming his friend, she was selfish. Both being too young to know how to love each other, they separated. The Little Prince started traveling away from his asteroid. During his journey, he meets adults from other asteroids, such as a King, a Conceited Man, and a wealthy Businessman. The Little Prince eventually lands on Earth, where he befriends a red fox . The Fox later says goodbye to the Little Prince, advising him to always see with his heart. The Aviator gives the girl a stuffed Fox as a gift, telling her that he will leave soon to go find the Little Prince. Infuriated that she has not been following the plan, the mother redoubles the girl's assignments. Nevertheless, the girl continues to read the story of the Little Prince, secretly visiting the Aviator to find out how it ends. The Aviator reveals that the Little Prince succumbed to a venomous snake bite to be reunited with his beloved Rose. Although the Aviator assures her that he believes the Little Prince succeeded, the girl, upset by the dark ending, wishes that she had never met the Aviator or heard the story. She tries to forget about the Little Prince and focuses on her assignments. Towards the summer's end, the Aviator is hospitalised. Deciding to put things right, the girl sets off in search of the Little Prince. Sneaking into the aviator's yard, the girl, accompanied by her now-conscious stuffed Fox and The Little Prince's story pages, flies the Aviator's now-fixed plane into space. They find all the stars gone while landing on an asteroid populated by workaholic adults owned by the Businessman. He holds all the stars to power his asteroid and belongings (including his employees). After encountering...","",""
"309886","Blood Father","2016","An ex-con reconnects with his estranged teenage daughter while fighting to keep her alive after she becomes a target of violent drug dealers.  [PLOT] Plot Narrative acts 1. Revelation 2. Exodus 3. Genesis 4. Retribution The plot consists of four acts, which are presented in anachronic order. The chronological order is Acts 3 (Genesis), 2 (Exodus), 1 (Revelation), and 4 (Retribution). So, after the first act, Revelation, the following acts are what happened before and the fourth act is chronologically the last. 1. Revelation Elizabeth ""Liz"" Brundy lives in the Old West with her husband Eli and their two children: Matthew, Eli's son from a previous marriage, and daughter Samantha, called Sam. Liz works as a midwife who can hear but is mute, and so communicates through sign language . One day, a new Preacher, known as ""The Reverend"", hosts a session at the local church, and the moment that Liz hears his voice, she seems to recognize him and is terrified by his appearance. Later that day, Liz is forced to choose between delivering a baby safely or saving its mother; she chooses to euthanise the baby and save the mother, without telling her until after the procedure is finished. Afterwards, Nathan, the husband of the formerly-pregnant woman, blames Liz. That night, Nathan drunkenly shows up at Eli and Liz's house, violent and threatening; Nathan claims Liz is responsible for his son's death. In the middle of the fight, the Reverend shows up and tells him to leave. He then goes into Eli's house and has a mysterious talk with Liz, saying she is guilty of the murder of Nathan's son and must be ""punished"". As Eli overhears some of the conversation, the Reverend leaves the house. Eli's sheep are found dead the next morning, and he seeks out Nathan, who has since disappeared. Liz later sneaks off at night to murder the Reverend, but finds her daughter's doll in the Reverend's bed instead. Meanwhile, the Reverend disembowels Eli, and leaves him to die. As he succumbs to his wounds, Eli tells Matthew to take the family up into the mountains to his father, before the boy mercy kills him. Liz and the children flee the farm. 2. Exodus A young girl named Joanna, walking through the desert, is picked up and nursed by a traveling Chinese family. In the mining town of Bismuth, Joanna is sold to a brothel owned by Frank. She is protected by Sally, a prostitute, until Sally is hanged for shooting a violent customer; another prostitute, Elizabeth, then protects Joanna in the aftermath of Sally's hanging. However, when Elizabeth bites the tongue of an abusive customer, her tongue is cut off as punishment. Joanna teaches...","",""
"310131","The Witch","2016","In 1630, a farmer relocates his family to a remote plot of land on the edge of a forest where strange, unsettling things happen. With suspicion and paranoia mounting, each family member's faith, loyalty and love are tested in shocking ways.  [PLOT] Plot In 1630s New England , English settler William and his family—his wife Katherine, teenage daughter Thomasin, preteen son Caleb, and young fraternal twins Mercy and Jonas—are banished from a Puritan settlement over a religious dispute. They build a farm near a large, secluded forest and Katherine bears her fifth child, Samuel. While under Thomasin's care, Samuel abruptly disappears. It is revealed that a witch has stolen and killed Samuel to use his body to make a flying ointment . [ 1 ] [ 2 ] Devastated by the loss, Katherine spends her days crying and praying. Insisting a wolf took the child, William takes Caleb hunting in the woods to find and kill it when Caleb wonders if the unbaptized Samuel went to Heaven . In response, William discloses that he secretly traded Katherine's prized silver cup for hunting supplies. At the farm, the twins play with the family's billy goat Black Phillip, who they both say talks to them. Katherine blames Thomasin for misplacing her silver cup and holds her responsible for the loss of Samuel. That night, the children overhear their parents arguing about their possible starvation and making plans to return to the settlement before sending Thomasin away to serve another family. The next morning, Thomasin and Caleb sneak into the forest to check a trap . Their dog Fowler chases a hare , with Caleb in pursuit; the hare frightens their horse, which throws Thomasin to the ground and knocks her unconscious. Caleb becomes lost and discovers Fowler's disemboweled body. Delving further into the thicket, he discovers a hovel from which the witch, disguised as a seductive young woman, emerges and kisses him. Thomasin awakens and finds her way home by following William's voice. As Katherine berates Thomasin for taking Caleb into the woods, William defends Thomasin by reluctantly admitting that he sold the cup and he had first taken Caleb to the woods. That night, Caleb returns to the farm naked, delirious, and mysteriously ill. Katherine suggests that Caleb has fallen victim to witchcraft and prays for him. The next day, Caleb goes into violent convulsions and vomits a whole apple, before passionately proclaiming his love for Christ and dying peacefully. The twins accuse Thomasin of practicing witchcraft , but she in turn accuses the two of them for their supposed conversations with Black Phillip and confronts their father on his intentions to send her away. Angered by his children's behavior, William locks them all in the goat...","",""
"310307","The Founder","2016","The true story of how Ray Kroc, a salesman from Illinois, met Mac and Dick McDonald, who were running a burger operation in 1950s Southern California. Kroc was impressed by the brothers’ speedy system of making the food and saw franchise potential. He maneuvered himself into a position to be able to pull the company from the brothers and create a billion-dollar empire.  [PLOT] Plot An autistic child whose mother desires to have him treated at the Harbor Neuroscience facility is instead raised by his father, a U.S. Army psychological operations officer who refuses to enroll him. When the mother leaves the family, unable to cope, the father trains him and his brother in martial arts, encouraging the child to acclimate himself to triggering stimuli rather than avoiding them. As an adult, the child is known by the alias Christian Wolff and acts as a forensic accountant investigating criminal organizations, ""un-cooking"" their financial records to uncover thefts. He operates a small accounting office in Plainfield, Illinois , that serves as a front for his money laundering enterprise. He assists a farmer and his wife with their tax problems, and is seen living a regimented life in a suburban property. His criminal clients contact him via an unnamed woman (later revealed to be Justine, daughter of Harbor Neuroscience's founder), who also organizes his business, identities and life using a computer-generated voice over the phone. After Living Robotics' CEO, Lamar Blackburn, and his sister Rita learn of accounting irregularities from in-house accountant Dana Cummings, they hire Christian to audit their firm with Dana's assistance. Christian informs Rita he's discovered $61 million has been embezzled but doesn't know the thief's identity. That night, Living Robotics CFO Ed Chilton is forced by a hitman to overdose on his insulin . Lamar pays Christian his remaining fee and tells him to leave. Christian kills two hitmen who attempt to kill him. Learning from one that Dana has also been targeted, he prevents another team from killing her in her apartment, then takes her to his storage unit, which contains an Airstream recreational vehicle filled with artwork and valuables he's accumulated by purchase or as payment for previous jobs. He hides Dana at a hotel and goes to confront Rita, finding her murdered. He suspects Lamar is her killer. Treasury Director Ray King is blackmailing data analyst Marybeth Medina, who omitted her juvenile criminal record from her federal employment application, to get her to find a shadowy figure known as ""The Accountant"". Medina realizes Christian is using the names of great mathematicians as aliases and tracks the Wolff identity to the accountancy office and adjacent businesses used to launder money. King, Medina, and a group of agents search Christian's home and King tells Medina that Christian was...","",""
"310518","Hockey Psychology","2021","Breaking down the game within the game for the best sport on earth.  [PLOT] Synopsis Title card used for seasons 1–4 Mom follows Christy Plunkett ( Anna Faris ), a single mother who, after battling drug abuse including alcoholism, decides to restart her life in Napa, California , working as a waitress and attending Alcoholics Anonymous meetings. Her mother, Bonnie Plunkett, ( Allison Janney ) is also a recovering addict. Christy has two children. Her daughter, Violet ( Sadie Calvano ) was born when Christy was 17. Violet also becomes pregnant as a teenager, the father of the child is her boyfriend Luke ( Spencer Daniels ). Christy’s young son, Roscoe (Blake Garrett Rosenthal), is a product of her marriage to Baxter, a deadbeat but likable pothead. Christy eventually returns to school and pursues her dream of becoming a lawyer, while Bonnie meets and marries a retired stuntman named Adam Janikowski ( William Fichtner ). Through it all, Christy and Bonnie rely on their support system from AA, including the wise Marjorie ( Mimi Kennedy ), wealthy and materialistic Jill ( Jaime Pressly ), submissive and sometimes overly-emotional Wendy ( Beth Hall ), and loudmouthed but sweet Tammy ( Kristen Johnston ). Collectively, they help each other stay sober in the face of the conflicts they face. Following the departure of Christy, who moves to Washington, D.C., the show delves more into the personal lives of her friends she left behind. Several of the characters' last names (Plunkett, Stabler, Janikowski, Biletnikoff, Madden, Hubbard, Casper, Wells, Banaszak) were named after former players and coaches of the Oakland Raiders.","",""
"310534","Cássia","2015","Cássia Eller Rejane. Cássia Eller. Cássia. A powerful restless force on stage, shined herself out of it. One of the greats of Brazilian music, Cássia Eller marked the 1990s and shocked the country with her early death in 2001. A film about the singer, the mother, the woman who exposed her personal life and broke barriers, leaving a beautiful social and artistic legacy.  [PLOT] Plot In northern Britannia , AD 62, Roman soldiers led by General Quintus Attius Corvus wipe out a tribe of Celtic horsemen. Corvus personally kills the parents of a boy named Milo. Being the only survivor, Milo is later captured by slave traders. Seventeen years later, in Londinium in AD 79, the grown Milo becomes a popular gladiator . His owner Graecus brings the gladiators to Pompeii. Also going there are Cassia and her servant Ariadne, who return after a year in Rome . Cassia becomes enamored of Milo after witnessing him perform a mercy kill of a critically injured horse ; she reveres this as an act of kindness. Her parents are the city governor Severus and his wife Aurelia. One of their servants is later swallowed up when a quake from Mount Vesuvius opens up the ground under him. In Pompeii, Milo develops a rivalry with Atticus, a champion gladiator who, by Roman law, will be given his freedom after he earns one more victory. The gladiators are shown off at a party where Corvus, now a Senator, announces that he will invest in Severus' plans to rebuild Pompeii. It is then revealed that Cassia originally left Rome to escape Corvus' unreciprocal advances. When an earthquake causes some horses to become nervous, Milo is permitted to calm one down. He then takes Cassia on a ride. Being aware that they cannot be together, he returns her to the villa. Not recognizing Milo, Corvus is ready to kill him, but Cassia pleads for his life. Milo is lashed for his actions, and Atticus admits respect for his rival. In the Amphitheatre of Pompeii , to punish Milo, Corvus orders him killed in the first battle, and trainer Bellator convinces Graecus to execute Atticus as well. The two men, and other slaves, are chained to rocks as, in an attempt to recreate Corvus' victory over the Celts, gladiators are unleashed upon the slaves. Working together, Milo and Atticus survive the battle, with the latter realizing that the Romans will never honor his freedom. Meanwhile, Corvus forces Cassia to agree to marry him by threatening to have her family killed for supposed treason against Emperor Titus . When Milo and Atticus win, Cassia defies Corvus by holding a ""thumbs-up"", saving them from execution. Corvus has her locked up in the villa and has his officer Proculus fight Milo one-on-one. Their battle is interrupted when Mount Vesuvius erupts , creating tremors that cause the arena to collapse, sending Milo and Proculus crashing to the dungeons. Milo opens up the gates, allowing...","",""
"311324","The Great Wall","2016","European mercenaries searching for black powder become embroiled in the defense of the Great Wall of China against a horde of monstrous creatures.  [PLOT] Plot During the reign of Emperor Renzong , a group of European mercenaries travels to China, searching for gunpowder . A few miles north of the Great Wall , they are attacked by a monster. Only Irishman William Garin and Spaniard Pero Tovar survive. They sever its arm and bring it with them. Upon reaching the Wall, they are taken prisoner by the Nameless Order, led by General Shao and Strategist Wang. The Nameless Order exists to combat Tao Tei , alien monsters that arrived from a meteorite and attack once every sixty years. [ 1 ] The Order's commanders are surprised by the monsters' first assault, which has come one week early. Shortly after, a horde of Tao Tei assail the Wall. During the battle, Garin and Tovar are freed by Ballard, an Englishman who came east twenty-five years earlier and has stayed ever since. Garin and Tovar display amazing battle skills, saving the life of young warrior Peng Yong and slaying two monsters, which earns them the Order's respect. Both sides sustain heavy losses before the monsters' queen aborts the attack. The three Europeans secretly plan to steal gunpowder and flee during the next monster attack. That night, two Tao Tei reach the top of the Wall. General Shao is killed so he places Commander Lin in charge of the Nameless Order. An envoy from the capital arrives with an ancient scroll that suggests that the monsters are pacified by magnets. Wang believes the magnetic stone Garin carries enabled him to slay the Tao Tei he encountered. To test the hypothesis, he suggests they capture a Tao Tei alive and agrees to help. This delays the escape plans, angering Tovar, who nevertheless agrees to assist Garin. In a new fight with the Tao Tei, the Westerners capture a monster and prove the theory. However, the Imperial envoy claims the creature and takes it to the capital to present to the Emperor. It is revealed that the previous attacks had been a distraction so that the Tao Tei could dig a tunnel at the base of the Wall. While Lin investigates, Tovar and Ballard steal black powder and escape, knocking Garin unconscious for trying to stop them. Garin is arrested and jailed for his apparent betrayal. Some distance away, Tovar is abandoned by Ballard who is captured by bandits who later accidentally ignite the powder causing an explosion. At the capital, the envoy presents the captive Tao Tei to the Emperor. The creature awakens and reveals its position to its queen, who signals the Tao Tei to attack. Lin orders the use of...","",""
"311747","Sajan Re Phir Jhoot Mat Bolo","2017","In South Mumbai, billionaire Balvir Chopra shares a legendary love story with his late wife, Nita. Years ago, Balvir hid his wealth from Nita until a grand proposal revealed his true status—a surprise she embraced with joy.  Decades later, history repeats itself when his son, Jaiveer, falls for Jaya in London. Following his father’s lead, Jaiveer pretends to be poor. However, he soon discovers a massive obstacle: Jaya and her father, Lokhande, despise the wealthy.  To win Jaya’s hand, Jaiveer and his friend Deepak convince the elite Chopra family to commit to a massive deception. The ultra-rich family swaps their mansion for a ""basti,"" living as a struggling family to impress the Lokhandes.  The story follows the comedic and emotional struggles of the Chopras as they attempt to survive a life without luxury. Can they maintain the facade long enough to secure the marriage, or will the truth behind India’s richest family eventually be revealed?","",""
"312221","Creed","2015","The former World Heavyweight Champion Rocky Balboa serves as a trainer and mentor to Adonis Johnson, the son of his late friend and former rival Apollo Creed.  [PLOT] Plot In 1998, Adonis ""Donnie"" Johnson—the son of former heavyweight champion Apollo Creed via an extramarital affair—is serving time in a Los Angeles youth detention center when Apollo's widow, Mary Anne Creed, visits and offers to take him in. In 2015, Adonis is in Tijuana , Mexico , preparing for his fight in an amateur boxing bout hosted in a bar. Upon returning from his latest fight, Adonis resigns from the Smith Boardley Financial Group to pursue his dream of becoming a professional boxer. Adonis auditions at Los Angeles' elite Delphi Boxing Academy, managed by family friend Tony ""Little Duke"" Evers Jr. , the son of Apollo's trainer Tony ""Duke"" Evers , but is turned down. This rejection is further emphasized as Adonis is beaten in a sparring match by heavyweight champion and #2-pound-for-pound Danny ""The Stuntman"" Wheeler after he publicly challenges the whole gym to prove himself, betting his 1967 Ford Mustang that no one can get a clean head shot on him. Mary Anne vehemently opposes his aspirations, remembering how her husband was killed in the ring by Ivan Drago thirty years ago. [ a ] Undaunted, Adonis travels to Philadelphia in hopes of getting in touch with his father's old rival-turned-friend, former heavyweight champion, Rocky Balboa . Adonis meets Rocky at Rocky's Italian restaurant, Adrian's, named in honor of his deceased wife , [ b ] and asks Rocky to become his trainer. Rocky is reluctant to return to boxing due to having bad prior experiences as a trainer, [ c ] but eventually agrees. Adonis asks him about the ""secret third fight"" between him and Apollo just after Apollo helped Rocky regain the heavyweight title, [ d ] and Rocky reveals that Apollo won. Adonis trains at the Front Street Gym, with several of Rocky's longtime friends as cornermen . He also finds a love interest in Bianca, an up-and-coming singer and songwriter in the early stages of progressive hearing loss . Adonis, fighting under his biological mother's surname, Johnson, and the fight name "" Hollywood "", defeats local fighter Leo ""The Lion"" Sporino, which upsets the opposing corner. This leads to the opposing side leaking the news that Adonis is Apollo's illegitimate son. Rocky receives a call from the handlers of World Light Heavyweight Champion ""Pretty"" Ricky Conlan, who is being forced into retirement by an impending prison term. He offers to make Adonis his final challenger—provided that he fights using his father's surname, Creed. Adonis is hesitant at first,...","",""
"312735","Smosh's Try Not to Laugh","2016","Watch us try to make each other laugh with props, bits, improv, and overall silly goofy behavior.","",""
"313369","La La Land","2016","Mia, an aspiring actress, serves lattes to movie stars in between auditions and Sebastian, a jazz musician, scrapes by playing cocktail party gigs in dingy bars, but as success mounts they are faced with decisions that begin to fray the fragile fabric of their love affair, and the dreams they worked so hard to maintain in each other threaten to rip them apart.  [PLOT] Plot I. Little In Liberty City , Miami at the height of the crack epidemic , Afro-Cuban drug dealer Juan finds Chiron, a withdrawn child who goes by the nickname ""Little"", hiding from bullies in a crackhouse . Juan lets Chiron spend the night with him and his girlfriend Teresa before returning Chiron to his mother Paula. Chiron continues to spend time with Juan, who begins to teach him the basics of life, from which he believes Chiron can benefit. One night, Juan encounters Paula smoking crack with one of his customers. Juan berates her for neglecting her son, but she rebukes him for selling crack to her in the first place. They argue over Chiron's upbringing; Paula asks if Juan is prepared to explain to Chiron why he gets tormented by his peers, alluding to him being gay. She goes home and takes out her frustration on Chiron. The next day, Chiron admits to Juan and Teresa that he hates his mother and asks what a "" faggot "" is. Juan tells him it is ""a word used to make gay people feel bad."" He tells Chiron there is nothing wrong with being gay and that he should not allow others to mock him. Chiron then asks Juan whether he sells drugs and whether his mother does drugs. After Juan remorsefully answers yes to both questions, Chiron leaves as Juan hangs his head in shame. II. Chiron Now a teenager, Chiron balances avoiding school bully Terrel and spending time with Teresa, who lives alone after Juan's death. Paula, who has turned to prostitution due to her worsening addiction, forces Chiron to give her the money he receives from Teresa. Chiron's childhood friend Kevin tells him about a detention he received for having sex with a girl in a school stairwell. Chiron later dreams about Kevin and the girl having sex in Teresa's backyard, waking with a start. One night, Kevin visits Chiron at the beach near his house. While smoking a blunt together, the two discuss their ambitions and Kevin's nickname for Chiron: ""Black."" They kiss, and Kevin gives Chiron a handjob . The next day, Terrel manipulates Kevin into participating in a hazing ritual. Kevin reluctantly punches Chiron until he cannot stand, watching as Terrel and other boys savagely attack him. When the principal urges him to reveal his attackers' identities, Chiron refuses, saying that reporting them will not solve anything. The next day, an enraged Chiron walks into class and smashes a chair over Terrel's head before being restrained. Chiron is arrested and taken from the high school in a police cruiser...","",""
"314095","The Lost City of Z","2017","A true-life drama in the 1920s, centering on British explorer Col. Percy Fawcett, who discovered evidence of a previously unknown, advanced civilization in the Amazon and disappeared whilst searching for it.  [PLOT] Plot In 1905, Percy Fawcett is a young British major who participates in a stag hunt on an Irish baronial estate for the visiting Archduke Franz Ferdinand ’s benefit. A skilled horseman and marksman, he brings down the stag swiftly, but is snubbed at the after-hunt party. A year later, Fawcett meets officials of the Royal Geographical Society (RGS) in London , where he is informed that the governments of Bolivia and Brazil are nearly at war over the location of their mutual boundary . Directly affecting the region’s extremely lucrative rubber trade, they have asked the British government to survey it. Fawcett leads the survey party, meeting Corporal Henry Costin, who is familiar with the Amazon rainforest , aboard the ship to Brazil. At a large rubber plantation in the jungle owned by Portuguese nobleman Baron de Gondoris, they meet Lance Corporal Arthur Manley, who tells them the British government advises against further exploration. Nevertheless, Fawcett and Costin, along with several guides and Amazonian scout Tadjui, complete the mission. Tadjui tells him stories about a legendary jungle city covered in gold and full of people. Fawcett dismisses this as insane ravings, but he soon discovers highly advanced broken pottery and some small stone statues in the jungle, convincing him of the story’s veracity. Upon his return, Fawcett is praised, and his wife, Nina ( Sienna Miller ), has given birth to their second son. In the Trinity College Library of Dublin, she discovers a conquistador text telling of a city deep in the Amazonian jungle, which Fawcett names “the Lost City of Z ”. He also meets renowned biologist James Murray , who agrees to back his Amazon expedition to find that lost city. Attempting to convince RGS members for backing, he is initially ridiculed, but ultimately they concede to further exploration. Murray, unfamiliar with the rigors of the deep jungle, greatly slows them down. Fawcett’s party is attacked along the river, but he makes peace with the natives. Murray’s leg injury becomes severely infected, and he begins to succumb to madness. Fawcett sends him off with a native guide and their last pack animal to find aid. However, the rest of the team abandons the expedition after discovering that Murray had poured paraffin on their supplies. Fawcett arrives home and is introduced to his daughter. Murray survives and, in front of RGS trustees, accuses Fawcett of abandoning him in the jungle, demanding an apology. Fawcett opts to resign...","",""
"314365","Spotlight","2015","The true story of how the Boston Globe uncovered the massive scandal of child molestation and cover-up within the local Catholic Archdiocese, shaking the entire Catholic Church to its core.  [PLOT] Plot In 1976, at a Boston Police station, two policemen discuss the arrest of Fr. John Geoghan for child molestation . A high-ranking cleric talks to the mother of the victims, assuring her that Geoghan will be removed from the parish. An assistant district attorney visits the precinct and tells the policemen to keep the arrest secret from the press. The mother declines to press charges and Geoghan is quietly released. In 2001, Marty Baron , the incoming editor of The Boston Globe , meets Walter ""Robby"" Robinson , the head of the newspaper's ""Spotlight"" investigative team . Baron seeks to make the paper essential to the community. After Baron reads a Globe article about a lawyer, Mitchell Garabedian , charging that Cardinal Bernard Law of the Archbishop of Boston knew about Geoghan's sexual abuse of children and did nothing to stop it, Baron urges the Spotlight team to investigate. Journalist Michael Rezendes contacts Garabedian, who initially declines to be interviewed. Though he is told not to, Rezendes reveals that he is on the Spotlight team and persuades Garabedian to cooperate. The Spotlight team initially believes that they are following the story of one priest who was repeatedly reassigned to different parishes , but deduces that many other priests in Massachusetts have been similarly shuttled from parish to parish, suggesting a broader cover-up. With advice from Phil Saviano , who heads the victims' rights group Survivors Network of those Abused by Priests (SNAP), the team widens their search to thirteen priests. Richard Sipe , a psychotherapist who used to treat sexually abusive priests referred to him by the Church, estimates that there are roughly 90 abusive priests in Boston (6% of priests). The team develops a list of 87 names and conducts interviews with many of their victims. As the team realizes the sheer scale of the investigation, it begins to take a toll on their lives. Matt Carroll learns that near his home, the Archdiocese quietly maintains a facility that houses and psychologically treats abusive priests, but to avoid spoiling the story, he cannot tell his neighbors; Sacha Pfeiffer finds herself unable to attend church with her grandmother; Rezendes pushes to get the story out quickly to prevent rival newspapers from preemptively publishing under-researched work that the Archdiocese can explain away; and Robinson's network of affluent Catholic friends pressures him to compromise the investigation to protect the Church. When the...","",""
"314692","The Rewatchables","2015","Bill Simmons and a roundtable of movie lovers from the Ringer universe discuss movies they can’t seem to stop watching.  [PLOT] Plot Archie Goodwin introduces Nero Wolfe as ""a man who thinks he's the world's greatest detective. Truth being, he is."" Grandly obese and famously eccentric, Wolfe is a genius who lives in—and rarely leaves—a large and comfortably furnished brownstone he owns on West 35th Street in Manhattan. Wolfe maintains an inflexible schedule of reading, tending his 10,000 orchids in the rooftop plant rooms, and dining on the fine cuisine of his master chef, Fritz Brenner. To support his opulent lifestyle and meet the payroll of his live-in staff, Wolfe charges high fees for solving crimes that are beyond the abilities of the police, most often the cigar-chewing Inspector Cramer of Manhattan Homicide. Wolfe sometimes calls upon freelance detectives Saul Panzer, Fred Durkin and Orrie Cather; but he depends upon his assistant Archie Goodwin, the street-smart legman whose wisecracking, irreverent voice narrates the stories. The wardrobe, cars, furnishings and music place Nero Wolfe primarily in the 1940s–1950s. [ a ] [ 1 ] : 37 It is technically a whodunit series, but like the original Rex Stout stories Nero Wolfe is less concerned with plot than with the interplay between its characters. ""I think that's something that's appreciated by Nero Wolfe fans,"" said Maury Chaykin, who stars as Nero Wolfe. ""If you become focused on the crime, I think you're kind of in the wrong place. It's more the enjoyment of the characters and their eccentricities, and the reality of those characters."" [ 2 ] ^ a b Cite error: The named reference Scarlet Street was invoked but never defined (see the help page ). ^ .mw-parser-output cite.citation{font-style:inherit;word-wrap:break-word}.mw-parser-output .citation q{quotes:""\""""""\""""""'""""'""}.mw-parser-output .citation:target{background-color:rgba(0,127,255,0.133)}.mw-parser-output .id-lock-free.id-lock-free a{background:url(""//upload.wikimedia.org/wikipedia/commons/6/65/Lock-green.svg"")right 0.1em center/9px no-repeat}.mw-parser-output .id-lock-limited.id-lock-limited a,.mw-parser-output .id-lock-registration.id-lock-registration a{background:url(""//upload.wikimedia.org/wikipedia/commons/d/d6/Lock-gray-alt-2.svg"")right 0.1em center/9px no-repeat}.mw-parser-output .id-lock-subscription.id-lock-subscription a{background:url(""//upload.wikimedia.org/wikipedia/commons/a/aa/Lock-red-alt-2.svg"")right 0.1em center/9px no-repeat}.mw-parser-output .cs1-ws-icon a{background:url(""//upload.wikimedia.org/wikipedia/commons/4/4c/Wikisource-logo.svg"")right 0.1em...","",""
"315011","Shin Godzilla","2016","When a massive, gilled monster emerges from the deep and tears through the city, the government scrambles to save its citizens.  A rag-tag team of volunteers cuts through a web of red tape to uncover the monster's weakness and its mysterious ties to a foreign superpower.  But time is not on their side - the greatest catastrophe to ever befall the world is about to evolve right before their very eyes.  [PLOT] Plot In 2016, the Japan Coast Guard investigates an abandoned yacht in Tokyo Bay . The boat is soon destroyed, and the Tokyo Bay Aqua-Line is flooded with blood. After seeing a viral video of the incident, Deputy Chief Cabinet Secretary Rando Yaguchi believes it was caused by a living creature, which is confirmed as news reports reveal its tail emerging from the ocean. Shortly thereafter, the creature moves inland, crawling through the Kamata district and the Shinagawa area of Tokyo , leaving a path of death and destruction during a disorganized and chaotic evacuation. The creature quickly evolves into a bipedal form , but overheats and returns to the sea. The government officials focus on military strategy and civilian safety; Yaguchi is put in charge of a task force researching the creature. With high radiation readings from the creature's path, the task force realizes that it is energized by nuclear fission . The U.S. sends a special envoy, Kayoco Anne Patterson, who reveals that Goro Maki, a disgraced, anti-nuclear zoology professor, studied mutations caused by radioactive contamination, predicting the appearance of the creature. Both American and Japanese scientific circles disbelieved Maki. The U.S. then prevented him from publicly disclosing his conclusions. The abandoned yacht in Tokyo Bay belonged to Maki, who left his research notes, jumbled into a code, on the boat before disappearing. The creature—named "" Godzilla "" after Maki's research—reappears in its fourth form, twice its original size, making landfall near Kamakura . The Japan Self-Defense Forces mobilize but prove ineffective as Godzilla breaks through their defenses into Tokyo. The U.S. intervenes with a massively destructive airstrike plan, prompting the evacuation of civilians and government personnel. Godzilla is wounded with MOP ""bunker-buster"" bombs but responds with destructive atomic rays fired from its mouth and dorsal plates, destroying a helicopter carrying the prime minister, along with top government officials, and incinerating large swaths of Tokyo. Depleted of its energy, Godzilla goes into hibernation. Yaguchi's team discovers that Godzilla's plates and blood work as a cooling system, theorizing that it could use a coagulating agent to freeze Godzilla. Analyzing tissue samples reveals that Godzilla is an ever-evolving creature capable of reproducing asexually. The United Nations , aware of this, informs Japan that thermonuclear weapons will be used against Godzilla...","",""
"315162","Puss in Boots: The Last Wish","2022","Puss in Boots discovers that his passion for adventure has taken its toll: He has burned through eight of his nine lives, leaving him with only one life left. Puss sets out on an epic journey to find the mythical Last Wish and restore his nine lives.  [PLOT] Plot Many years after his adventures with Shrek , [ a ] Puss in Boots is accidentally crushed by a church bell after subduing a giant during a party in the town of Del Mar. As he recovers, the town doctor advises him to retire because he has already lost eight of his nine lives. Puss initially refuses but relents when he is wounded and disarmed while dueling a wolf bounty hunter at the local pub. A traumatized Puss decides to follow the doctor's advice and move into elderly cat lady Mama Luna's home to live as a house cat. Months later, Puss meets an optimistic chihuahua disguised as a cat, whom he calls Perrito. Crime family Goldilocks and the Three Bears soon arrive at Mama Luna's home, intending to hire Puss to help them steal a map displaying the location of the Wishing Star. They leave after finding his apparent grave, and Puss decides to find the Star to wish for another nine lives. Puss, joined by Perrito, starts his quest by heading to the factory lair of the corrupt pastry chef and magical artifact collector ""Big"" Jack Horner , who intends to use the Star to control all of the world's magic. While stealing the map, Puss encounters his resentful ex-fiancée Kitty Softpaws , [ b ] who also wants the map. Goldi, the Bears, and Horner discover and chase down the trio, and Puss briefly sees the wolf in the distance. They all end up in the Dark Forest, a pocket dimension that manifests illusions of travelers' memories. During the subsequent clash, Puss suffers a panic attack and flees after the wolf reappears, allowing Goldi to take the map from Kitty. After Perrito finds Puss and calms him down, Puss confesses his fears and remorse for abandoning Kitty before their wedding. She overhears and tells him that she did not attend the wedding either, believing that he loved himself too much to love her. Reinvigorated, Puss and Kitty retrieve the map while Goldi and the Bears are distracted by a manifestation of their woodland cottage. While escaping from Goldi and the Bears, Puss discovers the cave of lost souls, where reflections of his past lives ridicule him for changing his outlook. The wolf arrives and reveals himself to be Death , who, insulted by Puss' failure to value any of his lives, intends to take his final life personally. Horrified, Puss flees the cave, leaving Kitty and Perrito behind. During an argument with Baby Bear, Goldi reveals that she intends to wish for a human family, feeling that she does not belong with her adoptive bear family....","",""
"315195","Trideviyaan","2016","Dhanashree and Tanuja, along with their sister-in-law, Manya, work as secret agents and simultaneously manage their household chores. However, they have a tough time hiding their real identities.  [PLOT] Plot The plot follows the story of two girls - Dhanushree ""Dhannu"" and Tanuja ""Tannu"" who are caring housewives and also, work as secret agents for their father-in-law, Dinanath Chauhan alias Agent Himalaya. Dhannu alias Agent Laal Kila is married to Dinanath's elder son Shaurya Chauhan who is an honest and brave police inspector and Tannu alias Agent Hawa Mahal marries Dinanath's younger son, Garv Chauhan who is a crime news reporter. On their wedding day, when the time comes to leave the maternal home, Tannu locks the door of her room and refuses to leave. When asked, she confesses to Dinanath that she likes Garv but doesn't wish to go to her marital home and sacrifice her profession, which is a secret. But Dinanath reveals that he is aware of her secret, that she is UCA (Under Cover Army)'s secret agent and then he mentions that he is also a UCA agent, Agent Himalaya and henceforth she would continue in her profession by joining his secret army with another agent. Tannu then gladly accepts to leave for her new home and also thinks that the agent who would be joining her is her brother-in-law, Shaurya. On their way, they stop at a temple to complete Dhannu's manner regarding this marriage. But, as they were about to leave the temple after completing the ""Mannat"", a group of thieves threatens the entire Chauhan family, and they are taken to a distant place. There it is revealed to us that the second agent is Dhannu! The duo then beat up the goons and all the family members manage to escape. But Garv and Tannu are unable to spend time together on their wedding night as Tannu is called to Dinanath's secret lab where she is introduced to many new gadgets. But one day, Dinanath's younger daughter Manya Chauhan a.k.a. Mannu discovers that Tannu, Dhannu, and Dinanath are secret agents and wants to join their team as ""Agent Qutub Minar"" or else she will tell everyone, especially her mother, the secret. On a fake mission, which coincidentally turns real, Mannu saves her co-agents and is permitted to receive training and become an agent and then the agents become known as ""Trideviyaan"". They successfully conceal their secret identities from Dinanath's wife Suhasini Chauhan, his mother Damyanti Chauhan who is a kleptomaniac, Fatteh Mama - the servant, the paying guests, and even from Shaurya and Garv. With Dhannu's strength, Tannu's speed, and Mannu's power of voice, they are a formidable team.","",""
"315465","The Boy and the Beast","2015","Kyuta, a boy living in Shibuya, and Kumatetsu, a lonesome beast from Jutengai, an imaginary world. One day, Kyuta forays into the imaginary world and, as he's looking for his way back, meets Kumatetsu who becomes his spirit guide. That encounter leads them to many adventures.  [PLOT] Plot Nine-year-old Ren has recently lost his mother. With no news of his father and refusing to live with his legal guardians, Ren flees into the streets of Shibuya . Ren steals some food and sleeps in an alley, reminiscing the aftermath of his mother's funeral. In the Beast Kingdom, the grandmaster has decided he will retire in order to reincarnate as a deity and names two potential successors: the popular Iōzen, who is also the father of two children, and the powerful Kumatetsu, who is lonely and lazy. The Grandmaster suggests that Kumatetsu find a disciple in hopes of inspiring him to succeed him. While wandering the streets of Tokyo with his makeshift companion, Tatara, Kumatetsu meets Ren and suggests that the boy becomes his disciple. Though Ren is fiercely opposed, he follows Kumatetsu back to the Beast Kingdom out of curiosity but is unable to go back to the human world. As he watches a battle between Iōzen and Kumatetsu, Ren is impressed with Kumatetsu's persistence despite the lack of support from onlookers. When Ren cheers for him, Kumatetsu is easily defeated. However, the Grandmaster declares the actual duel of succession has not come yet. Taking Ren as a disciple, Kumatetsu gives him a new name, Kyūta. Their initial training sessions go poorly, but Kyūta realizes that he can learn from Kumatetsu by imitating him while performing his household chores. The boy gradually discovers that he can predict his master's movements, and can dodge and move adeptly in combat. They soon begin training together. Eight years later, the teenage Kyūta has become a distinguished kendo practitioner. Moreover, through his relationship with Kyūta, Kumatetsu gains his own following of supporters, including the younger son of Iōzen, Jirōmaru, who wishes to be trained by Kumatetsu. Kyūta finds a way back to the human world, and befriends Kaede, a young student. In the process, Kyūta finds his father, who had been searching for Ren since he disappeared and wants to catch up. Torn by his double life, he cannot reconcile the resentment he had as Ren and the lack of connections he has as Kyūta. When he rejects both his father and Kumatetsu, he discovers a powerful void within himself that nearly overwhelms him, until Kaede calms him down and gives him a bracelet that has helped her when she becomes anxious. On the day of the succession duel, Kumatetsu loses confidence without Kyūta's encouragement and is nearly subdued by Iōzen. However, Kyūta has been secretly watching...","",""
"315635","Spider-Man: Homecoming","2017","Following the events of Captain America: Civil War, Peter Parker, with the help of his mentor Tony Stark, tries to balance his life as an ordinary high school student in Queens, New York City, with fighting crime as his superhero alter ego Spider-Man as a new threat, the Vulture, emerges.  [PLOT] Plot Following the Battle of New York in 2012, [ a ] Adrian Toomes and his salvage company are contracted to clean up the city, but their operation is taken over by the Department of Damage Control (DODC), a partnership between Tony Stark and the U.S. government . Enraged at being driven out of business, Toomes persuades his employees to keep the Chitauri technology they have already scavenged and use it to create and sell advanced weapons, including a flying Vulture suit Toomes uses to steal Chitauri power cells. Eight years later, [ b ] after being drafted into the Avengers by Stark to help with an internal dispute in Germany , [ c ] teenager Peter Parker resumes his studies at the Midtown School of Science and Technology when Stark tells him he is not ready to become a full-time Avenger. Peter quits his school's academic decathlon team to spend more time focusing on his crime-fighting activities as Spider-Man. His best friend, Ned , eventually discovers his secret identity. Peter comes across Toomes's associates Jackson Brice / Shocker and Herman Schultz selling weapons to local criminal Aaron Davis . Peter saves Davis before being caught by Toomes in the Vulture suit and dropped into a lake. He nearly drowns but is rescued by Stark, who warns him against further involvement with the criminals. Meanwhile, Toomes accidentally kills Brice with one of their weapons and Schultz becomes the new Shocker. Peter and Ned study a weapon Brice left behind, and remove its power core. When a tracking device on Schultz indicates he is traveling to Maryland , Peter rejoins the decathlon team and accompanies them to Washington, D.C. for a national tournament. Ned and Peter disable a tracking device Stark implanted in the Spider-Man suit, and unlock its advanced features. Peter tries to stop Toomes from stealing weapons from a DODC truck but is trapped inside, causing him to miss the decathlon tournament. When he discovers that the power core is an unstable Chitauri grenade, he races to the Washington Monument , where the core is activated and explodes, trapping a group of Peter's decathlon teammates in an elevator. Peter breaks inside and saves everyone, including his crush Liz . Days later, Peter captures Toomes's new buyer Mac Gargan aboard the Staten Island Ferry , but Toomes escapes while a malfunctioning weapon tears the ferry in half. Stark arrives and helps Peter save the passengers, but confiscates Peter's suit as punishment for his recklessness. Peter returns...","",""
"315837","Ghost in the Shell","2017","In the near future, Major is the first of her kind: a human saved from a terrible crash, then cyber-enhanced to be a perfect soldier devoted to stopping the world's most dangerous criminals.  [PLOT] Plot In the near future, humans are augmented with cybernetic improvements such as superhuman strength . Megacorporation Hanka Robotics establishes a secret project to manufacture an artificial body, or ""shell"", that can integrate a human brain rather than an AI . Mira Killian, the sole survivor of a cyberterrorist attack which killed her parents, is chosen as the test subject after her body is damaged beyond repair. Over the objections of her designer Dr. Ouelet, Hanka Robotics CEO, Cutter, decides to use Killian as a counter-terrorism operative. A year later, Killian has attained the rank of Major in the counter-terrorism bureau Section 9 , working alongside operatives Batou and Togusa under Chief Daisuke Aramaki . Killian, who experiences hallucinations that Ouelet dismisses as glitches , is troubled as she doesn't clearly remember her past. The team thwarts a terrorist attack on a Hanka business conference, and Killian destroys a robotic geisha after the robot kills a hostage. After learning that the geisha was hacked by an unknown entity known as Kuze , Killian breaks protocol and ""dives"" into its AI for answers. The entity attempts a counter-hack, and Batou is forced to disconnect her. They trace the hacker to a yakuza nightclub, where they are lured into a trap. An explosion destroys Batou's eyes and damages Killian's body. Cutter is enraged by Killian's actions, and threatens to have Section 9 shut down unless Aramaki keeps her in line. Kuze tracks down Section 9's Hanka consultant, Dr. Dahlin, and kills her. The team links her murder to the deaths of other senior company researchers and realize that Ouelet is the next target. Kuze takes control of two sanitation workers and sends them to kill Ouelet. Now with cybernetic eyes , Batou kills one while the repaired Killian subdues the other. While they interrogate the worker, Kuze speaks through him before compelling him to commit suicide. Togusa traces the hack to a secret location, where the team discovers a large number of humans mentally linked as a makeshift signal network. Killian is captured and Kuze reveals himself as a failed Hanka test subject from the same project that created Killian, where he urges her to question her own memories and to stop taking her medication as it actually helps to block her memories. Kuze then frees her and escapes. Killian confronts Ouelet, who admits that 98 test subjects died before Killian, and that her memories are implanted . Cutter has decided that Killian...","",""
"315846","Our Little Sister","2015","After the death of their estranged father, 3 adult sisters invite their teenaged half-sister to live with them.  [PLOT] Plot Shortly before fleeing the conservative countryside in the late 1960s and moving to New York City , Danny Winters, a gay boy from Indiana , is discovered by friends while making love with his boyfriend. His father is upset, and while his mother is ambivalent as she loves her son, she does not stand up to her husband either. His father then refuses to sign Danny's scholarship application for Columbia University where Danny has been accepted, but Danny departs for New York anyway, leaving behind his supportive little sister, Phoebe. After reaching Christopher Street in Greenwich Village , he is befriended by a multiracial group of young, gay, and genderfluid street people and drag queens . He witnesses police violence against his new friends. Danny goes with his friends to the Stonewall Inn , a gay bar , and is asked for a dance by a man, Trevor, who is a member of the Mattachine Society , a homophile rights group . Later that night, the police raid the bar and arrest some customers, including Danny's new friend, Ray. Danny, who did not get arrested because he was not cross-dressing , meets up with Ray at the police station the next day. Danny, with no job prospects, tries prostitution and receives oral sex from another man. Danny then goes to a meeting of the Mattachine Society, who work to advance gay rights through conforming to mainstream society and working within the system rather than through radicalism. There he finds Trevor and, though their politics differ, they end up spending the night together. Danny soon finds Trevor with another man, and, heartbroken, he decides to leave the Village. Immediately after, he is abducted and forcibly sent out to a high-class prostitution business, at the direction of Ed Murphy, who runs the Stonewall Inn. Murphy has colluded with corrupt policemen and exploited homeless gay youth. Danny escapes, aided by Ray and the two go to the bar to confront Murphy. The police then raid the bar and arrest some customers again. Danny is thrown onto the street as well as the rest of the customers, and, despite Trevor attempting to stop him, hurls a brick into one of the bar's windows, screaming ""Gay power!"" This incites the crowd to attack the police, who lock themselves up in the bar in response. One year later, after finishing his first year at the university, Danny returns to his parents' home and tells his sister that he is going to attend the gay liberation march on Christopher Street . The film ends on the day of the...","",""
"316029","The Greatest Showman","2017","The story of American showman P.T. Barnum, founder of the circus that became the famous traveling Ringling Bros. and Barnum & Bailey Circus.  [PLOT] Plot In the 19th century, young P. T. Barnum and his tailor father Philo work for the Hallett family. Barnum falls for their daughter, Charity. Barnum and Charity write to each other while Charity is away at finishing school. They reunite as adults ("" A Million Dreams "") and eventually get married and raise two daughters, Caroline and Helen, in New York City. They live a humble life, and though Charity is happy, Barnum craves more (""A Million Dreams (Reprise)""). Barnum loses his shipping-clerk job when the company goes bankrupt due to a typhoon that sank all the firm's cargo vessels. He later secures a bank loan, deceptively using his former employer's lost ships as ""collateral"". He opens Barnum's American Museum , which features various wax figures, in downtown Manhattan . Ticket sales are slow, so Caroline and Helen suggest showcasing something ""alive"". Barnum adds "" freak "" performers, such as bearded lady Lettie Lutz and dwarf man Charles Stratton (""Come Alive""). This garners higher attendance, but also protests and poor reviews from well-known critic James Gordon Bennett Sr. . Barnum renames his venture ""Barnum's Circus"" and recruits playwright Phillip Carlyle to help generate publicity (""The Other Side""). Phillip is mesmerized by the African-American trapeze artist Anne Wheeler, but he hides his feelings. Phillip arranges for Barnum and his troupe to meet Queen Victoria . Barnum persuades famed Swedish singer Jenny Lind to tour America with him as her manager. Lind's American debut is a success ("" Never Enough ""). During her song, Phillip's parents see Anne and him holding hands and he quickly lets go. As Barnum gains favor with aristocratic patrons, he distances himself from his troupe, advising them to work without him. Dejected, they decide to stand against their harassers ("" This Is Me ""). When Phillip and Anne attend the theater together, they run into Phillip's parents. They chastise him for ""parading around with the help."" Phillip tries to convince Anne that they can be together, but she disagrees saying they will never be accepted socially ("" Rewrite the Stars ""). As Barnum takes Lind on a U.S. tour, Charity stays home with the girls and feels isolated from her husband (""Tightrope""). While on tour, Lind becomes romantically attracted to Barnum. When he rejects her advances, she threatens to quit and later retaliates with a kiss at the end of her last show (""Never Enough (Reprise)"") which is photographed by the press. Barnum returns home to...","",""
"316472","Nojor","2019","[PLOT] Plot .mw-parser-output .ambox{border:1px solid #a2a9b1;border-left:10px solid #36c;background-color:#fbfbfb;box-sizing:border-box}.mw-parser-output .ambox+.mw-empty-elt+.ambox,.mw-parser-output .ambox+.mw-empty-elt+.mw-empty-elt+.ambox,.mw-parser-output .ambox+.mw-empty-elt+.mw-empty-elt+.mw-empty-elt+.ambox{margin-top:-1px}html body.mediawiki .mw-parser-output .ambox.mbox-small-left{margin:4px 1em 4px 0;overflow:hidden;width:238px;border-collapse:collapse;font-size:88%;line-height:1.25em}.mw-parser-output .ambox-speedy{border-left:10px solid #b32424;background-color:#fee7e6}.mw-parser-output .ambox-delete{border-left:10px solid #b32424}.mw-parser-output .ambox-content{border-left:10px solid #f28500}.mw-parser-output .ambox-style{border-left:10px solid #fc3}.mw-parser-output .ambox-move{border-left:10px solid #9932cc}.mw-parser-output .ambox-protection{border-left:10px solid #a2a9b1}.mw-parser-output .ambox .mbox-text{border:none;padding:0.25em 0.5em;width:100%}.mw-parser-output .ambox .mbox-image{border:none;padding:2px 0 2px 0.5em;text-align:center}.mw-parser-output .ambox .mbox-imageright{border:none;padding:2px 0.5em 2px 0;text-align:center}.mw-parser-output .ambox .mbox-empty-cell{border:none;padding:0;width:1px}.mw-parser-output .ambox .mbox-image-div{width:52px}@media(min-width:720px){.mw-parser-output .ambox{margin:0 10%}}@media print{body.ns-0 .mw-parser-output .ambox{display:none!important}} This article's plot summary may be too long or excessively detailed . Please help improve it by removing unnecessary details and making it more concise. ( October 2019 ) ( Learn how and when to remove this message ) The plot is about an evil entity called Maya, a daini , who bewitches the Singha Roy family, and the struggles the family experience under her nojor . The story revolves around Maya, a 200-year-old life-force-sucking daini who kills people to steal their age ( vitality ) which keeps her young and beautiful. She enchants and captivates Dev Singha Roy by her surreal beauty, after which they marry and have two children, Ayush and Ananya. Maya wins Dev's favour by helping him amass great wealth through black magic while she gradually drains his vitality that leads to his premature death. Maya also kills Dev's mother to hide her secret identity , but the Singha Roy grow suspicious anyway. A worried Debashree Sigha Roy tells of her fears to her friend Shivani (Ishani's mother), a psychic wizardess and a Reebabongshi ( monster-hunter ), who comes to...","",""
"316563","Seemarekha","2017","[PLOT] Plot Twin-sisters, Vani and Rani are raised by their uncle, Rajamanickam, after their parents died. Rani sacrifices her education for Vani, who aspires to be a lawyer. Vani becomes a successful lawyer and marries Bhoominathan aka Bhoomi, a granite businessman. Rani marries Bhoomi's half-brother, Saaminathan aka Saami, a restaurant owner. Rajamanickam's son, Manohar falls in love with Bhoomi's sister, Jyothi. Rani is forced to get them married, earning Vani and Rani the wrath of their uncle and their mother-in-law Angayarkanni. Vani refuses to speak with Rani after that. As years pass, Vani and Bhoomi turn out to be successful and have two children, Suryanarayanan, Gauthamkrishnan, while Swami and Rani have three children, Saravanan, Selvi and Thenmozhi. They all share the same house. Angayarkanni enters to worsens the problems. Rani's elder daughter, Selvi falls in love and marries Rajesh with only Vani as a chance witness, resulting in Vani and Rani getting separated, with Bhoomi and Angayarkanni as the major cause. Eventually, he realizes his faults and tries to get the family together. Vani and Rani's families get together but live in separate houses. Kadhiravan, a local don who has his vengeance against Rani's son Saravanan, creates problems. Vani's younger son, Gautham marries Kadhiravan's niece Pooja to rescue Saravanan. Kadhir realises his errors after Pooja's marriage. Jyothi's daughter, Poongodi is involved in a love triangle between her cousins, Karthik and Saravanan. In the end, she marries Karthik. Selvi also faces numerous problems amongst her family members – Kaali, Alamelu, Shenbagam, Shiva, Geetha, Aarumugam, Malathi Vani's elder son, Surya marries Dimple, who dislikes Vani and Bhoomi. Rani faces her own problems with her house owner and his family members Muthupechi, Naagaraj and Velu. Later, Gautham becomes a policeman and investigates a murder than took place in a quarry which was owned by Guru Paadham (GP). GP is also a prominent business magnate and industrialist who controls the Indian medicine mafia activity and his son, Arya. GP puts a bomb in Pooja's car resulting in the death of Pooja's mother and aunt, Sudha and Pushpa, respectively. Gautham later kills Arya, enraging GP who vows for revenge. GP tries to kill Kadhiravan but is eventually arrested by Gautham. Poongodi and Karthik face their own problems with Azhagumayil and Parvatham. Saranvanan marries Pavithra. The rivalry between Vani and Akhilandeshwari starts because of...","",""
"316727","The Purge: Election Year","2016","Two years after choosing not to kill the man who killed his son, former police sergeant Leo Barnes has become head of security for Senator Charlene Roan, the front runner in the next Presidential election due to her vow to eliminate the Purge. On the night of what should be the final Purge, a betrayal from within the government forces Barnes and Roan out onto the street where they must fight to survive the night.  [PLOT] Plot In 2022, a young Charlie Roan is forced to watch as her family is killed on Purge night. Eighteen years later, Roan is a U.S. Senator running for president and promising to end the Purge nights. Leo Barnes, now firmly Anti-Purge, is head of her Secret Service security. The New Founding Fathers of America (NFFA) and their candidate, Minister Edwidge Owens, view Roan as a threat, deciding to revoke immunity for government officials, so that they or some other purgers can kill Roan legally. Roan refuses to leave the city as she wants to show solidarity with her supporters. Watching the Senator's TV debate are deli owner Joe Dixon, his assistant Marcos Dali, and EMT Laney Rucker. A pair of teenage girls enter the store and begin stealing, only to be stopped by Joe. The girls mock him until Laney steps in, at which point they surrender their stolen goods and leave. Joe later discovers that his insurance premiums for Purge coverage have been raised beyond his affordability. Meanwhile, more tourists visit the U.S. to take part in the Purge. On Purge night, Joe guards his store and is joined by Marcos; together, they repel an attack by the teenage girls. Laney travels the city providing medical care to the wounded. Roan decides to wait out the Purge from her home and is accompanied by Leo, Couper, Eric, and additional security forces. However, they are betrayed by Couper and Eric, who allow a paramilitary force led by Earl Danzinger to kill the security detail. Leo escorts the Senator to safety, but is wounded in the process. He detonates a bomb in the house, killing Eric and Couper. Leo and Roan attempt to seek shelter but are ambushed by a group of Russian ""murder tourists"" and taken captive. Before they are executed, Joe and Marcos shoot the gang dead, having seen the pair's plight from the rooftop. As they take shelter in Joe's store, the teenage girls return with reinforcements but are rescued by Laney, who kills the girls. Danzinger then ambushes the group in a helicopter and seeks refuge in an overpass where Leo realizes they were tracked by the bullet lodged inside him, and manages to extract it as they are met by the Crips . In exchange for the group rendering medical aid to an injured Crips member's son, the gang plants the bullet elsewhere to ambush the pursuing paramilitary team. The group arrives at an underground anti-Purge hideout run by Dante Bishop. Leo discovers that Dante's group intends to assassinate Owens to end the Purge. A large group...","",""
"316829","Ponnukku Thanga Manasu","2018","[PLOT] Synopsis Prashanth's wedding kicks off the show. He is the eldest of the three sons of Sethulakshmi and Lakshmanan Pillai. They come from a well-to-do family. Prashanth was caught in the middle Divya from the Sekaran family by Sethulakshmi, a dominating and greedy mother. Sethulakshmi, on either hand, was not delighted that Divya would be welcomed into their household with a worthless grant and a small amount of wealth. She only wants Divya's money. She made issues for Divya and her parents by abusing her position as Divya's mother-in-law. Mayuri, Prashanthan's cousin, inquired about the family's situation. She planned to destabilize Prashanthan and Divya's marriage to marry Prashanthan. Meanwhile, Sethulakshmi found out that Divya's jewelry are all fake, so she brings Divya back to their house. And later finds out that it is a settlement between Prashanthan and Govindhan, Divya's father. At last, Sethulakshmi realises her mistake and feels sorry for Divya and Prashanth for treating her in a bad way where she is arrested and Prashanth and Divya live happily after years of torture of Sethulakshmi. Whereas Veni was thrown out due to nonsense which she played in the house. [ 1 ] ^ .mw-parser-output cite.citation{font-style:inherit;word-wrap:break-word}.mw-parser-output .citation q{quotes:""\""""""\""""""'""""'""}.mw-parser-output .citation:target{background-color:rgba(0,127,255,0.133)}.mw-parser-output .id-lock-free.id-lock-free a{background:url(""//upload.wikimedia.org/wikipedia/commons/6/65/Lock-green.svg"")right 0.1em center/9px no-repeat}.mw-parser-output .id-lock-limited.id-lock-limited a,.mw-parser-output .id-lock-registration.id-lock-registration a{background:url(""//upload.wikimedia.org/wikipedia/commons/d/d6/Lock-gray-alt-2.svg"")right 0.1em center/9px no-repeat}.mw-parser-output .id-lock-subscription.id-lock-subscription a{background:url(""//upload.wikimedia.org/wikipedia/commons/a/aa/Lock-red-alt-2.svg"")right 0.1em center/9px no-repeat}.mw-parser-output .cs1-ws-icon a{background:url(""//upload.wikimedia.org/wikipedia/commons/4/4c/Wikisource-logo.svg"")right 0.1em center/12px no-repeat}body:not(.skin-timeless):not(.skin-minerva) .mw-parser-output .id-lock-free a,body:not(.skin-timeless):not(.skin-minerva) .mw-parser-output .id-lock-limited a,body:not(.skin-timeless):not(.skin-minerva) .mw-parser-output .id-lock-registration a,body:not(.skin-timeless):not(.skin-minerva) .mw-parser-output .id-lock-subscription a,body:not(.skin-timeless):not(.skin-minerva)...","",""
"316873","Detective Conan: Sunflowers of Inferno","2015","Conan tries to track down Kaito Kid, who supposedly steals a replica of one of Van Gogh's Sunflowers paintings during an auction.","",""
"317058","Nenjam Marappathillai","2017","[PLOT] Plot Saranya, the small town, good-hearted daughter of a police officer lives in Kodaikanal. She is a new MBBS graduate and is planning to do post-graduation in Surgery in Chennai. She is loved by everyone in her town. Vikram is an aspiring IPS officer from a joint family where people have different thoughts. On a trip Vikram meets Sathya and both develop feelings for each other but they can not express their feelings. Vikram gets posted to Kodaikanal , but accidentally he loses his phone and cannot contact Sathya, making her feel cheated. Soon, she gets engaged to Vikram's brother, Arjun. Vikram, despite knowing this, refuses to break their marriage and gave promise that he never love any women. After the marriage, Arjun learns of their story and leaves the house, without telling the truth to anyone. Due to circumstances, Saranya loses her father in a botched police operation to catch a thug, who wanted to forcefully wed Saranya. Saranya feels that IPS officer Vikram is one of the reasons for her father's death, as Vikram inadvertently brought him to the field. Orphan Saranya tries to commit suicide after that. Her villagers force Vikram to marry her and take responsibility in fulfilling her future, so Saranya marries him. But they don't accept each other as husband and wife. [ 1 ] On confronting them, Sathya feels cheated and betrayed by Vikram. The story revolves around Saranya's life in Vikram's joint family, with varied members. They start loving each other. Then they get married again. Later Vikram's enemies try to get Saranya aborted, but she escapes from all the problems. Then there is a seemantham for Saranaya. At last, the season ends. [ 2 ] ^ .mw-parser-output cite.citation{font-style:inherit;word-wrap:break-word}.mw-parser-output .citation q{quotes:""\""""""\""""""'""""'""}.mw-parser-output .citation:target{background-color:rgba(0,127,255,0.133)}.mw-parser-output .id-lock-free.id-lock-free a{background:url(""//upload.wikimedia.org/wikipedia/commons/6/65/Lock-green.svg"")right 0.1em center/9px no-repeat}.mw-parser-output .id-lock-limited.id-lock-limited a,.mw-parser-output .id-lock-registration.id-lock-registration a{background:url(""//upload.wikimedia.org/wikipedia/commons/d/d6/Lock-gray-alt-2.svg"")right 0.1em center/9px no-repeat}.mw-parser-output .id-lock-subscription.id-lock-subscription a{background:url(""//upload.wikimedia.org/wikipedia/commons/a/aa/Lock-red-alt-2.svg"")right 0.1em center/9px no-repeat}.mw-parser-output .cs1-ws-icon...","",""
"317270","Minnale","2018","[PLOT] Synopsis A narrative about Shalini and Rajesh is found in Minnaley. When they were both in college, Rajesh secretly married Shalini by tying a wedding chain around her. Rajesh had an accident during his final year of college and goes into a coma. Rajesh returns after so many hardships but has no memory of anything. They remarry with the consent and blessing of their parents after Shalini somehow persuades him that they truly loved each other and were previously married. He eventually drives Shalini out of his home as a result of several events. Flaws continue to work against Shalini, giving his brother and sister-in-law the opportunity to persuade him to divorce Shalini. When he learns that Shalini is pregnant, he decides not to continue. Their parents are both in favour of their reunion. However, Varsha and a few other individuals enjoy erasing her memories of Rajesh. Then Shalini's mother-in-law summons her to her residence in an effort to free Rajesh from Varsha's trap. The entire plot is devoted to this struggle, which Varsha's husband and best friend Dr. Mithun supports. The protagonist of this tale, Shalini, is a bold young woman who overcomes all challenges in her life without Rajesh.","",""
"317345","Jiyon Kathi","2019","[PLOT] Premise A simple girl's fate brings her closer to an angry yet influential man. Her grounded dreams are met with his sky-high ambitions eventually brewing love between them.","",""
"317418","Kalyana Veedu","2018","[PLOT] Synopsis Gopi, a sales representative and a part-time singer at an orchestra, goes through various trials and tribulations to ensure the well-being of his family. After a roller-coaster ride, Gopi finally register marriages Surya. In pursuit of searching job, Gopi meets a Manikkavasan who unbeknownst to Gopi had married the wife of Kathiresan. Manikkavasan has made Gopi as his adopted son (as it makes him the brother of Surya whom he married). The interesting twist is Gopi had only registered his marriage with Surya but not tied the mangal sutra (which means he is married and not married). Gopi krishnan Mutthaiah @ Gopi is the only son of Mutthaiah & Sivagami and is residing in Delhi. He is a sales representative and a part-time singer in an orchestra. He has 3 younger sisters, Anusya Raman, Ramya Manoharan and Savitha Pichaimani. He lives in old-delhi, in a slum area in a small house with his mother, grandmother Sigappi and the 2 younger sisters. Anusya is married to Raman, has a daughter Archana Raman and stays close to their house. Gopi is friends with Nandhu, the brother of Shwetha Suman who is also a singer along with Gopi. Shwetha has a daughter Prathiksha Suman, and raises her alone as her husband had gone missing for a long time. Shwetha has a crush on Gopi and Nandhu too has an idea of getting them married for a secured life for Shwetha. Ramya’s marriage is set to be arranged with Manoharan Periyasamy @ Manohar, the son of Sivagami’s cousin brother. Manoharan Periyasamy @ Manohara along with his father Periyasamy, younger sister Revathi Periyasamy, mother Kala Periyasamy and Kala’s sister Shakunthala Perumal, come to Delhi to meet Ramya. Ramya and Manohar fall in love at first sight but Kala and Shakunthala do not like the family that much. Nevertheless their marriage is arranged. Meanwhile, Raman has an affair with another woman named Suganthi. When Anusya learns of this, she refuses to give divorce. Thus, Raman brings in a rowdy named Rathinavel to terrorize Gopi’s family. Rathinavel however, develops a liking for Anusya. Manohar hails from Thiruvaiyaru and the whole family go there for Ramya’s wedding. In Thiruvaiyaru, a young and beautiful girl named Surya Gopi Krishnan is Manohar’s neighbor. Surya Gopi Krishnan stays with her father Kathiresan and younger sister Roja Selvanraja. Kathiresan hates his daughters and he considers women to be a burden, after his experience with his wife, Kalarani, the girls’ mother runs away years ago. Surya...","",""
"317512","Manasaare","2020","[PLOT] Plot The story revolves around an innocent elder daughter Prarthana, the protagonist of the show, who has been waiting for years to get the love of her father. All that she wishes for and wants in life is her father's love. However, she is fortunate enough as she only gets unconditional love from her stepmother who treats her as her own flesh and blood.","",""
"318250","Beder Meye Jyotsna","2019","","",""
"318373","Young Tiger","2015","Bébé Tigre is Many, a 17-year-old Indian boy who has been living in France for two years. A teenager like any other, he divides his time between school, friends, and his girlfriend. But the pressures placed on him by his parents in India force him to put his own life at risk...  [PLOT] Plot Newborn Peter is left on the steps of a London orphanage with a mysterious pan flute pendant by his mother Mary. Years later during World War II , upon learning that the abusive Mother Barnabas is hoarding food and riches for herself, Peter and his best friend Nibs are caught trying to steal the food for the orphans. In the process, they find a letter written to Peter by his mother, declaring her love and assuring him they will meet again ""in this world or another"". Mother Barnabas summons pirates who kidnap Peter, Nibs and several other orphans. Nibs manages to escape, but Peter is taken aboard a flying pirate ship. Following an aerial battle with several Spitfires , the ship reaches Neverland , where the children are forced to mine for Pixum – crystallized Fairy Dust—for the pirate Blackbeard , who uses the substance to prevent himself from aging. Taken captive by Blackbeard's right-hand man Bishop, Peter meets another miner, James Hook . After insulting Blackbeard's men, Peter is forced to walk the plank over the deep mine, but survives by flying. Blackbeard tells Peter about the native tribe's prophecy of a flying boy who would lead an uprising to kill him, but Peter refuses to believe in ""bedtime stories"". Peter joins Hook and his accomplice, Sam ""Smee"" Smiegel in stealing a flying ship and escaping into the forest. Determined to find his mother, Peter refuses to leave Neverland. They are found by the native chief's daughter Tiger Lily and nearly executed, but Chief Great Little Panther notices Peter's pendant, which is said to belong to their people's greatest hero, the legendary Pan. Using the Memory Tree, Tiger Lily tells Peter that many years ago, when the natives and fairies united against the pirates, the Fairy Prince and Mary, the love of Blackbeard's life, fell in love. When Blackbeard discovered them, the Prince took human form and sacrificed himself to rescue Mary, as fairies can live as humans for only one day. Mary was forced to hide their son Peter in the other world and seek shelter in the Fairy Kingdom. As half-fairy, Peter has the ability to fly but is unable to do so because of his lack of faith. Fearful of Blackbeard, Smee betrays the natives' location, and in the ensuing battle Chief Great Little Panther is shot by Blackbeard, who reveals that he killed Mary. Peter is hurt to learn that Tiger Lily lied to him that his mother was still alive, but she explains that he would have walked away from his destiny if he knew the truth....","",""
"318490","Kavyanjali","2020","[PLOT] Plot The plot revolves around between two cousins, Kavya and Anjali, who consider themselves sisters. Kavya is selfless, caring, immature, and angry, meanwhile, Anjali is caring and mature. Kavya is in a relationship with Sushanth, but she dominates and controls him. Sushanth slowly realises the difference between obsession and true love after becoming close to Anjali and falling in love with her. After Anjali's parents die, Sushanth likes her even more. On Kavya and Sushanth's wedding day, Kavya learns of Sushanth's love for Anjali. She sacrifices her happiness for Sushanth and makes Sushanth and Anjali marry despite Anjali's displeasure. On the same day, Kavya is forced to marry Siddharth, Sushanth's brother, causing Kavya's mother to hate Anjali. Sushanth's mother, Vedha, hates Anjali because of past bitterness but likes her now and considers her as one of her daughters and supports her. Anjali and Sushanth, and Kavya and Siddharth discover their love for each other with the help of Vasu and Rishi. Kavya learns of Akshata, Siddharth's ex-lover, and decides to reunite them. Without telling him her plan, she travels to Goa with Siddharth to meet Akshatha. Siddharth, who knows Kavya's intentions, becomes angry with her and leaves her. Kavya injures herself by falling down the stairs while running after him. He feels guilty about her condition and cares for her. She forces him to reunite with Akshatha but he tells Akshatha he is not ready to reconcile. He returns with Kavya to Bangalore . Siddharth pleads with her never to mention Akshatha again, and she accepts. Soon he realizes that he does have romantic feelings for Kavya. He tries to tell her multiple times but fails. Finally, he writes a letter explaining his feelings for her and gives her a gift. Later, Anjali discovers that Sushanth is not Veda's son. She plans a surprise for Sushanth, and expresses her feelings for him. Siddharth proposes to Kavya in front of his family, and both accept each other, ready to start their life anew. Anjali is threatened by Kailash and cannot open up about her feelings for him. She says she will leave the house, despite this sentiment making Sushanth depressed. When Anjali leaves the house, Vedha realises something is happening and goes to meet her at the airport. Anjali is shot by someone Kailash had hired, although not fatally. Kavya breaks ties with her mother as she had mistreated Anjali. Kailash conspires to kill Anjali, but Siddharth saves her from his hired...","",""
"318781","Colonia","2016","A young woman's desperate search for her abducted boyfriend draws her into the infamous Colonia Dignidad, a sect nobody ever escaped from.  [PLOT] Plot In 1973, Lena is a strong, independent and adventurous West German Lufthansa stewardess and is in relationship with Daniel, a West German journalist and leftist activist living in Chile . Upon arrival in Santiago , she reunites with him and they spend their days in the capital peacefully. One day, the two become entangled in the 1973 Chilean coup d'état by General Augusto Pinochet , in which supporters of deposed President Salvador Allende are getting rounded up by the military. Daniel and Lena try to escape, but like thousands of others, they are picked up and taken to the National Stadium in Santiago, where a defector identifies Allende's supporters. Some are shot on the spot, others, including Daniel, are abducted by Pinochet's secret police DINA . After Lena is released, she tries to find and save him. [ 1 ] The pursuit leads her to ""Colonia Dignidad"" , an isolated secret organisation living in a sealed-off rural farmland and enclave near the Andes mountains . The organisation presents itself as a charitable mission run by Paul Schäfer , a former Wehrmacht colonel and army medic who evaded capture and trial following World War II by disguising himself as a Lutheran pastor and lay minister, later fleeing to Chile to build the organisation. Lena joins the organisation to rescue Daniel, only to learn it is a cult that combines Baptist -style tenets, punitive agrarian lifestyles, Nazism , and aggressive anti-Communism , from which no one has ever escaped. She witnesses Doro, a fellow member, get brutally beaten and humiliated at the men's section after it is revealed that she wanted to marry another cult member. Lena skinny dips in a nearby pond in order to be brought over to the men's section for the same punishments so that she can find Daniel. After a power outage, she later finds him; he has acted mentally disabled so he would be overlooked. When they reunite, the couple discover the organisation is also an illegal operations centre for DINA , who also use it as a political prison, trafficking ring, and torture venue for dissidents of Pinochet. With the help of a pregnant nurse named Ursel, Lena and Daniel attempt to escape from Colonia Dignidad. During the escape, they are discovered and Ursel is killed by a spring-gun , but Lena and Daniel escape to Santiago and find refuge in the West German embassy where they are issued new passports and return flight tickets. After they arrive at Santiago International Airport , they discover that the West...","",""
"318846","The Big Short","2015","The men who made millions from a global economic meltdown.  [PLOT] Plot In an isolated villa on the small Italian island of Pantelleria , Marianne Lane, a world-famous rock singer, is on holiday with her filmmaker lover, Paul De Smedt. She is recovering from surgery and has lost her voice, communicating only by signs and occasional whispers. Paul is in recovery from alcohol addiction and a suicide attempt. Neither speaks Italian, and their togetherness is interrupted by uninvited visitors. Harry Hawkes is an extroverted music producer who was Marianne's lover until he passed her on to his protégé, Paul. With him is his daughter, Penelope ""Pen"" Lanier, who says she is 22. Moving into the villa, Harry starts inviting friends around as if it were his home and taking everybody out to various sights and festivities. His arrogant manner bores Pen and annoys Paul, but Marianne starts falling under his spell again. However, when Harry and Marianne begin to become intimate, Marianne stops Harry. She tells him that she does love him but that she cannot be with him and that she is with Paul. The sultry Pen then makes a play for the unhappy Paul; it is implied that Paul succumbs to Pen's overtures. After drinking on his own, Harry comes back very late and starts a fight with Paul beside the pool. Both fall in, and the fight continues. Paul holds Harry underwater to subdue him, but Harry drowns. Realising his mistake, Paul pulls Harry to the surface and attempts to resuscitate him but is unsuccessful, and he leaves Harry to drift to the bottom of the pool. In the morning, his corpse is seen by the maid, who calls the police. They have more urgent business with refugees landing from North Africa, some floating ashore dead, but take the occupants of the villa in for questioning. Marianne convinces them with the truth that she was asleep and suggests that the murderer was an intruder. Paul lies, saying he went to bed before the time of death, and is believed. Pen eventually reveals that she can speak perfect Italian but chose to let her hosts struggle, and her passport reveals that she is only 17. Paul is concerned that Pen may have witnessed his fight with Harry in the pool but is unable to determine how much she knows, if anything. Paul tearfully admits to Marianne that he killed Harry but tried to save him. At the airport, as Pen is about to fly out, she tells Paul and Marianne something that refers to a comment Marianne once made to Harry. Visibly disturbed, Marianne slaps Pen. Pen maintains her composure until she is shown boarding...","",""
"318898","Aggabai Sasubai","2019","[PLOT] Plot .mw-parser-output .ambox{border:1px solid #a2a9b1;border-left:10px solid #36c;background-color:#fbfbfb;box-sizing:border-box}.mw-parser-output .ambox+.mw-empty-elt+.ambox,.mw-parser-output .ambox+.mw-empty-elt+.mw-empty-elt+.ambox,.mw-parser-output .ambox+.mw-empty-elt+.mw-empty-elt+.mw-empty-elt+.ambox{margin-top:-1px}html body.mediawiki .mw-parser-output .ambox.mbox-small-left{margin:4px 1em 4px 0;overflow:hidden;width:238px;border-collapse:collapse;font-size:88%;line-height:1.25em}.mw-parser-output .ambox-speedy{border-left:10px solid #b32424;background-color:#fee7e6}.mw-parser-output .ambox-delete{border-left:10px solid #b32424}.mw-parser-output .ambox-content{border-left:10px solid #f28500}.mw-parser-output .ambox-style{border-left:10px solid #fc3}.mw-parser-output .ambox-move{border-left:10px solid #9932cc}.mw-parser-output .ambox-protection{border-left:10px solid #a2a9b1}.mw-parser-output .ambox .mbox-text{border:none;padding:0.25em 0.5em;width:100%}.mw-parser-output .ambox .mbox-image{border:none;padding:2px 0 2px 0.5em;text-align:center}.mw-parser-output .ambox .mbox-imageright{border:none;padding:2px 0.5em 2px 0;text-align:center}.mw-parser-output .ambox .mbox-empty-cell{border:none;padding:0;width:1px}.mw-parser-output .ambox .mbox-image-div{width:52px}@media(min-width:720px){.mw-parser-output .ambox{margin:0 10%}}@media print{body.ns-0 .mw-parser-output .ambox{display:none!important}} This article's plot summary may be too long or excessively detailed . Please help improve it by removing unnecessary details and making it more concise. ( October 2021 ) ( Learn how and when to remove this message ) Asavari Kulkarni is a middle-aged widow living with her lazy son Soham Kulkarni and strict father-in-law Dattatray Kulkarni aka Aajoba in Sahajivan Society , a middle-class apartment in Thane , Maharashtra . Her unseen husband Prabhakar had died a couple decades ago and therefore she had to raise Soham as a single mother, causing neglect to her personal ambitions. Soon, Soham's former college-mate Shubhra announces to the Kulkarnis that she and Soham wish to marry each other. Asavari agrees to this but Aajoba objects their union. After having a register marriage in the absence of Aajoba, Soham and Shubhra have lunch along with Asavari in the restaurant of Abhijeet Raje, a popular chef to acts in a cookery show . He falls in love with Asavari and sends her a sweet dish via Shubhra. That night, Asavari informs Abhijeet over the phone that she liked...","",""
"318917","Look Who's Back","2015","When Adolf Hitler reawakens at the site of his former bunker in present-day Berlin, he is mistaken for a comedian and quickly becomes a media phenomenon.  [PLOT] Plot In 2014, Adolf Hitler wakes up in the Berlin park where his Führerbunker once stood. Disoriented, he wanders through the city, interpreting modern situations from a wartime perspective. Mistaken for an impersonator , Hitler encounters a mime and an anxious young mother, the latter of which pepper-sprays him. He faints after reading a newspaper stating the year is 2014. Meanwhile, at the MyTV television station offices, leading executive Christoph Sensenbrink is denied a promotion. Unleashing his rage, he fires Fabian Sawatzki, a freelance filmmaker. Sitting at home, Sawatzki spots Hitler in the background of his documentary footage and his mother suggests that a film about him would be successful. As Hitler wakes up at a newspaper kiosk, he reads about a changed Germany and laments the loss of his vision. Believing destiny has a purpose for him, Hitler decides to continue his work, and eventually he is found by Sawatzki. Sawatzki proposes filming Hitler for YouTube and they embark on a journey across Germany. Hitler interacts with ordinary Germans and speaks to them about contemporary social and political issues. Sawatzki's idea for an animal-centric film clip ends abruptly when the normally animal-loving Hitler shoots a dog after it bites him. Sawatzki introduces Hitler and his program idea to MyTV executives, including the new managing director, Katja Bellini (who got the promotion Sensenbrink desired). Bellini supports Hitler and his ideas while Sensenbrink is opposed. Hitler learns about the Internet and obsessively reads Wikipedia. On air, he speaks about the problems in modern German society which he noticed during his journey. The speech is remixed and talked about by various famous YouTubers , unintentionally becoming a comedy hit. Hitler meets with various right wing fringe parties and laments that none of them have the rhetoric or leadership skills that he has. Meanwhile, Sensenbrink sends an anonymous complaint of incitement of racial violence to the public prosecutor, summoning police at the MyTV offices, only for the prosecutor to personally praise the show and dismiss the complaint as leftist drivel. However, Sensenbrink finds the unedited footage of Hitler shooting the dog, and in an act of revenge broadcasts it during Hitler's next interview. This causes Hitler, Sawatzki and Bellini to all be fired from the station. Hitler publishes a book titled "" Er Ist Wieder Da "" ("" He is Back "") about his new life, which becomes a popular...","",""
