"tmdb_id","title","release_year","synopsis","themes","tones"
"926899","The House","2022","Across different eras, a poor family, an anxious developer and a fed-up landlady become tied to the same mysterious house in this animated dark comedy.  [PLOT] Plot After meeting at a bar, Hapgood ""Hap"" Jackson goes back to Mina Murray's remote, castle-like estate. While Mina is out of the room fixing drinks, Hap calls a male friend to brag about his hookup. Following an evening of drinking, flirting, and kissing, Mina begins unbuckling Hap's pants. Mina's sister Lucy unexpectedly interrupts. Hap gets the idea that he might have a threesome with both women. Mina exits the room to get more drinks. Hap and Lucy have a private conversation. Hap briefly falls asleep. Hap has a nightmare where he is imprisoned in a cave with a pile of shoes indicating he is another in a long line of victims. After he wakes, Lucy takes Hap on a tour of the manor. Mina eventually rejoins them and they return to the sitting room. Lucy and Mina propose exchanging ghost stories. Hap adlibs a glib story about a man who has a threesome with two sisters. Lucy responds by telling a tale of wronged women who sought vengeance on men who raped them and who continue pursuing sexual predators across the world. Hap becomes further disturbed when Lucy mentions a cave like the one he saw in his nightmare. A third sister, Nora, enters the room. Realizing that the women intend to teach him a morality lesson, Hap becomes combative and tries to leave. Revealing themselves as vampires, Mina, Lucy and Nora unravel their supernatural powers with their fangs to destroy and devour Hap.","",""
"927107","The Bricklayer","2023","Someone is blackmailing the CIA by assassinating foreign journalists and making it look like the agency is responsible. As the world begins to unite against the U.S., the CIA must lure its most brilliant – and rebellious – operative out of retirement, forcing him to confront his checkered past while unraveling an international conspiracy.  [PLOT] Synopsis Two policemen pass near a scaffolding on which bricklayers are working. The construction workers manage to pour plaster all over the unsuspecting patrolmen. Was it deliberate or an accident? A reprimand follows but the police let it go and decide to order a drink from the neighboring bar. They officers steal the bottle from the bartender, but the masons in turn, steal it from them. This brings more scuffling between the workers and the officers. A chase around the scaffolding ensues. The film may be a loose remake of Les Cambrioleurs modernes (1902) starring Les Omer's, which reproduced the James Price troupe's pantomime from the operetta Le Papa de Francine (Victor de Cottens et Paul Gavault, 1896). Price's troupe starred in the 1907 remake of Path's 1902 film. The officers of The Bricklayers were dressed in English bobby uniforms perhaps in an attempt to disguise the origins of the story. In 1908, Pathé Frères was subsequently sued for copyright infringement for his remake of Cambrioleur modernes . Imitation was common at the time, this lawsuit brought an awareness as to how much one can legally imitate and adapt from other mediums.","",""
"927152","Irreversível","2015","The choices we make while looking for a second chance might be irreversable.","",""
"927342","Amaran","2024","A heroic true story of Major Mukund Varadarajan, an Indian Army officer who displayed extraordinary bravery during a counterterrorism mission in Kashmir’s Shopian district. The film captures his courage in protecting his nation and the devotion of his wife Indhu Rebecaa Varghese.  [PLOT] Plot Indhu Rebecca Varghese, the widow of Major Mukund Varadarajan , travels by plane to New Delhi to receive the Ashoka Chakra award on behalf of her husband. During the journey, she reminisces about her life with Mukund, and Mukund's military career. A young Mukund is deeply influenced by the Indian Armed Forces . During his college years in Chennai , he meets Indhu, and their connection grows gradually. They eventually love each other despite Indhu's initial reservations about Mukund's aspiration to become a soldier, and the religious differences between their families. After finishing college, Mukund enlists in the Indian Army , and is trained at the Officers Training Academy in Chennai. He is commissioned as a lieutenant in the Rajput Regiment . Despite their geographical separation and Indhu's family's reluctance to marry her off to a soldier, they eventually get married. Soon after, they get pregnant and have a daughter. The narrative shifts to Mukund's posting as a major to the Rashtriya Rifles in Jammu and Kashmir , where the Indian army is engaged against Insurgency in Jammu and Kashmir . Mukund fights his emotions and the desire to return to his wife and young daughter. He establishes a bond with the locals, tries to bridge the divide between the military and the civilians, and gains access to information on militants from the social circles. Mukund's convoy is attacked by militants led by Altaf Baba. While several Indian army men are hurt in the attack, Mukund kills Baba with the help of his army colleague Sepoy Vikram Singh. With his command and bravery, he earns a respect among his fellow soldiers, and his commanding officer Colonel Amit Singh Dabas. The second part of the story revolves around a counter militancy operation at Qazipathri village in Shopian district . Mukund leads a team of soldiers, who are tasked with neutralizing a group of armed terrorists hiding in a safe house, amongst civilians. Mukund commands his men to ensure the safety of civilians. With the approaching darkness, Mukund paired with Vikram, enter the safe house, and engage in gun fire with the militants. All the three militants are killed in the operation, in which Mukund sustains bullet injuries. Despite attempts to transport him to a medical center, he succumbs to his injuries. His death leaves the regiment and his commanding officer devastated, while they salute him. The film ends with Mukund's distraught family performing his last rites, and Indhu later...","",""
"927547","All We Imagine as Light","2024","In Mumbai, Nurse Prabha's routine is troubled when she receives an unexpected gift from her estranged husband. Her younger roommate, Anu, tries in vain to find a spot in the city to be intimate with her boyfriend. A trip to a beach town allows them to find a space for their desires to manifest.  [PLOT] Plot Malayalis Prabha and Anu are nurses living together in Mumbai . Prabha is straitlaced and reserved, and yearns for her husband, who lives in Germany and visited India only once for a short arranged marriage , but has not contacted her in over a year. Anu is more outgoing and is having a secret affair with a Muslim man named Shiaz. [ 1 ] One day, Prabha and Anu receive a modern rice cooker from an unknown sender; the cooker is made in Germany. A doctor, Manoj, tries to woo Prabha, but she rejects his advances, claiming her marital status . Prabha tries to help Parvaty, the cook at their hospital, fight against a construction company who wants to demolish her chawl to build a skyscraper. Unable to claim legal tenancy , Parvaty decides to quit her job and move back to her village near Ratnagiri . Prabha and Anu travel with her, to help her relocate. Unbeknownst to Prabha and Parvaty, Shiaz has followed Anu. Then they meet and secretly come together in a private place. He kisses her lips and neck. Anu feels shy, with a tingling sensation running through her. In that impulse, she kisses him intensely, and they engage in sexual intimacy. They secretly meet up, which Prabha discovers. Later they have sex. Meanwhile, Prabha rescues a middle-aged man from drowning by performing CPR . While he is waiting for the local doctor, Prabha cleans and cares for him. She sees the man she rescued as her husband. He apologises for abandoning her and seeks her forgiveness, but she tells him that she does not want to see him ever again. That night, at a beach shack , Prabha asks a surprised Anu to invite Shiaz to sit with herself and Parvaty. They all chat happily, as the lights of the shack shine over them. ^ .mw-parser-output cite.citation{font-style:inherit;word-wrap:break-word}.mw-parser-output .citation q{quotes:""\""""""\""""""'""""'""}.mw-parser-output .citation:target{background-color:rgba(0,127,255,0.133)}.mw-parser-output .id-lock-free.id-lock-free a{background:url(""//upload.wikimedia.org/wikipedia/commons/6/65/Lock-green.svg"")right 0.1em center/9px no-repeat}.mw-parser-output .id-lock-limited.id-lock-limited a,.mw-parser-output .id-lock-registration.id-lock-registration a{background:url(""//upload.wikimedia.org/wikipedia/commons/d/d6/Lock-gray-alt-2.svg"")right 0.1em center/9px no-repeat}.mw-parser-output .id-lock-subscription.id-lock-subscription a{background:url(""//upload.wikimedia.org/wikipedia/commons/a/aa/Lock-red-alt-2.svg"")right 0.1em center/9px...","",""
"929204","Wallace & Gromit: Vengeance Most Fowl","2024","Gromit’s concern that Wallace is becoming too dependent on his inventions proves justified, when Wallace invents a “smart” gnome that seems to develop a mind of its own. When it emerges that a vengeful figure from the past might be masterminding things, it falls to Gromit to battle sinister forces and save his master… or Wallace may never be able to invent again!  [PLOT] Plot Wallace has invented a robotic garden gnome called Norbot and opens a business hiring it out to work in gardens. Gromit feels left out and is concerned about his owner's reliance on technology, while expressing annoyance towards Norbot. Criminal penguin Feathers McGraw hears about Norbot on the news; plotting revenge against Wallace and Gromit for foiling his plan to steal the Blue Diamond, [ a ] he hacks into and reprograms Norbot to serve him and mass-produce an army of gnomes. While working at homes around the city, the gnomes steal various objects. Chief Inspector Albert Mackintosh and his new recruit, PC Mukherjee, conclude that Wallace is responsible; they confiscate his inventions, but do not find the gnomes. Gromit reclaims Wallace's tracking device from the police station and tracks the gnomes to the zoo where Feathers is incarcerated. He discovers they have used the contraband to build a submarine for Feathers to escape through the sewers in. Feathers spots Gromit and has Norbot cut him from the tree he is hiding in. They fall into a nearby enclosure and the impact resets Norbot. Gromit goes to the museum, where the Blue Diamond is being put back on display, just as Mackintosh discovers it has been replaced with a decoy; Feathers hid the diamond at Wallace's house in a disused teapot prior to his arrest. Back home, Wallace and Gromit are captured by the gnomes as Feathers recovers the diamond and detains the duo in the house's pantry . Wallace and Gromit manage to free themselves as they pursue Feathers down a canal on narrowboats while Mackintosh and Mukherjee, who expresses doubts about Wallace's guilt, give chase via bicycle . As Wallace engineers a method of reprogramming the gnomes, Gromit jumps aboard Feathers' narrowboat, but when Feathers sees that the police have blocked the canal, he steers off an navigable aqueduct . With the boat teetering on its parapet, Wallace convinces Gromit to surrender the bag containing the diamond to Feathers before he jumps off the narrowboat, which falls over the edge, but Gromit is rescued by Norbot and his fellow gnomes. Feathers escapes to Yorkshire on a freight train , only to sadly discover that Gromit had tricked him with his previous deception. In the aftermath, Wallace is exonerated, while Mackintosh praises Mukherjee for trusting her instincts and retires, passing his position to her. Wallace returns to inventing, confessing that machinery cannot replace the human touch, and Gromit gains a...","",""
"929590","Civil War","2024","In the near future, a group of war journalists attempt to survive while reporting the truth as the United States stands on the brink of civil war.  [PLOT] Plot A civil war has engulfed the United States between the authoritarian federal government, led by a third-term president , and three secessionist movements. Despite the president claiming victory is imminent, it is widely expected that Washington, D.C. will soon be reached by the ""Western Forces"" (WF), the joint California and Texas secessionist movement. After surviving a suicide bombing in New York City , jaded veteran war photographer Lee Smith and journalist colleague Joel from Reuters meet with their mentor Sammy, a reporter from The New York Times , to share their plan to interview the isolated president. While trying to dissuade them from heading to the capital, Sammy joins them to reach the front line at Charlottesville, Virginia . The following day, Lee finds Joel has allowed Jessie Collin, a young aspiring photojournalist whom Lee encountered at the bombing, to join them. Departing the city, the group stops at a gas station protected by armed men. At a nearby car wash, Jessie finds the men torturing two alleged looters. One of the guards follows Jessie, but Lee defuses the situation by taking a photo of the man posing with his victims. Later, Jessie berates herself for being too scared to take pictures. The next day, following an overnight stop near ongoing fighting, the group documents combat as secessionist militiamen successfully assault a loyalist-held building. Lee recognizes Jessie's potential as a war photographer and begins to mentor her as Jessie photographs the secessionists executing prisoners . The group spends the night at a refugee camp before passing through a small town where, under watchful guard, residents attempt to live in blissful ignorance of the war. Later, the journalists are caught in a sniper battle amid the remains of a Christmas fair. Nearby snipers mock Joel's question about which side they are fighting for, instead summarizing the situation as killing those trying to kill them. Jessie's nerve and photographs improve as she becomes more desensitized to the violence. Jessie asks Lee if she would photograph Jessie being killed, to which Lee responds, ""What do you think?"" While driving, the four encounter two reporters from Hong Kong they know, Tony and Bohai. Tony and Jessie switch vehicles while having fun and Bohai drives ahead with Jessie in his car. The others catch up to find the pair held at gunpoint by an American- ultranationalist paramilitary group who are burying civilians in a mass grave . Sammy stays...","",""
"930094","Red, White & Royal Blue","2023","After an altercation between Alex, the president's son, and Britain's Prince Henry at a royal event becomes tabloid fodder, their long-running feud now threatens to drive a wedge in U.S./British relations. When the rivals are forced into a staged truce, their icy relationship begins to thaw and the friction between them sparks something deeper than they ever expected.  [PLOT] Plot Alex Claremont-Diaz, the first son of the United States , attends the wedding of Prince Phillip, Duke of Cambridge . Alex has a long-standing feud with Prince Henry, Prince Phillip's younger brother. During the reception, Alex and Henry get into an argument that results in the £75,000 wedding cake falling on top of them. To mitigate the fallout after the cake incident and help his mother's re-election campaign, Alex is forced into a series of interviews and appearances with Henry, in which they pose as friends. While stuck in a custodial closet, Alex admits that he began to resent Henry after he rebuffed him at Alex's first appearance as a public figure. Henry apologizes, explaining that he had just lost his father, and was forced by the Palace to appear at events while mourning. The two make amends, later beginning to text regularly and become real friends. At Alex's annual New Year's party, a drunk Henry leaves abruptly after seeing Alex kiss several girls at midnight. Alex follows him outdoors to the White House grounds. Henry expresses frustration with how he will never be able to be the real him, and he kisses Alex. After the party, Henry neglects to respond to Alex's attempts to contact him for several weeks. During Henry's silence, Alex confides in Nora, his best friend and the Vice President 's granddaughter, and he realizes that he is attracted to Henry. Alex texts Henry to ask if he will be attending the Prime Minister's dinner, which Henry does not respond to. Henry does attend the dinner, and they are forced to interact publicly to keep appearances. Alex requests his Secret Service bodyguard arrange for him and Henry to talk somewhere private, where Henry begins to express remorse for the kiss on New Year's, but Alex kisses him again. They are interrupted by Alex's Secret Service. The pair quickly become lovers, although they keep it a secret from everyone except those who are directly necessary, such as bodyguards. They also tell close friends, using private jets to traipse back and forth across the Atlantic throughout their relationship. Alex comes up with a plan for his mother to win Texas, their home state, in the upcoming election. After much badgering for his mother to read his plan, he travels to Texas to lead the campaign effort. When he goes to Brooklyn to speak at the Democratic National Convention , Henry surprises him with a visit, where they are later caught and Henry is forced to return home. Alex later comes out to his...","",""
"930564","Saltburn","2023","Struggling to find his place at Oxford University, student Oliver Quick finds himself drawn into the world of the charming and aristocratic Felix Catton, who invites him to Saltburn, his eccentric family's sprawling estate, for a summer never to be forgotten.  [PLOT] Plot In 2006, scholarship student Oliver Quick struggles to fit in at the University of Oxford because of his inexperience with upper-class manners. He befriends Felix Catton, a popular student from a wealthy family who is sympathetic to Oliver's stories of his parents' substance abuse and mental health issues . When Oliver says that his father has died suddenly, Felix comforts him and invites him to spend the summer at his family's country house , Saltburn. At Saltburn, Oliver meets Felix's parents Sir James and Lady Elspeth Catton, his sister Venetia, and Elspeth's friend Pamela, and he reunites with Felix's American cousin Farleigh, with whom Oliver has had a tense relationship as Oxford classmates. Oliver quickly wins over Felix's family except for Farleigh, and his obsession with Felix grows. One night, after watching Felix masturbate in a bathtub, he lustfully drinks the semen -laced bathwater. Later, having seen Venetia waiting outside his bedroom window, he performs oral sex on her while she is on her period . Farleigh witnesses this and informs Felix, but Oliver claims nothing happened when Felix confronts him. At night, Oliver sneaks into Farleigh's room while he is sleeping and makes sexual advances on him, threatening him in the process. The next morning, James evicts Farleigh after receiving a report from Sotheby's about his intention to sell some of James' valuable Huguenot ceramics. As the summer ends, Elspeth and James plan a party for Oliver's birthday. Felix surprises Oliver with a trip to see his estranged mother, causing Oliver to panic. Upon arriving at the family's house in Prescot , Felix realises Oliver had lied to him about his upbringing. His father is still alive, neither of his parents had substance abuse or mental health troubles, and they live in a respectable middle class suburb. Horrified and hurt by Oliver's deception, Felix decides not to tell anyone to spare his own family the humiliation but orders Oliver to leave Saltburn after the party. During the extravagant celebrations, Oliver seeks to make amends with Felix by expressing his adoration for him, but Felix rejects him and suggests he seek help. The next morning, Felix is found dead in Saltburn's hedge maze . Oliver implies Felix's death was connected to Farleigh supplying drugs during the party, and James withdraws financial support from Farleigh and bans him from ever returning. Oliver mourns Felix and visits his grave alone, where he lies naked on the grave and...","",""
"930930","Thunderbolt Fantasy: Sword Travels from the East","2018","A Takarazuka Revue production based on the 2016 Japanese-Taiwanese puppet drama television series.  [PLOT] Plot .mw-parser-output .hatnote{font-style:italic}.mw-parser-output div.hatnote{padding-left:1.6em;margin-bottom:0.5em}.mw-parser-output .hatnote i{font-style:normal}.mw-parser-output .hatnote+.mw-empty-elt+.hatnote{margin-top:-0.5em}@media print{body.ns-0 .mw-parser-output .hatnote{display:none!important}} The film is told in a partially non-linear narrative , and begins with the intertitle ""A time of apparent magic..."" For twenty years, Ithaca has been without its king when Odysseus did not return from the Trojan War . Several suitors , including nobleman Antinous , aggressively court Odysseus's wife Penelope to claim the throne from Odysseus and Penelope's son Telemachus . Only Penelope, Telemachus, and Odysseus' half-blind servant Eumaeus still believe Odysseus will return. Penelope tells Telemachus she fears attacks by murderous "" people from the sea "" who violate Zeus's law —mutual respect between guests and hosts. Telemachus travels with Odysseus's friend Mentor , to Menelaus , King of Sparta , to ascertain his father's whereabouts. Antinous learns about this and conspires to kill Telemachus upon his return and plunder Ithaca. Menelaus and his wife Helen tell Telemachus about the war, but express uncertainty about Odysseus's fate. Meanwhile, the goddess Athena appears to Odysseus on the island of Ogygia , where the nymph Calypso is infatuated with Odysseus. Athena commands Odysseus to return home; Calypso dislikes this, but encourages Odysseus to remember his past. Years earlier, the Greek army, led by Menelaus' brother Agamemnon , conquered Troy using Odysseus' stratagem, the Trojan Horse , hiding Greeks inside, with Sinon sacrificed as a decoy. While Menelaus and Agamemnon returned home, Odysseus and his crew, including second-in-command Eurylochus , searched for an island for supplies, but the cyclops Polyphemus traps them in a cave, and devours several soldiers. They blind Polyphemus and escape, but hear him cry out to his father Poseidon ; the crew suffers harsh sea conditions. They land on Aeaea , where giant Laestrygonians kill most of them and sink two of their three ships. The survivors rebel, leaving Odysseus with their ship as they seek refuge with the witch Circe , who turns them into pigs. After Odysseus persuades her to change his men back, Circe warns that to reach Ithaca, Odysseus must cross Oceanus into the Land of the Dead . There, Odysseus meets his fallen soldiers, including Sinon's shade, who reproaches him for deceiving him,...","",""
"931908","Cyclotron","2020","A film about the world's oldest functional particle accelerator and the people who keep it running today.","",""
"933057","Nine /10","2017","Nine / 10 movie is about Che Guevara's end days.  It's directed by Rohan Raj  Edited by Vishnu Venugopal  [PLOT] Plot In October 1988, twelve-year-old Bill Denbrough makes a paper sailboat for his seven-year-old brother Georgie . Georgie sails the boat along rainy streets, only to have it fall down a storm drain. Attempting to retrieve it, Georgie sees a clown in the drain, who introduces himself as "" Pennywise the Dancing Clown "". Pennywise bites off Georgie's arm and drags him into the sewer. The following summer, Bill and his friends Richie Tozier , Eddie Kaspbrak , and Stanley Uris run afoul of older bullies Henry Bowers , Belch Huggins, Patrick Hockstetter , and Victor Criss. Bill calculates that his brother's body may have washed up in the marshy wasteland ""The Barrens"". He investigates with his friends, believing Georgie may still be alive. Bill's classmate Ben Hanscom learns that unexplained tragedies and child disappearances have plagued the town for centuries. Fleeing Bowers' posse, Ben meets Bill's group in the Barrens. They find the sneaker of missing girl Betty Ripsom, and Patrick is killed by drowned children while searching the sewers. Bill and Ben develop feelings for bullied girl Beverly Marsh . The group befriends orphan Mike Hanlon having rescued him from Bowers. Each member of the group has encountered terrifying manifestations of Pennywise: Ben is chased by a headless undead boy, Beverly is attacked by a sink spewing blood only children can see, Eddie is chased by a rotting leper , Stan witnesses a painting of a woman coming alive, Mike relives his parents burning alive, and a phantom of Georgie haunts Bill. Dubbing themselves ""The Losers Club"", they realize they are all being stalked by the same entity, which they call as ""It"". They determine that It appears as their individual worst fears, awakening from hibernation every 27 years to feed on the children of Derry , and that it travels via the sewer lines, which all lead to an old well under an abandoned house on Neibolt Street. Pennywise attacks them while they look through photos in Bill's garage. Beverly shows little fear of Pennywise. The group ventures to confront him, only to be separated and terrorized by their fears. As Pennywise gloats to Bill about Georgie, It charges at them, but Beverly stabs him in the head with a metal spike. Pennywise retreats after injuring Ben. The group flees with only Bill and Beverly fighting Pennywise. Weeks later, after Beverly confronts and incapacitates her sexually abusive father, Pennywise abducts her. The Losers Club returns to the abandoned house to...","",""
"933131","Badland Hunters","2024","After a deadly earthquake turns Seoul into a lawless badland, a fearless huntsman springs into action to rescue a teenager abducted by a mad doctor.  [PLOT] Plot In a post-apocalyptic Seoul , [ a ] Nam-san, a relentless wasteland hunter, along with his friend Choi Ji-wan and other survivors, are living a hard life in their village. Nam-san and Ji-wan navigate the desolate wastelands and scavenge for resources to sustain their community. Trouble ensues when Su-na, who is from their village, is kidnapped by a rogue scientist, Dr. Yang Gi-su, who has been illegally experimenting with making humans immortal by injecting them with a certain serum, which has led to the death of many teenagers. Gi-su needed more supplies for the serum, and he had set up a network to bring more teenagers to his camp, in an apartment complex. [ b ] Nam-san, Ji-wan, and Lee Eun-ho, a military sergeant of the camp, discover Gi-su's experiments and go to rescue Su-na. It is revealed that Gi-su had been conducting experiments to revive his daughter So-yeon, who had died around the time when Seoul became a wasteland. Nam-san, Ji-wan, and Eun-ho arrive at the camp and fight with mutant soldiers. They manage to rescue Su-na, while Gi-su escapes with So-yeon's body in a suitcase. However, he is surrounded by a mob of people, who are prepared to beat him to death. While shooting at the crowd, he accidentally damages the suitcase, killing So-yeon. Nam-san kills Gi-su and returns to his village, along with Su-na and Ji-wan. Cite error: There are <ref group=lower-alpha> tags or {{efn}} templates on this page, but the references will not show without a {{reflist|group=lower-alpha}} template or {{notelist}} template (see the help page ).","",""
"933260","The Substance","2024","A fading celebrity decides to use a black market drug, a cell-replicating substance that temporarily creates a younger, better version of herself.  [PLOT] Plot On her 50th birthday, faded Hollywood film star Elisabeth Sparkle is dismissed from her long-running aerobics TV show by its producer, Harvey, due to her age. Elisabeth crashes her car while distracted by a billboard of herself being taken down. At the hospital, a young male nurse gives her a flash drive advertising ""The Substance"", a black market drug that promises a ""younger, more beautiful, more perfect"" version of oneself. Elisabeth orders The Substance and injects the single-use serum. She convulses as a younger woman named Sue emerges from a slit in her back. The two bodies must switch consciousness once every week, with the inactive body remaining unconscious and fed intravenously. Daily injections of stabilizer fluid, extracted from the original body, are required to prevent Sue from deteriorating. Sue becomes an overnight sensation after auditioning as Elisabeth's replacement, and Harvey offers her the chance to host the New Year's Eve show. While Sue lives a confident and hedonistic life, Elisabeth becomes a self-hating recluse . Near the end of one weekly cycle, Sue brings a man home for casual sex; she delays the switch by extracting additional stabilizer fluid, causing Elisabeth's right index finger to rapidly age. Elisabeth contacts the supplier, who warns that delaying the switching schedule will lead to irreversible, rapid aging of the original body. Elisabeth and Sue gradually become separate personalities and begin to hate each other. Elisabeth resents Sue's frequent disregard of the switching schedule, causing further aging, while Sue is appalled by Elisabeth's descent into unhealthy binge-eating . Following a particularly destructive episode, Sue stockpiles stabilizer fluid and refuses to switch back. Three months later, on the day before the New Year's Eve show, Sue runs out of stabilizer fluid and contacts the supplier, who informs her she must switch back to replenish the fluid. When they switch, Elisabeth finds herself transformed into a deformed, hag-like hunchback . To stop Sue aging her further, Elisabeth orders a serum designed to terminate her. However, Elisabeth, still craving Sue's celebrity status, stops before fully injecting the serum and resuscitates Sue, leaving both of them conscious. Realizing Elisabeth's initial intent, Sue beats Elisabeth to death before leaving to host the show. Without Elisabeth, and due to most of the serum already being injected, Sue's body rapidly deteriorates. She attempts to create a new...","",""
"934433","Scream VI","2023","Following the latest Ghostface killings, the four survivors leave Woodsboro behind and start a fresh chapter.  [PLOT] Plot One year after the Woodsboro killings orchestrated by Richie Kirsch and Amber Freeman , [ a ] Blackmore University professor Laura Crane is catfished and murdered by her student Jason Carvey wearing a Ghostface costume. Jason plots with his roommate, Greg Bruckner, to kill sisters Sam and Tara Carpenter to finish the ""movie"" that Richie and Amber wanted to make. However, Jason receives a call from a different Ghostface, who has killed Greg and subsequently stabs Jason to death. The Carpenter sisters now reside in New York City , with Tara attending Blackmore University alongside fellow survivors and twins Chad Meeks-Martin and Mindy Meeks-Martin ; their roommate, Quinn Bailey; Mindy's girlfriend, Anika Kayoko; and Chad's roommate, Ethan Landry. Sam attends therapy with Dr. Christopher Stone, and has become a public pariah because of an online conspiracy theory that she was the true mastermind behind the recent killings. Quinn's father, Detective Wayne Bailey, calls Sam in for questioning as her ID was found at the scene of Jason's murder, along with a Ghostface mask worn by Richie and Amber. Ghostface calls Sam from Richie's number, then attacks Tara, kills multiple bystanders in a bodega, and leaves behind another Ghostface mask worn in the 2011 Woodsboro killings. [ b ] At the NYPD police station, the Carpenter sisters meet with FBI special agent Kirby Reed , a survivor of the 2011 killings, [ b ] and reporter Gale Weathers . Gale informs them that Sidney Prescott has gone into hiding to protect her family. Dr. Stone is murdered by Ghostface, who steals Sam's file and leaves behind a mask worn in the Hollywood killings. [ c ] Mindy theorizes that the killer is following the rules of film franchises, specifically the rule that anyone can die while the franchise will still continue. From his window, Sam's boyfriend Danny witnesses Ghostface stabbing Quinn in the Carpenter sisters' apartment before attacking the group and killing Anika, leaving behind a mask worn in the Windsor College killings. [ d ] Gale takes the group to an abandoned theater she found while investigating, which has been set up as a shrine to the Ghostface killers, featuring many items of evidence related to previous massacres now displayed like film props. Ghostface calls Gale at her apartment and torments her about Dewey Riley 's death [ a ] before killing her boyfriend and attacking her. The Carpenter sisters arrive just in time to stop Ghostface from killing Gale, who is taken...","",""
"936245","Hidden Face","2024","Su-yeon, a cellist in an orchestra led by her fiancé and conductor Sung-jin, disappears one day, leaving behind only a video recording. Sung-jin is devasted over the loss of Su-yeon, but feels a strong attraction to Mi-ju, a cellist who fills in for his fiancée. Then one rainy night, Sung-jin and Mi-ju get swept away by their mutual desires for each other and commit an unforgivable act at Su-yeon's house.  [PLOT] Plot Conductor Seong-jin leads an orchestra where his fiancée, Soo-yeon, serves as a cellist. One day, Soo-yeon disappears, leaving behind only a video message. Seong-jin is devastated by the loss of Soo-yeon, but finds himself drawn irresistibly to Mi-joo, the cellist who replaces her. On a rainy night, consumed by their desires, Seong-jin and Mi-joo commit an unforgivable act in Soo-yeon's home. Meanwhile, Soo-yeon, thought to be missing, is trapped in a sealed room from which escape is impossible, forced to witness the hidden truths unfold.","",""
"936740","Change","2016","The story about having to grow up and beeing allowed to remain a child.","",""
"937020","Jailer","2023","Muthuvel Pandian, a retired, stern yet compassionate jailer lives a peaceful life with his family, but trouble knocks his door when his cop son’s tryst with an antique mafia gang goes awry and forces Muthu to step back into a dark world he had voluntarily took a break from.  [PLOT] Plot In Arakkonam , police discover a temple priest murdered and the temple idol has been stolen and replaced with a fake one. ""Tiger"" Muthuvel Pandian lives in Tamil Nadu with his family. Muthuvel's son, ACP Arjun, is investigating Varman, an eccentric gangster based in Arakkonam, who smuggles idols of gods and sells them to overseas buyers. Arjun confronts Varman's henchman, Seenu, and demands to know Varman's whereabouts. While getting close to nabbing Varman, Arjun suddenly goes missing, and the police department covers this up by spreading word that he may have committed suicide due to the stress of the job. Grieving the apparent loss of his son and partly blaming himself for raising him to be honest and fearless, Muthuvel goes after Seenu and murders him, disposing of the body by coercing a clueless local taxi driver, Vimal, into helping him. In retaliation, Varman's men attempt to kill Muthuvel's grandson, Rithvik, but Muthuvel saves him. Muthuvel tries to convince Varman to leave him and his family alone. However, Varman does not listen to him. Enraged, he decides to fight back. First, Muthuvel blackmails a psychiatrist , S. Dhandapani, into providing asylum for his family. He then visits Narasimha, a reformed criminal living in Mandya , who loans him four sharpshooters . With the help of Narasimha's men, Muthuvel steals Varman's idols that were being smuggled and uses them to blackmail and humiliate Varman, who is about to kill his family. Varman retaliates by killing three of his men and hires a Bihari gangster named Kamdev to send people to kill Muthuvel and his family at his home. Still, Muthuvel and Narasimha's men finish them, with his family watching in fear. On discovering Varman's target to be Muthuvel, Kamdev reveals to him that Muthuvel was previously the ruthless and charismatic jailer of Tihar prison who disciplined criminals harshly but also helped them reform, thus gaining a massive network of allies, including Kamdev. Muthuvel corners Varman in his base along with a hundred men sent by another former criminal, Sikandar Singh, but Varman reveals that Arjun is still alive and threatens to kill him. Both of them ultimately compromise: Varman will release Arjun in exchange for retrieving a famous antique crown currently secured in a temple in Mangalagiri . With a lot of thoughts, Muthuvel agrees to bring the crown, with Varman enforcing a condition that two of his men will be sent as spies with him 24/7 to Hyderabad , to which he...","",""
"937278","A Man Called Otto","2022","When a lively young family moves in next door, grumpy widower Otto Anderson meets his match in a quick-witted, pregnant woman named Marisol, leading to an unlikely friendship that turns his world upside down.  [PLOT] Plot Otto Anderson is a 63-year-old widower , living in a patio home in suburban Pittsburgh . Six months after losing his wife Sonya, a schoolteacher, Otto has become a curmudgeonly, fastidious recluse. Pushed into retirement from his job at a steel plant, he cancels his utilities and plans to kill himself to join her. Preparing to hang himself, Otto is interrupted by the arrival of new neighbors: pregnant Marisol, husband Tommy, and daughters Abby and Luna, who try to befriend him. When he resumes his attempted suicide, the noose pulls the hook from the ceiling. He visits Sonya's grave, reminiscing: as a young man, he failed his army medical with hypertrophic cardiomyopathy . Waiting to return home he saw Sonya drop a book on the platform, following her onto a train going in the opposite direction to his, he returns the book and Sonya takes an immediate liking to him. She gives him the money to buy a ticket where he gets a 1964 silver quarter in change, which she prompts him to keep. Otto helps his neighbor Anita with her radiators, despite holding a grudge against her husband Reuben, a non-responsive stroke survivor. He attempts suicide again by means of carbon monoxide poisoning in his garage, thinking back to his and Sonya's courtship as he begins to lose consciousness, but he is interrupted by Marisol seeking help after Tommy breaks his leg falling from a ladder. Otto reluctantly drives Marisol and the children to the hospital, where he assaults a clown for taking his special quarter during a magic trick. While waiting on a railway platform, planning another suicide attempt, Otto remembers his graduation from engineering school, when he asked Sonya to marry him. As the train approaches, an older man faints onto the tracks and Otto saves him, and is pulled to safety by another passenger at the last second. This rescue is filmed by onlookers who are intent on their phone cameras, rather than assisting with the rescue. When a stray cat takes a liking to him, Otto reluctantly adopts it. He confronts a teenager named Malcolm for delivering unwanted advertising circulars, and the boy recognizes Otto as his former teacher's husband, describing how Sonya supported him as a trans student. Annoyed by Marisol's failure to learn to drive, Otto gives her lessons. They visit Sonya's favorite bakery, where Otto explains that Anita and Sonya were best friends, but he and Reuben grew apart over rivalries and trivialities such as brand loyalties to different car...","",""
"937287","Challengers","2024","Tennis player turned coach Tashi has taken her husband, Art, and transformed him into a world-famous Major champion. To jolt him out of his recent losing streak, she signs him up for a ""Challenger"" event — close to the lowest level of pro tournament — where he finds himself standing across the net from his former best friend and Tashi's former boyfriend.  [PLOT] Plot A young girl named Ellen prays for a companion to ease her loneliness. She inadvertently contacts a powerful being known as the Nosferatu , forging a psychic link between them. In 1838, Ellen has married Thomas Hutter , and they live in Wisburg, Germany . Thomas is sent to Transylvania by his employer, Herr Knock, to sell the decrepit Grünewald Manor to the reclusive Count Orlok . He leaves Ellen with his friend Friedrich Harding and his pregnant wife Anna, who have two daughters. Unbeknownst to Thomas, Knock is actually in league with Orlok. Arriving at a Transylvania hamlet , Thomas is shunned by the locals when he mentions Castle Orlok. That night, he witnesses a group of Roma exhuming and staking an alleged vampire's corpse, which gushes blood. He wakes up to the hamlet deserted and his horse gone. He continues on foot until a mysterious carriage takes him to Orlok's castle. Distracted by Orlok's appearance during dinner, Thomas cuts his hand, which agitates the Count. He wakes up on the floor of the dining room the next morning. Orlok completes the home sale and takes Thomas' locket, containing a lock of Ellen's hair. Thomas discovers bite marks on his chest and becomes increasingly ill and fearful. While attempting to escape the castle, he ends up in a crypt where he finds the Count asleep in a coffin, naked and decayed. When Orlok awakens and gives pursuit, Thomas falls into a river and is rescued by Eastern Orthodox nuns . They explain that Orlok became a vampire after making a pact with the Devil . Orlok sets sail for Wisburg inside his coffin on a ship with plague -carrying rats. Meanwhile, Ellen, under Orlok's influence, begins suffering from seizures and sleepwalking. Her doctor, Wilhelm Sievers, consults with his former mentor, Albin Eberhart von Franz, a Swiss scientist ostracized for his occult beliefs. Von Franz confirms that Ellen is under Nosferatu's demonic influence. Knock is institutionalized after killing and eating sheep raw. Von Franz reveals that sunlight will kill Nosferatu. Thomas returns to Wisburg as Orlok's plague ravages the populace. Knock escapes and escorts Orlok to Grünewald Manor. Orlok appears to Ellen in her nightmares and tells her that Thomas ""sold"" her to him for his commission of the home sale (he could not read the documents as they were in Orlok's language). He demands that she submit to him in three days or he will kill Thomas. She awakes to find Anna being attacked by plague-infested rats. Ellen berates...","",""
"938008","The Killer","2022","While his girlfriend is away on a trip, retired assassin Bang Ui-kang is tasked with looking after her friend's 17-year-old daughter. After a street attack, Bang Ui-kang becomes embroiled in a murder investigation and dangerous trafficking gang.  [PLOT] Plot A professional hitman known only as the Killer stakes out a Parisian hotel room. He prepares to use a sniper rifle to kill a target who will check into the hotel room at an unknown time. While waiting for the target, he eats, practices yoga , listens to music (exclusively the Smiths ), and talks on the phone with his handler, Eddie Hodges, who is an attorney and his former university law professor. After the target arrives with a dominatrix and sits down, the Killer carefully aims at the target's head and shoots, but the dominatrix unknowingly gets in the way of the bullet and the Killer accidentally shoots her instead, while the target is unharmed. The Killer flees, evading the police and disposing of his equipment. The Killer then flies to the Dominican Republic via Miami, but gets delayed: he becomes suspicious of another airline passenger, and reschedules the second leg of his flight. He returns to his house in the Dominican Republic to find it has been broken into and his girlfriend Magdala attacked. She is in the ICU of a hospital, with her brother Marcus watching over her. Marcus says that Magdala was interrogated and tortured by two assassins but managed to injure one of them and escape. The Killer tracks down Leo, the taxi driver who drove the assassins to the Killer's home. Leo identifies one of the assassins, a strong man with a limp leg, nicknamed ""The Brute"", and a woman who resembles a Q-Tip , known as ""The Expert"". The Killer shoots Leo dead and seeks to track down the assassins. The Killer travels to Hodges' office in New Orleans and enters the building disguised as a maintenance person. After forcing Dolores, Hodges' secretary, to restrain her boss and herself, the Killer destroys their electronics. As Hodges attempts to talk the Killer into leaving, the Killer shoots him in the chest with a nail gun to torture the names of the hitmen out of him. However, Hodges doesn't reveal the information and dies more quickly than the Killer anticipated. Dolores offers to show the Killer the assassins' identities in her paper files in her home, asking in return that the Killer give her a non- suspicious death so her children can claim a life insurance payout. After receiving the names at her home, the Killer breaks his rule not to show empathy; he snaps her neck and shoves her down a flight of stairs, making her death look like an accident, as she had requested. He then disposes of Hodges' body. The Killer drives to St. Petersburg, Florida ,...","",""
"938092","Call Center Accepts Everything","2021","Female employees of the call center work as customer counselors for a company that sells adult products. Under the company's policy of unconditionally satisfying customers, the hardships of employees who always have to endure the customer's power abuse continue. Manager Jang and new employee Yoo-ri, who have long endured and worked under team leader Kang, who wields female employees with his own power, appear in front of Joo-ri. Yoo0ri, who was in charge of Gyejinsang, one of the company's blacklists, as soon as she came. And Joo-ri, who made an unexpected friend with foreign customer Kenny.  [PLOT] Plot Following the end of his marriage, documentary filmmaker Dean moves into an Airbnb and discovers Marcel, a one-inch-tall talking shell living in the home with his grandmother, Nana Connie, and Alan, his pet ball of lint. Inspired by Marcel's whimsicality, resourcefulness, and fascination with the world, Dean begins filming Marcel's daily activities, most of which consist of gathering resources from the backyard in order to support himself and Nana Connie. Connie is wise but has some dementia. She tends to her garden assisted by insects she has befriended. Marcel and Connie share their mutual love of 60 Minutes and Lesley Stahl . After Dean uploads his first video about Marcel to YouTube , it quickly becomes a cultural phenomenon. Marcel is both flattered and overwhelmed with his newfound popularity, lamenting that his family is not around to celebrate it with him. Marcel explains to Dean that there used to be an entire community of shells on the property, including Marcel's mother, father, brother, and aunt. The shells would take shelter in a sock drawer when the house's previous owners, Mark and Larissa, started knocking objects over while fighting. Following one fight, Mark accidentally packed the shells into his suitcase while moving out, leaving Marcel and Connie the only ones left on the property. Dean helps Marcel produce a livestream on the Internet asking for help in locating his family. The livestream gains a substantial number of viewers, but after Marcel shares his location with viewers, the house becomes a popular area for influencers . Marcel becomes dismayed after realizing most of the people who saw his videos are fans desperate to be associated with him but largely uninterested in helping him. The constant attention to the house quickly begins to bother Marcel, who is worried about Connie's deteriorating health. Marcel convinces Dean to drive him around the city in search of Mark's car but is overwhelmed to discover how large and vast the world outside his house really is. Realizing that the world is too big to likely discover the car on his own, a discouraged Marcel returns home to find Connie has fallen off the top of a washing machine and cracked her shell. Marcel tends to her wounds and grows more protective of Connie. As a result of Marcel's Internet popularity, 60 Minutes reaches out to Marcel in the hopes of doing a cover story. Despite Dean's encouragement, Marcel is reluctant to accept the offer, concerned with what the large...","",""
"938497","Oh Meri Laila","2022","A college student's romantic pursuits are disrupted when he falls in love with a mysterious new girl in college. Chaos ensues as the power of love takes hold.","",""
"939243","Sonic the Hedgehog 3","2024","Sonic, Knuckles, and Tails reunite against a powerful new adversary, Shadow, a mysterious villain with powers unlike anything they have faced before. With their abilities outmatched in every way, Team Sonic must seek out an unlikely alliance in hopes of stopping Shadow and protecting the planet.  [PLOT] Plot In 1974, a meteorite containing the alien hedgehog Shadow crash-lands in Oklahoma and is seized by the U.S. military . Shadow's power is experimented on by Professor Gerald Robotnik at a Guardian Units of Nations (G.U.N.) research facility under the supervision of Captain Walters; Shadow also develops a close friendship with Maria , Gerald's granddaughter. One night, as Gerald, Maria, and Shadow try to escape the facility to prevent Shadow from being taken away, Maria is accidentally killed in an explosion. Walters shuts down the facility, imprisons Gerald, and places Shadow in suspended animation . In 2024, an unknown individual hacks into a G.U.N. prison facility's system off the coast of Japan and releases a vengeful Shadow. Sonic celebrates the anniversary of his arrival on Earth with Tails , Knuckles , and their adoptive parents Tom and Maddie Wachowski, in Green Hills , Montana . G.U.N. Director Rockwell arrives and recruits Sonic, Tails, and Knuckles (dubbed ""Team Sonic"") to help apprehend Shadow in Tokyo. However, he overpowers the three and escapes. Team Sonic meets with the now-Commander Walters, who informs them about Shadow's past. Suddenly, Dr. Ivo Robotnik 's drones attack and fatally wound Walters, who gives Sonic a keycard before he dies. They decide to search for Shadow without G.U.N.'s help as Rockwell discovers the missing keycard and turns against them. Team Sonic encounters Ivo's assistant, Agent Stone , who denies involvement in the attack; they form an uneasy alliance with Ivo and track the stolen drones to the abandoned G.U.N. facility. As Shadow captures Stone and Team Sonic, Ivo meets Gerald, his long-lost grandfather and the mastermind behind Shadow's escape and the stolen drones. Gerald explains that the keycard is one of two needed to activate the Eclipse Cannon, an orbiting laser space weapon he designed for G.U.N., capable of targeting and destroying any location on Earth. He claims that he plans to use it to destroy G.U.N.'s headquarters in London, and Ivo agrees to join him. Shadow takes the keycard from Tails and activates a black hole to destroy the base as he, the Robotniks, and Stone leave. Team Sonic escapes using a ring portal and recruits Tom and Maddie to steal the second keycard from G.U.N.'s headquarters, contending with the Robotniks and Rockwell. Tom successfully obtains the keycard by disguising himself as Walters, but Shadow, buying into Tom's disguise and enraged at G.U.N., gravely wounds him, taking...","",""
"940551","Migration","2023","After a migrating duck family alights on their pond with thrilling tales of far-flung places, the Mallard family embarks on a family road trip, from New England, to New York City, to tropical Jamaica.  [PLOT] Plot In New England , anxious Mack Mallard discourages his children Dax and Gwen from venturing beyond their home Moosehead Pond, to the displeasure of his wife Pam. One day, the pond is visited by a flock of ducks who are migrating south to Jamaica . After Mack initially refuses to migrate, a disappointed Pam tells Mack that he must open his eyes to the world before he misses the opportunity. That night, Mack decides to let his family migrate after being persuaded by Uncle Dan, who also joins them. As they begin their journey, the Mallards discover that they are flying in the opposite direction. During a thunderstorm, they take shelter in a swamp underneath a boardwalk where they encounter elderly great blue heron Erin, who invites them to spend the night with her and her husband Harry in their shack. Despite the herons' frightening countenances, Erin proves their good intentions by saving Dax and Gwen from a catfish that almost swallows them whole. The next day after leaving the swamp, the Mallards arrive in New York City where Uncle Dan gets them in trouble with a flock of pigeons, led by the pugnacious Chump. Pam defuses the situation, and Chump introduces them to her friend Delroy, a homesick scarlet macaw from Jamaica who is caged by a cruel human chef that kidnapped him from his home. Despite Dax's plea to help get the key, Mack and Pam infiltrate the restaurant where the chef works to acquire the key to Delroy's cage and manage to free him; he guides them to Jamaica in return. While Gwen stops for a bathroom break, the group finds an entrance to a resort inhabited by pekins . They enjoy the resort until Dax discovers it is a duck farm, with the chef from the restaurant earlier being its current client to purchase the pekins for food. Mack tells Dax to go back to Pam, but he instead alerts the pekins in order to help save them. However, he loses his wing feathers after being stepped on by the chef, rendering him flightless while Mack saves him. The family, Delroy, and the pekins narrowly escape the farm. They stop at a seaside motel to rest, where Mack sternly scolds Dax for disobeying him and putting his life at risk, upsetting Dax. Later after the sun sets, the chef catches up and finds the birds via helicopter, capturing them all except for Dax and Gwen, who hide. Inside the helicopter, the chef intends to kill Mack and Pam first as revenge, putting them both in a smaller, separate cage. Feeling hopeless and fearing the kids are lost, Pam begins...","",""
"940721","Godzilla Minus One","2023","In postwar Japan, Godzilla brings new devastation to an already scorched landscape. With no military intervention or government help in sight, the survivors must join together in the face of despair and fight back against an unrelenting horror.  [PLOT] Plot In 1945, near the end of World War II , kamikaze pilot Kōichi Shikishima lands his Mitsubishi A6M Zero for repairs at the Japanese base on Odo Island . Lead mechanic Sōsaku Tachibana deduces that Kōichi is feigning technical issues to flee from his duty. That night, Godzilla , a large dinosaur-like creature, attacks the garrison. Tachibana tells Kōichi to fire at the monster with his plane's cannons , but he panics, fails to shoot, and is knocked unconscious. When he awakes the following day, he finds that the only other survivor is Tachibana, who is furious at him for failing to act. The war now over, Kōichi returns home to find that his parents were killed in the bombing of Tokyo . Plagued by survivor's guilt , he begins supporting a woman, Noriko Ōishi, whose parents also died in the bombing, and an orphaned baby, Akiko, whom Noriko rescued. He finds employment aboard a minesweeper tasked with disposing of wartime naval mines . Meanwhile, Godzilla is mutated and empowered by the United States' nuclear tests at Bikini Atoll ; it sinks the USS Redfish and destroys several other ships en route to Japan. Owing to tensions with the Soviet Union , the U.S. offers no help save for a few decommissioned Imperial Japanese Navy (IJN) vessels approved by General Douglas MacArthur . The Japanese government, concerned about inducing panic so soon after the war's end, does not notify the public about the danger. In May 1947, Kōichi and his minesweeper crew travel to the Ogasawara Islands and are tasked with stalling Godzilla's approach to Japan. They release a mine into Godzilla's mouth and detonate it, causing significant damage, but Godzilla quickly regenerates. The heavy cruiser Takao then engages Godzilla, but is destroyed when the monster unleashes its heat ray. After returning to Tokyo, Kōichi opens up to Noriko about his encounters with Godzilla. Days later, Godzilla makes landfall in Japan and attacks Ginza , where Noriko works. She narrowly survives the initial attack and reunites with Kōichi. Enraged by tank fire, Godzilla obliterates much of the district with its heat ray, killing tens of thousands. Noriko pushes Kōichi to safety, but is caught in the blast herself. A devastated Kōichi mourns her along with his fellow crewmates, vowing revenge. Former naval engineer Kenji Noda, a crewmate, becomes frustrated by the government's inaction. He devises a plan to destroy Godzilla by luring it out to Sagami Bay before surrounding it with Freon tanks and...","",""
"941109","Play Dirty","2025","Expert thief Parker gets a shot at a major heist, but to pull it off he and his team must outsmart a South American dictator, the New York mob, and the world's richest man.  [PLOT] Plot Professional thieves Parker and Philly lead a heist at a racetrack count room , but an employee kills one of the thieves and wounds Philly, driving away with the stolen money and his family. Parker pursues him onto the racetrack and shoots him dead, bribing his wife and escaping with the score. The thieves are betrayed by getaway driver Zen, who shoots Philly and the others as a wounded Parker falls into a nearby river. Recuperating at a motel, Parker promises Philly's widow Grace to avenge her husband. With help from fellow thief Grofield, who runs a struggling theatre company, Parker tracks down Zen's associate Reggie, who reveals Zen was a member of a death squad in her home country. Her fellow mercenaries kill Reggie and his driver, but Parker forces the surviving gunman to bring him to Zen. Killing her contact Bosco, Parker confronts Zen, who admits she used the racetrack score to fund a new score: Her country's corrupt President De La Paz has hired a crime syndicate, the Outfit, to steal treasure from a shipwreck De La Paz will be displaying at the UN , in order to sell the $1 billion treasure himself. Parker and Grofield meet with Zen and her comrades, led by Colonel Ortiz, who plan to seize the treasure on behalf of their fellow citizens. Parker, exiled from New York City by the Outfit's leader Lozini, suggests they steal the treasure once the Outfit has stolen it from the UN. Parker and Zen question Bosco's boyfriend, fighting off the Outfit's men, and Parker drops Lozini's lieutenant Kincaid from a window while retrieving Bosco's plans for the UN robbery, hidden inside a stuffed elephant. Married thieves Ed and Brenda Mackey and getaway driver Stan Devers are recruited for the heist: The Outfit will transport the stolen treasure by automated garbage train, which Parker's crew will derail. Zen attempts to seduce Parker, but her jealous comrade Mateo delivers him to the Outfit. Mateo is killed instead as Zen rescues Parker, and a phone call from Lozini reveals the Outfit is robbing the UN that night, forcing Parker's crew into action. Posing as MTA workers, Ed and Brenda subdue the Outfit's inside man and hijack the train's switchboard. A drunk Stan crashes the getaway truck and nearly runs over Grofield, who shoots the failsafe brake, derailing the train. Parker, Zen, and Grofield discover the containers of treasure have been replaced with rocks, and Stan is shot in the leg as they flee in a stolen police car. The crew turn on Parker for...","",""
"941890","Suddenly, Honolulu","2016","Director's statement: ""Another sketch in an ongoing look at transitions on Oahu, this time looking at places from my youth: my childhood home, theaters, malls, skate parks, nighttime beach parties, the state mental hospital, summer bon dances.""  [PLOT] Plot In 1985 Maine , lighthouse keeper Thomas Curry rescues Atlanna , queen of the underwater kingdom of Atlantis , during a storm. They fall in love and have a son named Arthur , who has the power to communicate with sea creatures. When Atlantean soldiers sent by King Orvax (the ruler of Atlantis) arrive for Atlanna, who fled her arranged marriage , she is forced to leave her family to protect them from her people. She promises to return when it's safe and goes back to Atlantis, entrusting her advisor, Nuidis Vulko , to train Arthur. Becoming a skilled warrior, Arthur rejects Atlantis upon learning that Orvax executed Atlanna for loving a human and birthing an illegitimate son. In the present, Arthur has become known as the metahuman dubbed as ""Aquaman"" by the public. One year after Steppenwolf 's defeat, [ a ] Arthur confronts a gang of pirates hijacking the Russian Akula -class submarine K-461 ""Volk"" (named ""Stalnoivolk"" in the film). Their leader, Jesse Kane, is killed while trapped by a torpedo , leading his son David to vow revenge against Arthur after he refused to help save Jesse in retaliation for murdering innocent people. Meanwhile, King Orm Marius , Orvax's son and Arthur's younger half-brother who is now the new ruler of Atlantis after his father passed away, persuades King Nereus of Xebel to join forces in uniting Atlantis and destroying the surface world for polluting the oceans. If Orm successfully unites all four kingdoms, he will become Ocean Master , commander of Earth's most powerful underwater force. They are ambushed by the Stalnoivolk submarine, now repaired and operated by David Kane, prompting Orm to feel compelled to unleash a tsunami . However, Orm is revealed to have orchestrated the attack after hiring David and Jesse to hijack the submarine and gain Nereus's support, with plans to kill Arthur. To that end, Orm provides David with an Atlantean battle suit for the mission. Nereus' daughter Mera , betrothed to Orm, refuses to aid them and requests Arthur's help. Arthur accompanies her to Atlantis after Orm's tsunami nearly kills his father. Vulko urges him to find the Trident of Atlan , a powerful artifact of Atlantis' first ruler, to reclaim his rightful place as king. Mera and Arthur are ambushed by Orm's men, and he is captured. Orm blames him for Atlanna's death and nearly kills him in a duel before Mera rescues him. She and Arthur journey to the fallen Kingdom of the Deserters, hidden under the Sahara , where the Trident...","",""
"945729","A Haunting in Venice","2023","Celebrated sleuth Hercule Poirot, now retired and living in self-imposed exile in Venice, reluctantly attends a Halloween séance at a decaying, haunted palazzo. When one of the guests is murdered, the detective is thrust into a sinister world of shadows and secrets.  [PLOT] Plot In 1947, Hercule Poirot lives in retirement in post-war Venice, employing ex-police officer Vitale as a bodyguard. On Halloween , mystery writer Ariadne Oliver convinces Poirot to attend a séance at the palazzo of opera singer Rowena and expose medium Joyce Reynolds as a fraud. Rowena has hired Joyce to help her commune with her daughter Alicia, who reportedly committed suicide after her fiancé, chef Maxime, broke off their engagement. Among the guests in attendance are Maxime, Rowena's housekeeper Olga, Drake family doctor Leslie and his son Leopold, and Joyce's Romani assistant, Desdemona Holland. During the séance, Poirot deduces that Joyce has two assistants, revealing Desdemona's half-brother Nicholas hiding in the chimney. Joyce suddenly speaks in Alicia's voice and reveals she was murdered by one of the guests. Poirot attempts to confront Joyce, who tells him to lighten up and gives him her mask and robe. Seconds after an unknown assailant nearly drowns Poirot when he is apple bobbing , Joyce is found impaled on a statue in the courtyard. With a storm cutting off the palazzo, Poirot interviews the guests, during which he witnesses manifestations of Alicia's ghost and hears a young girl humming a tune. The investigation yields perplexing results: The severely traumatized war veteran Leslie is in love with Rowena. Maxime, who was not initially invited, broke off his engagement because Rowena did not approve of him, and Alicia was obsessed with keeping her mother happy. Leopold claims to hear voices from the spirits of children left to die of plague back when the palazzo was an orphanage, as well as the voice Poirot has been hearing. The spirits are said to haunt and kill any doctors or nurses who set foot within it. Joyce had served as a nurse during World War I . Nicholas and Desdemona have been stealing from Joyce and intend to use the money to travel to St. Louis , Missouri. Nicholas claims his showmanship was in support of Joyce's genuine visions, but Desdemona says it was all fake. When the guests come across an underground chamber containing the skeletal remains of the dead children, Leslie suffers a panic attack and nearly kills Maxime. He is locked inside the music room to recover, Rowena giving Poirot the only key. After examining Maxime's invitation, Poirot deduces Oliver sent it and is conspiring with Vitale. Vitale, who investigated Alicia's death, gave Joyce private details, while Oliver had hoped to use Poirot's incapability of...","",""
"945961","Alien: Romulus","2024","While scavenging the deep ends of a derelict space station, a group of young space colonizers come face to face with the most terrifying life form in the universe.  [PLOT] Plot In 2142, a Weyland-Yutani probe recovers a large cocoon from the wreckage of the USCSS Nostromo . [ a ] Months later, at the run-down Jackson's Star mining colony on the perpetually dark planet LV-410, orphaned colonist Rain Carradine discovers that Weyland-Yutani has forcibly extended her work contract. Determined to escape, she teams up with her adopted brother Andy (a malfunctioning android reprogrammed by her father), her ex-boyfriend Tyler, his pregnant sister Kay, their cousin Bjorn, and Bjorn's adopted sister Navarro. The group commandeers the hauler Corbelan IV to reach Renaissance , a seemingly abandoned Weyland-Yutani station split into the modules Romulus and Remus , intending to steal cryostasis equipment to survive the nine-year journey to Yvaga III, an apparently idyllic planet unaffiliated with Weyland-Yutani. Bjorn taunts Andy with the fact that Yvaga III does not allow androids, meaning Andy will have to remain behind, leaving Rain guilt-ridden. Tyler and Bjorn attempt to retrieve cryostasis fuel but unintentionally trigger a lockdown and release dozens of facehugger parasites. In desperation, Rain upgrades Andy's security access with a control chip from the station's damaged science officer android, Rook. However, this reprogramming shifts Andy's loyalty from Rain to Weyland-Yutani. Andy leads the group to safety, but not before a facehugger impregnates Navarro. Rain reactivates Rook, who reveals that the cocoon contained the xenomorph that killed most of the Nostromo 's crew. Renaissance scientists experimented on the alien, reverse-bioengineering the facehuggers. However, the xenomorph escaped and massacred most of the crew; those remaining died when the xenomorph was killed, as its acidic blood melted through Remus 's hull, causing explosive decompression . Bjorn attempts to flee with Navarro and Kay on the Corbelan , but an infant xenomorph bursts from Navarro's chest, killing her and causing the ship to crash into Romulus 's hangar, accelerating the station's collision course with LV-410's planetary rings . As the infant rapidly matures, Bjorn wounds it with a stun baton and is killed by its acid blood. Kay escapes into Romulus , pursued by the creature. Rain and Tyler attempt to rescue her, but Andy, suspecting the xenomorph is using her as bait, refuses to open the door between them. Helpless, they watch as it abducts Kay. Rook instructs Andy to retrieve Z-01, a potent fluid harvested from the facehuggers that can rapidly...","",""
"948713","The Last Kingdom: Seven Kings Must Die","2023","In the wake of King Edward's death, Uhtred of Bebbanburg and his comrades adventure across a fractured kingdom in the hopes of uniting England at last.  [PLOT] Plot Anlaf , a Viking king from Ireland , arrives with his army in Northumbria after learning that Edward , King of the Anglo-Saxons , has fallen gravely ill. Edward soon dies, leaving behind three sons, none of whom were named as his aetheling . Lady Eadgifu and her son Edmund , the youngest of the three, flee to Bebbanburg , where Edward's former ally Uhtred resides. Although retired from war, Uhtred is informed that Edward's eldest son Aethelstan will likely attack his younger brother Aelfweard and makes plans to stop him. Before Uhtred leaves, Ingrith prophesies that ""seven kings must die"" before England is to be united. Uhtred reaches Aegelesburg , where Aelfweard prepares for Aethelstan's impending attack. Aethelstan and his adviser Ingimundr soon arrive and thwart a trap set by Aelfweard. Uhtred convinces Aelfweard to surrender peacefully, but Aethelstan swiftly kills Aelfweard and massacres his men. Aethelstan is crowned King of the Saxons and Ingilmundr, who is secretly Aethelstan's lover, urges him to fulfil his grandfather's dream of uniting England and all Christians. Aethelstan is convinced that this unification will, in the eyes of God, compensate for his homosexuality, which he considers a great sin . In Eoferwic , Aethelstan has taken over following the death of the Northumbrian king Rǫgnvaldr and demands that all foreign kings pay him tribute or face conquest and forced baptism . Uhtred arrives and witnesses the destruction of pagan monuments, then learns that King Hywel Dda has submitted to Aethelstan after his son was taken hostage. Uhtred then discovers Aethelstan's relationship with Ingilmundr and believes he is being deceived. Ingilmundr secretly plans to have Uhtred killed, but Aldhelm warns Uhtred, who flees back to Bebbanburg. Aldhelm is subsequently labelled a traitor by Aethelstan and hanged for his actions. Ingilmundr arrives at Bebbanburg to take the castle, but unaware that Uhtred had escaped, is quickly captured. Ingilmundr later convinces a servant to lure Uhtred into a trap, where he is captured by Aethelstan's men, forcing Osbert to surrender Bebbanburg. Osbert and Edmund are taken captive and sent to Thelwael , while Aethelstan, unable to kill Uhtred, banishes him from England. On the Isle of Man , Anlaf hosts a gathering of kings with Prince Domnal and the rulers of Strathclyde , Orkney , Shetland , and Man , warning them of Aethelstan's impending conquest. Although they initially decline the offer of allying with a...","",""
"949229","Leo","2023","Parthiban, a cafe owner, lives with his family in Himachal Pradesh. Things take an absurd turn for him when he gets in the way of a drug cartel.  [PLOT] Plot Parthiban ""Parthi"" is an outwardly humble wildlife rescuer and café proprietor living with his wife Sathya, son Siddharth ""Siddhu"" and daughter Mathi ""Chintu"" in Theog , Himachal Pradesh . One day, his forest ranger friend Joshy Andrews seeks his help in taming a spotted hyena creating chaos; Parthi tames the hyena with the help of Siddhu and adopts it subsequently, but chooses to avoid media coverage. Meanwhile, a group of merciless burglars headed by Shanmugham threaten the townsfolk and intrude Parthi's café at its closing time. When they intimidate Parthi with the lives of Chintu and his employee Shruthi, he shoots them dead. Parthi is arrested, but acquitted after the killings are concluded to be in self-defense. After surviving an assassination attempt by Shanmugham's brother-in-law, Parthi appeals for a Tamil -speaking police officer to protect him and his family. Napoleon, who has been promoted due to his heroics in Tiruchirappalli , [ a ] is assigned that position. Meanwhile, owing to the incident, Parthi's photographs appear in newspapers nationwide and draw the attention of Telangana -based drug baron brothers Harold and Antony Das. Antony promptly leaves for Theog, having recognised Parthi to be his thought-to-be-dead son Leo; Parthi, nevertheless, fiercely denies his claims. Disbelieving Parthi, Antony meets Sathya and tells her that Parthi is his son Leo, an infamous criminal. Suspicious, Sathya and Joshy separately investigate Parthi's past. While Sathya meets Parthi's childhood friend, Joshy meets Leo's friend Hridayaraj D'Souza, a soon-to-be-executed convict, who narrates Leo's alleged past. [ b ] In 1999, after Harold returns to India upon completing his education in Canada, he begins manufacturing and selling a stimulant drug named Datura , using Antony's failing tobacco factory Das & Co as a front organization . Antony's twin children Leo and Elisa assist the brothers in their activities. Antony is also a staunch believer of occult practices and engages in human sacrifices to succour their business. During a celebration, Antony is told by an occult priest that sacrificing one of his children will grant him enormous success; he chooses Elisa and urges Leo to cooperate, but he strongly resists and fights Antony and Harold. In the process, he sets the drugs on fire but fails to protect Elisa from getting killed by Harold. She pleads with him to abandon the business and lead a peaceful life, before dying. Leo is then shot by Antony...","",""
"949423","Pearl","2022","Trapped on her family’s isolated farm, Pearl must tend to her ailing father under the bitter and overbearing watch of her devout mother. Lusting for a glamorous life like she’s seen in the movies, Pearl’s ambitions, temptations, and repressions collide.  [PLOT] Plot In 1918, Pearl is a young woman living with her German immigrant parents on their farm in Texas, while her husband, Howard, serves in World War I . Her father is infirm and paralyzed, and her strict mother, Ruth, insists that she help care for both him and the farm as they isolate themselves to protect against the Spanish flu pandemic . Pearl aspires to be a chorus girl or a film star, which Ruth disapproves of, and she chafes under the isolation. Pearl also shows signs of repressed rage and violence. She abuses her father in secret and kills animals, which she feeds to an alligator she has nicknamed Theda . One day while visiting town, Pearl meets a projectionist who takes a liking to her. After returning to the farm, Pearl dances with a scarecrow in a cornfield and has sex with it. During supper, Ruth berates Pearl and withholds her food, as Pearl claimed to have bought sweets on the way home to explain the missing 8 cents she spent on her ticket to the pictures. Pearl learns from her wealthy sister-in-law Mitsy about an audition to select new dancers for a troupe across the state. She sees this as her chance to escape a life spent on the farm and caring for her father. Later, she visits a projectionist who shows her the forbidden stag film A Free Ride and urges her to chase her dreams. Pearl, however, insists she cannot leave her family, remarking, ""If only they would just die."" The next night, Ruth and Pearl get into an argument over dinner as she reveals she knows about Pearl's visits to the movies. Pearl confesses she wants to audition and asks for Ruth's permission, to which she declares Pearl as her biggest failure. An altercation erupts during which Pearl shoves her mother against the hearth, causing her dress to catch fire. As she burns, Pearl pours boiling water onto her to douse the flames and then drags her into the basement while leaving her father alone in the room. She then flees to the theater, where she sleeps with the projectionist. The following morning, the projectionist drives Pearl home to prepare for the audition. However, he is disturbed by her sudden agitated behavior, as well as the sight of a rotting pig that her mother-in-law left for Ruth several days before. As he tries to leave, Pearl erupts into a fit of rage at the perceived abandonment and stabs him to death with a pitchfork. She pushes his car into a pond, where Theda eats his remains. Pearl dresses herself in one of Ruth's Belle Époque gowns and dresses up her...","",""
"950387","A Minecraft Movie","2025","Four misfits find themselves struggling with ordinary problems when they are suddenly pulled through a mysterious portal into the Overworld: a bizarre, cubic wonderland that thrives on imagination. To get back home, they'll have to master this world while embarking on a magical quest with an unexpected, expert crafter, Steve.  [PLOT] Plot In 1932, identical twins and World War I veterans Elijah ""Smoke"" and Elias ""Stack"" Moore return to Clarksdale, Mississippi , after seven years in Chicago working for the Chicago mob . Using money stolen from criminal syndicates, they purchase an abandoned sawmill from the landowner Hogwood to open a juke joint for the local Black community. Their younger cousin Sammie, a singer and guitarist, joins them despite his pastor father Jedidiah's warnings about blues music being sinful. Smoke and Stack recruit the musician Delta Slim as a performer, the local Chinese shopkeeper couple Grace and Bo Chow as suppliers, the field worker Cornbread as a bouncer, and Smoke's estranged wife, Annie, as a cook. Annie believes her Hoodoo practices kept the twins safe, but Smoke is skeptical after Annie failed to prevent the death of their infant daughter. Stack runs into his white-passing ex-girlfriend Mary, whom he abandoned to protect her from the White community. Elsewhere, the Irish-immigrant vampire Remmick shelters from Choctaw vampire hunters with a married Klansmen couple, whom he turns into vampire thralls. Sammie, Delta Slim, and Pearline—a singer Sammie becomes enamored with —perform at the joint’s opening night. Unbeknownst to Sammie, his music summons spirits of performers from the past and future. The performance also attracts Remmick and his vampires, who offer money and music in exchange for entry. Smoke, suspicious, refuses. Smoke and Stack realize that their patrons' reliance on company scrip makes the joint's profitability impossible. Believing that outside income is necessary, Mary goes outside and talks to Remmick, and is turned into a vampire thrall by him. She then seduces and fatally bites Stack. A shocked Smoke shoots Mary, but she is unaffected and escapes. Outside, Cornbread is turned into a thrall as well. Smoke closes the joint early; as the patrons and Bo leave, the vampires turn them. Stack revives as a vampire, but flees after Annie repels him with pickled garlic juice. Annie realizes their assailants are vampires and tells the survivors how to deter and kill them . Although Remmick and his vampires share a hive mind , their personalities remain intact. Still unable to enter the joint unless invited, Remmick threatens to go to the Chows' home and turn their daughter Lisa. He then promises to leave the others in exchange for Sammie, whose musical skills could summon the spirits of his lost community. He, Stack and Mary try to entice the...","",""
"950396","The Gorge","2025","Two highly trained operatives grow close from a distance after being sent to guard opposite sides of a mysterious gorge. When an evil below emerges, they must work together to survive what lies within.  [PLOT] Plot Six years after the Earth is devastated by a solar flare , Jake works for August Valentine, the self-proclaimed King of England, retrieving valuable pre-flare objects. In return, August funds Jake's dream of repairing a boat that he wishes to live on. In exchange for having his men finish the job for a reluctant Jake, August requests him to travel into France to retrieve the Mona Lisa with the help of Drea, a member of a rebellion against the tyrannical warlord General Volkov. Chased by Volkov's forces, the two discover it in a vault at Ouvrage Simserhof , a fort on the Maginot Line . It's revealed that the Mona Lisa that Jake is after is actually an American atomic bomb , sister to Fat Man and Little Boy , sought by both August and Volkov. After Volkov captures the Mona Lisa , Jake boards his train, steals the bomb's stop plug, and escapes as Drea blows up a railroad bridge, derailing the train and killing Volkov. Jake brings the stop plug to August and urges him not to recover the bomb from the gorge where it had ended up. August keeps up his end of the deal and Jake sets sail with Drea with whom he had fallen in love. In a mid-credits scene, August visits a vault and hangs the stop plug on the real Mona Lisa .","",""
"951491","Saw X","2023","Between the events of 'Saw' and 'Saw II', a sick and desperate John Kramer travels to Mexico for a risky and experimental medical procedure in hopes of a miracle cure for his cancer, only to discover the entire operation is a scam to defraud the most vulnerable. Armed with a newfound purpose, the infamous serial killer returns to his work, turning the tables on the con artists in his signature visceral way through devious, deranged, and ingenious traps.  [PLOT] Plot John Kramer is told he has only months to live due to advanced brain cancer . He attends a cancer support group meeting and befriends Henry Kessler, who later claims he has been cured by an experimental Norwegian cancer treatment conducted by a group led by Dr. Finn Pederson. A desperate John contacts the doctor's daughter Cecilia, who refers him to her clinic outside Mexico City . On arrival in Mexico, John is driven to the clinic and introduced to Cecilia and her team—anesthesiologist Mateo, nurse Valentina, and Dr. Cortez—as well as patients Gabriela and Parker and the caretaker's young son Carlos, with whom he bonds. John goes under for surgery and awakens to Cecilia telling him that he is now cancer-free. Finding a new lease on life, he purchases a gift for Gabriela. However, upon returning to the clinic, he finds it abandoned. He uncovers a video simulating his supposed brain surgery and removes his bandages to find no scar on his head, revealing the entire operation to be a scam. Deducing that ""Dr. Cortez"" was his taxi driver Diego in disguise, John kidnaps and interrogates him, then forces him to play a ""game"" where he must remove pipe bombs lashed to his arms by cutting through his flesh, which he completes successfully. Meanwhile, Jigsaw's apprentice Amanda Young helps him abduct Cecilia, Mateo, Valentina, and Gabriela. They wake up in the clinic, now subjects in Jigsaw's games. Valentina is tasked with severing her leg with a Gigli saw and extracting enough bone marrow to trigger a scale and deactivate the trap. She manages to amputate her leg but is unable to collect enough marrow, and a second Gigli saw decapitates her. Cecilia later uses Valentina's intestines as a rope to retrieve her phone and call for help, but Amanda shocks her into submission and confiscates the phone. Parker breaks into the clinic, demanding his money back. Amanda restrains him while Mateo is forced to drill into his own skull and remove a piece of cerebral tissue to dissolve in a beaker and obtain a key. Although he successfully performs the task, the tissue fails to dissolve in time, and a heated mask closes over his face, killing him. Next, Gabriela is suspended from shackles and subjected to ionizing radiation , tasked with freeing herself by using a sledgehammer to break her shackled limbs. She succeeds, but before Amanda can take her to a hospital, Parker forces them at gunpoint to release Cecilia. Cecilia kills Gabriela by breaking her neck and reveals she...","",""
"952079","Invited Delivery Man 2","2022","An erotic love film depicting a couple with sexual problems due to the muscular delivery man's erectile dysfunction and a female urologist.  [PLOT] Plot Jang Eun-ha is a former North Korean defector -turned-special delivery clerk in Busan who leaves for Seoul to pick up a former baseball player Kim Doo-sik, who is involved in an illegal gambling trade . At the pick-up point, Eun-ha meets Doo-sik's son Kim Seo-won where she along with Seo-won gets chased by Kyeong-pil, a corrupt police officer and also the mastermind behind the gambling trade. Kyeong-pil is after Seo-won as he wants to retrieve a security key to the bank account containing US$ 30 million, which is in Seo-won's possession. Doo-sik gets killed in the chase while trying to protect Seo-won, where Kyeong-pil frames Eun-ha for Kim Doo-sik's death and Seo-won's abduction. Kyeong-pil's men try to abduct Seo-won, but Eun-ha manages to subdue them after an intense chase. Meanwhile, Eun-ha travels to Busan and narrates about the incidents to her boss, who later decides to create fake passports for sending Seo-won abroad. While creating passports, Eun-ha's boss gets killed by Kyeong-pil during a fight and Eun-ha attacks Kyeong-pil and his men. Kyeong-pil holds Seo-won at gunpoint where he throws him in the sea and tries to shoot Eun-ha, but Eun-ha stabs Kyeong-pil and drowns with him in the sea. Seo-won is saved, but Eun-ha fakes her death and escapes from the police. Days later, Seo-won gets admitted in an orphanage and school, where he lives his life happily. After school, Seo-won finally meets Eun-ha and they drive to Seo-won's orphanage, but Eun-ha receives a message about a client and tells Seo-won that they should head to a pick-up point, indicating that she still works as a special delivery clerk.","",""
"952680","Dependencies","2015","Between walls that still stand, stories live.  [PLOT] Plot The film opens with brightly lit images of couples dancing the jitterbug , over which a young blonde woman appears smiling and being applauded, followed by a point-of-view shot descending toward a pillow as someone lies down. At night on Mulholland Drive , a brunette woman in an elegant evening gown narrowly escapes being shot by her chauffeur when another car crashes into them. Left with amnesia , she wanders into Los Angeles and hides in a vacant apartment. The next morning, she is discovered by Betty Elms, an aspiring actress newly arrived from Deep River, Ontario , who is staying at her aunt's place. The brunette adopts the name ""Rita"" after seeing a poster of Rita Hayworth and recalls only that she is in danger. The two become friends and discover a blue key and a large sum of cash in Rita's purse. A man named Dan eats at a diner and recounts a nightmare to his friend in which he encounters a monstrous figure in the alley behind the diner. When they go outside to investigate, a filthy homeless person appears from around a corner exactly as predicted, Dan collapses in shock. Film director Adam Kesher is pressured by mob -connected businessmen to cast an unknown blonde, Camilla Rhodes, in his new film The Sylvia North Story . When he refuses, the mob shuts down production. He returns home to find his wife cheating on him, is beaten and thrown out, and discovers his bank account has been frozen. A mysterious cowboy warns him to cast Camilla. Meanwhile, incompetent hitman Joe Messing botches a job, killing bystanders. Rita remembers the name ""Diane Selwyn"", and Betty locates her address in a phone book. A seemingly psychic neighbor warns that ""someone is in trouble,"" and building manager Coco cautions Betty about letting Rita stay. Betty leaves for an audition, where she performs brilliantly; a casting agent brings her to Adam's audition for The Sylvia North Story . While Camilla auditions with a performance of "" I've Told Ev'ry Little Star "", Betty and Adam share a brief but intense glance before she slips away to meet Rita. Adam agrees to cast Camilla to appease the mob. Betty and Rita visit Diane's apartment complex, where a neighbor who recently exchanged units with Diane says she has not been seen in some time and directs them to her apartment. Inside, they discover a woman's decomposing corpse on the bed. Rita panics and tries to cut her own hair, but Betty instead disguises her with a blonde wig. That night, they have sex and Betty twice...","",""
"954358","Mayat","2018","Poor villager Nama starts collecting the coins which are thrown over the dead body as a part of the rituals. This soon takes him to crossroads, where he has to choose between morality and sin  [PLOT] Plot Mayat tells the story of Namdev, a daily-wage laborer from a rural village who struggles to find work despite repeated efforts. With no food at home and mounting desperation, he discovers an unconventional way to survive, by collecting coins traditionally thrown during funeral processions. The film explores his internal conflict and the philosophical choices he must make between moral integrity and survival. [ 1 ] ^ .mw-parser-output cite.citation{font-style:inherit;word-wrap:break-word}.mw-parser-output .citation q{quotes:""\""""""\""""""'""""'""}.mw-parser-output .citation:target{background-color:rgba(0,127,255,0.133)}.mw-parser-output .id-lock-free.id-lock-free a{background:url(""//upload.wikimedia.org/wikipedia/commons/6/65/Lock-green.svg"")right 0.1em center/9px no-repeat}.mw-parser-output .id-lock-limited.id-lock-limited a,.mw-parser-output .id-lock-registration.id-lock-registration a{background:url(""//upload.wikimedia.org/wikipedia/commons/d/d6/Lock-gray-alt-2.svg"")right 0.1em center/9px no-repeat}.mw-parser-output .id-lock-subscription.id-lock-subscription a{background:url(""//upload.wikimedia.org/wikipedia/commons/a/aa/Lock-red-alt-2.svg"")right 0.1em center/9px no-repeat}.mw-parser-output .cs1-ws-icon a{background:url(""//upload.wikimedia.org/wikipedia/commons/4/4c/Wikisource-logo.svg"")right 0.1em center/12px no-repeat}body:not(.skin-timeless):not(.skin-minerva) .mw-parser-output .id-lock-free a,body:not(.skin-timeless):not(.skin-minerva) .mw-parser-output .id-lock-limited a,body:not(.skin-timeless):not(.skin-minerva) .mw-parser-output .id-lock-registration a,body:not(.skin-timeless):not(.skin-minerva) .mw-parser-output .id-lock-subscription a,body:not(.skin-timeless):not(.skin-minerva) .mw-parser-output .cs1-ws-icon a{background-size:contain;padding:0 1em 0 0}.mw-parser-output .cs1-code{color:inherit;background:inherit;border:none;padding:inherit}.mw-parser-output .cs1-hidden-error{display:none;color:var(--color-error,#bf3c2c)}.mw-parser-output .cs1-visible-error{color:var(--color-error,#bf3c2c)}.mw-parser-output .cs1-maint{display:none;color:#085;margin-left:0.3em}.mw-parser-output .cs1-kern-left{padding-left:0.2em}.mw-parser-output .cs1-kern-right{padding-right:0.2em}.mw-parser-output .citation .mw-selflink{font-weight:inherit}@media screen{.mw-parser-output .cs1-format{font-size:95%}html.skin-theme-clientpref-night .mw-parser-output .cs1-maint{color:#18911f}}@media screen and (prefers-color-scheme:dark){html.skin-theme-clientpref-os .mw-parser-output...","",""
"955555","The Roundup: No Way Out","2023","Detective Ma Seok-do changes his affiliation from the Geumcheon Police Station to the Metropolitan Investigation Team, in order to eradicate Japanese gangsters who enter Korea to commit heinous crimes.  [PLOT] Plot After a promotion, Detective Ma Seok-do and his team join the Metropolitan Investigation Unit. Their first major case involves the mysterious death of a woman named Go Sun-hee. An autopsy reveals she had a new, potent drug called ""Hiper"" in her system. Ma's investigation leads him to a local nightclub, where he uncovers a connection to a yakuza member named Hiroshi, who is supplying the drug from Incheon . Ma's team successfully apprehends Hiroshi and seizes a significant shipment of 20 kilos of Hiper. However, their victory is short-lived. A corrupt police captain, Joo Sung-chul, orchestrates an ambush, steals the confiscated drugs, and kills Hiroshi to cover his tracks. It is revealed that Joo is working for a powerful criminal syndicate known as the White Shark Clan. The theft of the Hiper angers the original Japanese yakuza owners, who dispatch a ruthless and skilled hitman named Ricky to Korea to reclaim their product. As Ma Seok-do closes in on another supplier named Tomo, Ricky assassinates the man, sparking a violent turf war between the hitman and the corrupt cop. Ma finds himself caught in the middle of this escalating conflict. He sets up a sting operation on a yacht to recover the drugs and trap Joo Sung-chul, using an informant named Chorong. The plan goes awry when Joo double-crosses everyone, making a separate deal with Ricky. Ma Seok-do is captured and taken to a remote location by the yakuza hitman. After a brutal interrogation, Ma manages to turn the tables and overpower his captor. Using a hidden tracker, he follows the stolen Hiper to Joo Sung-chul's office for a final confrontation. The police subsequently move in, arresting Joo and dismantling the yakuza network, allowing Ma and his team to celebrate another hard-won victory. A mid-credits scene sets up the next sequel, showing Ma Seok-do recruiting the informant Jang Yi-soo for a new investigation.","",""
"957452","The Crow","2024","Soulmates Eric and Shelly are brutally murdered when the demons of her dark past catch up with them. Given the chance to save his true love by sacrificing himself, Eric sets out to seek merciless revenge on their killers, traversing the worlds of the living and the dead to put the wrong things right.  [PLOT] Plot Eric, an addict with a troubled childhood, struggles with life and nightmares at a rehabilitation center. Shelly, a musician with similar issues, receives a video on her cell phone from her friend Zadie that incriminates Vincent Roeg, a crime lord posing as a musical aristocrat. Choosing to save the video, despite knowing that possessing it would lead to her death, Shelly attempts to go into hiding but is immediately pursued by Roeg's henchmen. They break their pursuit when Shelly is arrested for drug possession. Zadie is captured and interrogated by Roeg. He reveals that, centuries earlier, he had made a pact with the Devil to send innocent souls to Hell in exchange for eternal life. He forces Zadie to kill herself by whispering incantations in her ear. Shelly is sent to the same rehab center where Eric is situated. The two become smitten with each other and bond over time. When Marion, Roeg's right-hand woman, suddenly appears at the institution, Shelly panics and convinces Eric to help her escape. They take refuge in the vacant house of one of Shelly's friends, and the two quickly fall in love and attempt to live a carefree life together, but are soon found by Roeg's men and murdered. Eric awakens in a purgatory -like rail yard where Kronos, a spirit guide, explains that Eric will have to kill Roeg to be reunited with Shelly. Revived, Eric discovers that he possesses the ability to heal from injuries, but can still be hurt or killed. He first kills Detective Milch, a corrupt cop on Roeg's payroll, and attempts to force another hitman, Lex, to give up names, but winds up killing him. Eric visits Sophia, Shelly's mother, who was present with Marion at the rehab center. Sophia reveals that she made a deal with Roeg: wealth in exchange for Shelly's soul. After Eric leaves, Roeg visits Sophia to inquire about Eric but forces her to jump off the roof when she revealed she regretted their deal. Eric meets with Shelly's friend, Chance, who presents him Shelly's phone with the incriminating video revealing that Roeg had previously compelled Shelly to kill a woman. Roeg learns of Eric's supernatural abilities and orders Marion to capture him alive in order to seize Eric's powers. Suddenly doubting his love for Shelly, Eric loses his ability to heal and is again killed by Roeg's enforcer, Wickham, who was supposed to take him alive, and Chance was killed too. Returned to the afterlife, Kronos warned Eric that their love had to be pure and called it off, so...","",""
"958968","Lovers Leap","2022","A teenager sets out to win over his crush while on a float trip down the Potomac River, but when everything that can go wrong does go wrong, his manhood is put on the line.  [PLOT] Plot .mw-parser-output .hatnote{font-style:italic}.mw-parser-output div.hatnote{padding-left:1.6em;margin-bottom:0.5em}.mw-parser-output .hatnote i{font-style:normal}.mw-parser-output .hatnote+.mw-empty-elt+.hatnote{margin-top:-0.5em}@media print{body.ns-0 .mw-parser-output .hatnote{display:none!important}} The film is told in a partially non-linear narrative , and begins with the intertitle ""A time of apparent magic..."" For twenty years, Ithaca has been without its king when Odysseus did not return from the Trojan War . Several suitors , including nobleman Antinous , aggressively court Odysseus's wife Penelope to claim the throne from Odysseus and Penelope's son Telemachus . Only Penelope, Telemachus, and Odysseus' half-blind servant Eumaeus still believe Odysseus will return. Penelope tells Telemachus she fears attacks by murderous "" people from the sea "" who violate Zeus's law —mutual respect between guests and hosts. Telemachus travels with Odysseus's friend Mentor , to Menelaus , King of Sparta , to ascertain his father's whereabouts. Antinous learns about this and conspires to kill Telemachus upon his return and plunder Ithaca. Menelaus and his wife Helen tell Telemachus about the war, but express uncertainty about Odysseus's fate. Meanwhile, the goddess Athena appears to Odysseus on the island of Ogygia , where the nymph Calypso is infatuated with Odysseus. Athena commands Odysseus to return home; Calypso dislikes this, but encourages Odysseus to remember his past. Years earlier, the Greek army, led by Menelaus' brother Agamemnon , conquered Troy using Odysseus' stratagem, the Trojan Horse , hiding Greeks inside, with Sinon sacrificed as a decoy. While Menelaus and Agamemnon returned home, Odysseus and his crew, including second-in-command Eurylochus , searched for an island for supplies, but the cyclops Polyphemus traps them in a cave, and devours several soldiers. They blind Polyphemus and escape, but hear him cry out to his father Poseidon ; the crew suffers harsh sea conditions. They land on Aeaea , where giant Laestrygonians kill most of them and sink two of their three ships. The survivors rebel, leaving Odysseus with their ship as they seek refuge with the witch Circe , who turns them into pigs. After Odysseus persuades her to change his men back, Circe warns that to reach Ithaca, Odysseus must cross Oceanus into the Land of the Dead . There, Odysseus meets his fallen soldiers, including Sinon's shade, who reproaches him for deceiving him,...","",""
"959163","Gatta Kusthi","2022","Veera, a misguided man who wants a timid, not-so-learned and subservient wife with long hair, unknowingly ends up getting married to Keerthi, an intrepid wrestler who is also more educated than him and has cropped hair. For how long can Keerthi maintain the charade and what happens when Veera comes to know the truth?  [PLOT] Plot Keerthi is a champion wrestler. Though she's supported by her uncle Ganesan, her own parents don't want to her to wrestle, because it makes getting her married much harder. Keerthi also refuses grooms who ask for dowry from her family. Ganesan is visiting his friend Ratnam, who is trying to find a match for his nephew Veera, who is demanding of what he wants in a wife: he wants her to be submissive, have long hair, and not be more educated than he is (he only completed eighth standard). Wanting to help Keerthi and her family, he proposes an alliance between her and Veera. Though Keerthi is furious about the conditions she has to pretend to be, she reluctantly agrees to appease her father. When they meet, Veera is immediately besotted by Keerthi. When he refuses to accept a dowry to marry her, Keerthi accepts Veera. The two marry, and settle in his hometown. Veera gets into a dispute with local political leader Dass, and he puts Ratnam in jail and threatens Keerthi. When they visit a temple, Dass attacks Veera, and he gets cornered, but Keerthi comes to his rescue, revealing her true self. She warns Dass that he has to go through her to hurt Veera. Keerthi becomes revered in the village, while Veera meekly follows her lead, afraid of getting hurt by her. Ratnam is released from prison, and finds out about Keerthi. He goes to her home and insults her new respected status and persona, causing Keerthi to slap him in anger and not knowing the reason, Veera slaps Keerthi. Upset, Keerthi leaves home with Ganesan, and is taken back to her parents' house until Veera comes to his senses. Keerthi finds out she has been enrolled in an upcoming wrestling tournament, and yells at Ganesan, believing he enrolled her. However, her father reveals that he enrolled her, wanting to let her be herself. Keerthi refuses until she is served with divorce papers from Veera. Unbeknownst to either, Ratnam had the papers filed. Veera is goaded by Ratnam into also enrolling in the tournament. Lokesh, Keerthi's coach who lusts after her, agrees to enroll Veera, and set up a match between him and Keerthi to increase business opportunities. Veera finds a coach willing to train him, and sees the hard work, and what women have to overcome, developing a newfound respect for Keerthi. He goes to talk to Ratnam, but encounters his aunt, Ratnam's wife, instead. She reveals that she knew the truth about Keerthi, and asked her why she agreed to the marriage. Keerthi admitted how much she...","",""
"960704","Fullmetal Alchemist: The Final Alchemy","2022","The Elric brothers’ long and winding journey comes to a close in this epic finale, where they must face off against an unworldly, nationwide threat.  [PLOT] Plot In the country of Amestris, brothers Edward and Alphonse Elric live in a rural town with their mother Trisha while self-learning alchemy. When the brothers commit the taboo act of Human Transmutation to resurrect Trisha after she dies of illness, it backfires and they face the consequences via the Law of Equivalent Exchange: Edward loses his left leg, while Alphonse is dragged into the Gate of Truth. Edward sacrifices his right arm to save his brother's soul and bind it to a suit of armor. His missing limbs are replaced with ""automail"" prosthetics made by the town's automail mechanic whose granddaughter, Winry Rockbell , is the brothers' childhood friend. Edward receives an invitation from Colonel Roy Mustang to join the military. After becoming the country's youngest State Alchemist with the title ""Fullmetal Alchemist"", he and Alphonse begin their quest to find the legendary Philosopher's Stone that can restore their bodies. Years later, the brothers, now teenagers, receive help from Major General Hakuro after another failed attempt to find the stone. Hakuro introduces them to Shou Tucker, a bio-alchemy authority who obtained his State Alchemist credentials by creating a talking chimera. Tucker points them to Dr. Tim Marcoh, who created a Philosopher's Stone prior to going into hiding. When Edward and Winry find Marcoh, he is murdered by Lust, an assassin. Upon returning to the Tuckers' home, Edward and Alphonse are horrified to discover that Tucker has transmuted his young daughter Nina and his dog together to create a human talking chimera in a bid not to lose his State Alchemist credentials. They have Tucker arrested, though not before he tries to turn Alphonse against Edward, causing the brothers to fight. Edward and Mustang's close friend Major Maes Hughes makes a disturbing discovery from Marcoh's notes, but is killed by Lust's associate Envy. Using Marcoh's notes, Edward is led to the clandestine Fifth Laboratory, where he finds the now-insane Tucker holding Alphonse and Winry hostage. When Edward learns that Philosopher's Stones are unethically created from human lives, he has a breakdown, realizing he can no longer depend on that method. Lust kills Tucker, revealing herself as a homunculus. Hakuro reveals himself as their partner, divulging that the military made Philosopher's Stones using human hostages. He activates a Mannequin Soldier homunculi army with the Stones but is killed by them. As the military destroys the Mannequins, Mustang...","",""
"960876","Dunki","2023","Four friends from a sleepy little village in Punjab share a common dream: to go to England. Their problem is that they have neither the visa nor the ticket. A soldier alights from a train one day, and their lives change. He gives them a soldier's promise: He will take them to the land of their dreams. What follows is a hilarious and heartwarming tale of a perilous journey through the desert and the sea, but most crucially through the hinterlands of their mind.  [PLOT] Plot In Delhi , Ranvijay ""Vijay"" Singh is the son of industrialist Balbir Singh, head of steel conglomerate Swastik Steels. Balbir is a workaholic who maintains a distant relationship with his family. As a teenager, Vijay takes a licensed AK-47 to his sister Reet's college to intimidate her bullies, prompting an outraged Balbir to send Vijay to a boarding school in the United States . Years later, Vijay returns home for Balbir's sixtieth birthday, but an argument with Reet's husband, Varun, leads to Balbir disowning him. Vijay marries his childhood sweetheart, Gitanjali, and relocates to the US. Eight years later, Vijay returns to India with Gitanjali and their two children after Balbir survives an assassination attempt. Reconciling with his father, Vijay assumes control of Balbir's security detail and recruits his distant cousins from his ancestral village for protection. He hires Kailash Petkar, a body double for Balbir. Kailash is later murdered by Asrar Haque, who is revealed to be linked to the initial attack on Balbir. Upon learning that Varun conspired with the attackers, Vijay strangles him at a public press conference in full view of Asrar. Vijay and his cousins then meet an arms dealer, Freddy, at a hotel to collect a custom-designed multi-barrel machine gun. Asrar and his assailants ambush the hotel, but Vijay massacres them with the weapon and kills Asrar. Vijay suffers severe injuries in the battle, leading to hearing damage, organ failure, and a heart transplant. Meanwhile, in Scotland , Asrar's mute brother, Abrar Haque, learns of his death during his wedding. During his recovery, Vijay meets Zoya, who claims to be the fiancee of his heart donor, and begins an extramarital affair with her. After Vijay gifts her a car that explodes, a guilt-ridden Zoya reveals that she was sent by Abrar to spy on the family and that Abrar's brother, Aziz, underwent plastic surgery to impersonate Vijay. Vijay discloses that he anticipated her deceit, orchestrated the explosion, and spares her life. Vijay's grandfather, Rajdhir, reveals the origins of the feud: Rajdhir had exiled his younger brother Shamsher for misconduct, and Shamsher's son, Azim, converted to Islam and sought a share of Swastik Steels, which Balbir denied. Humiliated by the rejection, Shamsher immolated himself in front of his grandson Abrar, leaving Abrar mute from trauma and sparking a generational vendetta. After Vijay confesses his affair to Gitanjali, she demands a divorce. Vijay and...","",""
"961268","Ballerina","2023","Grieving the loss of a best friend she couldn't protect, an ex-bodyguard sets out to fulfill her dear friend's last wish: sweet revenge.  [PLOT] Plot Jang Ok-ju, a former bodyguard for VIP clients , discovers that her best friend Choi Min-hee has committed suicide and her last wish to Ok-ju is to get revenge on sex trafficker Choi Pro, who victimized Min-hee by filming her and extorting money and sex from her. Ok-ju searches for Choi through his internet profile and finds his address. She watches Choi from afar, seeing him sell some sort of drug to various customers. When he finishes and heads home, Ok-ju follows. The following morning Ok-ju breaks into Choi's home and plants listening devices. Ok-ju also discovers a drawer full of USB drives, each labeled with nicknames or descriptions. Ok-ju finds Choi Min-hee's USB drive labeled ""ballerina"" and sees a video of Choi assaulting an unconscious Min-hee. Ok-ju is devastated. A few days later, Ok-ju learns that Choi will be at a nightclub named Heaven and goes there to meet him. Choi approaches her with a pick-up line and Ok-ju buys him a drink. They eventually leave the nightclub and Choi takes her to the hotel where Min-hee was filmed. Choi attempts to drug Ok-ju and Ok-ju pretends to ingest the drug. However, when Choi begins filming Ok-ju and starts his assault on her, she tries to stab him. The two fight and eventually Ok-ju gets the upper hand but, before she can kill him, she is attacked by hotel staff. Ok-ju is helped by a high school student who was kept at the hotel as a sex slave, and the two escape in Choi's Lamborghini. The leader of Choi's gang expresses disappointment in Choi, stating that the gang trafficked in drugs and prostitutes, but that he had never given Choi permission to drug women and make ""weird"" pornographic movies. The leader orders Choi to bring Ok-ju to him within three days. Choi visits the pharmacist who makes the drug he uses to render his victims unconscious. He tells the pharmacist that the two of them will track Ok-ju down; when the pharmacist expresses hesitation due to not being a hitman, Choi promises to pay him one-hundred million won. The following day, Ok-ju reaches out to an old friend to procure some weapons. Meanwhile, Choi and the pharmacist track down the stolen Lamborghini through a corrupt police contact. In the evening Ok-ju goes out to a convenience store. Upon returning to her apartment, she discovers the high school student is gone, and Choi and the pharmacist attack her. Ok-ju flees through the window. Choi lies to the leader of his gang, saying that he has killed Ok-ju and buried her body in the...","",""
"961624","Pellikuturu Party","2022","A seductive younger sister who tries to sabotage the marriage of her conservative older sister by going on a bachelorette road trip while being chaperoned by their reluctant grandmother.","",""
"964980","Air","2023","Discover the game-changing partnership between a then undiscovered Michael Jordan and Nike's fledgling basketball division which revolutionized the world of sports and culture with the Air Jordan brand.  [PLOT] Plot In 1984, Oregon-based Nike, Inc. is on the verge of shutting its basketball shoe division down due to low sales. In response to this, Marketing VP Rob Strasser , along with co-founder and CEO Phil Knight , task Nike's basketball talent scout Sonny Vaccaro to come up with a new spokesperson for Nike basketball shoes. While considering the basketball players chosen in the 1984 NBA draft , Nike's executives think third pick Michael Jordan is off limits, being both a fan of Adidas and too expensive for the basketball division's meager budget. However, once Vaccaro watches Jordan's highlights in conjunction with an Arthur Ashe commercial for his Head rackets, Vaccaro becomes convinced that Nike should pursue who he considers a generational talent, with both brand and athlete building off each other. Following dinner with his friend George Raveling , who coached Jordan in the Olympic tournament , and asking for his support in courting the star, Vaccaro travels to Wilmington, North Carolina , where he convinces Michael's mother Deloris that Nike would give Jordan all the attention that he would not receive from his preferred brands Adidas and Converse . After receiving a negative phone call from Jordan's agent David Falk regarding contacting his client's family, Vaccaro learns that the Jordans have scheduled a meeting at Nike's Beaverton, Oregon headquarters the following Monday. Vaccaro and Strasser start preparing their pitch while requesting shoe designer Peter Moore to prepare a prototype, which Moore names "" Air Jordan "" after Nike's Air Sole technology. In the meantime, Knight agrees to assign the basketball division's entire $250,000 budget to sign Jordan. After the meeting with Jordan and his parents is successful, Vaccaro learns that Adidas matched the offer while adding a Mercedes Benz 380SL , and he thinks the deal will not go through. However, Vaccaro receives a call from Deloris, who states that Michael will sign with Nike on the condition he earns a percentage of every Air Jordan sold. Even though Vaccaro thinks the company's higher-ups would not accept this bonus due to industry precedent, Knight goes with it, deeming necessary to ensure the endorsement. An epilogue reveals the Air Jordan exceeded Knight's expectations of $3 million in sales, earning $162 million [ 1 ] [ 2 ] [ 3 ] in one year and becoming a steady source of income for Nike. ^ .mw-parser-output cite.citation{font-style:inherit;word-wrap:break-word}.mw-parser-output .citation...","",""
"965150","Aftersun","2022","Sophie reflects on the shared joy and private melancholy of a holiday she took with her father twenty years earlier. Memories fill the gaps between camcorder footages as she tries to reconcile the father she knew with the troubled man she didn't.  [PLOT] Plot Rodney Williams is a senior London County Council bureaucrat in 1953 London. He sits at his desk surrounded by piles of paperwork and seems uninspired. A group of women, led by Mrs. Smith, have petitioned the council to redevelop a World War II bomb site into a children's playground. They are sent with their petition from department to department with a newer employee, Mr. Wakeling. Despite Wakeling's enthusiasm, he is stymied by bureaucracy at every step. The petition makes the usual circular rounds and ends back with Williams, who returns it to his pile of paperwork and makes clear to his colleagues his intention to take no further action. When Williams receives a terminal cancer diagnosis, he attempts unsuccessfully to tell his son, Michael, and daughter-in-law, Fiona. Williams then chooses to withdraw half of his life savings, purchase a lethal amount of sleeping medicine, and commit suicide in a seaside resort town. Finding himself unable to go through with it, he gives the sleeping medicine to Mr. Sutherland, an insomniac writer he meets in a café. Moved by Williams's story, Sutherland takes him for a night on the town, where Williams replaces his traditional bowler hat with a fedora after a prostitute steals his bowler hat. The pair go to bars, sing, drink heavily, and attend a striptease/ burlesque show. Returning to London but not to work, Williams runs into Miss Margaret Harris, a young former subordinate who took up a position at a Lyon's Corner House restaurant while he was away. Williams's nosy neighbour spots the pair having lunch at the high-end restaurant Fortnum's and tells Fiona, who demands Michael speak to his father about the potential scandal. Meanwhile, Williams attempts to tell Michael about his diagnosis, but neither finds themselves able to bring up what they need to talk about. As Williams's health worsens, he attempts to spend more time with Harris, whose youthful vigour he envies and would like to regain before he dies. Realising the best way to spend his remaining time is to do some good, Williams rallies the various departments to approve the construction of the children's playground. During this time, through their mutual respect for Williams, Harris and Wakeling have grown fond of each other and are seen taking walks and sitting in parks together. Although he is able to push the process through by standing up to his colleagues and superiors, Williams dies shortly after construction is finished. At his funeral,...","",""
"965244","Ghost in the Shell: SAC_2045 Sustainable War","2021","In the year 2045, after an economic disaster known as the Synchronized Global Default, rapid developments in AI propelled the world to enter a state of ""Sustainable War"". However, the public is not aware of the threat that AI has towards the human race.  A compilation film with newly added footage.","",""
