"tmdb_id","title","release_year","synopsis","themes","tones"
"602734","Spiral: From the Book of Saw","2021","Working in the shadow of an esteemed police veteran, brash Detective Ezekiel “Zeke” Banks and his rookie partner take charge of a grisly investigation into murders that are eerily reminiscent of the city’s gruesome past.  Unwittingly entrapped in a deepening mystery, Zeke finds himself at the center of the killer’s morbid game.  [PLOT] Plot During a Fourth of July parade, off-duty Detective Marv Bozwick chases a thief down a sewer drain pipe. Attacked from behind by a figure wearing a pig mask, Bozwick awakens to find himself suspended by his tongue in an active subway tunnel and is given a choice via recorded message: tear out his tongue and live, or remain until the next train arrives, killing him. Unable to escape the trap in time, Bozwick is hit by the train and killed. The next day, police Captain Angie Garza assigns Detective Zeke Banks a new partner, idealistic rookie William Schenk. Zeke and Schenk investigate Bozwick's death and Zeke recognizes the elaborate trap as the modus operandi of the now deceased Jigsaw Killer . Meanwhile, homicide detective Fitch – who several years prior had ignored a backup call from Zeke, resulting in Zeke nearly getting killed – is abducted and placed in a trap where he must allow a device to rip his fingers off to avoid electrocution in a filling water basin; he also fails to escape and dies. Some officers begin to suspect that Zeke may be responsible, due to his history with Fitch. A box then arrives at the station, containing a pig puppet and a piece of Schenk's tattooed skin inside. A small vial inside the box directs the police to a butcher shop, which was previously a hobby shop that Zeke and his father, retired chief Marcus Banks, used to visit. Upon arriving, the team discovers a tape recorder and a skinned corpse, identified as Schenk. Deciding to track down the killer himself, Marcus travels to a warehouse, where he is abducted. Shortly afterwards, Garza is kidnapped, and placed in a trap in the precinct's cold storage where she has to sever her spinal cord on a blade to stop boiling wax flowing from a pipe onto her face. She fails to do so and dies from her injuries, moments before Zeke discovers her body. While chasing a lead, Zeke is captured and wakes up at the warehouse, handcuffed to a pipe with a hacksaw nearby. He considers sawing off his arm, but successfully escapes using a loose bobby pin. He then discovers his former partner Peter Dunleavy, who was imprisoned when Zeke exposed a murder he committed, chained in place. In front of him is a large glass-crushing machine, which has been modified to hurl shrapnel at him. A tape recorder explains that Zeke can choose to either free him or leave him to die. Although Zeke attempts to save Dunleavy, he cannot get the key in time. Moving to another room, Zeke then finds Schenk, who is...","",""
"603119","The Silencing","2020","A reformed hunter becomes involved in a deadly game of cat and mouse when he and the local sheriff set out to track a vicious killer who may have kidnapped his daughter years ago.  [PLOT] Plot Tae-in, a young man who never speaks, and Chang-bok, a religious old man, work as the clean-up crew for a crime organization . One day, they receive an order from their immediate superior to take care of an eleven-year-old kidnapped girl Cho-hee for two days. The responsibility to take care of the girl falls upon the mute Tae-in who lives in the outback with a sister of a younger age than Cho-hee. The superior who does the activities behind the kingpin 's back gets killed for it, and the duo does not know what to do with the girl.","",""
"603692","John Wick: Chapter 4","2023","With the price on his head ever increasing, John Wick uncovers a path to defeating The High Table. But before he can earn his freedom, Wick must face off against a new enemy with powerful alliances across the globe and forces that turn old friends into foes.  [PLOT] Plot In New York City, John Wick , hiding underground with the Bowery King, recovers after being shot off the roof of the Continental Hotel by Winston. [ a ] Seeking to exact vengeance against the High Table, he travels to Morocco and kills the Elder, the ""one who sits above the Table"". In response, the High Table sends the Marquis Vincent Bisset de Gramont with unlimited resources to kill John. In New York, the Marquis summons Winston and his concierge Charon, and chastises Winston for previously failing to kill John. As punishment, the Marquis strips Winston of his managerial duties, declares him ""excommunicado"", destroys the New York Continental, and executes Charon. The Marquis then enlists John's old friend, Caine – a blind, retired High Table assassin – to kill him, forcing Caine to comply by threatening to murder his daughter. John seeks refuge at the Osaka Continental, operated by his friend Shimazu Koji. Caine and Chidi, the Marquis' second-in-command, arrive with High Table enforcers to investigate. Koji's daughter, Akira, evacuates the hotel before the High Table ""deconsecrates"" it, instigating a melee . John battles many armored personnel, culminating in a showdown with Caine. A "" Tracker "" named Mr. Nobody interrupts their fight, letting John escape after deeming the bounty on him insufficient. A wounded Koji attacks Caine on John's behalf until Caine reluctantly kills him, but spares Akira. John returns to New York and meets a vengeful Winston at Charon's gravesite. Winston suggests invoking an old High Table tradition to challenge the Marquis to a duel . Winning would free John from obligations to the High Table, but he can only request a duel on behalf of a crime family. John travels to the Berlin headquarters of the Ruska Roma crime syndicate to seek readmission. His adoptive sister, Katia, requires that he kill Killa Harkan, a High Table member the Marquis paid to murder her father. Katia tasks her henchman Klaus Shields to escort John to Harkan's nightclub. At the nightclub, Killa ambushes John after a game of poker, but with help from Caine and Mr. Nobody, John kills him and regains his status. Winston conveys John's challenge to the Marquis, acting as his ""second"". Winston requests that, if John wins, Winston's own ""excommunicado"" will be revoked, and he will be reinstated as manager of a New York Continental rebuilt by the High Table. However, if John loses, Winston would also die. In Paris, John and the Marquis finalize the duel's...","",""
"604079","The Long Walk","2025","In a dystopian 1970s America, fifty teenage boys take part in a deadly annual walking contest, forced to maintain a minimum pace or be executed, until only one survivor remains.  [PLOT] Plot In an alternate 20th century , the United States is a totalitarian military regime following a devastating civil war . The regime has established an annual event, the ""Long Walk"", which aims to inspire patriotism and work ethic among the destitute, as the country is in the grips of a severe economic depression . Fifty teenage boys, one from each state, are chosen randomly, given water and rations, and must walk hundreds of miles nonstop while escorted by armed soldiers who also broadcast the event. Those who fall below 3 miles (4.8 km) per hour or stop walking receive up to three warnings before being executed. The Walk ends when there is only one survivor remaining, who receives a large cash prize and can have one wish fulfilled. Although the sign-up is technically voluntary, nearly all eligible young men do so every year in the hope of improving their families' lives. Ray Garraty , the year's participant from Maine , is driven to the starting line near the Canada–United States border by his mother Ginnie, who begs him to back out, even though the deadline to do so has already passed. Ray refuses and meets the other participants, including Peter ""Pete"" McVries, Billy Stebbins, Arthur ""Art"" Baker, Collie Parker, Gary Barkovitch, Hank Olson, and Richard Harkness. The Major, a mysterious official who oversees the regime's death squads , starts the Walk and greets the boys from time to time as they proceed southward. During the first day, Ray gets to know the other walkers and forms a bond with Pete. A boy named Curly is the first to be killed after he develops a charley horse in his leg. Barkovitch is shunned by the group for provoking another walker named Rank Sanders into attacking him, resulting in Rank's execution. As the Walk continues, Pete says he wants to use his wish to improve the world. Ray wants to wish for a rifle to kill the Major as revenge for his father's execution over political opposition. Pete tries to talk Ray out of it, admits that he cannot let someone die to win, and intends to sit down once he has had enough. More walkers die as the days pass, including Harkness. Hank becomes delirious and tries to attack the soldiers, but they shoot him and let him bleed to death. After learning he was married, the boys vow to send money to his widow. Guilt over causing Rank's death and his exclusion from the pact leads Barkovitch to beg to join. Soon after Ray agrees, Barkovitch has a mental breakdown and fatally stabs himself in the throat...","",""
"604605","Hello World","2019","A shy high schooler in Kyoto meets a man claiming to be his future self, who tells him he’s hacked into the past to save their first love.  [PLOT] Plot Set in Kyoto 2024, the Japanese government has made plans to collect and preserve the city's natural architecture and culture through drones in real time, storing all its data in an infinite-capacity quantum computer known as Alltale. Naomi Katagaki is an indecisive high school student living in Kyoto who harbors a love for reading. One day after school, a mysterious yatagarasu steals his library book and in an attempt to get it back, he meets a strange man that appears out of nowhere. This man, whom only Naomi can see, is revealed to be himself from 10 years later, now grown up and an adult. The adult Naomi explains that he has accessed Alltale from the real world outside in order to change the recorded past and save Naomi's to-be girlfriend, his classmate Ruri Ichigyō, after she was unfortunately struck by lightning at a fireworks festival and rendered comatose. The teenage Naomi decides to call his adult self 'Sensei' and agrees to help, as his adult self has limited capabilities as an avatar within Alltale. Sensei then gifts Naomi a special power, God's Hand, which manifests from the yatagarasu as a translucent gloved hand, to allow him to create anything as long as its chemical and physical structure is not overly complex. Consulting his own diary, Sensei leads Naomi to slowly gain Ruri's affection and they eventually fall in love. On the night of the incident, Naomi refuses to invite her out for the festival and remains outside her house per Sensei's orders. They realise that due to this being a world within Alltale, Sensei's interference has caused its Homeostatic System to kick in. Bots in the form of kitsune men appear attempting to correct the data, transporting Ruri and Naomi to the site of the incident. Summoning a black hole , Naomi erases not only the kitsune men, but also the stroke of lightning that would have hit the tree Ruri was originally supposed to have waited at and hence the accident, successfully rescuing Ruri and rewriting the data. In a twist of events, Sensei suddenly reclaims God's Hand and teleports Ruri away before disappearing. Naomi is shocked as he realizes that Sensei's plan was to recreate Ruri's original mental state in Alltale so that the data within could be synced with Ruri's own comatose mind in the real world, enabling her to wake up. Returning, defeated, to the city, Naomi is suddenly faced with thousands of kitsune men – an effect of Sensei deciding to reboot the system after all data relevant to Ruri's...","",""
"605116","Project Power","2020","An ex-soldier, a teen and a cop collide in New Orleans as they hunt for the source behind a dangerous new pill that grants users temporary superpowers.  [PLOT] Plot Within the grasslands of East Africa , a mercenary named Samantha ""Sam"" O'Hara is leading an operation with a team of multinational mercenaries which includes the loyal Elijah, the outgoing Joey and Bo, the confrontational Mike Barasa, and the Masaai and former jihadist Pata. They are dispatched on a rescue mission to retrieve Asilia Wilson, the teenage daughter of a governor who was abducted for ransom purposes alongside her two schoolmates Chloe and Tessa by Zalaam, the leader of a terrorist cell affiliated with al-Shabaab . Going against the original plan, Sam decides to free the other two girls as well. Nonetheless, the mission is successful. Although the extraction helicopter gets shot down by an RPG . While pursued across the plains by Zalaam's militia, a violent gunfight ensues atop the cliffs in which several mercenaries are killed, forcing the survivors to escape by leaping into the river below, losing most of their equipment and their satphone . After regrouping on the shoreline, Chloe is killed by a crocodile and Sam urges the group to press on in order to reach a way to call their employers to arrange a new extraction. While traveling, the team comes across an abandoned game farm that belonged to poachers who specialized in trafficking wild animals for the exotic pet trade and their body parts for traditional medicine . At nightfall, the group find themselves stalked through the ranch by a lone lioness who had slaughtered the previous occupants after escaping from her cage. Elijah is the first to be killed while Bo is seriously injured. Sam and Joey manage to find and power the farm's generator and call for the extraction, but Barasa is also mauled to death by the lioness while helping them avoid her. The group is told to wait until dawn for a new helicopter. Pata warns them that Zalaam is not going to let Asilia escape that easily because of the power that she represents over her father. Pata also admits his jihadist past, much to Tessa's shock, and recounts how the terrorists murdered his family and children in retaliation after he left the militant group. Joey is attacked by the lioness, but the arrival of the terrorists scares her away. During the ensuing battle, Sam and Pata manage to kill most of the fighters. Asilia finds the courage to fight back and kills one of them, while Pata confronts Zalaam's second-in-command Masakh, the man who executed his family. With Sam's help, he manages to get his vengeance. Pata is too wounded to...","",""
"606234","Archive","2020","2038: George Almore is working on a true human-equivalent AI, and his latest prototype is almost ready. This sensitive phase is also the riskiest as he has a goal that must be hidden at all costs—being reunited with his dead wife.  [PLOT] Plot Decades in the future, Jules and George Almore have a car accident in which Jules dies. Her consciousness is stored in a device created by the company Archive, which allows George to have simulated conversations with her on the phone for up to 200 hours. At his job, George secretly begins developing a robot that will be able to hold her consciousness permanently. After learning from two initial attempts (J1 and J2), his final version (J3) is almost complete. J2 (which has the brain of a 16-year-old) becomes jealous of George's work on J3, and increasingly begins behaving unpredictably. Archive sends a team to George's workplace to inspect the machine with his wife's consciousness. They notice he's tampered with it and built robots, and they suspect he's stealing their intellectual property. George finishes the J3 robot. J2, confronted with the realization that she will never be anything more or better than she already is, destroys herself by walking into a lake. Archive recovers the robot, and threatens to sue George's company. When his boss learns that George has been building robots, she fires him. He makes a final call to his wife Jules on the Archive machine, and ends the call saying ""see you soon."" J3 overhears this and realizes that he intends to overwrite her consciousness with that of his wife. Though initially angry and afraid, she accepts her fate. The upload is completed as security storms George's lab. At this point, any sign of the security team suddenly evaporates, and all is calm. The Archive starts ringing with an incoming call from Jules. J3 implores him not to answer, but George does and speaks to Jules, also hearing a child's voice on the line which is revealed to be that of his daughter. It is then revealed that George was the one who died in the accident, while Jules survived and is now raising their daughter in the real world. The ordeal he went through was a simulation within his own Archive, which has finally expired. With his Archive expired, it has been prepared for burial at his official funeral. Jules and their daughter say their final goodbyes and leave.","",""
"606403","Special Delivery","2022","A black-market cabbie drives criminals at breakneck speeds until she is left in charge of a fugitive's son.  [PLOT] Plot Jang Eun-ha is a former North Korean defector -turned-special delivery clerk in Busan who leaves for Seoul to pick up a former baseball player Kim Doo-sik, who is involved in an illegal gambling trade . At the pick-up point, Eun-ha meets Doo-sik's son Kim Seo-won where she along with Seo-won gets chased by Kyeong-pil, a corrupt police officer and also the mastermind behind the gambling trade. Kyeong-pil is after Seo-won as he wants to retrieve a security key to the bank account containing US$ 30 million, which is in Seo-won's possession. Doo-sik gets killed in the chase while trying to protect Seo-won, where Kyeong-pil frames Eun-ha for Kim Doo-sik's death and Seo-won's abduction. Kyeong-pil's men try to abduct Seo-won, but Eun-ha manages to subdue them after an intense chase. Meanwhile, Eun-ha travels to Busan and narrates about the incidents to her boss, who later decides to create fake passports for sending Seo-won abroad. While creating passports, Eun-ha's boss gets killed by Kyeong-pil during a fight and Eun-ha attacks Kyeong-pil and his men. Kyeong-pil holds Seo-won at gunpoint where he throws him in the sea and tries to shoot Eun-ha, but Eun-ha stabs Kyeong-pil and drowns with him in the sea. Seo-won is saved, but Eun-ha fakes her death and escapes from the police. Days later, Seo-won gets admitted in an orphanage and school, where he lives his life happily. After school, Seo-won finally meets Eun-ha and they drive to Seo-won's orphanage, but Eun-ha receives a message about a client and tells Seo-won that they should head to a pick-up point, indicating that she still works as a special delivery clerk.","",""
"606679","The High Note","2020","Set in the dazzling world of the LA music scene comes the story of Grace Davis, a superstar whose talent, and ego, have reached unbelievable heights. Maggie is Grace’s overworked personal assistant who’s stuck running errands, but still aspires to her childhood dream of becoming a music producer. When Grace’s manager presents her with a choice that could alter the course of her career, Maggie and Grace come up with a plan that could change their lives forever.  [PLOT] Plot Maggie Sherwoode is the longtime personal assistant to legendary R&B singer Grace Davis, who still has a successful touring career despite not releasing new material for a decade. Also an aspiring music producer, Maggie remixes Grace's songs in her free time. Grace's egocentric manager, Jack Robertson, believes that her time has passed and she should accept a Las Vegas residency and release live albums rather than record new material. At a grocery store, Maggie meets aspiring musician David Cliff, watching him perform outdoors. He invites her to a party at his house, where to her surprise she learns that despite slumming it as a musician he is quite wealthy. Impressed by his voice, Maggie lies about being a professional producer and offers to work with him on an album. David accepts and they begin work together with Maggie coaching him through his nerves. Grace is displeased when a famous music producer modernizes one of her songs, remixing it with excessive synths and pop elements. Appalled, Maggie shows her own version of the song, and she releases Maggie's version, without payment or credit. While pleased to be producing for her, Jack pulls her aside to reveal how her tactlessness ruined potential future deals. When Grace later expresses her interest in recording a new album to her record label, they discourage her, pushing her towards the Vegas residency. When Maggie encourages Grace to disregard the label and create new material, Grace lectures her on how women of her age (""over 40"") and race rarely succeed in releasing new material after successful earlier careers. Maggie and David begin a romance as recording for his demo comes to a close. At the same time, she learns that Ariana Grande has backed out of opening for Grace's album launch. She initially books Dan Deakins to open for Grace before realizing it would be the perfect place for David to perform his songs. She enlists Dan's assistant to help but is surprised when Dan himself, after listening to David's songs, decides to step away to allow him to perform. On the night of the party, Maggie tells Jack and Grace that Dan has backed out and promises to fix it. She then asks David, who believed they were going on a date, to sing. Hearing that the party is for Grace Davis, David leaves in a huff, refusing to perform. Maggie tells Jack and Grace she was unable to deliver a backup performer and Grace berates her, mocking her ambitions to become a producer when she cannot even succeed as an...","",""
"607447","My Great Grandfather","2019","Michael, a 40-something happy-go-lucky businessman, is in love with Delna, a pretty young thing in her 20s. On the day of their engagement, a young woman walks in with her son, claiming to be Michael’s daughter turning his carefree life upside down.  [PLOT] Plot Aspiring Chinese-American writer Billi maintains a close relationship with her Nai Nai (paternal grandmother) who lives in Changchun , China. After receiving a rejection letter for a Guggenheim Fellowship , she discovers from her parents, Haiyan and Jian, that Nai Nai has been diagnosed with terminal lung cancer , and is predicted to have only a few months left to live. Through deception and manipulation of medical test results, the diagnosis is kept a secret from Nai Nai herself. She is, instead, falsely told that her recent doctor visits have only revealed benign findings . A wedding for Billi's cousin from Japan, Hao Hao, has been planned in China as an excuse to unite the family to spend what is expected to be one last time with Nai Nai. Fearing Billi will end up exposing the lie to her grandmother, Haiyan and Jian tell her to remain in New York City. Billi disobeys her parents' orders and flies to Changchun shortly after the rest of the family arrive. She assures her parents that she will not reveal the cancer diagnosis to Nai Nai. Throughout the trip, however, she clashes with the rest of the family over their deliberate dishonesty towards her grandmother. Guilt-ridden, Billi expresses conflicted thoughts with her parents over the Chinese cultural beliefs that result in a family refusing to disclose a life-threatening disease, including the trauma of her grandfather dying without her knowledge after they moved to the United States. One night, her uncle, Haibin, contends that the lie allows the family to bear the emotional burden of the diagnosis, rather than Nai Nai herself—a practice of collectivism that he acknowledges differs from the individualistic values common in Western culture. Billi later learns that Nai Nai also told a similar lie to her husband up until his death when he was terminally ill. On the day of the wedding, both Haibin and Hao Hao break down in tears on separate occasions but manage to proceed through the banquet without raising Nai Nai's suspicions. Billi intercepts Nai Nai's medical test results from the hospital and has it altered to reflect a clean bill of health, helping to maintain the lie. That night, Nai Nai gives Billi a hóngbāo , encouraging her to spend the money as she chooses. Billi admits that she wants to stay in Changchun to spend more time with Nai Nai, but Nai Nai declines, telling her that she needs to live her own life. When Billi reveals the Guggenheim Fellowship rejection to her, Nai Nai encourages...","",""
"607844","Escape from Mogadishu","2021","Diplomats from the North and South Korean embassies in Somalia attempt a daring joint escape from Mogadishu when the outbreak of civil war leaves them stranded.  [PLOT] Plot In 1990, Somalia is ravaged by a civil war between the Barre government and rebels led by Mohamed Farrah Aidid . Meanwhile, both the North and South Korean embassies are lobbying to be admitted into the United Nations and looking towards the Somali government for support. As South Korean ambassador Han Sin-seong confronts his North Korean counterpart, Rim Yong-su, at a hotel for sabotaging his appointment with President Barre, they find that the rebels have entered Mogadishu . As clashes break out, Aidid threatens embassies who refuse to support him. Both the North and South Koreans realize that they must immediately leave Somalia. Sin-seong and an intelligence officer, Kim Dae-jin, head to the airport but are sent back as they lack official papers. Likewise, the North Koreans fail to make it to the airport and are sent back. In desperation, North Korean intelligence officer Tae Jun-ki seeks help from rebels he had hired to sabotage the South Koreans. Instead, the rebels betray him and ransack the embassy. Yong-su then orders an evacuation to the Chinese embassy, only to find it abandoned and looted. They are discovered by a group of child soldiers, prompting the North Koreans to play dead before fleeing. Stumbling right outside the South Korean embassy, Yong-su yells for sanctuary, despite Jun-ki protesting that they would be called traitors in Pyongyang . Just then, a group of rebels approach but are repelled by embassy security. Seeing the North Koreans in danger, Sin-seong, who overhears them, lets them all in. The suspicious North Koreans refuse to eat the food prepared by the South Koreans before Sin-seong reassures them by swapping his rice bowl with Yong-su's and eating from it. Dae-jin, sensing a propaganda opportunity, covertly takes pictures of the meal and steals the North Koreans's diplomatic passports to make defection certificates, but is discovered by Jun-ki, leading to a fistfight. Yong-su and Sin-seong separate them, reiterating the need to set aside political differences to escape. With both the Americans and Chinese already having left, both ambassadors agree to seek help from their other remaining allies. While the North Koreans are rebuffed by the Egyptian embassy, the South Koreans are informed by the Italian embassy that they can join a Red Cross evacuation flight to Kenya , but that the North Koreans cannot, as Italy and North Korea lack diplomatic relations. Sin-seong convinces the Italian ambassador to relent by lying that...","",""
"607935","The Breast Milk Boom","2018","For some time now, there has been a real hype about breast milk. Internationally. Women have discovered their lactate can be a source of income and they offer it on the free market via the Internet. Doctors and midwives are calling for more breast milk banks. In Switzerland, the first centre for breast milk research has been established. Myths and legends surround the subject of breast milk, but not all information is scientifically sound. Although there are still many unanswered questions even among academics, one thing is undisputed: Breast milk is an especially valuable drink. The film presents the latest research into the subject of breast milk, shows us what scientists are currently working on and asks which breast milk secrets they want to reveal next.","",""
"609448","Aakashaganga 2","2019","Arathi, accepts a challenge to test the authenticity of an 'Ashram' that claims to help its followers talk to the dead. To her surprise, she communicates with her dead mother who leads her to the dark and hidden secrets of her own family.","",""
"609681","The Marvels","2023","When her duties send her to an anomalous wormhole linked to a Kree revolutionary, Carol's powers become entangled with that of Jersey City super-fan Kamala Khan, aka Ms. Marvel, and Carol's estranged niece, now S.A.B.E.R. astronaut Captain Monica Rambeau. Together, this unlikely trio must team up and learn to work in concert to save the universe.  [PLOT] Plot Carol Danvers destroys the Supreme Intelligence , the artificial intelligence that leads the Kree empire. [ a ] This leads to a civil war on planet Hala , the Kree home world, rendering the planet barren as it loses its air, water, and sunlight over the next 30 years. The Kree come to know Danvers as ""the Annihilator"". The Kree's new leader Dar-Benn discovers one of the two legendary Quantum Bands, which were previously used to create a network that allows fast travel across space. She uses the Band to forcibly open a new jump point that connects to the network. The resulting anomaly impacts the entire network, including a jump point near Earth's S.A.B.E.R. space station run by Nick Fury . Captain Monica Rambeau investigates the jump point near S.A.B.E.R. while Danvers investigates the new one that Dar-Benn opened. When they touch their respective jump points, Rambeau is transported to Danvers's location, Kamala Khan —who has the other Quantum Band on Earth—is transported to Rambeau's location, and Danvers is transported to Kamala's house. The three use their different light-based powers to fight off Kree enemies, leaving Kamala's home destroyed. After the trio return to their original places, Fury and Rambeau visit Kamala on Earth. Rambeau surmises that their light-based powers are linked through quantum entanglement and that they switch places when any of the three use their powers simultaneously. They join up at a Skrull refugee colony on planet Tarnax, which Danvers helped found and where a peace treaty is being negotiated with the Kree. When talks break down, Dar-Benn rips open another jump point which siphons the atmosphere from Tarnax to restore breathable air to Hala. After a hasty effort to evacuate the colony, Danvers, Rambeau, and Kamala form a team that Kamala names ""the Marvels"". Danvers explains that Dar-Benn's repeated rupturing of jump points is causing instability in the network and endangering the entire universe. They deduce that Dar-Benn is targeting planets that are meaningful to Danvers, whom Dar-Benn blames for the desolation of Hala. The Marvels travel to the water planet Aladna—where people communicate in song—and warn Prince Yan, Danvers's husband through a diplomatic act. Dar-Benn arrives and tears open a jump point, drawing the planet's water to Hala. Her final plan is to use the energy from Earth's sun to restore that of Hala's sun. On S.A.B.E.R., Goose —Danvers's cat-like pet Flerken —gives birth to a litter of kittens...","",""
"610150","Dragon Ball Super: Super Hero","2022","The Red Ribbon Army, an evil organization that was once destroyed by Goku in the past, has been reformed by a group of people who have created new and mightier Androids, Gamma 1 and Gamma 2, and seek vengeance against Goku and his family.  [PLOT] Plot Commander Magenta, CEO of Red Pharmaceuticals, seeks to revive the Red Ribbon Army previously led by his late father Commander Red before it was ultimately destroyed by Goku over three decades prior. [ a ] Magenta and his assistant Staff Officer Carmine seek to recruit Dr. Gero 's surviving grandson Dr. Hedo, a superhero-obsessed mad scientist who was released from prison after serving a lengthy sentence for grave robbing . Despite his initial reservations, Hedo accepts the offer after Magenta convinces him that Bulma 's Capsule Corporation is an evil organization, which is bent on world domination. While Goku, Vegeta , and Broly are training under Whis on Beerus ' planet, Piccolo is annoyed over Gohan wasting his potential while training the latter's daughter Pan . Piccolo is attacked by a Red Ribbon android Gamma 2, but manages to evade the android and follows him to the Red Ribbon Army's base. Piccolo disguises himself as a soldier to infiltrate a meeting, where he learns that Gamma 1 and 2 were created by Hedo to defeat Capsule Corporation and their superpowered allies. Hedo also reluctantly used his grandfather's schematics on Cell to create an improved version, known as Cell Max. Piccolo asks Bulma to make contact with Whis to alert Goku and Vegeta to the threat, but she is unable to reach him, so Piccolo asks Shenron to unlock his full potential, while Bulma uses the remaining two wishes for a butt lift and longer eyelashes. However, after Shenron leaves, Piccolo and Bulma realise they could've used the dragon balls to wish for Goku and Vegeta to be brought back to Earth. After getting into an argument with Bulma, Piccolo goes back to the Red Ribbon Army's base, where he learns of Magenta's scheme to kidnap Pan in order to lure Gohan into a trap. Piccolo volunteers himself for the kidnapping and after Pan finishes school, he directs Pan to play along. Enraged upon learning of Pan's abduction, Gohan is finally pushed over the edge, getting to the point where he transforms into Super Saiyan and launches a full-scale assault on the Red Ribbon base. He then fights Gamma 1 in his normal and Super Saiyan forms and when he sees Piccolo pretending to hurt Pan (much to his shock and Gamma 2's anger), he transforms into his ""Ultimate"" form to overpower Gamma 1, while Piccolo faces Gamma 2 again. Piccolo's full potential manifests in a new form dubbed ""Orange Piccolo"" and finally pushes Gamma 2 over the edge to the point he starts yelling at him in...","",""
"610253","Halloween Kills","2021","Michael manages to free himself from Laurie Strode's trap to resume his ritual bloodbath. As she fights for her life from injuries from their last encounter, she inspires her daughter Karen, her granddaughter Allyson, and all of Haddonfield to rise up against the unstoppable monster.  [PLOT] Plot On Halloween night in 2018, after being stabbed and left to die by Dr. Ranbir Sartain, [ a ] Frank Hawkins is found by Cameron Elam, who calls an ambulance. Hawkins regrets allowing Michael to live, and vows to kill him. In a flashback to the same night 40 years ago, [ b ] rookie police officer Hawkins accidentally shoots his partner dead while trying to save him from Michael Myers . Hawkins also prevents Dr. Samuel Loomis from executing Michael, who had surrendered to police outside his home. Back in the present, at a local bar, Tommy Doyle commemorates the 40th anniversary of Michael's capture, along with fellow survivors, Marion Chambers, Lindsey Wallace, and Cameron's father, Lonnie Elam, having each survived an encounter with Michael in 1978. Meanwhile, Laurie Strode , her daughter, Karen, and her granddaughter, Allyson, are taken to Haddonfield Memorial Hospital, where Laurie undergoes emergency surgery. Firefighters responding to Laurie's burning house encounter Michael, who slaughters them with their own equipment. Michael attacks and kills Laurie's neighbor, Phil, and critically injures his wife, Sondra, before walking back to Haddonfield. Tommy, Marion, Lindsey, and Lonnie learn of Michael's killing spree through an emergency alert. Tommy forms a mob of vengeful Haddonfield residents to hunt down and kill Michael. Karen is informed that Michael is still alive and withholds that information from Laurie to allow her to recover, while Allyson reconciles with Cameron, her ex-boyfriend and joins Tommy's mob to avenge her own father's death. While warning the Haddonfield community to stay inside their houses, Marion, and bar patrons, Vanessa and Marcus, are killed by Michael. Lindsey escapes and is found alive by Tommy, Lonnie, Allyson, and Cameron. The group map out Michael's path and his victims' location and deduce that he is heading towards his childhood home. Tommy takes Lindsey to the hospital and reunites with former Haddonfield sheriff, Leigh Brackett, whose daughter, Annie , was killed in 1978, [ b ] and informs Laurie about Michael's survival. Across town, Michael murders the current owners of his former home, Big John and Little John, as Laurie prepares to leave the hospital. Lance Tivoli, a fugitive convict from Smith's Grove Psychiatric Hospital, who escaped alongside Michael when their bus crashed, [ a ] arrives and is mistaken for Michael. Tommy's mob pursue him through the hospital before Karen realizes that he is not Michael....","",""
"610266","1st Rank Raju","2019","Raju, an engineering student is obsessed with academics until he is thrown into the real world where he stumbles and tries to learn some very important life lessons.  [PLOT] Plot Shobhan Babu decides to raise his son Raju to become a topper. Throughout his childhood, Raju is indoctrinated with the belief that general knowledge is worthless before book knowledge. He becomes a topper throughout school and college but lacks common sense and social skills. Nevertheless, a girl named Shruthi becomes interested in him and takes him out on dates. Shruthi confesses her feelings for Raju one month later, but the latter scorns her because he is obsessed with obtaining first rank. During a campus placement, one of the interviewers, Mr. Parthasarathy, rejects Raju, highlighting the latter's neurotic personality. Raju is dejected, and his father vows to transform him into a trendy guy. To that end, his parents prepare a list of activities he has to do before graduating. Consequently, Raju befriends delinquent students, and Shruthi once more loves him. However, he is conflicted about cheating all of them to get a job. To complete the final activity, which is getting Shruthi to propose to Raju, his parents plan a fake birthday party. However, some delinquents, jealous of Raju, engineer an unfavorable situation which leads to conflicts. Afterward, they expose the schemes of Raju's parents, and Raju falls out of favor. Disillusioned by the series of events, Raju realizes that friendship and love are not syllabus, but sentiments that should not be toyed with. He sheds his image and decides to travel alone while exploring the world around him. One day, while relaxing near a river, Raju witnesses a young boy attempting suicide. Raju rushes the boy to the hospital, but the latter dies en route. The boy's suicide note states that he was interested in cricket, but everyone around him pushed him to study against his will. Raju confronts the school principal and has an altercation with him, gaining media attention. In the end, Raju states that education is not a business and that life's lessons are extremely important. Raju returns and reconciles with his friends. He turns down Parthasarathy's job offer but thanks him for inspiring him. Many years later, Raju and Shruthi are married. He watches a man pointing at a company campus and telling his son to achieve the first rank so that he may earn a place there. Raju approaches the boy and tells him that while hard work may earn him a job, following his heart will earn him an entire business. The father tells Raju not to say such things, but Raju points out that he owns the company before him.","",""
"611054","Gaddalakonda Ganesh","2019","Abhi wants to make a feature film with an antagonist as his lead and finds the perfect muse in the ruthless Gaddalakonda Ganesh. How he finally manages to make his debut forms the crux of the tale.  [PLOT] Plot Lecturer Shekhar / Nani explains the behavior of old people and talks about his mother Baby. She works in a canteen of her own in the same college which is co-owned by her childhood friend Pasupuleti Kanakaraj / Chanti. At a young age, she dreams of becoming a great singer, which does not come true. Right now, she aspires her grandson Ramakrishna “Rocky” to fulfill her goal. However, her relationship with her daughter-in-law Madhavi does not run on good terms. Things get worse when Madhavi gets a heart attack and does not want to live with Baby. Even the doctors suggest the same. Being cognizant of it, heartbroken, Baby leaves the house and accuses God of her fate. On the way, Rocky calls her for his first music performance at an exhibition where God appears in the form of a saint, presents her with a statue of Lord Ganesha, and says it will change her fate. Nevertheless, she finds a photo studio and enters with the hope of getting a good photograph as she would like to have a beautiful photo of hers to be published in the newspaper after her death. The same person appears as the photographer and promises to get back her beauty, after taking the picture. Astoundingly, she turns into herself when she was 24-years-old. Looking at it, she becomes bewildered when God appears, while praising Lord Shiva and tells her that this new life is given to fill her with joy and enlightenment. Thereafter, she accommodates herself in Chanti's house changing as Swathi, starts a new life, and also teams up with her grandson Rocky and becomes a part of the band. Meanwhile, Chanti realizes that Swathi herself is Baby and supports her at every step. Soon, Vikram, the head of the music company, likes Baby / Swathi's voice and gives her band an opportunity. Swathi supports Rocky throughout and encourages him to be better. Vikram and Swathi begin spending a lot of time together, and she too starts taking an interest in him. After a lot of romantic comedy, Vikram proposes to Swathi when she is completely under dichotomy. At the same time, Chanti learns that if Baby loses her blood, she again turns into an old lady. At last, in the D-day finale of the competition, Rocky, unfortunately, meets with an accident, yet Baby participates and acquires the triumph. Immediately, Baby / Swathi rushes to the hospital leaving a letter for Vikram, convincing him to remember her acquaintance as a sweet memory and always be smiling. By this time Nani also realizes that she is his mother. But...","",""
"611291","Bring the Soul: The Movie","2019","A glimpse into K-pop group BTS’ world away from the stage, featuring intimate group discussions alongside spectacular concert performances from their world tour.  [PLOT] Plot In the 1890s, Ephraim Winslow begins a four-week stint as a ""wickie"" ( lighthouse keeper ) on an isolated island off the coast of New England, under the supervision of former sailor Thomas Wake. In his quarters, Winslow discovers a small scrimshaw of a mermaid and keeps it in his jacket. Wake immediately proves to be very demanding, subjecting Winslow to taxing jobs such as emptying chamber pots , maintaining the machinery, carrying heavy kerosene tanks up the stairs, and painting the lighthouse, while barring Winslow from the lantern room. Winslow observes that, every night after ascending the lighthouse, Wake disrobes before the light. During his stay on the island, Winslow begins to hallucinate sea monsters and logs floating in the sea, and masturbates to the mermaid on the scrimshaw. Winslow is bothered by a one-eyed gull , but Wake warns him against killing it under the superstitious belief that gulls are reincarnated sailors. One evening while dining, Wake reveals to Winslow that his previous wickie died after losing his sanity, while Winslow reveals that he is a former timberman from Maine who was stationed in Canada and is now seeking a new trade. The day before the scheduled departure, Winslow discovers a dead gull inside the cistern , bloodying the drinking water. He is attacked by the one-eyed gull and brutally bludgeons it to death. The wind drastically changes direction and a fierce storm hits the island. Winslow and Wake spend the night getting drunk, and the storm prevents the lighthouse tender from collecting them the next day. As Winslow empties the chamber pots, he discovers the beached body of a mermaid, which waves and howls at him. He flees back to the cottage, where Wake informs him the storm has spoiled their rations. Winslow is not worried because he thinks the tender is only a day late, but Wake says that they have already been stranded for weeks. The pair unearths a crate at the lighthouse's base that Winslow assumes contains reserve rations, but it is full of bottles of alcohol. As the storm continues to rage, Winslow and Wake get drunk every night and alternate between moments of intimacy and hostility. One night, Winslow tries unsuccessfully to steal the lantern room keys from Wake and contemplates murdering him. Winslow later sees the one-eyed head of Wake's previous wickie in a lobster trap . While drunk, Winslow confesses to Wake that his real name is Thomas Howard, and he assumed the identity of Ephraim Winslow, his...","",""
"611383","You Will Be a Man","2018","This documentary is about sexism and masculinity. It’s also a journey through reflections on male condition, an attempt to strip away beliefs, myths and prejudices about masculinity. Why is there violence against women? We try to answer that by the hand of a former pimp trapped by his past and an artist, son of a prostitute, who transforms his pain into provocative performances. In parallel, the class of a high school teacher and a team of publicists become debate scenarios on the same theme, while interspersed reflections of several influential men who address the issue of masculinity from multiple points of view. A rich and complex approach that invites us to reflect on our own gender related education and socialization.  [PLOT] Plot Soo-ah left behind an unbelievable promise, to return on a rainy day, before she died. One year later, during a summer monsoon , Soo-ah suddenly reappears, looking exactly as she did before she left this world. However, she has no memory of Woo-jin or their past together. While Woo-jin is simply overjoyed to have her by his side again, Soo-ah grows curious about the love story she cannot remember. As Woo-jin recounts their first meeting, first love, first date, and their happiest moments together, Soo-ah finds herself falling in love with him all over again.","",""
"611914","The Courier","2019","Ezekiel Mannings, a vicious crime boss, is out to kill Nick, the lone witness set to testify against him. He hires a mysterious female motorcycle courier to unknowingly deliver a poison-gas bomb to slay Nick, but after she rescues Nick from certain death, the duo must confront an army of ruthless hired killers in order to survive the night.  [PLOT] Plot Ezekiel Mannings, a wealthy businessman and notorious crime lord who is under house arrest in New York , seeks the elimination of Nick Murch, the only witness who can tie him to a murder. Murch is sequestered in a heavily guarded safe room in London in order to give evidence against Mannings over a video link to the United States . An unnamed female courier and former special ops soldier delivers a package to the safe room, unaware that the package contains a cyanide gas weapon intended to kill Nick. She rescues Nick from the attack and discovers that his protection detail has been compromised. The two are trapped in an underground parking garage full of heavily armed men who have been sent to finish the job. The assassins have an hour to find and kill Nick and the courier before police backup arrives, but she kills all of them in a brutal battle and transports a gravely wounded Nick to a hospital. He survives to testify against Mannings.","",""
"613504","After We Collided","2020","Tessa finds herself struggling with her complicated relationship with Hardin; she faces a dilemma that could change their lives forever.  [PLOT] Plot While reflecting upon his breakup with Tessa Young, Hardin Scott meets a homeless man, whom he rebuffs after the man tries to ask him a question. On her first day as an intern at Vance Publishing, Tessa shares an awkward encounter with coworker Trevor Matthews. Impressed with her work, Vance's owner Christian Vance takes Tessa, Trevor, and his secretary and girlfriend Kimberly to a Seattle -area work event. At a nightclub, Tessa and Trevor network with and impress a businessman considering an investment in Vance. Tessa drunk-dials Hardin, compelling him to track her down. He arrives at her hotel room to find a half-dressed Trevor (whose clothes were drying after Tessa accidentally spilt wine on them). Hardin kicks him out of the room, and she fights with him before they have sex. The next morning, Hardin and Tessa fight again before she and Trevor leave with Vance. He informs his interns that he has secured financing from the businessman. Tessa and Hardin each come to regret ending their relationship. When Tessa returns to the apartment she shared with Hardin to retrieve some belongings, he steps in with his mother Trish, who believes they are still dating. Tessa plays along and finds that she enjoys spending time with both of them. Trish reveals to her the source of Hardin's issues: he was traumatized after watching her get violently raped by men to whom his father Ken owed money when he was a boy. On the following day, her birthday, Tessa visits her mother Carol's and encounters her ex-boyfriend Noah. The two accidentally reveal that Tessa's long-lost father had come looking for her, but her mother had turned him away. Feeling betrayed, Tessa returns to Hardin's apartment and resumes their relationship. On Christmas Day , Hardin, Tessa, and Trish attend a holiday party at Hardin's dad Ken's. Furious at Ken's apparent willingness to forgive himself for his past misdeeds, Hardin gets drunk and assaults him. Tessa recounts the incident to Trevor, who warns her that her relationship with Hardin will not end well. Vance contacts Tessa to inform her that his company is expanding and moving to Seattle, so offers her a job there. On New Year's Eve , Tessa and Hardin attend a party hosted at a university frat house, where they reconnect with a number of their former college friends. Each misinterprets a conversation held by the other: Tessa assumes Hardin is cheating on her when she sees him asking for the forgiveness of another girl with whom he had...","",""
"613703","Kadaisi Vivasayi","2022","Maayandi, the only farmer in a village that has abandoned farming, is charged with a petty case that leads to his imprisonment.","",""
"614479","Insidious: The Red Door","2023","To put their demons to rest once and for all, Josh Lambert and a college-aged Dalton Lambert must go deeper into The Further than ever before, facing their family's dark past and a host of new and more horrifying terrors that lurk behind the red door.  [PLOT] Plot In 2019, nine years after his possession [ a ] , Josh Lambert's memories of his experience in The Further have been repressed. He is divorced from his wife Renai and his mother Lorraine has recently died. His relationship with his son Dalton who is now 19, has become strained and unpleasant, and he attempts to heal things between them while dropping him off at college but ends with them in a conflict. In his first art class, Dalton ends up drawing a picture of the red door used to enter The Further. Meanwhile, Josh begins being haunted by the spirit of a man, eventually discovering that it is his father Ben Burton who he believed abandoned his family when he was young. Dalton attends a frat party with his roommate Chris, where he sees the ghost of a student who is constantly vomiting. After accidentally going into The Further again, Chris shows Dalton a YouTube video by Specs and Tucker, explaining how astral projection works, which leads to a clip of Elise Rainier talking about The Further. Dalton attempts to astral project again while Chris watches over his body. Chris is then attacked by an unseen entity and her screams alert Dalton, who rushes back to his body and sees that it is the red-faced demon that tormented him as a child. After being warned by Chris to stop using his abilities, Dalton calls his brother, Foster, who tells about a recurring dream he used to have of Josh trying to kill them. This spurs Dalton's memory and he finishes his painting, which shows a possessed Josh in front of the red door. A distressed Dalton is pulled into The Further, back to when a possessed Josh attacked them in the basement. He tackles Josh as Josh attempts to kill the younger Dalton and ends up transported back to the lair of the red-faced demon. Josh begins researching his father and discovers that he killed himself while institutionalized in a mental hospital. He talks to Renai, who reveals the truth about what happened to their family a decade ago and that his father also had the ability to astral project but believed the things he saw were a result of mental illness. Foster shows them a photo of Dalton's painting he texted and they realize Dalton is in danger. Renai helps Josh to go back into The Further to rescue their son. With Dalton trapped in his lair, the demon possesses his body and attempts to kill Chris but is stopped when Josh manages to find and free Dalton. The demon chases them to the red door and Josh stays behind to keep it shut so Dalton...","",""
"614696","#Alive","2020","As a grisly virus rampages a city, a lone man stays locked inside his apartment, digitally cut off from seeking help and desperate to find a way out.  [PLOT] Plot Oh Joon-woo is alone in his family's apartment when zombies begin to attack and infect people outside. When he inspects the apartment hallway, a neighbor barges in. He begs to stay, but becomes a zombie and attacks Joon-woo. Joon-woo pushes him out and locks the door, then watches a large zombie attack his neighbor through the peephole. Joon-woo then receives messages from his parents telling him they are safe. Joon-woo blocks his front door with the fridge and posts a rescue request on social media. By attaching his phone to a drone, he scouts his neighborhood and realizes it is now overrun. Though the emergency power stays on, Joon-woo gradually loses access to phone networks, the internet, and running water. One night, Joon-woo sees zombies taking down a police officer outside. He screams at them, leading a zombie to break into the apartment and knock over the fridge, destroying the food. Joon-woo lures it into falling off the balcony. He resorts to drinking liquor to survive, but hallucinates about his family due to hunger and thirst. When the phone network is momentarily restored, Joon-woo receives a voicemail from his family recording their refuge being overrun. His rage causes him to leave the apartment and attack zombies, but when a horde attacks, he flees and barely manages to sneak back inside. Joon-woo attempts to hang himself, but stops when he sees a laser pointer 's light. The signal comes from Kim Yoo-bin, a survivor living in the opposite apartment building. Yoo-bin tries to set up a zip line between their apartments by tying a cable to her table and throwing the other end to Joon-woo, but it lands in the street. Joon-woo uses his drone to set up another line successfully, but an infected firefighter pulls on the first cable, causing Yoo-bin's table to fly across her apartment, knock her out, and lodge into her balcony railing. The zombie starts climbing the cable. Joon-woo distracts him by sacrificing his drone, giving Yoo-bin enough time to wake up and kill the zombie. Joon-woo raids his neighbor's unit for food, clothing, and walkie-talkies , narrowly avoiding his zombified neighbor. He sends a walkie-talkie to Yoo-bin, and the two talk and bond. Suddenly, the infected hordes become agitated and a nervous Yoo-bin accidentally knocks over a shelf. The noise causes zombies to converge at her door. Joon-woo distracts them by calling the unit adjacent to hers. Yoo-bin says the 8th floor of Joon-woo's apartment looks empty. The pair...","",""
"614917","King Richard","2021","The story of how Richard Williams served as a coach to his daughters Venus and Serena, who will soon become two of the most legendary tennis players in history.  [PLOT] Plot In 1952, 10-year-old Aretha Franklin lives with her father C.L. , pastor of Detroit's largest Baptist church, and her siblings Cecil, Erma , and Carolyn . Aretha's father often has her sing for parties at their home, while her mother Barbara , separated from C.L., encourages her independence. The predatory actions of a family friend, combined with the sudden death of Barbara, traumatize Aretha, who ceases to speak for weeks until her father demands that she sing at church. Seven years later, Aretha is a teen mother of two boys, but refuses to name their father. Touring as a gospel singer with family friend Martin Luther King Jr. , she meets local producer Ted White , but C.L. warns him to stay away. C.L. surprises Aretha with a meeting with Columbia Records executive John Hammond . She accepts a contract to record jazz standards, including "" Ac-Cent-Tchu-Ate the Positive ."" Four albums later, Aretha lacks a signature hit. At a club, she attempts to honor family friend Dinah Washington by performing one of Dinah's songs; Dinah is outraged, but advises Aretha to find songs that move her. Struggling with the controlling influence of her father, Aretha begins a relationship with Ted. She brings him home to meet her family and C.L. nearly shoots him. She announces Ted as her manager. Two years later, Ted and Aretha are married with a child. After nine albums with no real success, Aretha is dropped by Columbia. Ted secures a deal with veteran producer Jerry Wexler of Atlantic Records , who introduces her to the Muscle Shoals Rhythm Section in 1967. They record "" I Never Loved A Man (The Way I Love You) "", but afterwards Ted jealously beats her. Returning to Detroit with a black eye, Aretha reconnects with her family. Realizing her song has been released, becoming her first hit, Aretha takes a more hands-on role in her career. She makes her sisters her new backup singers and, despite their misgivings, reunites with Ted. Aretha and Carolyn are inspired to re-arrange Otis Redding 's "" Respect ""; their version becomes a No. 1 single, launching Aretha to stardom by her 25th birthday. At a Detroit concert, Dr. King honors Aretha for her support of the Civil Rights Movement, proclaiming February 16 ""Aretha Franklin Day"". She has another signature hit, "" (You Make Me Feel Like) A Natural Woman "", but her career is complicated by Ted's increasingly volatile behavior. Embarking on a European tour in 1968, Aretha is confronted with a Time magazine cover story about...","",""
"614930","Teenage Mutant Ninja Turtles: Mutant Mayhem","2023","After years of being sheltered from the human world, the Turtle brothers set out to win the hearts of New Yorkers and be accepted as normal teenagers through heroic acts. Their new friend April O'Neil helps them take on a mysterious crime syndicate, but they soon get in over their heads when an army of mutants is unleashed upon them.  [PLOT] Plot In New York State, news reporter April O'Neil investigates a crime wave by a group of criminals called the Foot Clan . At a dock at night, she sees the Foot raiding cargo containers. After an unseen vigilante attacks the thieves, April notices a symbol left behind. April's supervisor Bernadette Thompson and her coworkers are oblivious to her story. Later, while covering a charity event thrown by Sacks Industries, April expresses gratitude to the company's CEO Eric Sacks, who was her late father's lab partner. Frustrated by the vigilante, the Clan's leader Shredder has the Foot Soldiers take hostages at a subway station in order to draw him out. April, at the scene, becomes a hostage herself. Four mysterious figures arrive, take out the Clan, and free the hostages. April follows them to a rooftop and realizes that the vigilantes are anthropomorphic mutant turtles, causing her to pass out in shock. When she regains consciousness, they advise her not to tell anyone of their existence. As they leave, April hears Leonardo and Raphael 's names. April returns to her apartment and remembers ""Project Renaissance"", her father's science experiment, which involved four turtles named Leonardo , Donatello , Raphael , Michelangelo , and a mutated rat called Splinter . Unable to convince Bernadette of the Turtles' existence, April is dismissed. Her coworker Vern Fenwick drives her to Sacks' estate where she confides in him about her discovery. Sacks believes her and reveals that he and April's father had been experimenting on a mutagen created to cure disease, which was thought lost in the fire that killed her dad. At Splinter's behest, the Turtles bring April to their sewer lair. Splinter explains how April had saved them all from the fire and freed them into the sewer. The mutagen caused the five of them to grow and develop humanoid attributes. Splinter took on the role of their father, using April's father as an example. After finding a book on Ninjutsu in a storm drain, he proceeded to teach himself, then the Turtles, the fighting style. When April reveals she told Sacks about her discovery of the Turtles, Splinter informs her that Sacks was practically raised by the Shredder and works with him. Then, Shredder and the Foot Soldiers attack the lair, defeating Splinter and incapacitating Raphael while the other Turtles are captured. April comes out of hiding and she and Raphael plan to save the others. At Sacks' estate, he has the Turtles' blood drained in order...","",""
"614934","Elvis","2022","The life story of Elvis Presley as seen through the complicated relationship with his enigmatic manager, Colonel Tom Parker.  [PLOT] Plot Raised mostly by his doting mother Gladys, Elvis Presley spends his childhood in the slums of Tupelo, Mississippi , finding solace in music and comic books. After moving with his parents to Memphis, Tennessee , he is ridiculed by his peers due to his fascination with the African-American music of Beale Street . Colonel Tom Parker , at the time a carnival huckster , manages country singer Hank Snow but realizes Elvis' crossover potential when he hears "" That's All Right ,"" initially assuming that the artist is black. That night, after witnessing his intense sex appeal at a "" Louisiana Hayride "" performance, Parker invites Elvis to accompany him on a tour and convinces Elvis to let him take control of his career, which begins Elvis' meteoric ascent: he moves from Sun Records to RCA Records , his father Vernon is appointed as business manager of Elvis Presley Enterprises , and the family is lifted out of poverty. The regional public is polarized on Elvis. Feeling that his music will corrupt white children and stoke racial hostility, segregationist Southern Democrat Mississippi Senator James Eastland calls Parker to an informal hearing and probes his mysterious past. When Elvis flouts the authorities' warnings and performs suggestive dance moves at a concert, he faces legal trouble. Parker persuades the government to draft Elvis into the Army instead of penalizing him. Elvis returns from basic training only to be devastated by his mother's death from drinking. During his military service in West Germany , he meets 14-year-old Priscilla Beaulieu , the daughter of an Air Force pilot. After his discharge, he embarks on a film career and later marries Priscilla. As the popular culture of the 1960s passes Elvis by, the assassinations of Martin Luther King Jr. and Robert F. Kennedy in 1968 devastate him. Although he wants to become more politically outspoken in his music, Parker has booked a family-friendly Christmas television special where he will only perform frivolous feel-good songs. Elvis works with Steve Binder to re-imagine the special, and his performance, including the closing song "" If I Can Dream ,"" which incorporates not only a review of his past songs but also political commentary. Corporate sponsors threaten litigation, enraging Parker; however, the show is highly successful. Afterward, Elvis headlines at the largest showroom in Las Vegas in the International Hotel , and resumes concert tours. Parker's control of Elvis' life tightens as he...","",""
"615173","The Witch: Part 2. The Other One","2022","A girl wakes up in a huge secret laboratory, then accidentally meets another girl who is trying to protect her house from a gang. The mystery girl overthrows the gang with her unexpected powers, and laboratory staff set out to find her.  [PLOT] Plot Years ago, a female teenager is taking a bus ride with her friend when they mysteriously change routes. Gas is thrown into the bus, causing everyone inside the vehicle to lose consciousness. A team abducts the young woman who wakes up on a stretcher, seeing that the bus incident was faked to look like an accident. Dr. Baek and her twin reassure her, knowing that she is pregnant with fraternal twins , that her pregnancy will be mysteriously important. In the present day, a girl nicknamed Ark 1 escapes from a secret laboratory after killing all soldiers and scientists there. She gets lost in the forest, hearing her mother's voice calling her. She is then kidnapped by the henchmen of the dangerous gangster Yong-doo as they pass on the road in a van. Kyung-hee, another abductee, is there because she refuses to give up ownership of her house to Yong-doo. Along the way, the girl causes an accident after one of the henchmen ends up touching her. Kyung-hee takes the girl with her and calls her uncle for help. Her uncle performs surgery on Ark 1 to remove all the experimental devices from her skin. Kyung-hee ends up taking the girl with her to her house, where she lives with her brother, Dae-gil. Meanwhile, Dr. Baek receives a visit from Jang, the head of the secret institute. They both talk about the girl who escaped at the Jeju Island coastal base, where Jang deploys a tactical team to solve the problem secretly. At night, Yong-doo and his gang threaten Kyung-hee into giving him the deed to her father's property, revealing that he was murdered by Yong-doo. The girl appears and defeats most of the henchmen with her brute strength, causing Yong-doo to flee in terror. An agent named Jo-hyeon and her right hand man, Tom, are called in to speak with Baek, who offers them a device that can track Ark 1. Yong-doo, not happy with what happened, tortures Kyung-hee's uncle for more information about the girl. During the trip to the market, Kyung-hee discovers that her uncle is injured and goes out to help him. When she returns to the car, she finds Jo-hyeon and Tom, who shows footage of the girl killing everyone before the escape and asks her to help them stop Ark 1. Yong-doo meets with Jang's squad when reporting the girl's presence to his partners in crime, where he ends up receiving a dose of their power in exchange for revealing the location of the girl. Kyung-hee arrives home with instructions to leave with her brother as soon as a fireworks show takes place, but...","",""
"615457","Nobody","2021","Hutch Mansell, a suburban dad, overlooked husband, nothing neighbor — a ""nobody."" When two thieves break into his home one night, Hutch's unknown long-simmering rage is ignited and propels him on a brutal path that will uncover dark secrets he fought to leave behind.  [PLOT] Plot Hutch Mansell sits inside an interrogation room, heavily bruised and injured. Two FBI agents interrogate him about his identity; Hutch responds that he is simply ""nobody"". In a flashback, Hutch leads an ordinary, mundane life as an office worker with his emotionally estranged wife Becca, teenage son Brady, and young daughter Sammy. One night, two thieves break into their house with a gun. Brady and Hutch confront them, but Hutch does not attack them despite being armed with a golf club, and the thieves depart with Hutch's watch and some loose cash. Everyone thinks Hutch is a failure for not fighting, but he reveals to his brother Harry that he held back because he knew the burglar's gun was unloaded. His brother-in-law, Charlie, offers Hutch a gun for protection, which he initially refuses. Hutch offers to buy out his father-in-law Eddie's business, but Eddie considers it a bad offer. The following evening, Sammy realizes her cat bracelet is missing, so Hutch sets out to find it. Suspecting one of the thieves took it when they grabbed the cash from a bowl, he tracks them down. He recognizes one by a wrist tattoo and demands they return the bracelet, but leaves after realizing they do not have it and were likely robbing to pay for their infant's medical bills. While on a bus heading home, a group of intoxicated thugs boards the bus and begins harassing a young woman; Hutch calmly but brutally fights them off. Unbeknownst to him, the group's leader, Teddy, is the brother of Yulian Kuznetsov, a Russian crime lord safeguarding the mob's obshchak money (a common treasury used to settle disputes in the Russian mafia ). During the fight, Hutch breaks Teddy's windpipe before performing a crude cricothyrotomy with a straw to allow him to breathe, but he falls into a coma and has permanent brain damage, enraging Yulian. Hutch returns home and is bandaged by Becca, who knows of his past. He vents his frustrations about living a mundane life to her before they reaffirm their love for one another. Meanwhile, Yulian manages to identify and locate Hutch using his dropped metro card , and sends a team of mobsters to his home to capture him while blackmailing a United States Department of Defense official to uncover Hutch's past. Harry calls Hutch to warn him of Teddy's connection to Yulian and suggests he check with the Barber, Hutch's former government handler. When the mobsters arrive, Hutch hides his family and kills most of the attackers, but is tased and...","",""
"615656","Meg 2: The Trench","2023","An exploratory dive into the deepest depths of the ocean of a daring research team spirals into chaos when a malevolent mining operation threatens their mission and forces them into a high-stakes battle for survival.  [PLOT] Plot Five years after the events of the first film , Jonas Taylor has been involved in fighting environmental crimes while helping Mana One explore the Mariana Trench , where the Megalodon had been found. Following the death of Jonas' wife Suyin Zhang, he has been raising her teenage daughter Meiying alongside her uncle, Suyin's brother, Jiuming Zhang, who acquired his father's company with financial backing from wealthy industrialist Hillary Driscoll. Mana One has been studying an 80 ft (24 m) female Meg called Haiqi who was discovered as a pup and trained by Jiuming in a reserve in Hainan . Jonas and Jiuming lead a routine submersible exploration to the Trench. Fellow Meg survivors DJ and Mac observe them from Mana One. On the way down, the subs are pursued by Haiqi, who escaped captivity the previous night. The subs dive through the thermocline in an attempt to escape but Haiqi forces her way down through it anyway. Down below, they encounter two much larger Megs, a massive alpha male and a beta male, who mate with Haiqi. Jiuming realizes that Haiqi had been acting strange because it is mating season ; she was calling the other Megs to mate. Venturing further down, the team stumbles across an illegal oceanic mining operation captained by mercenary Montes, who has a vendetta against Jonas for his imprisonment some time before. Montes' crew was hired by the corrupt Driscoll to use Mana One's access to the Trench to mine rare-earth minerals that could earn them billions. Montes kills his crew in an explosion to cover up their activities, which causes a rupture in the Trench and grounds the team's ships. DJ, Mac, and Mana One analyst Jess discover that the rescue pod has been sabotaged, forcing the crew to use exosuits to walk toward Montes' station, with only four of them surviving the journey. Jess reveals herself as a traitor and attempts to remotely kill the four, but they escape in a submersible. As the crew surfaces, they discover that the rupture from earlier has caused several Trench creatures, including the three Megs, lizard-like creatures known as Snappers and a giant octopus to escape to the surface. Jess is devoured by a Meg; Jonas’ team escapes to a nearby resort, Fun Island. Driscoll, Montes, and the mercenaries arrive at Fun Island to kill Jonas' crew, but are attacked by the Snappers, who eat Driscoll. As the Megs and octopus attack, Jonas kills the beta Meg and knocks Montes into the mouth of the alpha Meg to be eaten when Montes attacks...","",""
"615777","Babylon","2022","A tale of outsized ambition and outrageous excess, tracing the rise and fall of multiple characters in an era of unbridled decadence and depravity during Hollywood's transition from silent films to sound films in the late 1920s.  [PLOT] Plot .mw-parser-output .ambox{border:1px solid #a2a9b1;border-left:10px solid #36c;background-color:#fbfbfb;box-sizing:border-box}.mw-parser-output .ambox+.mw-empty-elt+.ambox,.mw-parser-output .ambox+.mw-empty-elt+.mw-empty-elt+.ambox,.mw-parser-output .ambox+.mw-empty-elt+.mw-empty-elt+.mw-empty-elt+.ambox{margin-top:-1px}html body.mediawiki .mw-parser-output .ambox.mbox-small-left{margin:4px 1em 4px 0;overflow:hidden;width:238px;border-collapse:collapse;font-size:88%;line-height:1.25em}.mw-parser-output .ambox-speedy{border-left:10px solid #b32424;background-color:#fee7e6}.mw-parser-output .ambox-delete{border-left:10px solid #b32424}.mw-parser-output .ambox-content{border-left:10px solid #f28500}.mw-parser-output .ambox-style{border-left:10px solid #fc3}.mw-parser-output .ambox-move{border-left:10px solid #9932cc}.mw-parser-output .ambox-protection{border-left:10px solid #a2a9b1}.mw-parser-output .ambox .mbox-text{border:none;padding:0.25em 0.5em;width:100%}.mw-parser-output .ambox .mbox-image{border:none;padding:2px 0 2px 0.5em;text-align:center}.mw-parser-output .ambox .mbox-imageright{border:none;padding:2px 0.5em 2px 0;text-align:center}.mw-parser-output .ambox .mbox-empty-cell{border:none;padding:0;width:1px}.mw-parser-output .ambox .mbox-image-div{width:52px}@media(min-width:720px){.mw-parser-output .ambox{margin:0 10%}}@media print{body.ns-0 .mw-parser-output .ambox{display:none!important}} This film's plot summary may be too long or excessively detailed . Please help improve it by removing unnecessary details and making it more concise. ( August 2026 ) ( Learn how and when to remove this message ) In 1926 Bel Air , Mexican immigrant Manuel ""Manny"" Torres helps transport an elephant to a bacchanal at the mansion of his employer, Kinoscope Studios boss Don Wallach. Amidst the libertine event rife with sex, jazz, and cocaine, Manny becomes infatuated with Nellie LaRoy, a wide-eyed, hedonistic ""star"" from New Jersey . They bond over their shared desires of becoming big-name players in Hollywood . Also attending are Chinese American lesbian cabaret -singer Lady Fay Zhu, African American jazz trumpeter Sidney Palmer, and oft-married silent film star Jack Conrad. Afterwards, Manny helps carry away young actress Jane Thornton, who overdosed on drugs while engaging in urolagnia with another actor, by having the elephant walk through to distract partygoers. The flamboyantly-dancing Nellie is spotted and swiftly recruited to replace Jane in a Kinoscope...","",""
"616037","Thor: Love and Thunder","2022","After his retirement is interrupted by Gorr the God Butcher, a galactic killer who seeks the extinction of the gods, Thor Odinson enlists the help of King Valkyrie, Korg, and ex-girlfriend Jane Foster, who now wields Mjolnir as the Mighty Thor. Together they embark upon a harrowing cosmic adventure to uncover the mystery of the God Butcher’s vengeance and stop him before it’s too late.  [PLOT] Plot Gorr and his daughter, Love , the last of their race, struggle in a barren desert. Despite their prayers to their god, Rapu, Love dies. The god-killing Necrosword calls to Gorr, leading him to Rapu's lush realm. After Rapu cruelly mocks and dismisses Gorr's plight, he renounces the god, causing Rapu to start strangling him. The Necrosword offers itself to Gorr, who kills Rapu with it and vows to kill all gods . Gorr is granted the ability to manipulate shadows and produce monsters, but is cursed with impending death and corruption under the sword's influence. Thor has joined the Guardians of the Galaxy after the Avengers ' battle against Thanos . [ a ] He learns of a distress signal from Sif , so he parts ways with the team. He finds an injured Sif, who warns that Gorr's next target is New Asgard . Meanwhile, Dr. Jane Foster , Thor's ex-girlfriend, has been diagnosed with stage four terminal cancer . With medical treatment proving ineffective, she travels to New Asgard hoping that Thor's hammer Mjolnir , which was previously fractured by Hela , [ b ] might heal her. Due to an enchantment Thor unknowingly placed on it years earlier to protect Foster, Mjolnir reforges and bonds itself to her. Thor arrives in New Asgard just as Gorr's attack begins. Thor is surprised to find Foster wielding Mjolnir, but teams up with her, Valkyrie , and Korg to fight Gorr. The group thwarts Gorr, but he escapes, kidnapping numerous Asgardian children and imprisoning them in the Shadow Realm. The group travels to Omnipotence City to warn the other gods and ask for their help in creating an army. The leader of the gods, Zeus , is unwilling to help, thinking they can remain safe and hidden from Gorr in the city; he also believes that Gorr will not be able to achieve his stated goal of visiting the realm of Eternity , where he will be granted one wish, presumably to destroy all gods. As a security precaution, Zeus orders the group's capture to prevent them from exposing the city's location to Gorr. When Zeus injures Korg, Thor impales Zeus with his thunderbolt, which Valkyrie steals before they escape to confront Gorr in the Shadow Realm. On the way, Thor learns of Foster's cancer diagnosis. The group arrives at the Shadow Realm but are unable to locate the children. Foster sees ancient drawings that depict Thor's battle-axe Stormbreaker as a way to summon the Bifrost to enter Eternity, and deduces the trap laid out by Gorr. She throws away Stormbreaker to prevent Gorr from...","",""
"616670","Life Is Beautiful","2022","Suddenly learning she is terminally ill, Se-yeon asks her husband, Jin-bong the absurd task of helping her find her first love, and he unwillingly joins her search. Along their journey, Se-yeon and Jin-bong are reminded of the most glittering, beautiful moments of their lives.  [PLOT] Plot Se-yeon, who has dedicated herself to her blunt husband Jin-bong and their indifferent children, realizes that she does not have much time left. Saddened by a life filled with uncertainty and unfulfilled dreams, she makes an unusual request for her final birthday to find her first love, who suddenly came to mind, as her last birthday present. Reluctantly, Jin-bong agrees to embark on this quest, driven by his wife's insistence. With nothing but three names and no real leads, the couple sets off on a journey across the country. As they bicker and banter along the way, they also rediscover the precious moments of their shared past.","",""
"616747","Haunted Mansion","2023","A woman and her son enlist a motley crew of so-called spiritual experts to help rid their home of supernatural squatters.  [PLOT] Plot In New Orleans , Ben Matthias, an astrophysicist developing a camera to detect dark matter, marries Alyssa, a tour guide for the city's famously haunted places. Following Alyssa's death in a car crash, a despondent Ben gives up his career and continues to run her tour, despite his disbelief in the supernatural. Meanwhile, widowed doctor Gabbie and her son Travis move into the abandoned Gracey Manor, planning to turn the mansion into a bed and breakfast , only to discover that it is infested with ghosts . Father Kent, an exorcist helping Gabbie, hires Ben to photograph Gracey Manor's ghosts. Unable to find any evidence, he returns home and is haunted by a ghost of a mariner , forcing him to return to the mansion as he learns that the others have fallen victim to hauntings as well. They recruit psychic Harriet and steal the mansion's blueprints from historian Professor Bruce Davis. The group finds a hidden séance room where Harriet contacts the spirit of William Gracey, who writes a message instructing them to talk to legendary medium Madame Leota. A malevolent entity forces Harriet out of the house, while Bruce arrives and is forced out as well. The group stays at the mansion, searching for Leota. In the attic, Ben runs afoul of ghostly bride Constance Hatchaway and finds a locked trunk containing a crystal ball holding Leota herself. She discloses that Gracey recruited her to contact the spirit of his late wife every night for an entire year, resulting in the mansion's ghosts taking up residence. A malevolent spirit later tricked Gracey into committing suicide and trapped Leota inside her crystal ball; having acquired 999 souls throughout the years, the spirit needs one more in order to escape from the mansion. When Harriet performs an astral projection , Ben is sent out of his body instead and encounters Gracey's ghost and the malevolent spirit, whose head disappears and reappears within a hat box they carry . A police sketch artist draws the ghost, allowing the group to identify him as Alistair Crump, a wealthy heir who was shunned by his father and high society; after his father's mysterious death, a vengeful Crump lured his fellow socialites to their deaths while developing an obsession with the occult , until he was assassinated by his much-abused staff. Crump seals the mansion but Ben, Kent and Travis escape to his family home, where the mariner leads them to Crump's hat to use in a banishment ritual. Returning to Gracey Manor, Kent confesses...","",""
"616820","Halloween Ends","2022","Four years after the events of Halloween in 2018, Laurie has decided to liberate herself from fear and rage and embrace life. But when a young man is accused of killing a boy he was babysitting, it ignites a cascade of violence and terror that will force Laurie to finally confront the evil she can’t control, once and for all.  [PLOT] Plot On Halloween night in 2019, 21-year-old Corey Cunningham babysits a young boy named Jeremy Allen who pulls a prank on him by locking him inside the attic. Just as Jeremy's parents come home, Corey kicks the door open and accidentally knocks Jeremy over a staircase railing to his death. Corey is arrested for aggravated manslaughter , but is cleared by the judge. Nonetheless, Corey is made an outcast by the citizens of Haddonfield, Illinois . Four years later, Haddonfield is still reeling from the aftermath of Michael Myers 's latest killing spree in 2018, [ a ] while Michael has vanished. Laurie Strode is writing a memoir and living with her granddaughter Allyson. Meanwhile, Corey is working at his stepfather's salvage yard. On his way home one day, he is accosted by high school bullies and injures himself in the process. Laurie, having witnessed the incident, brings Corey to the doctor's office where Allyson is working herself. Allyson and Corey agree to a date at a Halloween party, where Corey is confronted by Mrs. Allen when she recognizes him. Corey leaves the party and runs into the bullies who throw him off a bridge. Unconscious, he is dragged into the sewers where Michael resides and is choked by him, but Michael eventually lets him go. As he crawls out, Corey is threatened by a homeless man. In a struggle, Corey stabs the man to death and flees. During a dinner date, Corey and Allyson are harassed by her ex-boyfriend, an officer who previously arrested Corey for Jeremy's death. Corey later retaliates by luring him into the sewer to be killed by Michael. Soon after, Allyson is passed over for a promotion at work, in favor of a nurse who is having an affair with the doctor. When Corey finds out about this, he kills the doctor at his home while Michael kills the nurse. Allyson, unaware of Corey's murders, plans to leave Haddonfield with an insistent Corey to escape their trauma. Speaking with Jeremy's father, Laurie realizes Corey is ""infected"" by Michael's evil, but her wariness fractures her and Allyson's relationship. On Halloween day, Corey, after sleeping in the spot where Jeremy died, finds himself confronted by Laurie, who offers help on the condition he ends things with Allyson, only for Corey to rebuke her and state that if he cannot have Allyson, no one will. Corey returns to the sewers where he overpowers Michael for his mask. Corey embarks on a rampage, murdering the bullies after luring them to the salvage yard, one of whom...","",""
"617126","The Fantastic 4: First Steps","2025","Against the vibrant backdrop of a 1960s-inspired, retro-futuristic world, Marvel's First Family is forced to balance their roles as heroes with the strength of their family bond, while defending Earth from a ravenous space god called Galactus and his enigmatic Herald, Silver Surfer.  [PLOT] Plot Dr. Reed Richards , along with his friend, Ben Grimm , convinces Dr. Victor von Doom , CEO of Von Doom Industries, to allow him access to his space station to test the effects of exposure to clouds of cosmic energy on biological samples. Victor agrees and recruits his chief genetics researcher (and Reed's ex-girlfriend) Susan Storm and her reckless brother Johnny Storm . They arrive in space to study the cosmic clouds, but the clouds arrive ahead of schedule. Reed, Susan, and Johnny leave the shielded station to rescue Ben, who is out on a spacewalk to place the samples, while Victor closes the shields behind them to protect himself. The storm breaks through the station and strikes the four. They return home but soon begin to develop strange powers. Reed can stretch like rubber, Susan can become invisible and create force fields, Johnny can engulf himself in fire, and Ben becomes a large, rock-based creature with superhuman strength and durability. Victor, meanwhile, faces backlash from his stockholders over publicity surrounding the failed mission. On the Brooklyn Bridge , Ben accidentally causes a traffic pile-up while stopping a man from committing suicide. The four use their powers to contain the damage and save lives. While the public cheers them for their efforts, Debbie (Ben's fiancée) arrives to silently end their engagement, unable to accept him for his condition. Reed vows to a heartbroken Ben to reverse the effects. The media dubs them ""The Fantastic Four,"" and Victor exploits the news story to his stockholders, but they decide to pull out of Von Doom Industries. The four move into Reed's lab in the Baxter Building to study their abilities and work on finding a cure. Victor offers his support in their efforts but blames Reed for the mission's failure. Reed plans to construct a machine to re-create the storm and reverse their conditions. However, Johnny refuses to cooperate, insisting they should just embrace their powers. Meanwhile, Victor, also affected by the storm due to the shields' malfunction, begins mutating into organic metal capable of producing electricity, and plots to use his new powers to take revenge. Victor drives a wedge between Ben and Reed, prompting Ben to walk out in a rage. This motivates Reed to attempt the machine on himself, but he cannot generate enough power to push the storm to critical mass. Victor hears this and brings Ben to the lab. Ben is placed in the machine, and Victor uses his abilities to produce the...","",""
"617502","Jolt","2021","A bouncer with an anger management problem goes on a furious and resentful rampage after the murder of a friend.","",""
"617569","Youngest Aunt","2019","Mi-yeong's boyfriend, Joon-cheol, works at a meat restaurant. On the first day, he is shocked by how Mi-yeong's youngest aunt, Seo-yeong, was so young and sexy back in the day. He captures Seo-yeong's attention, as he's so good at his job. Then one day, Seo-yeong and Joon-cheol have a drink after work and Seo-yeong seduces Joon-cheol, who she's been eyeing for a while...  [PLOT] Plot Bullied as a teen, businesswoman Jordan Sanders has become the bully as she runs her own tech company with an iron fist and treats her employees very poorly. After she behaves rudely towards a child using a toy magic wand, the child wishes that Jordan was a kid again. The wish comes true the next morning when Jordan wakes up as her 13-year-old self. With her assistant April Williams temporarily taking over the company, Jordan is forced to return to the school where she was previously bullied. Because Jordan is now a ""minor"", April poses as her aunt. At school, Jordan is introduced to her teacher, Mr. Marshall, whom she develops a crush on. Once again the target of bullies, Jordan befriends three other outcasts - Isaac, Raina, and Devon. Meanwhile, April has difficulty keeping everyone's attention at work without Jordan's authority to back her up. At a restaurant, Jordan and April have dinner, bonding over their personal lives. Jordan loudly sings Rose Royce 's "" I'm Goin' Down "" while intoxicated, embarrassing April. Despite her embarrassment, April sings along with Jordan, ending with Jordan accidentally pulling off a man's weave. Meanwhile, the company's biggest client threatens to move to a competitor if the firm doesn't pitch him a great idea for a mobile app. Unable to reach Jordan before they pitch, April presents an original idea, ""Discover Eyes"", that Jordan had previously blocked her from pitching. Jordan is upset with April for this, they argue, and April quits her job. After Jordan realizes how terrible she's been to April and everyone who cares about her, she helps her friends at school perform at a pep rally . At first, they are booed by the crowd, but after a successful performance, they earn a round of applause and the respect of their peers. April finds the girl who turned Jordan into a girl and asks that she turn her back to normal; the attempt seemingly fails. Jordan, having changed inside, vows to be a better friend to April. Jordan wakes up the next morning restored to her adult self and returns to work with a respectful and positive attitude towards her employees. After several rejections, April's pitch scores a huge client. Jordan throws the company a party to celebrate the company's success with April's pitch, and April is given a well-deserved promotion to Creative Executive.","",""
"617653","The Last Duel","2021","King Charles VI declares that Knight Jean de Carrouges settle his dispute with his squire, Jacques Le Gris, by challenging him to a duel.  [PLOT] Plot While the plot of the film is portrayed in three separate chapters, each telling the same story from the perspective of the three main characters, the following description summarizes all three presentations into a single narrative: After serving in the Caroline War , French squires Jean de Carrouges and Jacques le Gris swear allegiance to Count Pierre d'Alençon , who has been named Jean's overlord by King Charles VI . To improve his finances, Jean marries Marguerite de Thibouville on the promise of a large dowry from Marguerite's father, Robert, that grants the rights to many valuable estates. Pierre, however, seizes the prized estate of Aunou-le-Faucon to settle Robert's back taxes and gifts it to Jacques, who has become one of Pierre's favorites. Jean takes the matter before King Charles, who dismisses the suit. Pierre retaliates by appointing Jacques to the captaincy of a Carrouges family post following the death of Jean's father. Jean's marriage becomes strained due to the couple's failure to conceive. He and Jacques reconcile at a celebration, where Jacques becomes smitten with Marguerite after she befriends him in an attempt to win favor. Jacques misinterprets this as a reciprocation of his affections, coming to believe she actually does not love Jean. Following his participation in a failed military campaign in Scotland that sees him knighted but still bankrupt, Jean sets off for Paris to collect his wage. Marguerite demonstrates a talent for managing the estate in his absence; while collecting taxes from her peasants, she also learns Jean regularly defers the poorest from their obligation. One day, when Marguerite is left alone at the chateau, Jacques visits and tricks his way in, haughtily proclaiming his love. Marguerite rejects his advances and attempts to flee, but he chases her to her room and rapes her before ordering her not to tell her husband. Upon Jean's return, Marguerite tells him of the assault; after questioning whether she is telling the truth, Jean becomes convinced that Jacques raped Marguerite to insult him specifically. Jean insists that Marguerite immediately have sex with him so that Jacques will not be ""the last man that knew her."" Pierre informs Jacques that Jean is accusing him of raping Marguerite, which he denies. Despite the count's attempt to exert his authority, Jean appeals his case directly to King Charles and requests a duel to the death. Jacques accepts, having decided not to seek a favorable forum of a...","",""
"618162","The Harder They Fall","2021","Gunning for revenge, outlaw Nat Love saddles up with his gang to take down enemy Rufus Buck, a ruthless crime boss who just got sprung from prison.  [PLOT] Plot Eleven-year-old Nat Love is eating dinner with his parents when Rufus Buck and his associate Cortez arrive. Nat's father begs Buck to spare his wife and son and asks Buck for forgiveness, but Buck shoots and kills both of Nat's parents and then carves a cross into his forehead. Twenty years later, Love finds and kills Cortez. Meanwhile, his partners, sharpshooter Bill Pickett and quick draw Jim Beckwourth , ambush the Crimson Hood gang and steal their haul from a recent bank robbery. The lone survivor tells them the $25,000 they have stolen belongs to Buck. Love travels to meet his former lover Mary Fields , who runs a chain of saloons. Pickett brings news of the heist to Love. Buck's gang, led by Trudy Smith and Cherokee Bill , forcefully free Buck from a train leaving from Yuma Territorial Prison . They reveal Buck has been pardoned , and they have been paid to kill the corrupt U.S. Army soldiers guarding the prison car. After slaughtering the soldiers, Buck and his gang arrive in their former stronghold of Redwood City, now run by Buck's associate, Sheriff Wiley Escoe. Learning that Escoe has used the position to profit at the expense of the town, Buck brutally pistol whips him and orders him to leave town. Buck gathers the townspeople and after killing a naysayer, demands that they raise $50,000 to save Redwood, threatening to kill and burn the property of any who resist. U.S. Marshal Bass Reeves arrests Love after a standoff in a saloon. However, Reeves reveals to Love that Buck has been released, and he offers him a chance for revenge. Love's gang, accompanied by Fields and her friend and enforcer, Cuffee , arrive and insist on joining. They encounter Escoe, who tells them Buck has returned to Redwood. Fields volunteers to scout Redwood under the cover of offering to buy Smith's saloon. Love proposes marriage to Fields, but she turns him down. When Fields arrives in Redwood, Smith takes her prisoner and beats her. Love's gang arrives, and Love joins Fields in captivity to save her life. Smith has Love beaten, and he in turn asks Buck to release Fields. Buck demands Love return the money he stole plus $10,000 as 'interest', requiring him to rob a bank in a white town. Love and Cuffee rob the bank without killing anyone and escape. However, the group recognizes that Buck is unlikely to release Fields willingly, so they devise a plan to rig a decoy wagon with dynamite . They enter Redwood and the decoy wagon is destroyed, killing some of Buck's...","",""
"618353","DC Showcase - Batman: Death in the Family","2020","Tragedy strikes the Batman's life again when Robin Jason Todd tracks down his birth mother only to run afoul of the Joker. An adaptation of the 1988 comic book storyline of the same name.","",""
"618425","A for Apple","2019","Achu, a runaway orphan, comes back looking for his childhood sweetheart, Vishnupriya. But time has changed her and he will have to win her over. Meanwhile Vishnupriya, now a rebel activist, is looking for answers from her past, has her own demons to deals with and has no time for love. So, Achu joins her in her quest to find answers from her past.  [PLOT] Plot In a cut [ 1 ] : 44:53–44:59 [ 2 ] two-song prologue of the film named ""Paradise Day,"" [ 1 ] : 41:06–41:13 [ 3 ] Mr. Topps ( Joss Ackland ) creates heaven and carves the first human, Alphie, out of a rock, sending Alphie to Earth to meet Bibi. [ 1 ] : 41:10–41:49 [ 1 ] : 42:31–42:36 The two take part in the 1994 Worldvision Song Festival. Despite being the most talented performers, they are beaten by BIM (Boogalow International Music) and its leader, Mr. Boogalow, who use underhanded tactics to secure a victory. The duo is approached by Mr. Boogalow to sign to his music label, but they soon discover the darker side of the music industry. Bibi is caught up in the wild lifestyle BIM offers, while Alphie risks his life to free her from the company's evil clutches. Alphie eventually convinces Bibi to run away with him, and the pair live as hippies for a year (and produce a child) before being located by Mr. Boogalow who insists Bibi owes him $10 million. Alphie and Bibi are saved by the Rapture , and all good souls are taken away by Mr. Topps who arrives on the scene in a flying apparition of a Rolls-Royce. ^ a b c d .mw-parser-output cite.citation{font-style:inherit;word-wrap:break-word}.mw-parser-output .citation q{quotes:""\""""""\""""""'""""'""}.mw-parser-output .citation:target{background-color:rgba(0,127,255,0.133)}.mw-parser-output .id-lock-free.id-lock-free a{background:url(""//upload.wikimedia.org/wikipedia/commons/6/65/Lock-green.svg"")right 0.1em center/9px no-repeat}.mw-parser-output .id-lock-limited.id-lock-limited a,.mw-parser-output .id-lock-registration.id-lock-registration a{background:url(""//upload.wikimedia.org/wikipedia/commons/d/d6/Lock-gray-alt-2.svg"")right 0.1em center/9px no-repeat}.mw-parser-output .id-lock-subscription.id-lock-subscription a{background:url(""//upload.wikimedia.org/wikipedia/commons/a/aa/Lock-red-alt-2.svg"")right 0.1em center/9px no-repeat}.mw-parser-output .cs1-ws-icon a{background:url(""//upload.wikimedia.org/wikipedia/commons/4/4c/Wikisource-logo.svg"")right 0.1em center/12px no-repeat}body:not(.skin-timeless):not(.skin-minerva) .mw-parser-output .id-lock-free a,body:not(.skin-timeless):not(.skin-minerva) .mw-parser-output .id-lock-limited a,body:not(.skin-timeless):not(.skin-minerva) .mw-parser-output .id-lock-registration a,body:not(.skin-timeless):not(.skin-minerva) .mw-parser-output .id-lock-subscription a,body:not(.skin-timeless):not(.skin-minerva) .mw-parser-output .cs1-ws-icon a{background-size:contain;padding:0 1em 0...","",""
"618851","Pretty Guardian Sailor Moon Eternal the Movie Part 1","2021","After a total solar eclipse, a dark circus troupe appears, Mamoru is stricken with a mysterious malady and bad things start happening across the city.  Sequel to the Sailor Moon Crystal TV series.","",""
"619264","The Platform","2019","A slab of food descends down a vertical facility. The residents above eat heartily, leaving those below starving and desperate. A rebellion is imminent.  [PLOT] Plot The dead body of a powerful businesswoman named Maya Verma, who died because of a heart attack, disappeared from the morgue before the autopsy. SP Jairaj Rawal calls in Maya's husband, Ajay Puri, for investigation. Ajay Puri, who is the owner of a lab and worked under Maya's company seemed to have committed something wrong along with his girlfriend Ritu. Jairaj suspects Ajay and makes him stay in the morgue until Maya's corpse is found. Strange incidents start to happen with Ajay. He feels Maya's presence around him and gradually gets clues including the bottle of toxin (TH-16) which he had used to induce a heart attack in Maya's body and also gets a phone in another corpse's bag having the calls only from Maya. All these events make him believe that Maya is still alive and is playing a game with him to take her revenge. In a flashback, it is shown that Maya always used to dominate Ajay with her money and power. Ajay's possessiveness and his affair with Ritu made him kill Maya and made it look like a heart attack by using a cardiotoxin which takes about 8 hours to work. In the morgue, Ajay continuously keeps contact with Ritu and they find out that Maya knew about their relationship by hiring a private detective named Tony D'Costa. Ajay tells Ritu to run away to a safe place as he feels that Maya is after her. When Ajay fails to contact Ritu, he confesses everything to Jairaj out of fear and requests him to save Ritu from Maya. In the meantime, Jairaj gets a call from his team that they have found a female corpse which is revealed to be Maya's. When Jairaj orders the police to arrest Ajay, he tries to run away but falls down due to chest pain. Finally, it is revealed that Ritu is none other than Jairaj's daughter Isha. Everything that has happened to Maya and Ajay since the last night was their plan. Yet again, in a flashback, it is revealed that Jairaj's wife Nancy, who died in a car accident, was hit by a drunk Maya and Ajay, who, instead of helping them, returned to the crime scene and hit the car again as Ajay had noticed that the little girl sitting on the back seat had seen them. After 10 years, when Isha recognizes Ajay and Maya in her university, she plans revenge along with her father. Isha attracts Ajay towards her and starts an affair. In the end, Jairaj discloses to Ajay that he is going to have a heart attack from the cardiotoxin that he had used to kill Maya, which Ritu (Isha) had mixed in his drink 8 hours ago.","",""
"619428","Genji Fantasy: The Cat Fell in Love With Hikaru Genji","2019","The Tale of Genji Museum in Uji City, Kyoto will be airing a short film blending history and fantasy, the story follows a modern high school girl named Hana who is transformed into a cat and transported back in time. She travels 1,000 years ago to the Heian Era as portrayed in The Tale Of Genji, arguably the most famous novel in Japanese literature. Guided by the novel's titular character Hikaru Genji, Hana experiences firsthand the emotions that the author Murasaki Shikibu depicted in her novel. The short features scenes based on The Diary of Lady Murasaki and other historical materials, such as the real-life noble Fujiwara no Michinaga swiping early drafts of The Tale Of Genji because he could not wait to read chapters as Murasaki wrote them.","",""
"619730","Don't Worry Darling","2022","Alice and Jack are lucky to be living in the idealized community of Victory, the experimental company town housing the men who work for the top-secret Victory Project and their families. But when cracks in their idyllic life begin to appear, exposing flashes of something much more sinister lurking beneath the attractive façade, Alice can’t help questioning exactly what they’re doing in Victory, and why.  [PLOT] Plot Alice and Jack Chambers live in Victory, California , an idyllic 1950s desert company town . Every day, the men leave for work at Victory Headquarters in the surrounding desert, and their wives enjoy luxuries and leisure while the men are gone. Alice spends her days with other wives, including her best friend, Bunny. Fellow resident Margaret has become estranged from the community. An unauthorized desert visit resulted in her son's apparent death, which caused her mental breakdown . Margaret insists that Victory took him as punishment for breaking the rules. Victory's founder, Frank, hosts a party, during which Alice sees Margaret's husband attempt to medicate her after an outburst. Alice and Jack then have sex in Frank's home as Frank watches unbeknownst to Jack. From the trolley, Alice sees a plane crash in the desert, so she rushes to help. Stumbling onto Headquarters, she touches one of its mirror-like windows, experiencing surreal hallucinations about another life, waking up at home that night. Alice continues to have increasingly strange experiences or hallucinations. Soon after, she sees Margaret slit her own throat and fall from her roof. Men in red jumpsuits drag Alice away, preventing her from reaching Margaret's body. Jack dismisses Alice's claims, insisting Margaret is simply recovering from a household accident. When Alice asks him what is really happening at the Victory Project, he becomes angry and refuses to answer. The town physician, Dr. Collins, prescribes medication to Alice, which she and Jack decline. She steals Margaret's medical file from his briefcase and finds it heavily redacted. Becoming increasingly paranoid during a company celebration promoting Jack, Alice breaks down in the bathroom. Confronted by Bunny, she attempts to explain her suspicions. Bunny reacts angrily when Alice tells her she went to Headquarters, accusing her of jeopardizing their livelihood in Victory, like Margaret. Alice and Jack invite neighbors to dinner, including Frank and his wife, Shelley. Frank privately confirms her suspicions and dares her to challenge him. So, Alice attempts to expose him, but he makes her appear delusional to everyone, causing Jack grief. Afterwards, Alice tries to tell Jack what Frank said, but he rebukes her. Desperate, she begs him to leave Victory with her. He feigns agreement, then lets Frank's men take her away. Dr. Collins gives Alice electroconvulsive therapy , during which she sees herself in the 21st century, as...","",""
"619778","Malignant","2021","Madison is paralyzed by shocking visions of grisly murders, and her torment worsens as she discovers that these waking dreams are in fact terrifying realities with a mysterious tie to her past.  [PLOT] Plot In 1993, Dr. Florence Weaver and her colleagues Victor Fields and John Gregory treat a violent, disturbed patient named Gabriel at Simion Research Hospital. Gabriel, who is able to control electricity and broadcast his thoughts via speakers, escapes and kills several staff members. Weaver determines that he is a lost cause and states the ""cancer"" must be removed. 27 years later, Madison Mitchell returns to her Seattle home. During an argument about her multiple miscarriages , her abusive husband Derek smashes Madison's head against a wall, drawing blood. Madison locks herself in her room and has a nightmare of a person entering their house and murdering Derek. When Madison wakes up, she finds Derek's corpse before being knocked unconscious by an intruder. Madison awakens in a hospital where her sister Sydney tells her that her unborn baby did not survive. She is interviewed by police detective Kekoa Shaw and his partner Regina Moss, then let go. Madison reveals to Sydney that she was adopted by Sydney's mother at age eight and has no memories of her prior life. As the killer kidnaps a woman running a Seattle Underground tour, Madison's head wound continues bleeding. She has a vision of Weaver being brutally bludgeoned by the killer. Shaw and Moss discover a photo of Madison as a child in Weaver's house and learn that Weaver specialized in reconstructive surgery . After a vision of Fields' murder, Madison and Sydney approach the police for help. The killer calls Madison, revealing himself to be Gabriel. Madison and Sydney visit their mother and learn that Gabriel was Madison's imaginary friend but may also be someone she knew before her adoption. Shaw finds a link between the doctors and Madison hidden in Weaver's records, leading him to discover the murder of Gregory. The detectives enlist a psychiatric hypnotherapist to unlock Madison's memories. Madison recalls that her birth name is Emily May and that Gabriel almost led her to kill Sydney while Sydney was still in her mother's womb. After Sydney was born, Madison forgot about Gabriel. The woman kidnapped earlier by Gabriel escapes and falls from the attic of Madison's home, revealing that Gabriel was secretly living there. Believing Madison to be the murderer, the police arrest her and place her in a holding cell . The kidnapped woman, Madison's biological mother Serena, is taken to a nearby hospital. Sydney goes to the now-abandoned Simion Research Hospital and learns that Gabriel is Madison's...","",""
"619803","The Roundup","2022","The 'Beast Cop' Ma Seok-do heads to a foreign country to extradite a suspect, but soon after his arrival, he discovers additional murder cases and hears about a vicious killer who has been committing crimes against tourists for several years.  [PLOT] Plot Four years after the sweeping operation in Garibong-dong , Detective Ma Seok-do and Captain Jeon Il-man head to Ho Chi Minh City , Vietnam to extradite a Korean criminal, Yoo Jong-hoon. Jong-hoon tells them that he turned himself in because his friend Lee Jong-du had tried to kill him. Ma and Il-man investigate Jong-du's hideout, only to find him dead; after further interrogating Jong-hoon they learn about the duo's involvement with Kang Hae-sang, a vicious killer who has kidnapped and killed Korean tourists before extorting their families for money, with his latest victim a wealthy young entrepreneur named Choi Yong-gi, the son of Choi Choon-baek, a business tycoon . Ma, Il-man and Park Chang-su (the resident officer at the consulate) dig into the hideout's garden, where they find Yong-gi's body, but the local police order them to drop the investigation. Despite the setback, Ma and Il-man learn from other Korean criminals that Yong-gi's father has sent mercenaries to kill Kang in revenge for his son's death. Kang arrives at his hideout and kills all the mercenaries waiting for him, discovering that Choon-baek had sent them. Kang ambushes Ma and Il-man as they come to investigate, wounding Il-man before escaping. Ma and Il-man are deported back to Korea, where they learn that Kang has left Vietnam and may be on his way to Korea to confront Choon-baek. Ma interrogates former Cobra Gang leader Jang I-soo, who has survived the Chinatown gang war and is now running an export business with criminal connections. From him, Ma learns about a recently arrived smuggling boat and they check the CCTV footage at Gongping port, confirming that Kang has arrived in the country. In response, Choon-baek announces a hefty bounty for his men to bring Kang in alive. After learning that Kang's case has been handed over to Foreign Affairs , Ma and Il-man convince their superiors to give them more time and receive a week deadline to catch him. Kang discreetly arrives at Yong-gi's funeral, where he kidnaps Choon-baek. Kang then contacts Choon-baek's wife Kim In-sook and demands money in exchange for his return. In-sook cooperates with Ma and his team, and they set up a plan to rescue Choon-baek and catch Kang. Ma recruits a reluctant Jang I-soo to be In-sook's driver and the two follow Kang's instructions with the ransom money in possession, ultimately being sent on a wild goose chase while being shadowed by Kang's two accomplices. Meanwhile, Ma's colleague Dong-gyun finds...","",""
"619979","Deep Water","2022","A well-to-do husband who allows his wife to have affairs in order to avoid a divorce becomes a prime suspect in the disappearance of her lovers.  [PLOT] Plot Melinda and Vic Van Allen live with their young daughter Trixie in Little Wesley, Louisiana . Vic has retired early after developing guidance chips for combat drones , and his complicated relationship with Melinda is held together by a precarious arrangement: they sleep apart and Melinda takes lovers openly, even in their family home, while Vic finds solace in raising his large collection of snails. Their open marriage is no secret to their concerned friends, and Vic grows increasingly jealous, while Melinda laments his lack of passion. Melinda invites her latest lover, Joel, to a neighbour's party. Alone with Joel, Vic tells him that he murdered Melinda's previous lover Martin, who has recently disappeared. The story spreads through their circle of friends, raising the suspicions of noir writer Don Wilson. Joel comes to dinner with the Van Allen family, and Vic elaborates in private that he killed Martin with a hammer, frightening Joel into leaving town. A TV news report reveals that Martin's body has been found shot to death, and a suspect is arrested. Vic confronts Melinda after she gives money to Charlie, her new lover and piano teacher. She invites Charlie to a friend's pool party and introduces him to Vic, toying with his jealousy. Rain sends everyone inside, leaving Vic and Charlie alone in the water. After Melinda discovers Charlie's body drowned in the pool, the party is questioned by police, and Melinda is quick to accuse Vic of murdering Charlie. He later asks if she is scared of him, and she says she is not as ""I'm the one you killed for"". Don's wife Kelly tells Vic that Don and Melinda have been accusing him of Charlie's murder. Vic discovers they have hired a private investigator to follow him and confronts Don in front of Don's family. Melinda reconnects with an old boyfriend, Tony, and Vic overhears their conversation suggesting they will move to Brazil, taking Trixie with them. She invites Tony to dinner with Vic and takes him to her bedroom, furthering Vic's jealousy. Vic lures Tony into his car and drives Tony to a secluded spot he and Melinda share, overlooking a rocky gorge. He throws stones at Tony, causing him to fall down the hill to his death, and sinks his body in the creek. Melinda takes Vic and their daughter on a picnic to the same spot. Vic gives her a collection of photographs he has surreptitiously taken of her as a testament to his love, but spots Tony's body resurfaced in the creek. Returning home, he offers to go...","",""
