"tmdb_id","title","release_year","synopsis","themes","tones"
"872408","Sundari","2021","A village girl is married to a software employee who is head over heels with her beauty. Life takes an unexpected turn when her husband loses his job and she is forced to take a few steps that she has to go through an emotional turmoil.  [PLOT] Plot Mimi Rathore, a stage dancer in Rajasthan , is hoping to make it big as an actress in Bollywood . After a performance, a taxi driver named Bhanu approaches her with an offer. He introduces Mimi to an American couple, John and Summer, who are looking for a surrogate mother . Summer is unable to conceive, and the couple are willing to pay a surrogate a sum of ₹ 20 lakh (US$21,000). Mimi agrees, hoping this will help her with her film star aspirations. The IVF procedure succeeds and Mimi becomes pregnant. Pretending to leave for an outdoor film shoot lasting nine months, Mimi goes into hiding at her friend Shama's place. Meanwhile, Bhanu is tasked by John and Summer to take care of Mimi during her pregnancy. A few months later, Mimi's doctor informs John and Summer that the baby could be born with down syndrome . John and Summer are shocked, and abruptly change their mind about wanting a child. They ask Mimi to abort and return to the United States . Mimi rejects the idea of abortion , and decides to carry the child to term. Returning to her parents, she concocts a story involving Bhanu as the father of the child, with whom she has eloped and married. Bhanu and Shama decide to also play along. Mimi gives birth to a healthy boy with no signs of disability. She names him Raj, after a famous character's name in Bollywood films. Her family and townsfolk are perplexed by Raj's white skin , but he becomes a local wonder in the town. Mimi decides to give up her Bollywood aspirations to care for him. Four years later, a video of Mimi dancing with Raj goes viral on the internet. Having come across the video, John and Summer decide to return to India and claim Raj. Mimi is furious at their abandonment, and refuses to give up Raj. John and Summer threaten Mimi with legal action, and she relents for Raj's sake so that he wouldn't have to be dragged to court. Mimi and her family meet the couple to send Raj off, but are surprised to see John with another child, Tara. It is revealed that on the way back from Mimi's house, John and Summer came across an orphanage and felt a connection with Tara, a young girl who was crying from behind the orphanage gate. They decided to adopt her, explaining to Mimi that her affection for Raj made them realize that motherhood extended beyond genetic ties. They return to the U.S. with Tara, while Raj stayed back with Mimi and her family.","",""
"872585","Oppenheimer","2023","The story of J. Robert Oppenheimer's role in the development of the atomic bomb during World War II.  [PLOT] Plot A 1959 Senate committee questions ex-AEC Chairman, Lewis Strauss, over his actions during Robert Oppenheimer's 1954 security hearing before the Gray Board, which revoked Oppenheimer's Q clearance and ended his government advisory role. Strauss, who is nominated for Commerce Secretary, alleges the FBI was suspicious of Oppenheimer since his teaching days, well before anti-Communist William Borden accused him of espionage in 1954. Strauss claims to not have acted against Oppenheimer through the Gray Board, despite having many public disagreements with him. In the 1930s, Oppenheimer teaches at Caltech and Berkeley, after studying theoretical physics in Europe. A number of Berkeley academics are also Communist Party members, but Oppenheimer does not join himself. After World War II breaks out, Ernest Lawrence of the Radiation Lab cautions Oppenheimer against having communist connections. Oppenheimer scales back, and is approached by General Leslie Groves to lead the Manhattan Project . Oppenheimer proposes a new laboratory at Los Alamos, New Mexico, where they could endeavour to build an atomic bomb before the Nazis. Edward Teller is recruited to Los Alamos, and theorizes that an explosion would cause (global) atmospheric ignition. When his theory is disproved, he starts researching fusion-based weapons instead of working on the proposed fission bombs. After the war, Soviets test a plutonium bomb, similar to one developed at Los Alamos. In a meeting of top advisors, Oppenheimer frustrates Strauss by favoring arms talks with Russia instead of escalating with Teller's proposed thermonuclear weapons. During a heated period of discussion, Oppenheimer's past security lapses are brought up, including rekindling an affair with Communist ex-lover, Jean Tatlock, immediately after gaining his security clearance in 1942. Oppenheimer had also protected his friend Haakon Chevalier from an espionage investigation, by directly lying to security officer Boris Pash. In his later hearing by the Gray Board at the AEC, the board's counsel, Roger Robb, replays these accusations to make Oppenheimer seem guilty of disloyalty towards the US. In the present, Strauss alleges that Oppenheimer turned scientists against him, starting with Albert Einstein at Princeton in 1947. Teller testifies in Strauss' favor, and David Hill of the Chicago Met Lab is expected to do so too. In July 1945, the Trinity plutonium test is successful, and two bombs are subsequently dropped on Japan....","",""
"872906","Jawan","2023","An emotional journey of a prison warden, driven by a personal vendetta while keeping up to a promise made years ago, recruits inmates to commit outrageous crimes that shed light on corruption and injustice, in an attempt to get even with his past,  and that leads him to an unexpected reunion.  [PLOT] Plot In Delhi , Ranvijay ""Vijay"" Singh is the son of industrialist Balbir Singh, head of steel conglomerate Swastik Steels. Balbir is a workaholic who maintains a distant relationship with his family. As a teenager, Vijay takes a licensed AK-47 to his sister Reet's college to intimidate her bullies, prompting an outraged Balbir to send Vijay to a boarding school in the United States . Years later, Vijay returns home for Balbir's sixtieth birthday, but an argument with Reet's husband, Varun, leads to Balbir disowning him. Vijay marries his childhood sweetheart, Gitanjali, and relocates to the US. Eight years later, Vijay returns to India with Gitanjali and their two children after Balbir survives an assassination attempt. Reconciling with his father, Vijay assumes control of Balbir's security detail and recruits his distant cousins from his ancestral village for protection. He hires Kailash Petkar, a body double for Balbir. Kailash is later murdered by Asrar Haque, who is revealed to be linked to the initial attack on Balbir. Upon learning that Varun conspired with the attackers, Vijay strangles him at a public press conference in full view of Asrar. Vijay and his cousins then meet an arms dealer, Freddy, at a hotel to collect a custom-designed multi-barrel machine gun. Asrar and his assailants ambush the hotel, but Vijay massacres them with the weapon and kills Asrar. Vijay suffers severe injuries in the battle, leading to hearing damage, organ failure, and a heart transplant. Meanwhile, in Scotland , Asrar's mute brother, Abrar Haque, learns of his death during his wedding. During his recovery, Vijay meets Zoya, who claims to be the fiancee of his heart donor, and begins an extramarital affair with her. After Vijay gifts her a car that explodes, a guilt-ridden Zoya reveals that she was sent by Abrar to spy on the family and that Abrar's brother, Aziz, underwent plastic surgery to impersonate Vijay. Vijay discloses that he anticipated her deceit, orchestrated the explosion, and spares her life. Vijay's grandfather, Rajdhir, reveals the origins of the feud: Rajdhir had exiled his younger brother Shamsher for misconduct, and Shamsher's son, Azim, converted to Islam and sought a share of Swastik Steels, which Balbir denied. Humiliated by the rejection, Shamsher immolated himself in front of his grandson Abrar, leaving Abrar mute from trauma and sparking a generational vendetta. After Vijay confesses his affair to Gitanjali, she demands a divorce. Vijay and...","",""
"872976","Digimon Adventure 02: The Beginning","2023","In 2012, after the events of Digimon Adventure: Last Evolution Kizuna, the early adulthood DigiDestined—Daisuke, Miyako, Iori, Takeru Takashi, Hikari, and Ken—must reconcile their new responsibilities with their Digimon partners. But Rui Owada, a mysterious young man,  appears, claiming to be the first human to partner with a Digimon–Ukkomon. Could Rui really have been the first-ever DigiDestined?  [PLOT] Plot In 2012, a giant Digi-Egg appears over Tokyo, transmitting a mysterious message that wishes for everyone on Earth to have a Digimon friend. The Adventure 02 DigiDestined encounter Lui Ohwada, who claims to be the first chosen child and attempts to reach the Digi-Egg. While assisting Lui, Davis, Ken, and their Digimon accidentally fall through the Digi-Egg and are transported back to 1996. They witness a younger Lui, who is abused by his mother, discovering a Digi-Egg. Older Lui tries to stop him, but they are then returned to the present. Lui shares his life story with the DigiDestined. The Digi-Egg he encountered in the past hatched into Ukkomon, a Digimon that could grant wishes, who gave him the very first Digivice. Over the years, Ukkomon gleefully manipulated Lui's parents, friends and neighbors into treating him kindly. However, Lui eventually learned that his wish had led to the increase in number of other DigiDestined who were risking their lives in battles alongside their Digimon partners, [ a ] much to his horror. Lui confronted Ukkomon, but the Digimon innocently declared that everything had been done for Lui's happiness. Lui accidentally injured his right eye in anger, and Ukkomon gave him his own eye as a replacement. A mentally unstable Lui insulted Ukkomon furiously, causing the Digimon to melt away and disappear, also as a result, Lui's parents suddenly ended up dropping dead due to Ukkomon puppeteering them for too long. In the present day, the Digi-Egg hatches into a giant Ukkomon, who reappears to give Lui a birthday present, which will force a Digimon on every human on Earth, throwing society into chaos. The DigiDestined plan to stop Ukkomon but become hesitant, after T.K. becomes concerned that defeating him may nullify the relationships with their own Digimon. Davis and Veemon convince them that their relationships developed naturally and were not forced. Lui decides to meet Ukkomon, and with the help of the DigiDestined, reaches the giant Digimon. Lui resolves the issues with his mother and younger self by talking sense into the former, then confronts Ukkomon about their true feelings, and promises to reunite in the future before Lui asks the DigiDestined to destroy Ukkomon. After a short battle, Imperialdramon Fighter Mode destroys the giant Ukkomon, resulting in Ukkomon's reduction to a small Digi-Egg held by Lui who loses the eye that Ukkomon gave him. Digivices around the world start to disappear, showing that the...","",""
"876792","That Time I Got Reincarnated as a Slime the Movie: Scarlet Bond","2022","A long-running conspiracy is swirling over a mysterious power wielded by the Queen in Raja, a small country west of Tempest. When a slime who evolved into a Demon Lord named Rimuru Tempest crosses paths with Hiiro, a survivor of the Ogre race, an incredible adventure packed with new characters begins. The power of bonds will be put to the test!  [PLOT] Plot Following their desertion from Clayman's army, an Ogre and his fellow mercenaries are attacked by Clayman's soldiers, whose leader Yamza severely injures the Ogre. He is found by the people of the Kingdom of Raja and is given the name ""Hiiro"" by its queen Towa to recover from his injuries. Ten days later, Hiiro escapes Raja to return to the Ogre Village, only to find it destroyed by the Orcs . Wanting vengeance against the Orcs, Hiiro returns to Raja four days later and swears loyalty to Towa. Rimuru , who recently defeated Clayman and has been recognized by other Demon Lords as one of their own, is informed by Souei of an attack toward Geld and his fellow Orcs. The Orcs are fighting against Hiiro and his two Raja subordinates, during which Geld learns that Hiiro seeks revenge against his race, so he drops his weapons and accepts his fate of being killed by him. However, Benimaru saves Geld and pacifies Hiiro, who actually is his childhood friend. Hiiro reunites with Benimaru, Shion, Shuna, Hakuro, Souei, and Kurobe, and reconciles with Geld after learning that the Orcs are no longer their enemies and that the one manipulating them is long dead. During a feast hosted by Rimuru, Hiiro reveals that he had arrived at the Jura Tempest Federation as Raja's messenger to ask permission to cultivate a part of the Great Jura Forest to serve as a food source for the kingdom. He informs that Towa is suffering from Curse Poison, the effect of using the power of her tiara to purify a lake filled with toxins from the country's gold mines . Milim Nava then joins in on the meeting, unhappy that she wasn't invited. Agreeing to help, Rimuru decides to visit the kingdom. Rimuru, Benimaru, Shion, Shuna, and Ranga arrive at Raja. After analyzing her condition, Rimuru gives Towa honey from Tempest to restore part of her health. At the lake, Rimuru reveals to Towa that the toxins are not from mines, as he then splits the lake into two to reveal a hidden structure with an old magic circle that produces the toxin and destroys it. These events have angered Lacua, the merchant behind the poisoning, and schemes to create another disaster to earn praise from the Primordial Demon Violet. The lake is poisoned again, so Towa uses her tiara to purify it, resulting in her health deteriorating. A neighboring country takes advantage of her worsening condition to attack Raja and seize the gold that the kingdom mined. Having learned of the news about the encroaching enemy, Rimuru...","",""
"877269","Strange World","2022","A journey deep into an uncharted and treacherous land, where fantastical creatures await the legendary Clades—a family of explorers whose differences threaten to topple their latest, and by far most crucial, mission.  [PLOT] Plot In the land of Avalonia, which is surrounded by an endless wall of mountains, Jaeger Clade and his son, Searcher brave the wilderness to explore new worlds. While trying to traverse the mountains to find a way across it, Searcher discovers a green plant that gives off energy. He and the rest of the expedition team decide to return to Avalonia with the plant while Jaeger angrily continues his mission alone. 25 years later, Searcher has made a name for himself by introducing the miracle plant, dubbed Pando, as a fuel source for Avalonia. He and his wife Meridian are Pando farmers while their son Ethan has a crush on his friend Diazo and chafes at his father's expectation of becoming a farmer like him. One night, Callisto Mal, the president of Avalonia and one of Jeager's former expedition teammates, shows up in her airship, the Venture , to inform the Clades that Pando is losing its power and asks Searcher to help find the cause. He joins an expedition to travel into a giant sinkhole in which the roots of Pando have been located. On the way down, Meridian tries catching up in her crop-duster when Ethan and their three-legged dog Legend stows away on the Venture . While being attacked by red wyvern -like creatures, the Venture crash-lands in a subterranean world, where Searcher and Legend are separated from the group. They are attacked by a creature called a ""Reaper,"" but are rescued by Jaeger who has been living underground all these years. He has been trying to cross the mountains from below, but is blocked by an acidic ocean and states his intention to board the Venture to attempt to cross it. Meanwhile, Ethan sneaks away from the Venture to find Searcher. He befriends an amorphous blue creature, naming it Splat, before being reunited with Searcher, Legend, and Jaeger. They are attacked by more Reapers, but are rescued by Meridian and President Callisto and return to the Venture . Searcher insists on completing their mission, while Jaeger wants to continue journeying across the Strange World. Ethan becomes frustrated with them and their opposing worldviews. After another wild encounter, Searcher and Jaeger finally have a heart-to-heart talk and realize that they do respect each other's goals in life. They eventually find a cluster of Pando's roots, which is being attacked by the Strange World's creatures. When Searcher learns that Ethan wants to explore more of the Strange World, he blames Jaeger's influence on him. Ethan angrily jumps off the...","",""
"877817","Wolfs","2024","Hired to cover up a high-profile crime, a fixer soon finds his night spiralling out of control when he's forced to work with an unexpected counterpart.  [PLOT] Plot Margaret, a Manhattan District Attorney , panics after a young man (""the Kid"") dies in her hotel room. She calls a number given to her for just such an emergency by someone she trusts, and secures the services of an unnamed professional fixer . He arrives to dispose of the Kid, who Margaret explains was jumping on the bed and fell into a glass drinks cart. Another unnamed fixer arrives, sent by the hotel's unseen owner, Pam, who saw everything via hidden cameras. To protect the hotel's reputation and the D.A.'s career, the two women urge the fixers to work together, much to their chagrin. The fixers initially refuse, but Margaret privately reminds her fixer that he has been captured on the hidden surveillance footage, and quotes what her contact had told her about the fixer when providing his number: ""You take a job, you give your word, and that word is the measure of a man."" The fixers reluctantly join forces, providing Margaret with an alibi and change of clothes, and sending her home. They find a large stash of drugs in the Kid's bag, which the hotel owner orders them to return to its original owners to avoid further trouble. Margaret's fixer deftly moves the body to the trunk of his car using a luggage cart, only to discover that the Kid is still alive but overdosing on drugs. Knocking the Kid out and stowing him in the trunk, the fixers suspect the drugs belong to a shipment of pure drugs recently stolen from the Albanian mafia . They take the young man to a Chinatown restaurant, where an underground medic operates a clandestine clinic. The Kid, however, escapes in his underwear, leading the fixers on a chase through the city. Catching him and sobering him up with pills from the medic, the fixers interrogate the Kid. He explains that he agreed to deliver the drugs as a favor to his friend Diego, a bartender at a nightclub. While waiting for the address to be sent via a pager , the Kid had met Margaret in an upscale hotel bar. After going to her room, he'd secretly tried the drugs on a whim. The trio go to Diego's nightclub so the Kid can pick up the pager which had been left behind the bar. The fixers get caught up in a kolo (a wedding dance) and are recognized by Dimitri, a dangerous Croatian mobster for whom they had each previously worked alone. They save themselves by convincing Dimitri they are not working together against him, and leave separately. The fixers deduce that drug kingpin Lagrange is Diego's employer, that he likely stole the...","",""
"878182","Plan Panni Pannanum","2021","To track down his friend's sister, who has eloped with her lover, a young man kidnaps her friend who knows about their whereabouts.  [PLOT] Plot .mw-parser-output .ambox{border:1px solid #a2a9b1;border-left:10px solid #36c;background-color:#fbfbfb;box-sizing:border-box}.mw-parser-output .ambox+.mw-empty-elt+.ambox,.mw-parser-output .ambox+.mw-empty-elt+.mw-empty-elt+.ambox,.mw-parser-output .ambox+.mw-empty-elt+.mw-empty-elt+.mw-empty-elt+.ambox{margin-top:-1px}html body.mediawiki .mw-parser-output .ambox.mbox-small-left{margin:4px 1em 4px 0;overflow:hidden;width:238px;border-collapse:collapse;font-size:88%;line-height:1.25em}.mw-parser-output .ambox-speedy{border-left:10px solid #b32424;background-color:#fee7e6}.mw-parser-output .ambox-delete{border-left:10px solid #b32424}.mw-parser-output .ambox-content{border-left:10px solid #f28500}.mw-parser-output .ambox-style{border-left:10px solid #fc3}.mw-parser-output .ambox-move{border-left:10px solid #9932cc}.mw-parser-output .ambox-protection{border-left:10px solid #a2a9b1}.mw-parser-output .ambox .mbox-text{border:none;padding:0.25em 0.5em;width:100%}.mw-parser-output .ambox .mbox-image{border:none;padding:2px 0 2px 0.5em;text-align:center}.mw-parser-output .ambox .mbox-imageright{border:none;padding:2px 0.5em 2px 0;text-align:center}.mw-parser-output .ambox .mbox-empty-cell{border:none;padding:0;width:1px}.mw-parser-output .ambox .mbox-image-div{width:52px}@media(min-width:720px){.mw-parser-output .ambox{margin:0 10%}}@media print{body.ns-0 .mw-parser-output .ambox{display:none!important}} This section needs expansion with: September 2025. You can help by adding missing information . ( September 2025 ) Two friends, Sembi and Raju, end up kidnapping a girl Aambal to know about the whereabouts of Raju's sister Radha, who had eloped with her boyfriend Bharath Raj. The film involves a bride-seeing event that spoofs the 1961 Tamil film Pasamalar ; a driver Thilagam, who offers to give the protagonists a short ride but ends up travelling with them all the way to Kodaikanal; Arokkiyasaamy, a guy who shoots videos of men in a state of undress and blackmails them; Captain Kandasamy, the manager of a glamorous star, who is taken for a ride by the friends, who owe him money; and a monologue by Radha, which is amusing, even though it is representation of a young woman from a supposedly down market locality like Royapuram is troubling.","",""
"879444","Accident Man: Hitman's Holiday","2022","The Accident Man is back, and this time he must best the top assassins in the world to protect the ungrateful son of a mafia boss, save the life of his only friend and rekindle his relationship with his maniacal father figure.  [PLOT] Plot Dealing with his guilt after being forced to kill his assassin coworkers, Mike Fallon moves to the island of Malta to decompress and get away from London , finding work as a hitman-for-hire in nearby countries and keeping martial artist Wong Siu-ling on his payroll to fight him at random times and keep his skills sharp. One night, Mike runs into his old friend Finicky Fred, who informs him that their former boss Big Ray lost his assassin's bar after Mike's vengeful rampage. Fred is also out of money because he gave a large sum to a woman with whom he fell in love online. Mike takes pity on Fred and allows him to stay in his house and assist him on hits. The two put together a secret headquarters to test out Fred's gadgets and plan jobs. On Mike's advice, Fred rejects a contract put out on Dante Zuuzer, the spoiled heir to a Cosa Nostra organization that even Mike fears. After carrying out another hit, Mike and Fred are abducted and taken to meet with Mrs. Zuuzer, who asks Mike to hunt down and kill whoever took out the contract on Dante in exchange for sparing Fred's life; an attempted hit on Dante had been carried out using Mike's modus operandi. The Zuuzers release Mike, who encounters Big Ray in his local pub - Fred had sent a letter to Ray explaining their new business operation against Mike's advice. Ray vows revenge on Mike, revealing that he is in Malta for a job, and Mike deduces he was behind the attempt on Dante's life. Ray explains that the client has raised the bounty to €9 million and opened the contract to any takers, as well as hacked into the tracking device in Dante's watch to broadcast his location. Mike resolves to protect Dante in order to keep Fred alive. Mike arrives at the karaoke bar where Dante sings, but Dante refuses to destroy his watch and swallows it. Freya du Preeze arrives first and kills Dante's team of bodyguards before Mike fights and kills her with a barbecue skewer. Mike then forces Dante to take a laxative in order to pass the watch, but the two are accosted by blood-drinking Yendi the Vampire, who Mike kills with his own machete. They travel to Mike's headquarters, hoping to keep Dante secure, where Mike meets Siu-ling. Mike fights Poco the Killer Clown and kills him with one of Fred's previously broken gadgets, while Siu-ling fights rival assassin Silas the Strangler and strangles him to death with a heavy chain. Dante manages to pass the watch before nearly being killed by swordsman Oyumi. Mike challenges him...","",""
"881211","Snoopy Presents: For Auld Lang Syne","2021","After finding out her grandmother won't be visiting for Christmas, Lucy decides to cheer herself up by throwing the ultimate New Year's Eve party. Meanwhile, Charlie Brown tries to fulfill one of his resolutions before the clock strikes midnight.  [PLOT] Plot On the first week of December, Lucy begins Christmas preparations for the arrival of her grandmother, whom she loves dearly. Meanwhile, Charlie Brown tries to finish his New Year's resolutions, which, in typical fashion, he fails to do any of. Lucy compacts them to two specific ones: build a snowman (which he immediately fails at) and do something ""remotely"" creative. Elsewhere, Snoopy celebrates the arrival of his siblings. Spike, only having a childhood photo of him and the others, tries to take a new current photo, but is constantly stymied by bad luck. On Christmas Eve, Lucy is distraught to learn that her grandmother is not coming this year (her reason is unknown) and solemnly worries that she is unloved. In an effort to feel better, she decides to throw a New Year's Eve party at an old abandoned theater , which she manages to rent with the numerous nickels Charlie Brown has paid her over the years. She invites everyone and has Charlie Brown be in charge of decorations, with the other kids also helping out. Snoopy's family gets invited to play live music at the party; however, when Spike's camera is accidentally destroyed, Spike decides to leave, saddening the dogs. The party does not go the way Lucy wants, as everyone finds her rules boring. Soon, everyone becomes miserable as Lucy tries to get Linus to save the party, but he instead snaps back at Lucy for trying to make it about herself instead of her friends. As everyone leaves, Charlie Brown accidentally knocks down the decorations, essentially failing his second resolution. Snoopy and his siblings find Spike at the bus stop afterwards and apologize for what happened before. As Lucy misses the New Year hour, Charlie Brown meets with Linus and learns why Lucy was upset to begin with, empathizing with her. Linus finds Lucy in her bedroom and reminds her that he loves her no matter what. Charlie Brown arrives to give words of encouragement and reveals that he brought everyone from the party after explaining the situation. Everyone pretends to restart the countdown as Lucy finally has a party that satisfies everyone, Franklin takes a good photo of Snoopy and his siblings together, and Lucy helps Charlie Brown with another New Year's resolution by immediately crossing it off: Being a good friend. The party ends with all the kids singing Auld Lang Syne in unison. Sometime later, Lucy talks to her grandmother on the phone about her plans to come and visit them for her birthday, which she is looking...","",""
"882569","Guy Ritchie's The Covenant","2023","After an ambush, Afghan interpreter Ahmed goes to Herculean lengths to save US Army Sergeant John Kinley's life. When Kinley learns that Ahmed and his family were not given safe passage to America as promised, he must return to the war zone and repay his debt.  [PLOT] Plot In March 2018, amidst the war in Afghanistan , U.S. Army Special Forces Master Sergeant John Kinley and his unit are caught off-guard by a truck bomb attack orchestrated by the Taliban during a routine vehicle inspection at Lashkargah , which claims the life of their interpreter. In need of a replacement, John is introduced to Ahmed Abdullah, a steadfast yet disliked interpreter, who claims he pursues the job only for money. During an undercover capture mission, Kinley learns that Ahmed was previously affiliated with the Taliban through the opium trade but had defected when the organization murdered his son. Ahmed later saves Kinley's team from being ambushed by Taliban fighters aided by a compromised Afghan National Army soldier, earning Kinley's respect. During another raid to check for a possible insurgent arms cache, Kinley's unit is overwhelmed by superior Taliban forces, who kill everyone except for him and Ahmed. The duo manages to escape on foot. While attempting to navigate through the mountainous Afghan terrain, they are once again ambushed by insurgents, who manage to wound Kinley before clubbing him with a rifle butt, incapacitating him. Ahmed manages to kill the Taliban and then improvises a sled to transport Kinley. Receiving help from some sympathetic Afghans, Ahmed evades the Taliban hunting them, carrying Kinley tirelessly over the country's treacherous mountain topography. Several days later, Ahmed and Kinley are again tracked down by Taliban fighters near Bagram Air Base ; Ahmed kills the fighters but is then forcibly disarmed by U.S. troops. Seven weeks later, Kinley, having been repatriated to his home in Santa Clarita, California , is completely unaware of how he was saved, but understands Ahmed's role in it. Upon learning that Ahmed and his family were forced to move underground owing to the duo's escapade having become local folklore, Kinley attempts to procure U.S. visas for them for well over a month, but in vain. Emotionally tormented and rendered near sleepless by his inability to repay his indebtedness towards Ahmed, Kinley finally resolves to save him himself, enlisting the assistance of his superior, Lieutenant Colonel Vokes, to procure the visas. Returning to Afghanistan under the alias of Ron Kay, Kinley meets with Parker, a private military contractor , who promises to provide support on the condition that the former locates Ahmed first. Kinley meets Ahmed's brother Ali, a Taliban supplier who manages to smuggle...","",""
"882598","Smile","2022","After witnessing a bizarre, traumatic incident involving a patient, Dr. Rose Cotter starts experiencing frightening occurrences that she can't explain.  [PLOT] Plot At a psychiatric ward in Newark, New Jersey , therapist Rose Cotter meets a new patient, PhD student Laura Weaver, [ a ] who recently witnessed her professor kill himself. Laura claims she is now being terrorized by an invisible entity that only she can see, that appears as various menacing smiling people, and has foretold her death. She begins screaming and choking, prompting Rose to call for help; Laura suddenly calms down and smiles, then fatally slits her own throat in front of a horrified Rose. That night, Rose sees a vision of a smiling Laura standing in the darkness of her kitchen. The next day, Rose sees another patient named Carl, who smiles in the same way and shouts at her that she is going to die. Rose calls for nurses to restrain Carl, only to realize Carl has been asleep the entire time. Concerned for Rose's mental well-being, her supervisor, Morgan, orders Rose to take a week off. Rose's hallucinations rapidly increase in severity, and she visits her former therapist, Madeline, who suggests that Rose's problems stem from her childhood, in which she witnessed her abusive and mentally ill mother die from an overdose. Rose sees a toy train and buys it as a birthday present for Jackson, the son of her older sister Holly. At the party, he unwraps her present to find the corpse of Mustache, Rose's cat, horrifying everyone. Breaking down, Rose sees a guest smiling at her, causing her to fall into a glass coffee table and injure herself. This convinces Rose that she has fallen victim to a curse, although both Holly and her fiancé, Trevor, believe she has inherited her mother's mental health issues. Upon learning that Laura's professor was smiling at her before his suicide, Rose visits the professor's widow, Victoria, and learns that he had also witnessed a suicide shortly before his. Rose asks her ex-boyfriend Joel, a police detective, to review old police records. They find several cases of people who witnessed someone commit suicide while smiling at them before doing the same to themselves within a week. Joel discovers the sole exception in the chain of suicides: convicted murderer Robert Talley. Rose and Joel visit him in prison, where he claims that the events are caused by an entity that feeds on trauma and that the only way to escape it is to brutally kill someone else in front of a witness to traumatize them, passing the curse to the witness, although Robert screams at them to leave when he realizes that Rose herself is cursed. While...","",""
"884000","Oh Manapenne!","2021","A wannabe businesswoman and a happy-go-lucky guy meet each other during an arranged marriage blind date but eventually team up to start a food truck on their own.  [PLOT] Plot Karthik, lethargic by nature, completes his B.E. by clearing his subjects after almost five years. His dream is to become a chef and open a restaurant, but he receives no support from his father. Shruthi is a very focused girl who works hard to fulfill her dreams of going to Australia. However, her father shows no interest, as she is a girl and he wanted a boy instead. When Karthik and Shruthi meet at a matchmaking event, her younger cousin, Barath, accidentally locks the door, which jams very often, leaving them stuck in the same room. To pass time, they talk about their past. Shruthi reveals that she was in love with a man named Arjun. They both wanted to start a food truck business. Arjun went to Bangalore to talk with his father about their love and business. Meanwhile, Shruthi started her plan eagerly and was ready to surprise Arjun by buying the truck. But things went wrong and Arjun did not come back, because he became engaged. Shruthi and her father waited for him but when they realised Arjun was not coming back, her father decided to get her married to someone else. On his turn, Karthik reveals that he was unemployed and always went out with his two friends, Sathya and Faizal. So Karthik and his friends made cooking videos, as he is passionate about cooking. But it was not profitable enough, so they took to prank videos and were caught by Karthik's father, which ended their plan. It is then revealed, after the door is fixed, that Karthik came to the wrong address for his matchmaking event. Later, Karthik goes to his actual matchmaking event, which is with a rich family. Meanwhile, Shruthi tells the man coming to her matchmaking event that she is not interested in the marriage. The family of Karthik's prospective bride wants him to be able to run a business, so he and Shruthi decide to operate the food truck themselves, with Karthik as the chef, and Shruthi in charge of the business side of things. At first, they face many difficulties, mainly because of Karthik and his friends' laziness as well as fighting with Shruthi and giving up the food truck. Later, Karthik visits Shruthi's house and informs her father that he should be proud to have such a responsible daughter. He also claims that if he ever gets a son like him, he would wish to have a daughter like Shruthi and insists that he let her pursue her dreams. Because of this, Shruthi understands the good nature of Karthik and later convinces Karthi's father that he is a talented cook by...","",""
"884063","Sex Demons: Ghosts Obsessed With Sex","2021","Seon-kyeon lives and works in a secluded and isolated guesthouse, where he rarely sees any guests except for visits from his girlfriend Yoo-min, who comes to play. One day, something suspicious and strange starts happening in this lonely pension. A pair of male and female virgin ghosts, a twin who lived in the house and both of whom died without ever experiencing sex, declare war on the couple by possessing their bodies. They have one wish: to be satisfied with an excess of sex to resolve the bitterness of their deaths, so they can finally leave the house without any regrets. To fulfill this, Seon-kyeon endures extreme, intense sex with the female ghost, burning with passion day and night. On the other hand, Yoo-min starts losing her mind after a physical encounter with the male ghost and tells her boyfriend that they should leave, but he is already ensnared by the female ghost's lustful possession.","",""
"884605","No Hard Feelings","2023","On the brink of losing her childhood home, Maddie discovers an intriguing job listing: wealthy helicopter parents looking for someone to “date” their introverted 19-year-old son, Percy, before he leaves for college. To her surprise, Maddie soon discovers the awkward Percy is no sure thing.  [PLOT] Plot 32-year-old Maddie Barker is an Uber driver and bartender in Montauk, New York . As she owes property taxes on the home she inherited from her mother, her car is being repossessed, and she faces bankruptcy. Desperate to keep her home, Maddie responds to an unusual Craigslist posting. Wealthy couple Alison and Laird Becker seek someone to date their 19-year-old son Percy in exchange for a Buick Regal . As he is shy and has no experience with girls, drinking, parties, or sex, his parents hope to boost his confidence and ""get him out of his shell"" before he attends Princeton University . Maddie attempts to seduce Percy at the animal shelter where he volunteers. When she offers him a ride home, he thinks she is attempting to kidnap him and maces her. Despite this, she agrees to a date. Maddie and Percy meet at a bar the next night and then go skinny dipping at the beach. While they are swimming, drunken teenagers steal their clothes. Naked, Maddie attacks them, frightening Percy, who refuses to have sex with her. When Maddie tries to leave with his clothes, Percy jumps on her car, naked, and they outrun the police. As they attempt to have sex at her home, he develops an anxiety rash , so Maddie instead takes care of him. Maddie and Percy continue dating, sharing more about themselves and becoming friends. Maddie reveals her father was cheating on his wife and family in New York City with her mother, so she and Maddie were left on their own, although he paid her off with some cash and the house. Both reveal that they never went to prom, so they imitate a prom night, going to a fancy dinner where Percy plays a rendition of "" Maneater "" on the piano. Afterward he meets a school acquaintance, Natalie, who invites him to a Princeton orientation party. After Percy and Maddie disagree about their long-term plans, he goes to the party, where Maddie eventually searches for him. She finds him with Natalie in bed, though nothing happened between them after he took an ibuprofen with alcohol. After leaving the party, Percy professes his love for Maddie, and Maddie says they should not have sex for the first time when he is drunk. The next day, Percy tells his parents he wants to stay in Montauk with Maddie instead of going to Princeton. In a panic, his father offers her the car if she convinces him to go to Princeton. Percy overhears Maddie's deal with his parents. Feeling betrayed, Percy invites his parents and Maddie to dinner simultaneously and makes surreptitious...","",""
"884750","Slightly Mad","2016","The story revolves around the philosophical journey of a youngster. How he understands the world around, what he interprets about the characters of people around him and how does his colorful journey of life unfolds forms the plot of the film.  [PLOT] Plot James flees from a farmhouse and escapes into the woods. A screaming woman tries to follow, but is wounded by a gunshot. Lying on the ground, she is doused with gasoline and set on fire by Vincent and Simon. Deputy Sheriff Daniel Carter is on duty, sitting in his patrol car when he finds James crawling along the road and rushes him to the local hospital, which has been largely abandoned following a fire, where his estranged wife Allison Fraser works as a nurse. At the hospital are Dr. Richard Powell, nurse Beverly, intern Kim, pregnant patient Maggie, her grandfather Ben, and patient Cliff; with the staff at the hospital working as a skeleton crew. Daniel discovers an entranced Beverly murdering Cliff, her face flayed of skin. Beverly moves toward Daniel who shoots her dead. Daniel collapses due to a seizure and experiences a strange vision. State trooper Mitchell enters the hospital to collect James after discovering the bloody scene at the farmhouse. Daniel goes outside to call in Beverly's death from his patrol car but is tackled and stabbed by a robed cultist. He manages to return to the hospital as cultists surround the building. James, Daniel, and Mitchell find that Beverly's corpse has transformed into a tentacled creature. Vincent and Simon enter the lobby and hold the group at gunpoint, demanding to get to James. James takes Maggie hostage to protect himself and stabs Powell, who falls to the floor and dies. The Beverly-Creature appears and takes Mitchell, its tentacles penetrating his body. Vincent and Simon kill the Beverly-Creature and regroup with the others in the lobby, setting Mitchell's body on fire. Vincent and Simon accompany Daniel to retrieve a shotgun from a patrol car, while Allison ventures into the basement to collect medical supplies for delivering Maggie's baby. Powell, no longer dead, manages to capture Allison. Daniel and Vincent go to search for her and find photographs and files indicating Powell was the cult's leader. Powell phones Daniel from the in-house morgue, taunting him and mentioning the vision Daniel experienced while unconscious. Kim and Ben stay with Maggie while Daniel, Vincent, and Simon interrogate James. James explains that Powell has the power to transform people. The three men force James to come with them downstairs. Allison regains consciousness on an operating table where Powell explains he has found a way to defy death after the loss of his daughter Sarah. Having flayed off his face, Powell shows...","",""
"887870","Blue Giant","2023","High school student Dai Miyamoto has his life is turned upside down the day he discovers jazz. Picking up a saxophone and leaving his sleepy hometown for the bustling nightclubs of Tokyo, Dai will find that the life of a professional musician isn’t for the faint of heart, as he must confront what it truly means to be great.  [PLOT] Plot Reggie is a naive Border Terrier who lives with his abusive owner Doug, who recently makes several attempts to ditch him. Abandoned in the city three hours away, Reggie meets street-wise Boston Terrier Bug who teaches him how to be a stray after he defends him from a Rottweiler and Dobermann duo. After a night with Bug and his friends – Australian Shepherd Maggie and Elizabethan collar -wearing therapy Great Dane Hunter – Reggie realizes that Doug has always despised him; he decides to take revenge on him by biting off his penis and the other strays accompany him for support. However, as Reggie has never been that far from Doug before, they must rely on landmarks he saw, including a ""large hamster wheel"" (a carnival's ferris wheel ), a ""giant cone"" (a hill ) and ""the Devil in the Sky"" (an image of a postman on a billboard ). During the journey, the strays bond as they get into several scuffles, culminating in capture by animal control . Coming up with a plan to escape, Reggie suggests that every dog defecates on the floor so when the official opens the door, he will slip on the feces and fall down, which enables their escape. Reggie convinces himself that he is to blame for Doug treating him poorly. This causes Bug to urinate on Reggie's bandana in a fit of rage and Reggie leaves the other strays. Making their way back to the city, Bug, Maggie and Hunter stumble upon lost girl scout Riley Anderson and alert a search and rescue worker to her location. Reggie returns to Doug's house and, after reminiscing about all the times Doug mistreated him, he finally sees the reality. However, an enraged Doug prevents Reggie from leaving and attempts to kill him. In the nick of time, the other strays break in. With their help, Reggie emasculates Doug as his house is inadvertently set on fire. Afterwards, Hunter returns to being a therapy dog and starts a relationship with Maggie, who begins training as a police dog , Riley adopts Bug and Reggie remains a stray and guides new strays, though he still often spends time with his friends. In a mid-credits scene, a hospitalized Doug learns that his penis' reattachment had failed, much to his horror and anger.","",""
"888867","Ideal Climate for Revolution","2021","Politicaly frustrated masses are looking for somebody to repair all the demages caused by czech prime minister Andrej Babiš and his government, during covid pandemic. Meanwhile the society needs to deal with creeping threat of global warming and for this fight we need a real change – ""revolutionary change"".  [PLOT] Plot In the film, Arenas is born in Oriente Province , Cuba in 1943 and raised by his single mother and her parents, who soon move the entire family to Holguín . After moving to Havana in the 1960s to continue his studies, Reinaldo begins to explore his ambitions, as well as his sexuality . After receiving an honorary mention in a writing contest, Arenas is offered the chance to publish his first work. Through his work and friendships with other openly gay men, like Pepe Malas and Tomas Diego, Arenas manages to find himself. The political climate in Cuba becomes increasingly dangerous, and in the early 1970s Arenas is arrested for allegedly sexually assaulting minors, and for publishing abroad without official consent. He is imprisoned in El Morro Castle where he endures abuse and violence from guards. In the next decade, he is in and out of prison, attempting and failing to leave the country several times. In 1980, Arenas finally leaves Cuba for the United States during the Mariel Boatlift , starting a new life with his close friend Lazaro Gomez Carriles. A few years later, Arenas is diagnosed with AIDS . In one scene where he is sick in the hospital, a nurse tells Arenas he is going home, to which he delirously replies, ""to Cuba?"" After spending several years suffering he dies in 1990. At the end of the film, a Spanish and English version of Arenas' poem ""Yo soy"" is used.","",""
"889737","Joker: Folie à Deux","2024","While struggling with his dual identity, Arthur Fleck not only stumbles upon true love, but also finds the music that's always been inside him.  [PLOT] Plot In an animated short titled ""Me and My Shadow"", the Joker is impersonated by his shadow, who acts violently and takes his place to perform a musical number for a TV show, [ a ] then merges back together with the Joker before three police officers arrive and attack him. Arthur Fleck is in custody at Arkham State Hospital awaiting trial for the crimes he committed two years prior. [ b ] His lawyer Maryanne Stewart plans to argue that Arthur suffers from dissociative identity disorder and that his Joker personality is responsible for the crimes. At a music therapy session, Arthur meets Harleen ""Lee"" Quinzel , who claims that she grew up in the same neighborhood he did, had an abusive father who died in a car crash, and was imprisoned after burning down her parents' apartment building. Lee also expresses her admiration for Joker's crimes and personality. As their relationship develops, they begin imagining life as a stage musical with them in the spotlight through their linked insanity . During a film screening, Lee starts a fire. She and Arthur are caught trying to escape, and Arthur is placed in solitary confinement . Lee visits him to say she is being released to prevent him from influencing her, but promises to attend his trial. They have sex before she leaves. During an interview with a television personality, Arthur sings to Lee through the TV screen, deepening her love for him. On the day of the trial, Assistant District Attorney Harvey Dent calls witnesses who dismiss Arthur's claims of insanity, including his old neighbor Sophie Dumond. During a break, Maryanne reveals that Lee was actually a psychiatry student who grew up on the Upper West Side , and her father, a doctor, is alive. Furthermore, she voluntarily committed herself at Arkham, checked herself out, and never burned down an apartment building. When Arthur confronts Lee, she confesses that her lies were an effort to get close to Arthur but also claims that she is pregnant from their night together and has moved into his old apartment building to create a home for them. Afterwards, he imagines a scenario where they are singing on television before she shoots him dead. At the trial the next day, Arthur dismisses Maryanne and represents himself . After bringing Arthur's former co-worker Gary Puddles to the stand, Harvey rests his case. Visibly affected by Gary's testimony, Arthur offers no defense. During his speech, he mocks the Arkham guards and indicates that they abuse him. Returning...","",""
"890138","A.R.M - Ajayante Randam Moshanam","2024","Set in the Northern Kerala in 1900, 1950 and 1990, Three generations of heroes Maniyan, Kunjikelu and Ajayan, try to protect the most important treasure of the Land.","",""
"893712","Sword Art Online the Movie – Progressive – Scherzo of Deep Night","2022","Over a month has passed since 10,000 users were trapped inside the ""Sword Art Online"" world. Asuna, who cleared the first floor of the floating iron castle of Aincrad, joined up with Kirito and continued her journey to reach the top floor. With the support of female Information Broker Argo, clearing the floors seemed to be progressing smoothly, but conflict erupts between two major guilds who should be working together – the top player groups ALS (the Aincrad Liberation Squad) and DKB (the Dragon Knights Brigade). And meanwhile, behind the scenes exists a mysterious figure pulling the strings…","",""
"893723","PAW Patrol: The Mighty Movie","2023","A magical meteor crash lands in Adventure City and gives the PAW Patrol pups superpowers, transforming them into The Mighty Pups.  [PLOT] Plot Following the destruction of the Cloud Catcher and Mayor Humdinger's arrest, [ a ] meteoriticist Victoria Vance steals a giant electromagnet from Hank and Janet's scrapyard , inadvertently setting a fire that traps the owners. Janet sends Ryder and the Paw Patrol pups to extinguish the fire. At Adventure City, the citizens gather for a meteor shower , while Ryder introduces the Paw Patrol to Nano, Mini, and Tot, three Pomeranians who wish to be part of the team as Junior Patrollers. Meanwhile, Vance travels to an abandoned observatory and creates a Meteor Magnet from what she stole, hoping to attract an incoming magical meteor. The machine malfunctions, causing the meteor to head for Paw Tower. Ryder and the pups evacuate the tower, and help the civilians escape before the meteor destroys the tower and wrecks the street below it. The Paw Patrol takes the rock to their Aircraft Carrier headquarters for analysis. That night, Skye awakens as the meteor rock begins to glow. It splits to reveal seven crystals, one of which grants her the powers of flight and super strength. The other pups each take a crystal to gain powers themselves, but as Liberty seems to have no abilities, Ryder assigns her to train the Junior Patrollers. Vance, having been arrested for public endangerment , escapes prison with Humdinger and the Kitten Catastrophe Crew. Inside Humdinger's private airplane, the group plans to trap the Paw Patrol, who have now re-branded as ""the Mighty Pups"". Vance deliberately destroys one of the plane's engines and calls Ryder, who sends Skye to investigate. Vance steals Skye's crystal and parachutes out of the plane alongside Humdinger and the kittens, leaving Skye trapped inside. Ryder and the other pups clear Main Street so Skye can land the damaged plane. Back at the Aircraft Carrier, Skye tells Chase that having superpowers was the first time in her life she did not feel like the smallest and weakest. Having been the runt of her litter at birth, she was always overlooked and never got adopted. Hoping to find herself a home, she tried to follow Ryder through a blizzard, but collapsed from hypothermia. Thankfully, Ryder turned around and saved her from freezing by wrapping her in his coat. Taking the other pups' crystals, Skye attempts to retrieve hers from the villains, but Vance, having acquired superpowers of her own, captures Skye and steals the rest of the crystals. When Skye tries to warn Vance of the consequences of using the Meteor Magnet...","",""
"894803","Sita Ramam","2022","Afreen, a rebellious Pakistani student sets ablaze the car of an Indian in London. Angered Afreen returns to Pakistan to ask for money from her grandfather that she has to pay in a month's time as damages. However, she gets to know that he is no more and the only thing he has left for her is a letter-delivering task, written by Ram to Sita. As Afreen sets out to find Ram, there begins her journey of discovering the secret behind the 20-year-old letter.  [PLOT] Plot In 1985, Afreen, a rebellious Pakistani student in London , is ordered to pay 10 lakh INR in compensation within a month for burning the car of an Indian philanthropist, Anand Mehta, or face prison. Refusing to apologize, she travels to Karachi to secure the funds from her estranged grandfather, Abu Tariq, a retired Pakistan Army Brigadier . Upon arrival, she discovers he has just passed away. According to his will, Afreen will only inherit his estate after she personally delivers a 20-year-old undelivered letter to a woman named Sita Mahalakshmi in Hyderabad , India . Afreen travels to Hyderabad with her senior, Balaji. She learns that the letter's destination, the Noor Jahan Palace, was converted into a girls' college decades ago, and the estate's veteran accountant does not recall any employee named Sita. To trace her, Afreen locates Vikas Varma, a retired Indian Army officer who served in Kashmir with the letter’s author, Lieutenant Ram, and inquires him about Sita. In a flashback, during a 1965 geopolitical skirmish engineered by a Pakistani extremist named Ansari, Ram saves a village of Kashmiri Pandits from a manipulated Muslim mob, earning national hero status. An All India Radio journalist, Vijayalakshmi, broadcasts his story, prompting citizens to send letters to the orphaned soldier. Among them is a mysterious letter from Sita Mahalakshmi, who affectionately claims to be his wife through fictional anecdotes. Captivated, Ram uses subtle clues in her subsequent letters to locate her on a train to Hyderabad. Though they briefly meet, they are separated due to a missed connection. Durjoy, a friend of Ram, tells Afreen that Ram eventually reunited with Sita in Hyderabad, where she worked as a Bharatanatyam teacher at the palace. However, from a portrait at the palace, Afreen discovers that Sita was actually Princess Noor Jahan. A former confidante of Noor, Rekha, explains that Noor used the pseudonym to experience a normal life. In another flashback, Noor's brother compels her to agree to a marital alliance with an Omani prince to save their estate from financial crisis. Noor travels with Ram to reveal her identity but deeply falls in love with him during the trip. After Ram leaves for Kashmir without learning the truth, a journalist publishes pictures of Noor and Ram, publicising their relationship. When an ambassador of the Prince of Oman urges Noor to give an explanation, she confesses her love for Ram, terminating the alliance, and leaves...","",""
"895954","母女汽车中心","2021","Yeon Ja, a working mother, runs a car center after divorce and is raising her daughter all by herself. Her daughter, Ah Jung, started helping her when she became an adult, however, the customers don't trust weak-looking women to touch machines and the business at the car center is slow. Thanks to Ah Jung's punk boyfriend, Sung Hoon, they came up with an idea to turn the car center into a sexy car center.","",""
"896453","Flashback","2025","[PLOT] Plot A cattle wrangler , True Brandywine, emerges from beneath snow in a desolate meadow. He calls unsuccessfully for his missing horse, Dude, and becomes aware his boot has become dislodged, dangerously exposing his foot to snow. In flashback, True rides a bucking bronco in a rodeo . After the ride, he purchases painkillers from a rodeo competitor turned drug dealer. In the present, True makes his way back to his truck, which he finds is stuck. His foot has symptoms of frostbite and his phone has no reception. He dreams of an earlier rodeo competition. Awake, he locates a cabin on a map and he ventures out of his truck and into a forest. In flashback, True arrives home to the farm in Elko, Nevada where he lives with his father, George, mother, Kathy, and younger brother, Caleb. His father encourages him to enlist in the Marine Corps , himself a former Marine. In the present, True reaches the cabin and builds a fire. In flashback, True burns himself on his truck's engine and is bandaged by a passing nurse, Ali. He and Ali spend the rest of the evening together and True draws her portrait in a cafe. In the present, True injects himself with penicillin . In flashback, George, True, and Caleb work together to load hay bales with a hay squeeze . True introduces Ali to his family, and after, in his truck, the two tell each other they love each other. In the present, True leaves the cabin, constructs snowshoes and uses his rifle scope to search for a way out of the forest. In flashback, True and Caleb practice shooting and compare notes regarding wilderness survival . True collapses at another rodeo and is taken to the hospital, where a doctor explains he has traumatic brain injury . Caleb tells True that he has enlisted in the Marines. In the present, True constructs a snare using a tree. In flashback, True and Ali discuss True's retirement from rodeo and visit an art exhibition . True and George argue while mending a fence before True begins working at Boot Barn . While at lunch, Ali encourages True to attend art school . While they argue about True's future, True receives the news that his brother Caleb has died. True returns home, where his family is mourning. His father gives him an audio tape, containing Stopping by Woods on a Snowy Evening . True loads his horse in his trailer and breaks up with Ali. True begins "" breaking "" horses on ranches and at a cattle ranch is hired by the owner Cliff. In the present, he loses a rabbit caught in his snare to a...","",""
"897087","Freelance","2023","An ex-special forces operative takes a job to provide security for a journalist as she interviews a dictator, but a military coup breaks out in the middle of the interview, they are forced to escape into the jungle where they must survive.  [PLOT] Plot Mason Pettits, a U.S. Army Special Forces operator, is injured and medically discharged after his helicopter is shot down during a failed mission to assassinate Juan Venegas, the dictator of the fictional South American nation of Paldonia. Years later, Mason, stuck in a dead-end job at a law firm, is approached by an old teammate, Sebastian Earle. Sebastian offers Mason a lucrative private security job protecting disgraced journalist Claire Wellington, who has been invited to Paldonia by Venegas to interview him in the midst of an uprising against his regime. Mason reluctantly accepts the job, upsetting his wife Jenny, who wishes him to remain in the life of his daughter Casey. Mason and Claire travel to Paldonia, with Venegas personally escorting them from the airport. However, while they are on their way to Venegas' estate, the convoy is ambushed by a militant group, which destroys their vehicles and kills Venegas' bodyguards. Mason fights off the assailants and escapes into the jungle with Claire and Venegas. Venegas deduces that their attackers were his own soldiers in disguise, and that the assassination attempt is a coup orchestrated by his nephew Jorge, with the backing of a South African military group led by Colonel Jan Koehorst. Mason calls for an evacuation helicopter for himself and Claire, hoping to abandon Venegas in the jungle. However, the arriving helicopter is crewed by mercenaries who attempt to kill Mason and Claire. Mason, with a little help from Venegas, fights them off, and the group arrives at a village where Venegas is highly respected. Claire successfully films her interview with Venegas, in which he asserts sovereignty over Paldonia's valuable mineral resources. While Mason bonds further with Claire, he resists her romantic advances, remembering his family back home. The next day, Venegas hints at a true purpose for Mason's job. Mason calls Sebastian, who informs him that he was actually hired by the South Africans to have Mason assassinate Venegas, as a reprisal for the dictator's refusal to sign over the rights to Paldonia's oil. Jan and his men subsequently arrive at the village and chase the group; Mason and Venegas escape on horseback, but Claire is captured. While on the way to Paldonia's capital, Venegas claims that the helicopter crash that took Mason out of action was a friendly fire incident. Later, the two stage a trade for Claire, while Venegas reveals that the ""uprising"" against his regime was staged and that...","",""
"897160","Brave Citizen","2023","An expelled boxing champion, who now is a high-school teacher, witnesses intolerable violence and throws her first punch to build justice against it, while putting on a mask.","",""
"899082","Harry Potter 20th Anniversary: Return to Hogwarts","2022","An enchanting making-of story told through all-new in-depth interviews and cast conversations, inviting fans on a magical first-person journey through one of the most beloved film franchises of all time.  [PLOT] Plot Harry Potter has a nightmare in which a Muggle caretaker named Frank Bryce is murdered at the Riddle House after overhearing a plot by Lord Voldemort , Peter Pettigrew , and another man whom Harry does not recognise. The following morning, Harry attends the Quidditch World Cup with the Weasleys , Hermione Granger , Cedric Diggory and his father Amos . That night, Death Eaters attack the campsite after the tournament and the unknown man from Harry's nightmare casts the Dark Mark . At Hogwarts , Professor Dumbledore announces that the school will host the Triwizard Tournament along with the Durmstrang Institute and the Beauxbatons Academy . One student from each school will be chosen by the Goblet of Fire to participate; students under the age of seventeen are ineligible. The Goblet selects Fleur Delacour for Beauxbatons, Viktor Krum for Durmstrang, and Cedric for Hogwarts. It then chooses Harry as a fourth Champion, leading to much confusion. Many students believe Harry cheated, and Ron distances himself from him, hurt that Harry did not tell him when he allegedly entered. Harry is forced to compete due to a magical binding contract when a Champion's name was selected. For the first task, the Champions must retrieve an egg by getting past a dragon. Professor Alastor Moody , the new Defence Against the Dark Arts teacher, hints that Harry can use his wand to summon his broomstick. All four Champions collect their eggs. Ron reconciles with Harry after witnessing how perilous the first task was. On Christmas Eve, the school hosts the Yule Ball , but Harry and Ron could not attend with their preferred dates and instead go with Parvati and Padma Patil, respectively; Hermione goes with Viktor, provoking Ron's jealousy. Cedric advises Harry to use the Prefects' bathroom on the fifth floor of Hogwarts, take a bath, and submerge the egg in the water to find the second clue. For the second task, the Champions must rescue somebody of value to them from the Black Lake: Harry has to save Ron, Cedric has to save his girlfriend, Cho Chang , Viktor has to rescue Hermione, and Fleur has to save her sister, Gabrielle. Neville Longbottom gives Harry gillyweed to help him breathe underwater. Cedric comes in first, and Harry is awarded second place after he saves not only Ron, but also Gabrielle, after Fleur had withdrawn from the task. Harry later finds the lifeless body of Bartemius Crouch , a Ministry of Magic official, in the Forbidden Forest . In Dumbledore's office,...","",""
"899112","Violent Night","2022","When a team of mercenaries breaks into a wealthy family compound on Christmas Eve, taking everyone inside hostage, the team isn’t prepared for a surprise combatant: Santa Claus is on the grounds, and he’s about to show why this Nick is no saint.  [PLOT] Plot In 1918, Pearl is a young woman living with her German immigrant parents on their farm in Texas, while her husband, Howard, serves in World War I . Her father is infirm and paralyzed, and her strict mother, Ruth, insists that she help care for both him and the farm as they isolate themselves to protect against the Spanish flu pandemic . Pearl aspires to be a chorus girl or a film star, which Ruth disapproves of, and she chafes under the isolation. Pearl also shows signs of repressed rage and violence. She abuses her father in secret and kills animals, which she feeds to an alligator she has nicknamed Theda . One day while visiting town, Pearl meets a projectionist who takes a liking to her. After returning to the farm, Pearl dances with a scarecrow in a cornfield and has sex with it. During supper, Ruth berates Pearl and withholds her food, as Pearl claimed to have bought sweets on the way home to explain the missing 8 cents she spent on her ticket to the pictures. Pearl learns from her wealthy sister-in-law Mitsy about an audition to select new dancers for a troupe across the state. She sees this as her chance to escape a life spent on the farm and caring for her father. Later, she visits a projectionist who shows her the forbidden stag film A Free Ride and urges her to chase her dreams. Pearl, however, insists she cannot leave her family, remarking, ""If only they would just die."" The next night, Ruth and Pearl get into an argument over dinner as she reveals she knows about Pearl's visits to the movies. Pearl confesses she wants to audition and asks for Ruth's permission, to which she declares Pearl as her biggest failure. An altercation erupts during which Pearl shoves her mother against the hearth, causing her dress to catch fire. As she burns, Pearl pours boiling water onto her to douse the flames and then drags her into the basement while leaving her father alone in the room. She then flees to the theater, where she sleeps with the projectionist. The following morning, the projectionist drives Pearl home to prepare for the audition. However, he is disturbed by her sudden agitated behavior, as well as the sight of a rotting pig that her mother-in-law left for Ruth several days before. As he tries to leave, Pearl erupts into a fit of rage at the perceived abandonment and stabs him to death with a pitchfork. She pushes his car into a pond, where Theda eats his remains. Pearl dresses herself in one of Ruth's Belle Époque gowns and dresses up her...","",""
"900493","How the Titanic became my lifeboat","2021","The film is based on a true story about an Icelandic boy called Brynjar Karl. The film explores those possibilities with Brynjar and other young people who share their experiences being on the autism spectrum and how their talent elevated them.  [PLOT] Plot In 1996, aboard the research vessel Akademik Mstislav Keldysh , treasure hunter Brock Lovett and his team explore the wreck of RMS Titanic , hoping to find a necklace known as the Heart of the Ocean. Instead, they recover a safe containing a drawing of a young woman wearing the necklace. The sketch is dated April 14, 1912, the day the Titanic struck an iceberg and sank , resulting in about 1,500 deaths. [ a ] After seeing a television report about the discovery, centenarian Rose Dawson Calvert contacts Lovett, revealing she is the woman in the drawing. Hoping she can help locate the necklace, Lovett brings Rose and her granddaughter aboard the Keldysh , where Rose recounts her experience on Titanic. In 1912, 17-year-old Rose DeWitt Bukater boards the Titanic in Southampton with her wealthy fiancé, Cal Hockley, and her mother, Ruth. Rose is unhappy in the loveless engagement, but Ruth stresses that the marriage will resolve their financial problems. Rose contemplates suicide by jumping from the ship's stern, but is stopped by Jack Dawson, a poor nomadic artist. Jack and Rose form a friendship, and Jack confesses his feelings for her. Though initially resistant, Rose realizes she has fallen in love with Jack, despite Cal's and Ruth's disapproval. Rose brings Jack to her stateroom and asks him to draw her nude, wearing only the necklace. Afterward, they evade Cal's valet, Spicer Lovejoy, and have sex in a car in the cargo hold. On the forward deck, they witness the ship's collision with an iceberg and overhear officers discussing the severity of the situation. When Cal discovers Jack's sketch of Rose, he has Lovejoy plant the necklace on Jack, framing him for theft. Jack is arrested and locked in the master-at-arms ' office, and Cal pockets the necklace. As Titanic sinks, women and children are prioritized for the lifeboats. Rose rescues Jack, and they return to the deck, where Cal urges Rose to board a lifeboat, claiming he and Jack will board another. Cal unwittingly wraps his coat, containing the necklace, around her. As her lifeboat is lowered, Rose jumps back onto the ship, unwilling to leave Jack behind. Enraged, Cal grabs a pistol and chases them through the flooding ship, but gives up when they escape. Cal joins a lifeboat by pretending to be a child's father. As the flooded bow sinks, the stern rises into the air, and Jack and Rose cling to the railing. The ship splits in two, and the stern sinks into the freezing water with the remaining...","",""
"900667","One Piece Film Red","2022","A new adventure begins for Luffy and his crew when mysterious pop superstar Uta unveils her identity — and launches a misguided plan for world peace.  [PLOT] Plot In 1979, police officers arrive on a lonely farm in rural Texas and find numerous dead bodies wrapped in bags. They then enter the farmhouse and find something shocking in the basement. Twenty-four hours earlier, aspiring adult film star Maxine is on a trip to shoot a pornographic film with her producer fiancé Wayne, fellow burlesque dancer Bobby-Lynne and her Marine Corps veteran boyfriend Jackson, director RJ, and RJ's timid girlfriend Lorraine. The group arrives at a farm owned by World War veteran Howard and his wife Pearl , an elderly couple who have a guesthouse they rented for the shoot. Howard expresses his disdain to the group, but Wayne excuses this due to not informing Howard of their intentions. While Bobby-Lynne and Jackson act out a scene, Pearl discreetly observes Maxine nude swimming in a nearby lake, before inviting her into the farmhouse. Pearl expresses an unusual fixation on her, as Maxine looks similar to Pearl in her youth. Howard returns home and Pearl rushes Maxine out, urging her to keep it a secret. Maxine returns to the guesthouse and shoots a sex scene with Jackson in the barn, as Pearl secretly watches and imagines herself in Maxine's spot. Later, Pearl attempts to seduce Howard but he turns her down, citing heart problems. That night, Lorraine participates in the shoot, upsetting RJ. When everyone is asleep, an angry RJ attempts to drive away and strand the group at the farm, but finds Pearl in the driveway. After he rebuffs her advances, Pearl stabs him repeatedly in the neck, decapitating him. Noticing RJ's absence, Lorraine and Wayne search for him. In the barn, Wayne steps on a large nail and is stabbed in the eyes by Pearl with a pitchfork. Meanwhile, Howard lures Lorraine into their house, claiming Pearl has gone missing. He asks Lorraine to retrieve a flashlight from the basement. When she goes down, Howard locks the door and she discovers a naked male corpse hanging from the ceiling. Howard goes to the guesthouse and asks Jackson to help find Pearl. When they split up to scout the lake's perimeter, Jackson finds a car submerged in the water. After failing to draw Jackson into the water with his flashlight, Howard confronts him and shoots him in the chest. Meanwhile, Pearl sneaks into the guesthouse, undresses, and climbs into bed with Maxine, caressing her body, who awakens in horror to find Pearl lying next to her, her scream waking Bobby-Lynne. Back in the house, Lorraine breaks through the basement door with a...","",""
"901362","Trolls Band Together","2023","When Branch's brother, Floyd, is kidnapped for his musical talents by a pair of nefarious pop-star villains, Branch and Poppy embark on a harrowing and emotional journey to reunite the other brothers and rescue Floyd from a fate even worse than pop-culture obscurity.  [PLOT] Plot In a flashback, an infant Branch and his four older brothers John Dory, Spruce, Clay, and Floyd perform as a boyband called BroZone. When they fail to perform the ""Perfect Family Harmony"", a powerful ability that Trolls can achieve when they are in complete sync, the brothers argue and go their separate ways. Branch is left alone to be raised by his grandmother Rosiepuff. In the present, leaving off a month after saving music from the Hard Rock Trolls, [ a ] Branch and Poppy (a fan of BroZone) attend Bridget and Gristle's wedding in Bergen Town. They are interrupted by John Dory, who reveals that Branch is his brother, and came because Floyd has been captured by Velvet and Veneer, two Mount Rageon teenagers who wish to be pop stars. The siblings have trapped Floyd in a diamond perfume bottle, which they use to extract his essence and improve their singing, although the process could eventually kill him. As the Perfect Family Harmony is the only thing that can destroy diamond, Branch reluctantly agrees to help John Dory find their brothers and rescue Floyd. Along with Poppy and Tiny Diamond, they set out in John Dory's armadillo -like portable van named Rhonda. They find Spruce at the Vacay Island resort, where he has changed his name to Bruce and started a family. Bruce is reluctant to help, until his wife and kids convince him to do so. The group later finds Clay at an abandoned Bergen miniature golf course, inhabited by a hidden colony of Pop Trolls who do not know that the Bergens are no longer their enemies, having been separated from the other Pop Trolls when they fled the final Trollstice. [ b ] They also meet the colony's leader, Viva, who reveals herself to be Poppy's long-lost sister. At first, Poppy is delighted, but the visit turns sour when Viva refuses to believe the Bergens have changed, and tries to stop Poppy's group from leaving the golf course. They manage to escape thanks to Clay, who has agreed to help, and Poppy and Viva sadly part ways. Meanwhile, Velvet and Veneer continue to strip Floyd of his essence, and Velvet reveals that she forged Floyd's handwriting and sent a letter to John Dory, in order to bait Floyd's brothers to come and rescue him. Furthermore, the sibling's assistant Crimp is tricked and ends up inventing shoulder-pad suits that enhance the extraction, which they plan to use when they capture all of BroZone. The Trolls almost make it to Mount Rageous, but once again argue and fail to perform the Perfect Family...","",""
"901521","Methagu-II","2022","A direct sequel to Methagu, which tells the biography of LTTE Leader Prabhagaran.","",""
"910371","Hell Dogs","2022","Bent on revenge, a traumatized ex-police officer must infiltrate a yakuza organization by befriending one of the group's most unhinged members.  [PLOT] Plot Mother has paused her career as an artist to become a stay-at-home mom for her two-year-old son. Because her husband is away on work trips most of the time, she is responsible for the majority of the caregiving for the boy. Feeling isolated from her artistic identity and resentful of what she sees as the expectation to be friends with other mothers, she frequently fantasizes about lashing out at those around her. She begins to experience surreal physical changes, including patches of fur on her body, the growth of a tail and additional nipples, and heightened senses. Although she initially dismisses these developments as symptoms of emotional stress and perimenopause , she soon becomes convinced that she is turning into a dog. She begins to dream about her childhood in a Mennonite society, including memories of her mother running on all fours and concocting stews with unusual ingredients. Seeking understanding, Mother visits the library to check out a book about mythical transformations, reinforcing her belief in her metamorphosis. Embracing her new identity, she adopts increasingly canine behaviors, finding liberation from societal expectations and a renewal of her artistic passions. She has her son play with dogs, eat from dog bowls and sleep in a dog bed, which calms him down and allows her to sleep through the night as she envisions herself transforming into a dog to run free. During these transformations, she kills small animals, including the family's pet cat. When her husband questions these developments, Mother lashes out at him over his insensitivity to her needs; he tells her he is disappointed in her for shutting him out. They agree to a trial separation while she works on an art project. Mother realizes that her mother could also transform into a dog, and that her son's rebellious and willful nature indicates that she has passed the animal trait to her son. The separation allows Mother to harmonize her animalistic and artistic identities. Eventually, Mother rekindles her relationship with her estranged husband as the two finally come to an understanding, reuniting the family. Some time later, Mother gives birth to her second child, a daughter.","",""
"911014","Breach","2021","Sofia, a deceased young girl, enters the reception room for the dead. She is met with Angel who agonises at the idea of doing his own job. He must process her file and send her to a new destination. However, a breach appears in the system which leaves the characters wondering, was this truly Sofia’s time or will Angel have to send her back?  [PLOT] Plot In 1995, super soldier Alexei Shostakov and Black Widow assassin Melina Vostokoff work as Russian undercover agents, posing as a family in Ohio with Natasha Romanoff and Yelena Belova as their daughters. They steal S.H.I.E.L.D. intel and escape to Cuba where their boss, General Dreykov , has Romanoff and Belova taken to the Red Room for training as Widows. In the following decades, Shostakov is imprisoned in Russia while Romanoff and Belova become successful, dangerous assassins. Romanoff eventually defects to S.H.I.E.L.D. after helping Clint Barton bomb Dreykov's Budapest office, which apparently kills Dreykov and his young daughter Antonia . In 2016, Romanoff is a fugitive for violating the Sokovia Accords . [ a ] She escapes from U.S. Secretary of State Thaddeus Ross and flees to a safehouse in Norway supplied by Rick Mason . Meanwhile, Belova kills a rogue former Widow but comes in contact with a synthetic gas that neutralizes the Red Room's chemical mind-control agent. Belova sends antidote vials to Romanoff, hoping she and the Avengers can free the other Widows, and goes into hiding. When Romanoff is unknowingly driving with the vials in her car, Red Room agent Taskmaster attacks her. Romanoff escapes from Taskmaster and realizes that the vials came from Budapest. There she finds Belova, who reveals that Dreykov is alive and the Red Room is still active. Widows and Taskmaster attack them, but Romanoff and Belova evade them and meet with Mason, who supplies them with a helicopter. Romanoff and Belova break Shostakov out of prison to learn Dreykov's location, and he directs them to Vostokoff, who lives on a farm outside Saint Petersburg . There she is refining the chemical mind control process used on the Widows. Vostokoff alerts Dreykov and his agents arrive to take them, but Romanoff convinces Vostokoff to help them and the pair use face mask technology to switch places. At the Red Room, a secret aerial facility, Vostokoff frees Shostakov and Belova from their restraints. Dreykov sees through Romanoff's disguise. He reveals that Taskmaster is Antonia, who suffered damage in the Budapest bombing that was so severe Dreykov had to put technology in her head to save her. This turned Antonia into the perfect soldier, capable of mimicking the actions of anyone she sees. Romanoff is unable to attack Dreykov due to a pheromone lock installed in every Widow, but negates that by breaking her own nose and severing her olfactory nerve . Shostakov battles...","",""
"911430","F1","2025","Racing legend Sonny Hayes is coaxed out of retirement to lead a struggling Formula 1 team—and mentor a young hotshot driver—while chasing one more chance at glory.  [PLOT] Plot A child narrator explains that on a Wednesday night, seventeen children in Maybrook, Pennsylvania , ran out of their homes at 2:17 a.m. and vanished into the night. The missing were all students of Justine Gandy's third-grade class, from which only one child, Alex Lilly, remained. Justine is accused by the students' parents of being involved in their disappearance, and she is placed on administrative leave. One father, Archer Graff, is particularly suspicious of her. Justine relapses into alcoholism and has a one-night stand with her married ex-boyfriend, police officer Paul Morgan. Concerned for Alex's welfare, Justine follows him home and discovers his house's windows covered with newspaper and his parents sitting motionless inside. When Justine falls asleep in her car while staking out the house, Alex's mother exits in a trance and cuts a lock of Justine's hair while she sleeps. Frustrated with the lack of leads, Archer starts his own investigation. After comparing his and another couple's video doorbell footage, Archer discovers the children's paths were directly converging on an unknown location. Both Archer and Justine become plagued by nightmares of the missing children, along with a mysterious elderly woman. While on patrol , Paul prevents James, a homeless drug addict , from committing a burglary and pricks himself on a needle in James's pocket while frisking him. Paul angrily strikes James, then releases him after realizing his patrol car's camera recorded the assault. James burgles Alex's house, discovering the missing children in the basement, seemingly catatonic . While heading to the police station to claim the reward money, he is noticed by Paul, who chases him into the woods, thinking James was there to report the assault. James briefly encounters the mysterious woman before Paul catches him. James tells him of the children's whereabouts, and Paul brings James to Alex's house to investigate. Paul leaves a handcuffed James in the car, and after several hours, he bursts from the house and drags a screaming James inside. Principal Marcus Miller is persuaded by Justine to conduct a wellness check on Alex. Before he can schedule it, the mysterious woman arrives at his office and introduces herself as Alex's Aunt Gladys , claiming she is helping to care for Alex's ill parents. Although she assures Marcus everything is alright, he insists on the welfare check. Gladys later accosts Marcus at his home, cutting a lock of hair from Marcus's...","",""
"911816","Harám","2015","Harám tells the story of Salwa, a Muslim inmigrant who flees the Palestine war and finds shelter in Salvador with her husband Farid. Just arrived, Salwa meets Felicia, a ten-year-old girl who lives a few meters away from her place, soon, some sort of cultural exchange will begin to take place between them","",""
"911835","Aunt","2021","[PLOT] Plot Two sisters, Macy and Savannah are denied for a bank loan . Their mom says her sister, with a $20 million estate, has cancer. Savannah suggests to her sister that they attempt to get their aunt Hilda's inheritance money. Macy's boyfriend is moving to Alaska for a year if there is no money, so she agrees to the plan. But when they arrive at their aunt's mansion, they find their cousin Beatrice also there along with her husband James, making soup in kitchen. They accuse her of trying for the inheritance. Later, another cousin Richard alias Dick joins them. They trade insults between themselves. Richard hits on Macy, even though they are cousins. Macy and Savannah take their aunt to see her sister for reconciliation, but they start physically fighting with each other. Richard buys flowers and cake for his aunt. James and Beatrice make the aunt a photo album - which she likes. Macy and Savannah are unable to compete against their cousins, so they plan to bring out the aunt's high school crush Bill. Beatrice overhears the plan and decides to get her aunt to sleep with her husband James, who rebels against it. Macy and Savannah see Bill, but he lives in a Halfway House for sex offenders who are out of prison. They bribe him with $200, and give him the aunt's address. Bill arrives for the date, and Dick remembers that Bill is a flasher and mentions it to Beatrice who breaks into the aunt's room and tells her about Bill being a sex offender. Aunt is willing to give Bill a second chance and get married, so Bill would inherit the estate, which spoils the cousins' plans. The cousins all join together to take out Bill, deciding to split the estate equally between them. The plan is to show that Bill is still a flasher. Their younger sister is set as a bait for the sex offender Bill, and she agrees to get him drunk, and get him to flash. James leaves, and wants his wife to come with him. He says it's either him or the money, and Beatrice chooses the money. The cousins lure Bill out to the garden and seat him with Ellen, but he passes out. Savannah unzips his pant and takes some pictures. Macy tries to zip him up, when her boyfriend Geoff arrives to see it happen. Hilda starts foaming at the mouth and a doctor is called who informs them it's time to say their goodbyes. The cousins give the aunt a will to sign with her giving up her estate to them. After forcing her to sign it, she rebukes them before taking her last breath. At the will execution, the lawyer says...","",""
"912598","Bubble","2022","In an abandoned Tokyo overrun by bubbles and gravitational abnormalities, one gifted young man has a fateful meeting with a mysterious girl.  [PLOT] Plot In the near future, the world is overcome by bubbles that break the laws of reality. An explosion at Tokyo Tower concentrates all the bubbles in Tokyo , but makes the city uninhabitable. Various young folk defy the restrictions, and live there anyway, using parkour tournaments as a means to barter and trade supplies. In one parkour team, the Blue Blazes, 18-year-old Hibiki is an exceptional parkour talent, but he avoids others due to a hearing ultrasensitivity . Tokyo Tower continues to be an impossible location to get to because of gravity anomalies . One day, Hibiki attempts to climb the tower because he hears a woman's song, and believes he sees a boy there. He almost makes it, but ends up falling into the ocean , where his final exhale combines with some of the bubbles to make a young girl. She is clearly new to being a human, but learns quickly from others. Hibiki names her ""Uta"" (""Song"") because she knows the song he hears in his head. Uta and Hibiki train parkour together, beating a team called the Morticians/Undertakers, however, in one final catch, when Uta touches Hibiki, her arm fades away into bubbles. Bubble activity starts up again, so the Tokyo residents need to flee. Uta goes to Tokyo Tower to stop it. Hibiki goes to save her. In the final scene they save each other, but Uta fades into bubbles as in the original fairy tale from Hans Christian Andersen : "" The Little Mermaid ."" In her final breath, she tells Hibiki that he made it worth it for her to be human. With the bubbles gone, the citizens of Tokyo return and start to rebuild. The parkour teams continue their lives too. Whether real or imagined, in the end credits, Hibiki is still continuing to do parkour as a bubble (implied to be Uta) follows him.","",""
"912649","Venom: The Last Dance","2024","Eddie and Venom are on the run. Hunted by both of their worlds and with the net closing in, the duo are forced into a devastating decision that will bring the curtains down on Venom and Eddie's last dance.  [PLOT] Plot After returning from another universe, [ a ] Eddie Brock and the Venom symbiote are drunk in a bar in Mexico . Still on the run after their recent battle with Carnage , [ b ] the apparent murder of Patrick Mulligan makes international headlines with Eddie, who is falsely branded a prime suspect. He decides to set out for New York City to meet an old acquaintance in an attempt to clear his name — not before unwittingly leaving a bit of Venom at the bar. Meanwhile, a creature known as a Xenophage has begun tracking Eddie and Venom. Soldier Rex Strickland oversees Imperium, a government operation at the site of the soon-to-be-decommissioned Area 51 for the capture and study of other symbiotes that have fallen to Earth. Mulligan, revealed to have survived his encounter with Carnage, is captured by Strickland. He is bonded with one of many contained symbiotes and questioned by Imperium researchers Dr. Teddy Paine and Sadie ""Christmas"" to learn about the symbiotes' purpose on Earth. While traveling via the side of an airplane bound for New York City, Eddie and Venom are attacked by the Xenophage and forced to drop into the Nevada desert. Venom explains that Xenophages were sent to Earth by symbiote creator Knull to retrieve a Codex, forged when a symbiote resurrects its host; the Codex will free Knull from the prison the symbiotes trapped him in long ago. Having previously revived Eddie, [ c ] Venom and Eddie are now carrying a Codex. After escaping both the Xenophage and Strickland and his team, Eddie hitches a ride to Las Vegas with a family of alien enthusiast hippies. Mulligan's symbiote informs Strickland of Knull's intentions with the Codex, which can only be destroyed if either Eddie or Venom dies. In Las Vegas, after a reunion with Mrs. Chen, Eddie and Venom are ambushed by both the Xenophage and Strickland's team. The pair are separated and taken to Area 51. Sadie, sympathetic to the symbiotes, frees Venom, who re-bonds with Eddie after Strickland shoots him. This attracts the Xenophage, which devours Mulligan in the battle. Venom has the other confined symbiotes released, which bond with Sadie and the other scientists to fight off the Xenophage. Knull is signalled that the Codex has been found and sends more Xenophages to Earth, overwhelming the symbiotes. Realizing he must sacrifice himself to destroy the Codex and save the universe, Venom merges with the Xenophages, leads them to the acid tanks, and bids Eddie farewell. A mortally wounded...","",""
"913290","Barbarian","2022","In town for a job interview, a young woman arrives at her Airbnb late at night only to find that it has been mistakenly double-booked and a strange man is already staying there. Against her better judgement, she decides to stay the night anyway.  [PLOT] Plot On the night before a job interview, Tess Marshall arrives at a house she has booked on Airbnb in Brightmoor, Detroit . However, the house has been double-booked and is occupied by a man named Keith. Initially unnerved, Tess warms to Keith and stays while he sleeps on the couch. She awakens in the night to find her bedroom door open, but Keith assures her he did not open it. At her job interview, the interviewer warns Tess that she is staying in a dangerous neighborhood. As she returns to the house, a stranger runs towards her urging her to leave, and she hurries inside. She accidentally locks herself in the basement and discovers a hidden room with a camera, a stained mattress, a bucket and a bloody handprint. Keith returns to the house and frees Tess. Ignoring Tess's warning, he investigates the room. When he does not return, Tess follows and finds a subterranean tunnel, where she finds Keith injured. A naked, deformed woman appears and bashes Keith's skull against a wall, killing him. The house's owner, a Hollywood actor named AJ, is fired from a television series following allegations of rape. With mounting legal costs and being ostracized from the filming community, AJ travels to Detroit to inspect the house before listing it for sale. He finds the hidden tunnel and tries to measure it, believing it may increase the house's value. The woman attacks him, and he falls into a pit where he meets Tess. In 1982, Frank, the house's original owner, buys supplies for a home birth and stalks a woman. In the present, Tess and AJ are locked in a pit. The woman tries to feed AJ milk from a bottle. Tess urges AJ to drink, explaining that the woman wants them to act like her babies. When AJ refuses, the woman drags him away and forcibly breastfeeds him. Tess escapes with the help of the homeless Andre, the stranger from before, who warns her that the woman will come after her at nightfall. With the woman distracted, AJ finds a room that she refuses to approach. Inside, he encounters a bedridden Frank and finds VHS tapes of Frank abducting and raping women. Frank shoots himself with a concealed revolver. The police dismiss Tess's story, assuming she is intoxicated. She breaks back into the house, retrieves her car keys, and drives into the woman as she leaves the house. Tess returns to the basement to rescue AJ, but he mistakenly shoots her with Frank's revolver. Outside, the woman's body has vanished. Tess and AJ shelter with Andre, who explains that the woman...","",""
"916192","The Tunnel to Summer, the Exit of Goodbyes","2022","Urashima Tunnel – Once you enter that tunnel, you can get whatever you want, but at a price. Kaoru Tohno, who seems to have an elusive personality and traumatic past, and Anzu Hanashiro, who is struggling to reconcile her ideal image and true-to-heart attitude, team up to investigate the Urashima Tunnel and get what they want. This is an unforgettable summer story of nostalgia and sprinting in a remote countryside.  [PLOT] Plot The story is set in a fictional Japanese city near Kasaki Station, where an urban legend speaks of the "" Urashima Tunnel"", a mysterious passage said to grant wishes—though at a cost. Kaoru Touno, a reclusive high school boy in a rural town, commutes daily on the Oosara-Sugimori train line. One rainy evening, he meets Anzu Hanashiro, a selfish girl at the station. When Kaoru offers her an umbrella, she reveals she has been alone the whole time, to which he responds with an indifferent ""good"". They exchange phone numbers before parting ways. The next day, Anzu transfers into Kaoru's class from Tokyo. Despite the class's attempts to welcome her, her aloof demeanor alienates them, and Anzu injures female classmate Koharu Kawasaki for annoying and bullying her. That night, Kaoru's drunken father blames him for his sister Karen's death, and demanding him to revive her, even at the cost of his life. When the distraught Kaoru flees and stumbles upon the Urashima Tunnel, he retrieves one of Karen's slippers and his deceased pet parrot, before leaving with them and discovering that a week has passed outside. Kaoru re-enters the tunnel the next day and sees Anzu. They agree to collaborate and fulfill their respective wishes. Over the following weeks, their bond deepens. They learn that time inside the tunnel flows differently—three seconds within equate to two hours outside. During a visit to an aquarium, Anzu confesses her fear of the tunnel, while Kaoru reveals his wish: his sister Karen died falling from a tree after failing to catch a rhinoceros beetle and forgiving him, after an argument. He wishes to undo the past. During another expedition into the tunnel, Kaoru and Anzu aim to spend precisely 108 seconds inside—equivalent to three days outside—but they exceed this time, emerging at 4 a.m. They retreat to Anzu's apartment, where she explains her own wish: her grandfather, a struggling manga artist , became a burden on her family, and when she expressed her own ambition to follow in his footsteps, her parents disowned her and her grandfather. She desires the talent to become a renowned manga artist. The papers they retrieved from the tunnel are an old manga she wrote as a child, discarded by her father. Kaoru reads it and insists she already possesses talent. After a summer festival date, Kaoru returns home to find his father with a new partner. The next day, he persuades Anzu to delay their final tunnel trip, but soon afterward, he vanishes. Worrying...","",""
"916224","Suzume","2022","Suzume, 17, lost her mother as a little girl. On her way to school, she meets a mysterious young man. But her curiosity unleashes a calamity that endangers the entire population of Japan, and so Suzume embarks on a journey to set things right.  [PLOT] Plot High-school girl Suzume Iwato lives with her aunt Tamaki in a town in Kyushu . She dreams of her childhood self walking through a ruined cityscape at night, before running into a shadowy figure resembling her late mother. One morning, Suzume meets a young man searching for abandoned locations with doors, and tells him of a nearby abandoned onsen resort. Following him there, Suzume discovers a free-standing door, which she opens to find a starlit field that she cannot enter. She trips over a cat statue on the floor, which turns into a real cat and flees, before rushing to school. During lunch, Suzume notices a large column of smoke outside the classroom window from the abandoned resort, which no one else can see. There, she finds the man from earlier struggling to close the door from which the smoke escapes. Suzume helps him lock the door with an old key. The smoke disappears, but not before causing earthquake-like damage to the town. Suzume takes the injured man, Souta Munakata, to her home. Souta is a ""Closer"" who locates and locks specific doors in abandoned places throughout Japan to prevent a supernatural ""worm"" from being released, causing earthquakes. The cat from the resort turns Souta into the chair he was sitting on. He and Suzume chase the cat onto a ferry headed for Ehime . Souta tells Suzume that the cat is a ""keystone"" she removed at the resort, releasing the worm from it. Upon reaching Ehime, Suzume and Souta find that netizens have dubbed the cat ""Daijin"". They encounter the worm again after helping a girl named Chika save oranges from rolling down a hill, with whom they travel to seal a door at an abandoned school. Afterwards, Suzume stays the night at Chika's family hotel. The next day, Suzume and Souta hitchhike to Kobe with a woman named Rumi. Suzume helps at Rumi's bar before seeing Daijin leading them to an abandoned amusement park, stopping the worm from emerging through a ferris wheel gondola. While closing the door, Suzume asks about the starry field. Souta explains that the portal within the doors lead to the Ever-After , where souls go after death. Tracking Daijin to Tokyo , Souta asks Suzume to take them to his apartment. He explains the legend of the worm , and that he is the last descendant of a generational family who locked doors to the Ever-After. The western keystone has become Daijin, while the location of the eastern keystone is unknown. He warns that if the worm tries to emerge in Tokyo, its damage will be similar...","",""
"917496","Beetlejuice Beetlejuice","2024","After a family tragedy, three generations of the Deetz family return home to Winter River. Still haunted by Betelgeuse, Lydia's life is turned upside down when her teenage daughter, Astrid, accidentally opens the portal to the Afterlife.  [PLOT] Plot Lydia Deetz hosts a paranormal talk show called Ghost House and is estranged from her daughter Astrid, who doubts her mother's psychic abilities and that ghosts exist after her father Richard died while in the Amazon . While taping an episode, Lydia sees a vision of Betelgeuse, who tried to marry her decades prior, [ a ] in the audience. Lydia and Astrid return to Winter River after Lydia's stepmother Delia reveals that her father Charles died in a shark attack . At his funeral , Lydia's selfish boyfriend and producer, Rory, pressures her into marrying him on Halloween and she hesitantly agrees. Meanwhile, Astrid befriends local boy Jeremy Frazier, who invites her to spend the holiday with him. In the Netherworld, Betelgeuse manages a call centre consisting of shrunken-headed employees and remains obsessed with marrying Lydia. Former actor-turned-detective Wolf Jackson informs him that his ex-wife, occultist Delores LaFerve, has resurfaced and is draining the souls of the deceased while hunting him down. The couple met during the Black Death in Italy . When Delores poisoned Betelgeuse during their honeymoon as part of an immortality ritual, he dismembered her before succumbing. Astrid realizes she has inherited her mother's abilities and discovers that Jeremy is a ghost. He persuades her to accompany him to the Afterlife so she can see her father. After learning that Jeremy murdered his parents and is planning on using Astrid so he can live again, Lydia reluctantly summons Betelgeuse, who agrees to help on the condition that she finally marries him. Wolf discovers Betelgeuse has brought a living person into their world and launches a manhunt for him, capturing his disguised lead employee Bob, who is drained by Delores while he waits in an interrogation room. As Betelgeuse and Lydia search for Astrid, Jeremy escorts her through the afterlife's bureaucracy, then reveals his true intent to Astrid, who is taken to the "" Soul Train "" to be sent to the "" Great Beyond "". Betelgeuse sends Jeremy to the "" Fires of Damnation "" while Lydia and Astrid escape with the help of Richard. During a mourning ceremony for Charles, Delia is fatally bitten by a pair of asps and arrives in the Netherworld; she summons Betelgeuse to help find Charles, agreeing in exchange for help finding Lydia. Returning home, Astrid apologizes to Lydia for her initial disbelief. The duo arrive at the church for Lydia and Rory's wedding, but Betelgeuse crashes the ceremony with Delia. He...","",""
"918487","New Female Secretary","2021","Choi Kyeong-ri, a job seeker, succeeds in finding a job after a six-month internship, as introduced by her senior Chan-seong. She has no dreams of having such a job as receiving a corporate card of 3 million won per month for decoration expenses. After confessing to Chan-seong, Kyeong-ri and him started dating and lived together. Deputy manager Song, who was usually praised for her appearance, slowly reveals her true colors and receives massage, lesbian acts, and entertains investors, and is caught by Manager Oh. Deputy manager Song who is subject to sexual punishment by Manager Oh in front of Kyeong-ri. Can the bookkeeper, who is actually hired as a waitress, achieve a turnaround in this hell?  [PLOT] Plot Ahammad Ali Sulaiman is the godfather of Ramadapally , a coastal town in Thiruvananthapuram where Muslims and Christians live together. He prepares to undertake the Hajj pilgrimage in his middle years on the insistence of his Christian wife Roselyn. Sulaiman and his friend Aboobacker, a political leader, are on the verge of fallout over land acquisition from the locals for a harbour project. At the airport, the police arrest Sulaiman under the Terrorist and Disruptive Activities (Prevention) Act (TADA). The police assign Shibu, a goon to kill Sulaiman in custody extrajudicially but he dies in an explosion. They then intimidate Freddy, a juvenile arrested for throwing steel bombs at the police, into doing it. Freddy is the son of David Christudas, Roselyn's elder brother and Sulaiman's nephew. David was a friend of Sulaiman's but now holds a grudge against him. On the police's insistence, Sulaiman's mother Jameela meets Freddy. In the 1960s, the Muslims and Christians of Ramadapally lived in harmony. The Christian fishermen community primarily lived in its Edavathura suburb. Sulaiman, David, Peter and Hameed dropped out of school and engaged in petty crimes, working for Chandran, a local goon. Chandran disowned them after Sulaiman sends trash dumped at the local mosque back to the disposers. Sulaiman and his friends started smuggling on their own and he sets up his own shop. Sulaiman's earnestness impressed the sub-collector Anwar Ali. Sulaiman asked Anwar to clear the garbage dump and build a school there. Wanting to settle scores, Chandran sets fire to their godown and the children working there die. Sulaiman kills Chandran in retaliation. Anwar questions Sulaiman, who confesses to his crime, and challenges Anwar to arrest him before Ramadapally's residents. Forced to leave, Anwar extracted a promise from Jameela to testify against Sulaiman. Jameela asks Freddy not to kill Sulaiman and says he should be brought before the law. David and his wife visit Freddy in jail and Freddy enquires why David hates Sulaiman. A look out notice was issued against Sulaiman and he absconded to Minicoy , Lakshadweep along with David and Roselyn. Sulaiman and Roselyn are married with David's approval. Sulaiman gained Roselyn's approval to raise their children as Muslims. When David returned to the coast, David's father told him that the police beat their men and raped their women. Anwar told David that the Muslims reaped the benefits and the consequences were suffered...","",""
"919207","12.12: The Day","2023","After the assassination of President Park, martial law has been declared. A coup d'état bursts out by Defense Security Commander Chun Doo-gwang and a private band of officers following him. Capital Defense Commander Lee Tae-shin, an obstinate soldier who believes the military should not take political actions, fights against Chun Doo-gwang to stop him. The conflict between the two grows while military leaders are holding their decision and Defense Minister is gone. In the midst of chaos, the spring of Seoul that everyone longed for heads to unexpected direction.  [PLOT] Plot On the night of October 26, 1979, following the sudden assassination of Park Chung-hee , military leaders, high-ranking government officials, and unit commanders across South Korea are urgently summoned to Army Headquarters. Among them is Major General Lee Tae-shin, who arrives confused and unaware of the unfolding crisis. Soon after, Prime Minister Choi Han-kyu announces the president's death and, as acting president, declares martial law across the country (except Jeju Island ). General Jung Sang-ho is appointed martial law commander and orders an investigation into the assassination, placing Major General Chun Doo-gwang, head of the Defense Security Command , in charge of the probe. As the official government structure falters due to the power vacuum at the top, Chun begins to consolidate power. He manipulates the investigation, sidelines government officials, and misappropriates state funds. Tensions rise between Chun and Jung, who begins to suspect Chun's intentions. Jung warns against military interference in politics and attempts to counterbalance Chun's growing influence by appointing the principled and apolitical Lee Tae-shin as commander of the Capital Defense Command. Although reluctant, Lee accepts the post out of a sense of duty. Chun, seeing Jung as a threat, secretly plots to remove him by falsely accusing him of being complicit in the president's assassination. Chun gathers loyal members of the secretive Hanahoe faction, including longtime ally Major General Roh Tae-gun. They conspire to arrest General Jung on fabricated charges, setting their coup in motion for December 12. On the day of the plot, Chun deceives government officials and mobilizes units under Hanahoe's influence to abduct Jung from his residence. Despite fierce resistance and a shootout that injures Jung's aides, Chun's forces succeed in capturing him. Meanwhile, Lee Tae-shin begins to uncover the scale of the coup and rushes to his command to respond. Lee initiates a counteroffensive by ordering loyal units to block bridges and entry points into Seoul . Though Chun tries to legitimize the coup by obtaining presidential approval, acting president Choi refuses to authorize Jung's arrest without proper procedure. Tensions escalate further when Lee threatens to shell the rebel-held 30th Security Group unless they surrender. Chun's men panic, but at the last moment, Defense Minister Oh Guk-sang, who had been hiding, arrives and orders Lee's dismissal, effectively ending...","",""
"921436","Escape","2024","After completing his required decade of military service and being honored as a hero, a North Korean sergeant makes a sudden shocking attempt to defect to the South, risking life and limb for the chance to finally determine his own destiny.  [PLOT] Plot Near the Korean Demilitarized Zone , Sergeant Lim Gyu-nam of the Korean People's Army , who is about to be discharged after 10 years of service, prepares to defect from North Korea to South Korea, due to disillusionment with the regime. However, lower-ranking soldier Kim Dong-hyuk, who discovers Gyu-nam's plan, attempts to escape first, and Gyu-nam, who tries to stop him, is suddenly arrested as a deserter. Major Li Hyeon-sang of the Ministry of State Security who came to the unit to investigate a deserter, turns Gyu-nam, whom he had known since childhood, into a hero for his efforts to apprehend a deserter, and gives him a position as a direct assistant to the division commander, assisting him with his life. However, when Gyu-nam makes a full-scale escape along with Dong-hyuk, Hyeon-sang begins a pursuit with no way to back down. As Gyu-nam and Dong-hyuk make their escape, Dong-hyuk is injured. With little hope of finishing the journey, Dong-Hyuk hands his sister's necklace to Gyu-nam and requests Gyu-nam give it to her just before he is shot by Major Li Hyeon. Major Li Hyeon is delayed in his pursuit as Gyu-nam crosses a mine field. As dawn breaks, Gyu-nam sees a squad of South Korean patrol troops. Realising that he is near to South Korea, he approaches them. However, he is stopped by Major Li, who holds Gyu-nam at gunpoint and says that life in South Korea is a failure. Gyu-nam declares he would rather fail every day in South Korea than be unable to fail in North Korea. The two fight, and Gyu-nam gains the advantage, before running towards a telephone and calling the South Korean soldiers of JSA, telling them about his wish to defect. Gyu-nam then rushes toward a tunnel that heads towards the DMZ and to South Korea. As he runs, he is shot by Major Li multiple times. Determined to escape, Gyu-nam crawls towards a white line that symbolises the North and South Korean border. As Major Li hesitates to kill Gyu-nam, South Korean troops arrive, forcing Major Li to leave. Gyu-nam notices that his hands are on the White Line - he is now officially in South Korea. Gyu-nam is then asked by a South Korean soldier if he had radioed for defection. With Gyu-nam responding affirmatively, the South Koreans rescue him. One year later, Gyu-nam is sitting inside his apartment, writing a business proposal letter, planning to travel abroad. A few days later, he meets Dong-hyuk's mother and sister, passing them the family necklace and sharing some moments with...","",""
"921711","Tamil Rockers","2021","4 Major characters running for the Money facing more challenges by forgetting the fact that it's not the decision of money to reach human.","",""
"922128","RJ Madonna","2021","RJ Madonna decides to spend a day lonely with the love of her life but arrives at a completely unfamiliar place, ends up spending it with a complete stranger, who knows deep secrets of her life.","",""
"926393","The Equalizer 3","2023","Robert McCall finds himself at home in Southern Italy but he discovers his friends are under the control of local crime bosses. As events turn deadly, McCall knows what he has to do: become his friends' protector by taking on the mafia.  [PLOT] Plot At a secluded winery in Sicily , Robert McCall kills the gangster Lorenzo Vitale and his henchmen to obtain a key to the winery's vault to recoup money stolen in a cyber-heist. While McCall is leaving the winery, Vitale's grandson shoots him in the back. McCall contemplates suicide due to the injury, but reconsiders and then takes the ferry back to the mainland. While driving on the Amalfi Coast , McCall pulls over and slips into unconsciousness from shock . Gio Bonucci, a local carabiniere marshal, encounters and rescues him. He brings McCall to the remote coastal Italian town Altamonte, where Dr. Enzo Arisio treats him. As he recovers from the shooting, McCall becomes acquainted with the locals and grows fond of them and their village. Anonymously, he places a telephone call to CIA officer Emma Collins to tip her off about the winery's clandestine role in the illegal drug trade . Collins and other CIA operatives discover enormous amounts of cash as well as bags of fenethylline tablets hidden in a storeroom, confirming McCall's suspicions. She locates McCall in Altamonte and they continue to cooperate. Meanwhile, members of the Camorra (run by brothers Vincent and Marco Quaranta) harass and kill villagers in an attempt to coerce them out of their housing and take over Altamonte for commercialisation purposes. McCall overhears Marco pressuring local store owner Angelo for payments. To make an example of Angelo, the Camorra firebombs his fish store as the town watches. Gio reviews video of the firebombing and calls the Italian central police for an inquiry. Having captured Gio's wife and daughter to lure him, the Camorra attack Gio and beat him for interfering in their operations. They had been alerted by an informant within the police. Marco demands that Gio set up a boat for him with contacts in Somalia to expand his operations. Overhearing the conversation, McCall asks Marco to move his operations to a different location to leave the townspeople alone. When he refuses, McCall kills him and his henchmen. An enraged Vincent threatens and tortures the Naples police chief and instructs him to find the person responsible for Marco's death. Collins's car is rigged with a bomb by Vincent, but she survives the blast and is instead hospitalized. Vincent returns to Altamonte, and, in front of the townspeople, threatens to kill Gio unless Marco's killer is identified. McCall reveals himself, but the citizens begin to protest, recording Vincent and his...","",""
