"tmdb_id","title","release_year","synopsis","themes","tones"
"274167","Daddy's Home","2015","The story of a mild-mannered radio executive who strives to become the best stepdad ever to his wife's two children, but complications ensue when their freewheeling, freeloading real father arrives, forcing stepdad to compete for the affection of the kids.  [PLOT] Plot Mild-mannered radio executive Brad Whitaker tries hard to be a good stepfather to his wife Sara's children, Megan and Dylan, and is seemingly sterile after an accident to his testicles a couple of years ago. The kids are finally getting closer to him: Dylan confides in him about some older bullies at school and Megan asks him to take her to the school's father/daughter dance. One night, however, Dusty Mayron, Sara's ex-husband and the kids' biological father, calls to announce he will be visiting the next day. Sara hesitates to let him into their home, but Brad convinces her it is important for the kids to see him and Dusty establish a respectful relationship. When Dusty arrives, he immediately intimidates Brad with his tough and muscular appearance and his charm with Megan and Dylan. He talks Brad into letting him stay, despite Sara warning about his true nature. Brad soon wises up when it becomes clear he intends to reclaim his family by driving Brad away. Dusty shows Brad up by getting the kids a dog, which Dusty names Tumor, and finishing a treehouse Brad and Dylan had been building. He also makes Brad seem racist after unwillingly firing handyman Griff after a fiasco with Dusty's motorcycle, and Dusty later invites Griff to move in with them. He tries to drive a wedge between Brad and Sara by taking them to a fertility doctor, hoping that Brad's inability to impregnate her will send her back into Dusty's arms. Still, the two men appear to reach an understanding after jointly teaching Dylan how to defend himself from his bullies. Additionally, the couple is overjoyed to learn that Brad's sperm count has recovered, giving them hope of having a child together. However, Brad is stunned when Dusty reveals he still intends to drive him out of the family. Desperate, Brad spends tens of thousands of dollars on gifts, including a pony for Megan, and $18,000 tickets to an NBA game for Dylan. At the game, Dusty once again shows Brad up by revealing himself to be friends with the strength and conditioning coach of Dylan's favorite team, the Los Angeles Lakers . Brad is even more enraged when he learns that Megan has chosen Dusty to take her to the father/daughter dance instead of him. During half-time, Brad is chosen to try to shoot a basketball from half-court to win a trip to Disney World . Drunk, he goes on a rant about Dusty before hitting a cheerleader and a disabled child in the face with a basketball. Disgraced, Brad moves out of the house. However,...","",""
"274854","The Last Witch Hunter","2015","The modern world holds many secrets, but by far the most astounding is that witches still live among us; vicious supernatural creatures intent on unleashing the Black Death upon the world and putting an end to the human race once and for all. Armies of witch hunters have battled this unnatural enemy for centuries, including Kaulder, a valiant warrior who many years ago slayed the all-powerful Witch Queen, decimating her followers in the process. In the moments right before her death, the Queen cursed Kaulder with immortality, forever separating him from his beloved wife and daughter. Today, Kaulder is the last living hunter who has spent his immortal life tracking down rogue witches, all the while yearning for his long-lost family.  [PLOT] Plot Eight hundred years ago, the Witch Queen unleashes the Black Plague to wipe out humanity. A band of knights, including a widowed Kaulder, storms her lair and impales her. Before dying, the Queen curses Kaulder with eternal life . In the present day, Kaulder prevents a teenager from unintentionally destroying an airplane with weather-controlling runes. Kaulder is revealed to be a witch hunter for an organization called the Axe and Cross, which aims to keep the truce between humans and witches and either executes or imprisons witches who break the law. He is aided by a priest called ""Dolan"", a tradition carried from the battle to destroy the Queen. The 36th Dolan tells Kaulder he is retiring from his duties and has chosen a new Dolan, but dies in his sleep. Kaulder and the young 37th Dolan, who says witches killed his parents and that Kaulder killed the witches and saved him from a fire which burned 37's hands, deduce that 36 was murdered by a witch. While tracking down the witch, Kaulder finds traces of old dark magic, not seen since before he killed the Queen. It is revealed that 36 is not dead but under a dark magic spell that can only be broken if the witch that cast it is killed. Using clues that 36 left behind, Kaulder goes to a witch bar, owned by Chloe and Miranda, to buy a memory spell to help him remember how he died and came back. Chloe eventually agrees to perform the spell. During the process of reliving Kaulder's memory, the bar is attacked by the warlock who cursed the 36th Dolan. The warlock later attacks Chloe at her apartment, though Kaulder saves her. 37 and Kaulder work together to determine the witch's name—Baltasar Ketola, aka Belial. After Belial kills Miranda, Chloe agrees to help Kaulder get what he needs to kill him. To get the rare ingredient to create another memory spell, they visit another witch, Danique. However, she casts a memory spell on Kaulder, planning to entrap him in his dream forever. Chloe, however, is able to enter his trance and free his mind and the pair escape. Kaulder asks Chloe to enter his mind and pull out the memory. He discovers that, though the Queen's body burned to ash, the first Dolan chose to spare her heart; if the heart was destroyed, Kaulder would die. They deduce that 36 was attacked because he knew where the heart was hidden and was tortured into revealing its location. They also realize that Belial's real plan is to revive the Queen. Leaving Chloe and the 37th Dolan behind, Kaulder goes to...","",""
"274855","Geostorm","2017","After an unprecedented series of natural disasters threatened the planet, the world's leaders came together to create an intricate network of satellites to control the global climate and keep everyone safe. But now, something has gone wrong: the system built to protect Earth is attacking it, and it becomes a race against the clock to uncover the real threat before a worldwide geostorm wipes out everything and everyone along with it.  [PLOT] Plot Fire and Rescue Crew 7 of Prescott, Arizona , superintended by Eric Marsh, responds to the Cave Creek wildfire . Eric predicts that the fire will threaten a residential area, but is disregarded by the assigned superintendent. Eric's fear comes true; he vents his frustration to fire chief and close friend Duane Steinbrink, warning that when a wildfire threatens Prescott, his crew will not be allowed to fight it directly as they lack Hotshot certification . Eric asks for Duane's help, who successfully vouches for the crew with the mayor of Prescott. Crew 7 has until the end of the fire season to pass the evaluation. Meanwhile, 21-year-old heroin addict Brendan McDonough learns that his ex-girlfriend Natalie is pregnant and does not want him involved with the child. Brendan is arrested for larceny , which prompts his mother to evict him from her house. Determined to provide support for his newborn daughter, Brendan interviews with Eric, who gives him an opportunity. After months of training, the crew are given an evaluation during a wildfire deployment as they were set to battle the Horseshoe 2 Fire in the Chiricahuas near the town of Portal . Eric commands his crew but is criticized by their evaluator, Hayes, who Eric bluntly disregards. The fire is halted by Eric's strategy and the crew are certified, officially becoming the first municipal hotshot crew in history, the Granite Mountain Hotshots . Throughout the season, the Granite Mountain crew are deployed across the country. Brendan, who's been anonymously dropping off baby supplies at Natalie's doorstep, is finally accepted by Natalie and allowed to see his daughter. Near Prescott, the crew saves a landmark Alligator juniper and are hailed as local heroes. After battling the fire, Brendan is bitten by a rattlesnake and is rushed to the hospital. Brendan expresses his concerns to Eric about being there for his daughter and asks if he would recommend him for a structural firefighting position next season. Eric snaps, stating that nobody would hire him due to his prior drug addiction. On the way home, Eric has an argument with his wife Amanda, who challenges him about this; reminding him about his own previous drug/alcohol addiction (from which he has been clean for a number of years and which lead to him meeting Amanda) The two talk about starting a family, which they had previously decided not to do due to the nature of their past. Amanda makes it clear to Eric that it is now something she would...","",""
"274857","King Arthur: Legend of the Sword","2017","When the child Arthur’s father is murdered, Vortigern, Arthur’s uncle, seizes the crown. Robbed of his birthright and with no idea who he truly is, Arthur comes up the hard way in the back alleys of the city. But once he pulls the sword Excalibur from the stone, his life is turned upside down and he is forced to acknowledge his true legacy... whether he likes it or not.  [PLOT] Plot .mw-parser-output .templatequote{overflow:hidden;margin:1em 0;padding:0 32px}.mw-parser-output .templatequotecite{line-height:1.5em;text-align:left;margin-top:0}@media(min-width:500px){.mw-parser-output .templatequotecite{padding-left:1.6em}} "" For centuries man & mage lived side by side in peace until the rise of the mage sorcerer Mordred, turning his dark ambition against man, he marches on the last remaining stronghold...Camelot "" –Opening caption Mordred the warlock and his armies lay siege to Camelot . Uther Pendragon , the king of the Britons , infiltrates Mordred's lair during the attack and beheads him with the help of a unique sword forged by Merlin , saving Camelot. Uther's brother Vortigern —who covets the throne—orchestrates a coup and sacrifices his wife Elsa to Syrens in order to become a Demon Knight. He kills Uther's wife Igraine and defeats Uther; Uther's son Arthur escapes by boat and ends up in Londinium . Taken in by prostitutes, he becomes a tough and sophisticated minor chieftain. However, Arthur is plagued by nightmares of the night that his parents died without seeing who attacked them. Vortigern rules Britain cruelly and dedicates resources to building a tower near the castle. When the water surrounding the castle recedes, revealing a sword in a stone, he has all the men in the city taken to it in an attempt to remove it. Arthur is able to evade capture with the help of the prostitutes but is eventually caught. He is taken to the stone where he removes the sword but is overwhelmed by its power and passes out. In captivity, Vortigern explains Arthur's lineage and the sword's significance to him before planning the boy's execution. Meanwhile, a mage identifying herself as an acolyte of Merlin presents herself to Uther's former general, Sir Bedivere . At Arthur's planned execution, the mage creates a diversion while Bedivere's men rescue Arthur. Taken to Bedivere's hideout, Arthur initially refuses to help them, not believing that he is king. The mage persuades Bedivere to take Arthur to a realm called the ""Darklands"" where he sees a vision of how the Demon Knight, revealed to be Vortigern, killed his mother. He also witnesses his father sacrifice himself to save Arthur and entomb the sword in stone made of his own body, making him realize that he is indeed the rightful king. Arthur learns Vortigern was responsible for persuading Mordred to attack Camelot, having grown jealous of Uther's popularity and wanting the throne for...","",""
"274862","The Lego Ninjago Movie","2017","Six young ninjas are tasked with defending their island home of Ninjago. By night, they’re gifted warriors using their skill and awesome fleet of vehicles to fight villains and monsters. By day, they’re ordinary teens struggling against their greatest enemy....high school.  [PLOT] Plot While avoiding some bullies, a young boy walks into a relic shop, where he meets the mysterious owner, Mr. Liu, who tells him the story of Ninjago, a city within the LEGO universe. It is frequently terrorized by the evil warlord, Lord Garmadon, and his army of sea life -themed henchmen. Garmadon's constant attacks on the city resulted in his son, Lloyd , being despised by nearly everyone in Ninjago City for his relation to Garmadon, putting him under emotional stress. Unbeknownst to everyone, Lloyd is the Green Ninja, the leader of a ninja team comprising Kai, Cole, Jay, Zane, Nya, and their master Wu (Garmadon's brother and Lloyd's uncle), who always stop Garmadon from taking over Ninjago by fighting with mechs. When Garmadon is once again unsuccessful at conquering Ninjago, his tech division shows him a giant new mech. Following their victory, Wu tells the ninja that only their ""unique element"" will permanently vanquish Garmadon. Lloyd is frustrated to learn his element is ""green"" while Kai has fire , Cole has earth , Jay has lightning , Zane has ice , and Nya has water . Wu also mentions the ""Ultimate Weapon"", giving Lloyd new hope of stopping Garmadon, despite Wu warning them that nobody can ever use the device. That next day, Garmadon attacks Ninjago with his new mech and this time defeats Lloyd. As Garmadon gloats, Lloyd returns with the Ultimate Weapon and fires it, only to discover it is actually a laser pointer that attracts a live-action cat, Meowthra. Garmadon points the laser at the ninja's mechs, which the cat destroys, but Lloyd breaks it. As Garmadon celebrates his victory, Lloyd unmasks himself and denounces his father, leaving Garmadon confused. Lloyd meets up with his friends and Wu, who tells them they must use the ""Ultimate, Ultimate Weapon"" to stop Meowthra from destroying Ninjago, which can be found on the other side of the island. Garmadon overhears the conversation, follows close behind, and intercepts the ninja. Wu and Garmadon fight, and although the former manages to trap the latter in a cage, he falls off a bridge into the river below. Before being swept away, Wu tells the ninja they must find ""inner peace"". The ninja continues with Garmadon leading them, much to Lloyd's annoyance. Despite this, the two bond throughout their journey, while the ninja learn not to rely solely on their mechs to fight. The group survives an encounter with Garmadon's fired generals, and Garmadon teaches Lloyd to throw. They eventually crash...","",""
"274870","Passengers","2016","A spacecraft traveling to a distant colony planet and transporting thousands of people has a malfunction in its sleep chambers. As a result, two passengers are awakened 90 years early.  [PLOT] Plot In the distant future, the Avalon , a sleeper ship transporting 5,000 colonists and 258 crew in hibernation pods , is traveling from Earth to the planet Homestead II, a 120-year journey as part of a wave of space colonization to escape the overpopulated and heavily urbanized Earth. Only 30 years into the voyage, an asteroid collision damages the ship, causing a malfunction that awakens passenger Jim Preston, a mechanical engineer, 90 years ahead of schedule. He is unable to return to hibernation, and cannot contact Earth for help due to an overly long communication delay. He attempts to break into the crew hibernation room, in the hopes they will be able to help. He fails due to the ship's heavy security systems. As the ship's AI systems seem unable to comprehend a hibernation pod malfunction, as it had never happened before, Jim eventually gives up, passing the time in several of the ship's entertainment zones. After a year of isolation, with only an android bartender named Arthur for company, Jim grows despondent. He contemplates suicide until noticing Aurora Lane, a young woman inside a pod. He considers reviving her for companionship, but struggles doing so, knowing it is morally wrong and will preclude her intended life and career as a writer on their destination planet. Jim eventually awakens Aurora, letting her believe it was a malfunction. Devastated at having to live out her life on the ship, she tries to reenter hibernation. Resigned to the situation, she begins writing about her experience. Over the next year, the two fall in love. Just before Jim intends to propose to Aurora, Arthur inadvertently reveals the truth about her awakening. Distraught and enraged, Aurora berates, shuns, and physically attacks Jim. She furiously rejects his apologies and avoids contact with him. Sometime later, another pod failure awakens Gus Mancuso, a deck chief officer. Using Gus's employee code, the group enters the bridge and discovers cascading failures in the ship's systems. If left unrepaired, the ship will fail, dooming the passengers and crew. While missing their home planet Earth, in order to create a fulfilling meaningful life and a home inside the cold metallic atmosphere of the spaceship, Jim planted a small tree in the main hall. Gus tells him that it is forbidden planting inside the spaceship. When Gus falls critically ill, the ship's automated medical suite, the Autodoc, diagnoses pansystemic necrosis and gives him hours to live. He attributes...","",""
"276907","Legend","2015","Suave, charming and volatile, Reggie Kray and his unstable twin brother Ronnie start to leave their mark on the London underworld in the 1960s. Using violence to get what they want, the siblings orchestrate robberies and murders while running nightclubs and protection rackets. With police Detective Leonard ""Nipper"" Read hot on their heels, the brothers continue their rapid rise to power and achieve tabloid notoriety.  [PLOT] Plot In the 1960s, Reggie ""Reg"" Kray is a former boxer who has become an important part of the criminal underground in London. His twin brother Ron is locked in a psychiatric hospital and being treated for paranoid schizophrenia . Reggie uses threats to obtain the premature release of his brother. The twins unite their efforts to control a large part of London's criminal underworld, made easier when the head of the south London Richardson Gang ( a.k.a. the Torture Gang) is imprisoned. One of their first efforts is to muscle in on the control of a local nightclub, using extortion and brutal violence. Reg enters into a relationship with Frances, his driver's sister, whom he eventually marries. When he is imprisoned for a previous criminal conviction, which he cannot evade, she makes him swear that he will leave his criminal life behind. He never honours this oath because of the allure of crime. While Reg is in prison, Ron's mental instability and violent temperament result in severe financial setbacks at the nightclub, as well as his thinly-veiled hostility and jealousy towards Frances. It is almost forced to close after Ron scares away most of the customers. On the first night after Reg's release from prison, the brothers have an all-out fist fight, but they manage to patch things up, at least partially. The reputation of the brothers has spread to the United States. They are approached by Angelo Bruno of the Philadelphia crime family who, on behalf of Meyer Lansky and the American Mafia , wants to engage them in a crime-syndicate deal. Bruno agrees to a fifty-fifty deal with Reg to split London's underground gambling profits in exchange for local protection by the brothers. Initially, this system is highly lucrative for the Kray brothers; however, Ron's paranoia and inclination towards violence causes problems for Reg's efforts to maintain control—Ron (who enjoys the violence of being a gangster) clashes with Reggie's restraint and insight. Ron's barely concealed volatility results in his publicly murdering George Cornell, an associate of the Torture Gang; when he goes to the Kray family home afterward, Reggie and Ron's mother asks Reggie to protect Ron: ""He's your brother"". As a result, Scotland Yard opens a full investigation of the Kray brothers. Reg's marriage with Frances crumbles owing to his addiction to crime. Unable to bear Reg's false promises to reform and Ron's hatred of her, Frances starts consuming prescription drugs illegally. After Reggie...","",""
"277216","Straight Outta Compton","2015","In 1987, five young men, using brutally honest rhymes and hardcore beats, put their frustration and anger about life in the most dangerous place in America into the most powerful weapon they had: their music.  Taking us back to where it all began, Straight Outta Compton tells the true story of how these cultural rebels—armed only with their lyrics, swagger, bravado and raw talent—stood up to the authorities that meant to keep them down and formed the world’s most dangerous group, N.W.A.  And as they spoke the truth that no one had before and exposed life in the hood, their voice ignited a social revolution that is still reverberating today.  [PLOT] Plot In 1986, Compton, California , Eazy-E narrowly evades a police raid at a crack house. The following day, Dr. Dre is struggling with what he wants to do in life and is confronted by his mother for missing a job interview. Meanwhile, Ice Cube is a high school senior aspiring to become a rapper . Intrigued by Cube's ""reality raps"" reflecting on the crime, gang violence and police harassment that they and other African Americans have endured recently, Dre convinces Eazy to fund a startup record label , Ruthless Records , with Dre as record producer . When their song "" Boyz-n-the-Hood "" is rejected by a New York rap group, Dre convinces Eazy to perform it instead. It becomes a local hit, and Eazy, Cube, Dre, DJ Yella and MC Ren form the group N.W.A (""Niggaz Wit Attitudes""). Eazy accepts Jerry Heller 's offer to manage N.W.A and co-run Ruthless, and Priority Records offers N.W.A a record deal . While recording their debut album, Straight Outta Compton (1989), the group is harassed by police due to their race and appearance, prompting Cube to compose a diss track—"" Fuck tha Police ""—toward the police. Having witnessed the altercation and being disgusted by the officers, Heller allows the track without hesitation. The album becomes a controversial hit due to its explicit lyrics, and the group's style is dubbed gangsta rap by the press. During a 1989 concert tour, the FBI demands that N.W.A not perform ""Fuck tha Police"", claiming that it encourages violence against law enforcement. Police in Detroit forbid them from performing the song, but they perform it anyway. The concert stalls and the police arrest the group, resulting in a riot that results in their release. Heller delays the individual members' contracts with Ruthless, and when he insists that Cube sign without legal representation, Cube leaves the group. His debut solo album, AmeriKKKa's Most Wanted (1990), is released, but when Priority Records is unable to pay him his advance on his next album, he wrecks the label head's office. When N.W.A heavily insults Cube on their next record, 100 Miles and Runnin' (1990), he responds with the diss track "" No Vaseline "", criticizing them and Heller. This, combined with Cube's association with the Nation of Islam , outspoken criticism of the Los Angeles Police Department in the wake of the beating of Rodney King , and a starring role in the 1991 film Boyz n the Hood , makes him even more famous and controversial. Dre hires the imposing Bloods gang member Suge...","",""
"277217","Descendants","2015","A present-day idyllic kingdom where the benevolent teenage son of King Adam and Queen Belle offers a chance of redemption for the troublemaking offspring of Disney's classic villains: Cruella De Vil (Carlos), Maleficent (Mal), the Evil Queen (Evie) and Jafar (Jay).  [PLOT] Plot Belle and Beast have married and become king and queen. After the United States of Auradon was established, they have created a prosperous nation from the surrounding kingdoms. Villains and their children are banished to the Isle of the Lost, an island slum surrounded by a barrier where magic is suspended. Their son Ben will soon be crowned king, and announces he will give four children selected from the Isle of the Lost a chance to attend Auradon Preparatory away from the influence of their villainous parents. He chooses Carlos, son of Cruella de Vil ; Jay, son of Jafar ; Evie, daughter of the Evil Queen ; and Mal, daughter of Maleficent . Maleficent secretly instructs the four of them to steal the Fairy Godmother 's magic wand to release the barrier so she can take over Auradon. The four meet Ben and his girlfriend Audrey, daughter of Princess Aurora . The Fairy Godmother is the school's headmistress. Evie uses her mother's pocket-sized magic mirror to locate the wand in a nearby museum, and Mal uses her mother's spinning wheel from the museum to put the security guard to sleep. But they fail retrieving the wand due to a barrier blocking the wand and setting off a siren. After learning that the Fairy Godmother will use the wand at Ben's coronation, the four wait it out by attending classes. Jay is recruited into the school's ""tourney"" team (a sport similar to field hockey, hurling and lacrosse). Carlos overcomes his fear of dogs by befriending the school's dog, Dude. Though intelligent, Evie acts vain to impress Chad, Cinderella 's son; she ends up doing his homework for him. Dopey 's son, Doug, encourages her not to pander to others and be herself. Mal becomes popular, using Maleficent's spell book to alter Jane and Lonnie's hair, the daughters of the Fairy Godmother and Mulan respectively. Jane in particular dislikes her looks, especially because her mother will not use her own magic to change them. Mal learns that Ben's girlfriend will be seated close to the wand during the coronation, which is used during the ceremony. She bakes a cookie laced with a love potion and gives it to Ben, who falls madly in love with her, much to the shock of his friends, particularly Audrey. On a date with Ben, Mal becomes conflicted with her growing inner goodness and desire to please her mother, unsure of how to react to Ben's feelings towards her. During the school's family day, the villains' children are ostracized after an encounter with Audrey's grandmother,...","",""
"277525","Neethane Enthan Ponvasantham","2020","Anu is a bright, young girl from a middle-class family while Surya Prakash is a business tycoon and a single, middle-aged man. Anu starts working for Surya Prakash. Will love blossom between the two?  [PLOT] Synopsis Anu, a simple, middle-class girl meets Surya, a rich business man in an auto rickshaw and they both share the ride. Anu prepares a speech for Surya for her college cultural function, unknown that Surya himself was sitting next to her. At college cultural function, Anu is surprised to know that he's Surya and delivers her speech about him. Thus they both understand each other and become friends. As Anu searches for a job, Surya tells Anu to join as an employee in his company. But Surya's PA, Meera hates Anu because of Surya and Anu's relationship. So she decides to take Anu off the job. Eventually, Anu and Surya fall in love with each other but haven't confessed to each other. Anu's friend Ramya, encourages her to confess her feelings. Meanwhile, Surya's secretary and best friend Pankaj, tells Surya to forget about Anu as her life would spoil due to their massive age difference. So Surya decides to maintain distance with Anu and acts strict with her. Anu didn't expect this kind of attitude from Surya. Later, Anu's parents decide to fix a marriage for her, so they fixed their neighbour Raghupathy's son Sampath as Anu's fiancée. But Anu accepts this marriage reluctantly with no interest. Later Surya knows about this and he decides to take care of Anu's marriage and he stays in Anu's house till evening, so Surya tells to Pankaj to cancel the meeting. Then, as the wedding preparations continue, Surya learns the truth of Raghupathy's family, that if Anu becomes their daughter-in-law then they will gain Surya's support and also Anu's father textile shop will be come to their hands. In past Anu's father Subbu was in debt, so he mortgaged the textile shop to another person, who was Raghupathy's partner. Now Surya tells everything to Anu's mother Pushpa and she stops the marriage. Finally Anu becomes happy and her parents thank Surya. Again Anu joins the office. Meera teases Anu for her marriage issue and she plans for Anu to be scolded by the businessmen. So Meera tells Anu to take the initiative in the meeting. As Anu has no experience and is nervous. Meera told Anu to collect the information of Deva Nandini Sarees , so Anu asks Surya who Deva Nandini is, but he refuses to answer. As days pass, Surya deliberately transfers Anu to Bangalore, so has Surya said, Anu also accepts knowingly. Then, Surya changes his mind and goes to stop Anu, while traveling by bus to Bangalore. Anu is surprised and they both clear their misunderstandings. So Surya decided to...","",""
"277791","Memòria negra","2017","","",""
"277834","Moana","2016","In Ancient Polynesia, when a terrible curse incurred by Maui reaches an impetuous Chieftain's daughter's island, she answers the Ocean's call to seek out the demigod to set things right.  [PLOT] Plot On the Polynesian island of Motunui, the inhabitants worship the goddess of nature, Te Fiti: a living island who, long ago, brought life to the ocean using a pounamu stone as her heart and the source of her power. One day, Maui , the shape-shifting demigod of the wind and sea and master of wayfinding , stole Te Fiti's heart to give humanity the power of creation. This caused Te Fiti to disintegrate, and Maui was attacked by Te Kā, a volcanic demon. Maui lost both the heart and his magic fish hook to the depths of the sea. A thousand years later, the ocean chooses Moana , the daughter of Motunui's chief Tui, to return the heart to Te Fiti. Tui and Sina, Moana's parents, try to keep her away from the ocean to prepare her to become the island's chief. Sixteen years later, blight strikes the island, killing vegetation and shrinking the fish catch. Moana suggests going beyond the island's reef with her pet pig, Pua, to find more fish and discover what is happening, but Tui forbids it. Moana tries to conquer the reef, but is overpowered by the tides and shipwrecked. That afternoon, Moana's grandmother Tala shows her a secret cavern of ships and reveals Motunui's people were voyagers until Maui stole Te Fiti's heart; the ocean was no longer safe without it. Tala explains Te Kā's darkness is destroying the island, but it can be cured if Moana finds Maui and has him restore the heart of Te Fiti. Having been given the heart by the ocean, Tala gives it to Moana. Tala later becomes gravely ill and tells Moana to find Maui. Moana sets sail on a camakau from the cavern along with her dimwitted pet rooster , Heihei, who stowed away on it. They are caught in a typhoon and shipwrecked on an island, where she finds Maui, who boasts about his achievements. She demands Maui return the heart, but he refuses and traps her in a cave before leaving on her boat. She escapes and confronts Maui, who reluctantly lets her on the camakau. They are attacked by Kakamora, coconut pirates who seek the heart, but Moana and Maui outwit them. Moana realizes Maui is no longer a hero since he stole the heart and cursed the world, and convinces him to redeem himself by returning the heart. However, Maui first needs to retrieve his fishhook in Lalotai, the Realm of Monsters, from Tamatoa, a giant coconut crab . While Moana distracts Tamatoa, Maui retrieves his hook, only to find himself unable to control his shape-shifting. He is overpowered by Tamatoa, but Moana's quick thinking allows...","",""
"277890","Peranbu","2021","Karthik regrets marrying Vanathi, a simple girl chosen by his mother, Raja Rajeshwari. But, Raja Rajeshwari is determined to prove that Vanathi is a good woman and the right choice for her son.  [PLOT] Plot Vanathi marries Karthik under unexpected circumstances. Her mother-in-law realizes the discomfort between the newlyweds due to their contrasting personalities, and helps the couple become closer. [ 1 ] ^ .mw-parser-output cite.citation{font-style:inherit;word-wrap:break-word}.mw-parser-output .citation q{quotes:""\""""""\""""""'""""'""}.mw-parser-output .citation:target{background-color:rgba(0,127,255,0.133)}.mw-parser-output .id-lock-free.id-lock-free a{background:url(""//upload.wikimedia.org/wikipedia/commons/6/65/Lock-green.svg"")right 0.1em center/9px no-repeat}.mw-parser-output .id-lock-limited.id-lock-limited a,.mw-parser-output .id-lock-registration.id-lock-registration a{background:url(""//upload.wikimedia.org/wikipedia/commons/d/d6/Lock-gray-alt-2.svg"")right 0.1em center/9px no-repeat}.mw-parser-output .id-lock-subscription.id-lock-subscription a{background:url(""//upload.wikimedia.org/wikipedia/commons/a/aa/Lock-red-alt-2.svg"")right 0.1em center/9px no-repeat}.mw-parser-output .cs1-ws-icon a{background:url(""//upload.wikimedia.org/wikipedia/commons/4/4c/Wikisource-logo.svg"")right 0.1em center/12px no-repeat}body:not(.skin-timeless):not(.skin-minerva) .mw-parser-output .id-lock-free a,body:not(.skin-timeless):not(.skin-minerva) .mw-parser-output .id-lock-limited a,body:not(.skin-timeless):not(.skin-minerva) .mw-parser-output .id-lock-registration a,body:not(.skin-timeless):not(.skin-minerva) .mw-parser-output .id-lock-subscription a,body:not(.skin-timeless):not(.skin-minerva) .mw-parser-output .cs1-ws-icon a{background-size:contain;padding:0 1em 0 0}.mw-parser-output .cs1-code{color:inherit;background:inherit;border:none;padding:inherit}.mw-parser-output .cs1-hidden-error{display:none;color:var(--color-error,#bf3c2c)}.mw-parser-output .cs1-visible-error{color:var(--color-error,#bf3c2c)}.mw-parser-output .cs1-maint{display:none;color:#085;margin-left:0.3em}.mw-parser-output .cs1-kern-left{padding-left:0.2em}.mw-parser-output .cs1-kern-right{padding-right:0.2em}.mw-parser-output .citation .mw-selflink{font-weight:inherit}@media screen{.mw-parser-output .cs1-format{font-size:95%}html.skin-theme-clientpref-night .mw-parser-output .cs1-maint{color:#18911f}}@media screen and (prefers-color-scheme:dark){html.skin-theme-clientpref-os .mw-parser-output .cs1-maint{color:#18911f}} R, Vinoth (8 December 2021). ""புது சீரியல்களை களமிறக்கும் ஜீ தமிழ்.. மத்த சீரியல் மாதிரி இல்ல.. கதைல பல ட்விஸ்ட் இருக்கு !"" . tamil.filmibeat.com .","",""
"278051","Vidhya No. 1","2021","Vedavalli, a successful entrepreneur, believes in the importance of education. But her opinion changes when Vidhya, an illiterate woman with immense native wisdom, becomes her daughter-in-law.  [PLOT] Synopsis Season 1 Nachiappan defies his rich, male chauvinist parents to marry the poorer Parvathi, and they raise their daughters Janani and Anjana in a joint family. Despite Nachiappan's controlling nature, he is wooed by a marriage proposal from business tycoon Gunasekaran alias AGS Aadhimuthu for his brother Shakthivel. Unaware of the mistreatment of Gunasekaran's daughters-in-law Eshwari, Renuka, and Nandhini & Janani Nachiappan falls for the lie that Janani will be appointed as MD in Gunasekaran's company. Eventually, Janani, a high achiever, marries Shakthivel, the youngest brother in the Aadhimuthu family. As time passes, Janani learns the harsh reality of her in-laws' treatment of women. Her husband Shakthivel, haunted by childhood trauma, lacks the courage to confront his family. Janani's cousin Vasu warns her, but she proceeds with the marriage. Initially supportive, Shakthivel turns against Janani due to emotional manipulation from his elder brother Aadhi Gunasekaran alias AGS. Janani's co-sisters Eshwari, Renuka, and Nandhini are also educated women married to uneducated husbands in the Aadhimuthu family. The sisters face restrictions and are forced to be housekeepers by their controlled husbands – Gunasekaran Aadhimuthu alias AGS, Gnanasekaran Aadhimuthu, Kathirvel Aadhimuthu, and Shakthivel Aadhimuthu. The story unfolds as Janani faces the challenges within her new family, aiming to bring about positive change with the help of Pattammal, Gunasekaran's grandmother. Janani, standing against male chauvinism, leaves the Aadhimuthu household after Shakthivel doubted her character. Pattamal, who holds a 40% shares in Aadhimuthu properties and businesses, joins Janani against Gunasekaran for the rights of Janani and the other daughters-in-law. Guided by advice from Pattammal, Janani returns to help her co-sisters to gain independence. Shakthivel realizes his mistakes, and the story unfolds as Janani strives to empower herself and her co-sisters against the backdrop of family dynamics and societal challenges. In a bid to get hold of the 40% property, Gunasekaran poisons Pattammal who is supposedly killed in a bomb blast planned by him. How Janani will strengthen herself and liberate her co-sisters forms the crux of the story. At the end of season 1, Gunasekaran was arrested for his crimes. During the court proceedings, Pattammal enterred the courtroom shocked everyone and testified against Gunasekaran who was found guilty of all his crimes and was...","",""
"278154","Ice Age: Collision Course","2016","Set after the events of Continental Drift, Scrat's epic pursuit of his elusive acorn catapults him outside of Earth, where he accidentally sets off a series of cosmic events that transform and threaten the planet. To save themselves from peril, Manny, Sid, Diego, and the rest of the herd leave their home and embark on a quest full of thrills and spills, highs and lows, laughter and adventure while traveling to exotic new lands and locations.  [PLOT] Plot Following the events of the fourth film , Peaches gets engaged with a benign mammoth named Julian, but Manny disapproves of this as he finds Julian annoying and incapable of protecting her. The concern escalates when Peaches reveals her wish to travel and explore the world for their honeymoon, which both Manny and Ellie oppose. Diego and Shira want to have children but worry they will not make friends, as the other kids are scared of their species. Sid is about to propose marriage to his girlfriend, Francine, but is dumped by her and laments his solitude. During Manny and Ellie's wedding anniversary, asteroids incited by Scrat impact and the herd barely escapes to shelter in a cave. Meanwhile, in the underground lost world, following his encounter with a trio of flying dromaeosaurs , Buck discovers an ancient stone pillar and takes it to the surface, where he reunites with the herd. Buck explains that according to the pillar, asteroids have caused two extinctions in the past and, with the next one incoming, he believes that the only place they could find a clue to stop it is on the site of the previous – a nearby volcano, as according to its engravings, they always fall in that same location. The dromaeosaurs overhear the conversation and decide to stop them. They believe they can avoid the impact due to their ability to fly, thus not only exacting retribution against Buck but also eradicating Earth's population and securing domination over the planet for themselves. Their son Roger is reluctant, but is strong-armed into cooperating. During the herd's journey to the crash site, Buck discovers that asteroids have electromagnetic properties. He theorizes that if a large number of lesser asteroids were gathered and launched into orbit, they could attract the main asteroid away from Earth. After facing several obstacles and the interference of the dromaeosaurs, the herd arrives at Geotopia, a community of immortal animals formed inside one of the asteroids that fell long ago. There, Sid meets Brooke, a ground sloth who instantly falls in love with him. Shangri Llama, the leader of Geotopia, refuses to cooperate with Buck's plan to use the city's crystals to stop the asteroid, as they are the key to the residents' longevity. Sid inadvertently destroys the entire city when he attempts to remove one of the crystals to give Brooke, reducing the Geotopians to their true age, much to Shangri Llama's chagrin. After Brooke convinces the other Geotopians that...","",""
"278398","Pathemari","2015","Pathemari features the life of Pallikkal Narayanan who migrated to the Middle-East in the early 1980s, when the Kerala Gulf boom was at its peak.  [PLOT] Plot The plot revolves around three bachelor friends Amar, Akbar and Anthony who live in the same colony in Kochi . Their struggle to live a luxurious life and to visit Pattaya is constantly met with issues. The bike-stunt master and travel agent , Faizal, is also living in the same colony. He receives several injuries when he met an accident while performing bike stunts. He is then admitted to a hospital where he meets other patients. Faizal explains the reason for the accident to the other patients by narrating a story about his three clients Amar, Akbar and Anthony. The three are best friends, who are living a middle-class life. Amar's father Ramanan works as a security officer at ATM counter, while his mother, Chandrika is a marriage broker, who arranges the marriage of orphan woman Resmiya, but Resmiya's husband runs off with her jewellery hence Resmiya arrives at Amar's house to stay with her kid Fathima whom they lovingly call Pathu. Akbar is a handicapped person, whose father, Stalin Mammali, is a communist bodybuilder while his mother Jameela is a homemaker. Anthony works as a pizza delivery boy at a mall, and is an orphan where his foster father Chakkappan found him left alone inside a movie theatre and lives with his step-parents. All the friends have a common nemesis Nallavanyana Unni, a gentleman whom everyone likes in the colony, who is later arrested by the police for growing marijuana in his own terrace. Apart from their usual work, the trio occasionally work as catering service boys for marriages and other functions under the supervision of Rejimon, whose mother usually engages herself with multiple social networking sites. She created a fake Facebook account and tried to make Amar fall in love with her. All three friends have a crush on Jenny, a dancer . Their only goal and dream is to visit Pattaya , Thailand . However, due to family issues, their aim gets delayed each time. Meanwhile, Amar's father met with an accident and is saved by an ambulance driver name Jadayu Sabu and the money which was saved by the three friends was spent on his father's treatment. Simultaneously, a Bengali child abuser named Dhappan kidnaps small girls. Amar, Akbar and Anthony often bump into the man, but they do not care much about it. Meanwhile, during a celebration in the colony Pathu goes missing and later she is found murdered in a drainage . The new CI Sethunath suspects Dhappan in the case. He scolds the trio for being lazy and not reacting to the...","",""
"278924","Mechanic: Resurrection","2016","Arthur Bishop thought he had put his murderous past behind him when his most formidable foe kidnaps the love of his life. Now he is forced to travel the globe to complete three impossible assassinations, and do what he does best, make them look like accidents.  [PLOT] Plot Since faking his own death, Arthur Bishop has been living quietly in Rio de Janeiro under the name Santos. He is approached by a courier, Renee Tran, who has tracked him down, and explains that her employer wants Bishop to kill three targets and stage their deaths as accidents as is his specialty. Bishop escapes her and flees to Thailand . He takes shelter at the resort island beach house of his friend, Mei, and learns that Tran is working for Riah Crain. Bishop and Mei rescue a woman Mei sees being beaten by a man aboard a boat. In the scuffle, the man's head hits a bollard and he dies. Bishop sets the boat ablaze and discovers that the woman, Gina Thornton, was planted there for him, and is connected to Crain. He concludes that Crain anticipated Bishop would become romantically involved with her, then kidnap her as leverage so that Bishop would take on the assassinations. Gina reveals that Crain had threatened the children's shelter in Cambodia that she runs unless she participated. Over the next few days, Bishop gets to know Gina better, and they fall in love. He reveals that he knew Crain as a child, as the two were sold to the same gang as kids. Crain holds a grudge because Bishop escaped the gang and Crain feels he abandoned him. As expected, Crain's mercenaries abduct them and Crain keeps Gina hostage to ensure Bishop completes the assassinations. The first target is a warlord named Krill, held in a Malaysian prison. Bishop gets himself imprisoned, and gains Krill's trust by killing a man who attempts to murder Krill. Bishop then kills Krill himself by overdosing him with snake venom, and escapes with the help of Crain's operatives. The next target is Adrian Cook, a Sydney -based billionaire and former human trafficker. Bishop bypasses Cook's penthouse apartment's tight security and breaks the glass bottom of his overhanging cantilever pool with a tube of chemicals, thereby sending Cook plummeting 76 stories to his death. After each assassination, Crain allows Bishop to speak to Gina on video call. Gina helps Bishop to identify Crain's boat and he attempts a rescue, but Crain thwarts it. The final target is Max Adams, an American arms dealer in Varna, Bulgaria . Bishop discovers these targets are Crain's arms-dealing competition and he is using Bishop to take them out. He decides to work with Adams instead of killing him, warning him of Crain so the two can take him down together. Faking Adams' death, Bishop directs Crain to Adams' submarine...","",""
"278927","The Jungle Book","2016","After a threat from the tiger Shere Khan, Mowgli, a man-cub fostered by wolves, is forced to flee the jungle, and he embarks on a journey of self-discovery with the help of the panther, Bagheera, and the free-spirited bear, Baloo.  [PLOT] Plot In the jungles of 1890s India , an orphaned boy named Mowgli lives among a pack of wolves led by Akela . One day, during the dry season , the jungle animals gather to drink the remaining water as part of an ancient truce. The gathering is disrupted by Shere Khan , a murderous Bengal tiger who threatens to kill Mowgli at the end of the drought. After the drought ends, the wolves debate whether or not they should keep Mowgli. Mowgli decides to leave the jungle for the safety of his family, and Bagheera, a black panther , volunteers to guide him to the nearby ""man-village"". Shere Khan ambushes the pair on their way to the man-village, but Mowgli manages to escape by hiding amid a buffalo stampede caused by the tiger, and later encounters a seductive Indian python named Kaa , who hypnotizes him. While under her influence, Mowgli sees a vision of his biological father being killed by Shere Khan while trying to protect him. She also explains that there is a mysterious light called the Red Flower (fire) which brings destruction to anything it touches. Kaa attempts to devour Mowgli, but he is rescued by a bear named Baloo . [ a ] Mowgli retrieves honey for Baloo as repayment and agrees to stay with him until the winter season arrives. Upon learning that Mowgli has left the jungle, Shere Khan kills Akela and threatens the pack to lure Mowgli out. Bagheera eventually finds Mowgli and Baloo and is incensed that Mowgli has not joined the humans, but Baloo calms him down and persuades both of them to sleep on it. During the night, Mowgli finds the herd of Asian elephants gathered around a ditch and uses vines to save their baby. Baloo realizes that he cannot guarantee Mowgli's safety after learning that he is being targeted by Shere Khan and reluctantly agrees to push Mowgli away to get him to continue onward to the man village. Mowgli is kidnapped by a gang of monkeys and Hoolock gibbons known as the Bandar-log , who take him to their leader, a deranged Gigantopithecus named King Louie . Assuming that all humans can make fire, Louie offers Mowgli protection from Shere Khan in exchange for it. Baloo distracts King Louie while Bagheera tries to sneak Mowgli out, but their ruse is uncovered. Louie chases Mowgli through his temple and informs Mowgli of Akela's death by Shere Khan. Louie's rampage eventually causes his temple to collapse on top of him. Furious that his friends neglected to tell him about Akela's death, Mowgli goes to confront Shere Khan himself. He...","",""
"280092","Insidious: Chapter 3","2015","A prequel set before the haunting of the Lambert family that reveals how gifted psychic Elise Rainier reluctantly agrees to use her ability to contact the dead in order to help a teenage girl who has been targeted by a dangerous supernatural entity.  [PLOT] Plot In 2007, three years before the Lambert haunting [ a ] , teenager Quinn Brenner meets with retired demonologist Elise Rainier. Elise reluctantly agrees to try to contact the spirit of Quinn's mother, Lily, who died one year prior. However, Elise urges Quinn not to try to contact her mother again after sensing a malevolent force. Grace, an elderly woman who lives at Quinn's apartment building and has dementia , says several strange and cryptic things to Quinn, seeming to allude to an unseen spirit. Quinn later attends an audition for a performance arts school. After leaving the audition, she sees a mysterious figure waving to her from the distance on the street. Distracted, she is hit by a car, breaking both of her legs. Now stuck in her home with her father, Sean, and brother, Alex, Quinn begins to experience increasingly disturbing paranormal phenomena , including seeing visions of a dark spirit wearing an oxygen mask known as the Man Who Can't Breathe. Quinn realizes that he is the same figure that caused her accident. Sean runs into Grace's husband, Harry, and learns that Grace has passed away. Sean meets with Elise, who like him is also grieving after the death of her husband, Jack, and tries to convince her to help his daughter. Elise declines, stating that her previous visits to the dark spiritual world of the Further made her realize that an evil spirit―a Bride in Black―is hunting her. However, she is convinced by her friend and former colleague, Carl, to continue using her spiritual ability after he reminds her about her successful case involving Josh Lambert in 1986 [ b ] and that she is stronger than the spirits, because she is still alive. Due to Elise's initial refusal, Alex suggests Sean call on alleged demonologists, Specs and Tucker, who have built a following on the internet. During their investigation, Quinn becomes briefly possessed by the Man Who Can't Breathe and attacks Sean, Specs, and Tucker. Sean realizes Specs and Tucker are frauds and prepares to kick the duo out until Elise arrives. Deducing that the dark spirit's goal is to lure potential victims to the Further, so it can eat their life force, Elise decides to enter the spiritual world and enlists Specs and Tucker to help. Elise enters the Further and has a brief fight with the Bride in Black before she discovers Jack's spirit. Jack begins to encourage Elise to commit suicide , so that they might be reunited. Elise realizes that Jack is actually the Man Who Can't Breathe...","",""
"280217","The Lego Movie 2: The Second Part","2019","It's been five years since everything was awesome and the citizens are facing a huge new threat: LEGO DUPLO® invaders from outer space, wrecking everything faster than they can rebuild.  [PLOT] Plot Shortly after the destruction of the Kragle via the Piece of Resistance, [ a ] Duplo aliens arrive and threaten destruction. Emmet builds the aliens a heart as a token of friendship, but one eats it and demands more. Lucy and the Master Builders believe this to be an attack and retaliate, and the ensuing battle ravages Bricksburg. Five years later, a teenage Finn has rebuilt Bricksburg as Apocalypseburg. The city has been ravaged by repeated Duplo attacks, and several people have gone missing while searching for the Duplo home planet. Emmet remains upbeat, in stark contrast to Lucy and his other friends, though he has visions of an impending "" Armamageddon "". A mini-doll called General Sweet Mayhem arrives, kidnaps all of Emmet's friends, and takes them to the shape-shifting ruler of the Systar System, Queen Watevra Wa'Nabi. Emmet tries to convince the Master Builders to help him save Lucy and the rest of his friends, but they refuse to help, believing that he is not tough enough to go through the Systar System. Emmet subsequently crafts a spaceship to pursue Mayhem by passing through the ""Stairgate"". Meanwhile, Watevra has apparently brainwashed Emmet's friends into accepting the joy of her world and convinces Batman to marry her as a way to unite the Lego, Mini-doll, and Duplo worlds. Only Lucy remains skeptical of Watevra's plans. Emmet's ship is heavily damaged and nearly collides with an asteroid field but is saved by rugged adventurer Rex Dangervest . After hearing Emmet's story, Rex offers to help and takes him to the Systar System. En route, Emmet tries to emulate some of Rex's mannerisms and learn Rex's ""Master Breaker"" abilities. When they arrive, they quickly reunite with Lucy and learn of the marriage plans, which Rex, Lucy, and Emmet believe to be a front to bring on Armamageddon. As the wedding starts, Emmet, Rex, and Lucy split up to sabotage the event. Mayhem, who insists the wedding is intended to prevent Armamageddon, intercepts Lucy and explains their true intentions. At the ceremony, Watevra reveals her true form: the heart that Emmet tried to give the Duplo invaders. Realizing that Mayhem was right, Lucy tries to stop Emmet, but he destroys the ceremony with a Master Breaker punch. In reality, Finn, after finding out that his sister, Bianca, had taken his Lego figures, smashes her ceremony creation. Emmet realizes his mistake but is seized by Rex, who reveals he is a version of him from the future, who collided with the asteroids...","",""
"280926","Boron","2021","Righteous Tithi has to endure the harsh consequences of spoilt brat Rudrik's actions. but when two souls at war get untied in martrimony, will they find love?  [PLOT] Plot Boron narrates the story of a courageous girl who is a hardworking student named Tithi. She wants to be independent and take care of her mom who sacrificed everything for her. Tithi is preparing for an exam and wants to bag a government job. On the other hand, a rogue and spoilt brat named Rudrik Banerjee, son of a famous industrialist Nandan Banerjee, lives a lavish life and doesn't stick to the rule always. One day, his car hits a pedestrian leaving him critically injured. Tithi witnesses the incident and decides to report it. Tithi is indomitable and doesn't bow down to Rudrik's influential status. She decides to bring justice to the aggrieved people instead. Tithi testifies against Rudrik in the court on the day of her marriage. Swearing revenge, Rudrik breaks into Tithi's marriage and shoots the groom Raj in his leg. However he ends up marrying Tithi accidentally. Nandan decides to welcome Tithi in the Banerjee household with all due respect, despite objections of his wife and other family members. He convinces them with the help of Naira that this is just an act to remove all negative publicity from their family name. Tithi too agrees on this to save her ailing mother from any further shock. Slowly on Nandan's request, Tithi teaches Rudrik how to be happy and generous and not to be arrogant. However, sparks fly as Rudrik falls for Tithi, but is unable to confess his feelings to her. On the day of Rudrik's marriage with Naira, Rudrik puts vermilion on Tithi's forehead realising his love for her, whereas Naira marries the wedding priest Purna Chandra ""Panu"" Bachaspati himself to save her from humiliation.","",""
"280932","Khelaghor","2020","A rich girl gets accidentally married to an uneducated vagabond living in a slum. in the marriage demanding countless adjustments, will love find a chance?  [PLOT] Plot The story involves a rich girl, Purna Chatterjee, who gets accidentally married to an uneducated vagabond Shantu Gunda, a goon living in a slum in a twist of fate. Shantu, once a bright student, Digbijoy Roy, gets jailed for 3 years for a crime he committed accidentally and later gets hired by Gogon Makhal, the leader of a local political party. Purna is the daughter of Justice Barun Chatterjee, the judge responsible for Shantu's imprisonment. Born and brought up conservatively, she never thought of meeting a man and falling in love with him, thus agreeing for an arranged marriage with Ritam. Shantu, on the other hand applies sindoor on Purna's forehead in a fit of rage just to prove his point about marriage, but he later regrets it. Though shocked and distraught at first, Purna leaves Ritam on the very ritual whereas Ritam supports Purna and says he loves her irrespective of the accidental sindur which is not really a marriage by law. But Purna forcefully enters the slum as a newly wed bride, much to the chagrin of her father as well as Shantu. Ritam continues to love her but Purna ignores him and keeps chasing Shantu, who is also loved secretly by his childhood friend Radha. However, destiny makes many events occur in the life of Shantu and Purna which eventually make them both gets close to each other. [ 1 ] ^ .mw-parser-output cite.citation{font-style:inherit;word-wrap:break-word}.mw-parser-output .citation q{quotes:""\""""""\""""""'""""'""}.mw-parser-output .citation:target{background-color:rgba(0,127,255,0.133)}.mw-parser-output .id-lock-free.id-lock-free a{background:url(""//upload.wikimedia.org/wikipedia/commons/6/65/Lock-green.svg"")right 0.1em center/9px no-repeat}.mw-parser-output .id-lock-limited.id-lock-limited a,.mw-parser-output .id-lock-registration.id-lock-registration a{background:url(""//upload.wikimedia.org/wikipedia/commons/d/d6/Lock-gray-alt-2.svg"")right 0.1em center/9px no-repeat}.mw-parser-output .id-lock-subscription.id-lock-subscription a{background:url(""//upload.wikimedia.org/wikipedia/commons/a/aa/Lock-red-alt-2.svg"")right 0.1em center/9px no-repeat}.mw-parser-output .cs1-ws-icon a{background:url(""//upload.wikimedia.org/wikipedia/commons/4/4c/Wikisource-logo.svg"")right 0.1em center/12px no-repeat}body:not(.skin-timeless):not(.skin-minerva) .mw-parser-output .id-lock-free a,body:not(.skin-timeless):not(.skin-minerva) .mw-parser-output .id-lock-limited a,body:not(.skin-timeless):not(.skin-minerva) .mw-parser-output .id-lock-registration...","",""
"280996","Mr. Holmes","2015","In 1947, long-retired and near the end of his life, Sherlock Holmes grapples with an unreliable memory and must rely on his housekeeper's son as he revisits the still-unsolved case that led to his retirement.  [PLOT] Plot In 1947, the long-retired Sherlock Holmes , aged 93, lives in a rural Sussex farmhouse with his widowed housekeeper Mrs Munro and her young son Roger. Having just returned from a trip to Hiroshima , Holmes starts to use a prickly ash plant he acquired there to try to improve his failing memory . Unhappy about Watson's fictionalisation of his last case, The Adventure of the Dove Grey Glove , he hopes to write his own account, but has trouble recalling the events. As Holmes spends time with Roger, showing him how to take care of the bees in the farmhouse's apiary , he comes to appreciate Roger's curiosity and intelligence and develops a paternal liking for him. Over time, Roger's prodding helps Holmes remember the case (shown in flashbacks); he knows he must have failed somehow, as it resulted in his retirement from the detective business. Almost 30 years earlier, after the First World War had ended and Watson had married and left Baker Street , Thomas Kelmot approached Holmes to find out why his wife Ann had become estranged from him after suffering two miscarriages . Holmes followed Ann around London and observed her seemingly preparing to murder her husband – forging cheques in her husband's name and cashing them, confirming the details of his will, buying poison, paying a man, and checking train schedules. Holmes, however, deduced her true intentions: to have gravestones made for her and her miscarried children (the man she paid was a stonemason ) and then kill herself. Confronting her, Holmes confessed he had the same feelings of loneliness and isolation, but his intellectual pursuits sufficed for him. Ann asked Holmes if they could share the burden of their loneliness together. Holmes was tempted, but instead advised her to return to her husband. She poured the poison on the ground, thanked Holmes, and departed. Holmes later learned that Ann succeeded in killing herself by stepping in front of an oncoming train. Blaming himself, he retired and fell into a deep depression . Watson briefly returns to care for him and, discovering the details of the case, rewrites the tragedy into a success. A second series of flashbacks recounts Holmes' recent trip to Japan, where he met a supposed admirer named Tamiki Umezaki who had told him of the benefits of prickly ash. In fact, Umezaki brought Holmes to Japan in order to confront him. Years before, Umezaki's father had gone to England on business and never returned; he had sent a letter explaining that Holmes...","",""
"281153","Crime Patrol Dial 100","2015","Fictional representation of real life crime cases in India. The host dissects some of the most gruesome crimes encountered by police forces across India while re-enactments display the situations faced by the victims.  [PLOT] Plot The series presents dramatized versions of crime cases that occurred in India. Series anchor, Anup Soni , suggests the correct measures to avert crimes while narrating real-life stories revolving around harassment, kidnapping, and murder. The series opens its viewers' minds with these cases by making them aware of the crime around them. [ 1 ] Since June 2015, Crime Patrol has not only focused on creating awareness about crimes but has also aimed to help the victims depicted in the episodes. [ 2 ] ^ .mw-parser-output cite.citation{font-style:inherit;word-wrap:break-word}.mw-parser-output .citation q{quotes:""\""""""\""""""'""""'""}.mw-parser-output .citation:target{background-color:rgba(0,127,255,0.133)}.mw-parser-output .id-lock-free.id-lock-free a{background:url(""//upload.wikimedia.org/wikipedia/commons/6/65/Lock-green.svg"")right 0.1em center/9px no-repeat}.mw-parser-output .id-lock-limited.id-lock-limited a,.mw-parser-output .id-lock-registration.id-lock-registration a{background:url(""//upload.wikimedia.org/wikipedia/commons/d/d6/Lock-gray-alt-2.svg"")right 0.1em center/9px no-repeat}.mw-parser-output .id-lock-subscription.id-lock-subscription a{background:url(""//upload.wikimedia.org/wikipedia/commons/a/aa/Lock-red-alt-2.svg"")right 0.1em center/9px no-repeat}.mw-parser-output .cs1-ws-icon a{background:url(""//upload.wikimedia.org/wikipedia/commons/4/4c/Wikisource-logo.svg"")right 0.1em center/12px no-repeat}body:not(.skin-timeless):not(.skin-minerva) .mw-parser-output .id-lock-free a,body:not(.skin-timeless):not(.skin-minerva) .mw-parser-output .id-lock-limited a,body:not(.skin-timeless):not(.skin-minerva) .mw-parser-output .id-lock-registration a,body:not(.skin-timeless):not(.skin-minerva) .mw-parser-output .id-lock-subscription a,body:not(.skin-timeless):not(.skin-minerva) .mw-parser-output .cs1-ws-icon a{background-size:contain;padding:0 1em 0 0}.mw-parser-output .cs1-code{color:inherit;background:inherit;border:none;padding:inherit}.mw-parser-output .cs1-hidden-error{display:none;color:var(--color-error,#bf3c2c)}.mw-parser-output .cs1-visible-error{color:var(--color-error,#bf3c2c)}.mw-parser-output .cs1-maint{display:none;color:#085;margin-left:0.3em}.mw-parser-output .cs1-kern-left{padding-left:0.2em}.mw-parser-output .cs1-kern-right{padding-right:0.2em}.mw-parser-output .citation .mw-selflink{font-weight:inherit}@media screen{.mw-parser-output .cs1-format{font-size:95%}html.skin-theme-clientpref-night .mw-parser-output .cs1-maint{color:#18911f}}@media...","",""
"281338","War for the Planet of the Apes","2017","Caesar and his apes are forced into a deadly conflict with an army of humans led by a ruthless Colonel. After the apes suffer unimaginable losses, Caesar wrestles with his darker instincts and begins his own mythic quest to avenge his kind. As the journey finally brings them face to face, Caesar and the Colonel are pitted against each other in an epic battle that will determine the fate of both their species and the future of the planet.  [PLOT] Plot In 2028, two years after the Battle of San Francisco, [ a ] an American battalion known as ""Alpha-Omega"" aided by apes derogatorily called ""donkeys"", searches for Caesar's ape colony. A platoon assaults an ape outpost, but the apes repel the attack and kill all but four humans and a donkey gorilla named Red. Caesar releases the human captives as a peacekeeping gesture, but Red escapes after attacking Winter, an albino gorilla in Caesar's tribe. Caesar's young son Blue Eyes and Rocket return from a scouting expedition to report they have found an oasis that could serve as a safer home. That night, the Colonel of Alpha-Omega leads a team to raid the colony and kills Cornelia and Blue Eyes, mistaking the latter for Caesar. Cornelius, Caesar's younger son, manages to survive the attack by hiding while the Colonel escapes. Caesar, followed by Rocket, Maurice , and Luca, decide to serve as decoys while the tribe journeys to the oasis. In an abandoned village, Caesar kills a human in self-defense and finds his mute daughter, whom Maurice - with Caesar's consent - takes guardianship of, giving her a rag doll. They encounter Winter, now working for Alpha-Omega after giving away their hideout, having faked the attack by Red and letting him escape, and confront him. He reveals that the Colonel is heading north to meet up with the rest of the military forces. Caesar prevents him from alerting the soldiers, but accidentally kills Winter in retribution for his wife and son. As they follow the Colonel, Caesar's group discovers several dead soldiers executed by their own troops; a fatally wounded survivor is revealed to be mute, just like the girl. Caesar's group chases someone who has stolen one of their horses and discovers the thief is another intelligent ape, Bad Ape, who grew in isolation. He guides them to a former weapons depot-turned quarantine facility in the mountains that serves as the base for the militia. Soldiers kill Luca, and an enraged Caesar tells Maurice, Rocket, Bad Ape, and the mute girl to turn back. Caesar attempts to infiltrate the base alone, but he discovers his tribe has been captured and forced into labor there before Red catches him. Caesar deduces that the Colonel and militia are using the apes to barricade the facility to fend off the incoming military forces, which intend to attack rather than reinforce the militia. The Colonel reveals that the Simian Flu virus has mutated, causing infected humans to devolve into primitive animals,...","",""
"281634","Star Road","2018","OSEN’s “Star Road” is a program for Vietnamese hallyu fans where Korean celebrities showcase charms that haven’t been seen yet. From casual interviews to real daily life footage, it is expected to be well-received by fans.  [PLOT] Premise Titans follows the young superheroes of the eponymous team as they combat evil and other perils. [ 1 ] Disbanded when the story begins, the series sees the team return when the original and new members reform the Titans. The Titans fight crime throughout various locations, including Detroit , San Francisco , Gotham City , and Metropolis . The Titans as they appear in the first season (L–R): Gar ( Ryan Potter ), Rachel ( Teagan Croft ), Dick ( Brenton Thwaites ), and Kory ( Anna Diop ) The first members of the team to appear in the series are Batman 's former vigilante partner Dick Grayson , extraterrestrial Kory Anders , empath Rachel Roth , and shapeshifter Garfield ""Gar"" Logan . Dick is later revealed as one of the original Titans, alongside half- Amazon Donna Troy and crime-fighting duo Dawn Granger and Hank Hall . After the Titans reform, the team is joined by Batman's new partner Jason Todd , assassin Rose Wilson , Superman 's genetic clone Conner Kent , and aspiring vigilante Tim Drake . In the first season , Rachel comes to Dick for protection from dangerous forces pursuing her, which leads to them meeting and teaming up with Kory and Gar. The heroes eventually learn that Rachel is being targeted by her demon father Trigon , who seeks to enslave the world. The season also depicts Dick's efforts to distance himself from his mentor and his Robin persona, while Kory struggles with a bout of amnesia that leaves her unaware of her true identity. The second season focuses on the official reformation of the Titans as Dick trains a new team composed of Rachel, Gar, and Jason. The Titans' return, however, leads to the reemergence of feared assassin Deathstroke , whose prior conflict with the original team caused their disbanding. As Deathstroke attempts to eliminate the heroes, the original Titans are forced to face him again, while other threats emerge from the malevolent Cadmus Laboratories and Kory's sister Blackfire . The third season sees the Titans travel to Gotham City after Jason is murdered, where Dick teams up in protecting the city with Police Commissioner Barbara Gordon . When Jason returns under the control of notorious criminal Jonathan Crane , the Titans find themselves battling their former teammate to prevent Crane from destroying Gotham. Also depicted are Kory's tense reunion with Blackfire, who seeks redemption for past actions and Donna's return from the afterlife following her death in the previous season. In the fourth and...","",""
"281957","The Revenant","2015","In the 1820s, a frontiersman, Hugh Glass, sets out on a path of vengeance against those who left him for dead after a bear mauling.  [PLOT] Plot Fur trapper Hugh Glass watches as American soldiers burn down a Native American village on the Great Plains . Years later, in 1823, during the Arikara War , Glass guides Captain Andrew Henry 's trappers through the territory of the present-day Dakotas . While he and his half- Pawnee son, Hawk, are hunting, the company's camp is attacked by an Arikara war party which is seeking to recover its chief's abducted daughter, Powaqa. Many of the trappers are killed during the fight, and the rest of them escape onto a boat. Guided by Glass, the survivors begin a trek to Fort Kiowa on foot because Glass believes traveling down the Missouri River will make them vulnerable. After docking, the crew stash their pelts near the shore. While scouting game, Glass is mauled and left near death by a grizzly bear . Fearing another Arikara attack, trapper John Fitzgerald argues that they must mercy-kill Glass and keep moving. Henry agrees, but he is unable to pull the trigger. Instead, he offers to pay anyone who will stay with Glass and bury him after he dies. When the only volunteers are Hawk and the young Jim Bridger , Fitzgerald, wanting the money to recoup his losses from the abandoned pelts, also agrees to stay. After the others leave, Fitzgerald attempts to smother Glass but is stopped and intervened by Hawk. Fitzgerald stabs Hawk to death as Glass watches helplessly. The next morning, Fitzgerald convinces Bridger, who is unaware of Hawk's murder, that the Arikara are approaching and they must abandon Glass. At first Bridger protests, but he ultimately follows Fitzgerald after the latter leaves Glass half-buried alive in a makeshift grave. Bridger leaves behind a canteen on which he had engraved a spiral symbol. The next morning, Fitzgerald admits to Bridger that there are no pursuing Arikara. They reach the fort, and Fitzgerald falsely reports to Henry that Hawk vanished and Glass died. Bridger is complicit in the lie about Glass's death, but remains unaware of Hawk's murder. Glass starts an arduous journey through the wilderness, bringing Bridger's canteen with him. He performs a crude cauterization of his wounds and eludes the pursuing Arikara by jumping into river rapids. He encounters Pawnee refugee Hikuc, who tells Glass that ""revenge is in the Creator 's hands."" The men share bison meat and travel together. As a storm approaches, Hikuc constructs a sweat lodge for the feverish Glass to shelter in. After a hallucinogenic experience in the lodge, Glass emerges...","",""
"282035","The Mummy","2017","Though safely entombed in a crypt deep beneath the unforgiving desert, an ancient queen whose destiny was unjustly taken from her is awakened in our current day, bringing with her malevolence grown over millennia, and terrors that defy human comprehension.  [PLOT] Plot In ancient Egypt , Princess Ahmanet is in line to rule over the pharaoh's kingdom, until the pharaoh sires a son. Knowing that her place to rule has been taken, she makes a deal with the deity Set and is given demonic powers through a ceremonial dagger. She murders her family and attempts to set the deity free, but is caught and mummified alive by Egyptian priests for her crimes. Her sarcophagus is then entombed in a region far away so she can never escape. In present-day London , construction workers discover the tomb of a crusader knight who was buried with an Egyptian ruby, and Dr. Henry Jekyll takes over the operation. In Iraq, former U.S. Army Staff Sergeant Nick Morton and Corporal Chris Vail discover the tomb of Princess Ahmanet, unknowingly bringing Ahmanet back to life. British archaeologist, Jenny Halsey, and the soldiers fly with Ahmanet's sarcophagus to Britain. During the flight, Chris is possessed by Ahmanet through a spider bite, and he attacks the others, only to be killed by Nick. A large flock of crows attacks the plane and is sucked into the engines. The plane crashes, killing the crew except for Jenny, who escapes with a parachute Nick gives her. Nick returns to life in a morgue. Chris's ghost appears and tells him he has been cursed by Ahmanet, who seeks to use him as a vessel for Set. Ahmanet's mummy escapes from the sarcophagus and begins feeding on people to regenerate her body, turning them into zombies. She recovers the Dagger of Set and attempts to stab Nick before realizing that the ruby is not attached to it. She and her army chase after Nick and Jenny until soldiers appear and subdue her. Jekyll explains that Jenny is an agent of Prodigium, a secret society dedicated to hunting supernatural threats. Nick and Jenny discover that Jekyll intends to allow Set to possess Nick's body completely, believing that this will render Set vulnerable. Jekyll transforms into Eddie Hyde . Nick stops him with a serum that Jekyll invented for this purpose, allowing Nick and Jenny to escape. Ahmanet finds them, regains the dagger, summons many crusader zombies, and creates a large sandstorm in London. The crusader zombies kill the Prodigium soldiers and scientists and Ahmanet recovers the ruby, combining it with the dagger in order to free Set. Guided by Chris's ghost, Nick and Jenny flee into the London Underground , where Ahmanet's zombies attack them. Ahmanet captures Jenny and drowns her. When Nick is brought to Ahmanet, he sees Jenny's...","",""
"283366","Miss Peregrine's Home for Peculiar Children","2016","A teenager finds himself transported to an island where he must help protect a group of orphans with special powers from creatures intent on destroying them.  [PLOT] Plot Abe Portman has told his grandson Jake stories about battling monsters and spending his childhood at ""Miss Peregrine's Home for Peculiar Children"" at Cairnholm, an island off the coast of Wales . The home's children and headmistress, Miss Alma Lefay Peregrine (named after the well-known bird of prey the peregrine falcon ), possess paranormal abilities and are known as ""Peculiars"". One day, Jake finds Abe dying with his eyes removed. He tells him to go to ""the loop of September 3, 1943"". To cope, Jake begins therapy with Dr. Golan. She encourages Jake's desire to travel to the United Kingdom for closure regarding his grandfather's death. On Cairnholm, Jake and his father, Frank, investigate the children's home. It was destroyed during a Luftwaffe raid, but upon entering the ruins Jake finds the children from Abe's stories. The children take Jake through a portal on the island's coast, and emerge in 1943 with the house intact. Miss Peregrine explains she belongs to female Peculiars named Ymbryne who can transform into birds (in Miss Peregrine's case, a peregrine falcon ) and manipulate time. To avoid persecution for being Peculiars, she and the children hide from the outside world in a time loop she created, set to September 3, 1943, and accessible only to Peculiars. It allows them to live the same day repeatedly and avoid aging as long as they stay inside it. Jake meets the other children, including aerokinetic Emma Bloom. Jake is a Peculiar like his grandfather, and can see the invisible monsters from his stories, called ""Hollowgasts"" (or ""Hollows""). They are disfigured Peculiar mad scientists who killed an Ymbryne in a failed experiment to attain immortality . Led by the shapeshifting Mr. Barron, they hunt Peculiars, primarily children, to consume their eyeballs. Mr. Barron and some of his colleagues consume enough eyeballs to become Wights, regaining a visibly human appearance apart from milky-white eyes. Wounded Ymbryne Miss Avocet is found by Emma, as she escorts Jake back to the entrance to his time. After being nursed back to health, Avocet explains that Barron attacked her Children's Home in the January 2016 time loop at Blackpool , England, killed the children, and is plans to repeat the earlier failed experiment using more Ymbrynes. Back in 2016 Jake is being closely monitored by his worried father, but after they find an elderly man who has been evidently killed by a Hollow, Jakes escapes to get back through the portal to warn the Miss...","",""
"283445","Sinister 2","2015","A young mother and her twin sons move into a rural house that's marked for death.  [PLOT] Plot .mw-parser-output .ambox{border:1px solid #a2a9b1;border-left:10px solid #36c;background-color:#fbfbfb;box-sizing:border-box}.mw-parser-output .ambox+.mw-empty-elt+.ambox,.mw-parser-output .ambox+.mw-empty-elt+.mw-empty-elt+.ambox,.mw-parser-output .ambox+.mw-empty-elt+.mw-empty-elt+.mw-empty-elt+.ambox{margin-top:-1px}html body.mediawiki .mw-parser-output .ambox.mbox-small-left{margin:4px 1em 4px 0;overflow:hidden;width:238px;border-collapse:collapse;font-size:88%;line-height:1.25em}.mw-parser-output .ambox-speedy{border-left:10px solid #b32424;background-color:#fee7e6}.mw-parser-output .ambox-delete{border-left:10px solid #b32424}.mw-parser-output .ambox-content{border-left:10px solid #f28500}.mw-parser-output .ambox-style{border-left:10px solid #fc3}.mw-parser-output .ambox-move{border-left:10px solid #9932cc}.mw-parser-output .ambox-protection{border-left:10px solid #a2a9b1}.mw-parser-output .ambox .mbox-text{border:none;padding:0.25em 0.5em;width:100%}.mw-parser-output .ambox .mbox-image{border:none;padding:2px 0 2px 0.5em;text-align:center}.mw-parser-output .ambox .mbox-imageright{border:none;padding:2px 0.5em 2px 0;text-align:center}.mw-parser-output .ambox .mbox-empty-cell{border:none;padding:0;width:1px}.mw-parser-output .ambox .mbox-image-div{width:52px}@media(min-width:720px){.mw-parser-output .ambox{margin:0 10%}}@media print{body.ns-0 .mw-parser-output .ambox{display:none!important}} This film's plot summary may be too long or excessively detailed . Please help improve it by removing unnecessary details and making it more concise. ( May 2026 ) ( Learn how and when to remove this message ) The film opens with a home movie depicting a family of three being bound and hung up like scarecrows with sacks over their heads in a cornfield and burned alive three years after the Oswalt family was murdered . It is revealed to be the nightmare of 9-year-old Dylan Collins, who is squatting in a farmhouse next to a deconsecrated church in rural Illinois , with his twin brother Zach and their mother Courtney, who are all running from Clint, Courtney's abusive husband and Zach and Dylan's father. Dylan is visited nightly by a group of ghostly children who coerce him to watch "" home movies "" of their own families being murdered in various ways. Former sheriff's deputy ""So-and-So"", now a private investigator , is researching the murders connected to the ancient deity Bughuul (including the ones shown to Dylan) and burning down the homes where each murder...","",""
"283552","The Light Between Oceans","2016","A lighthouse keeper and his wife living off the coast of Western Australia raise a baby they rescue from an adrift rowboat.  [PLOT] Plot Lee Weathers is a ""risk-management specialist"" for genetic-engineering company SynSect. She arrives at a rural site hosting its L-9 project, an artificial being with nanotechnology-infused synthetic DNA named Morgan. The ""hybrid biological organism with the capacity for autonomous decision making and sophisticated emotional responses"" is smarter than humans and has matured quickly, walking and talking within a month and already physically equivalent to a young teenage girl despite being born only five years before. The cold and precise Weathers, who insists on calling Morgan ""it"", is at the site to assess the project while a psychologist evaluates Morgan, who has used a pen to stab Dr. Kathy Grieff in the eye. Over dinner with the team of eight scientists, Weathers and project leaders Dr. Lui Cheng and Dr. Simon Ziegler discuss an incident in Helsinki involving Cheng in which 21 SynSect researchers were killed in an hour by ""crude prototypes"". Lee learns that Morgan attacked Grieff when she was prohibited from leaving her room, a glass cell, after killing a deer impaled on a tree branch, out of compassion for its suffering, while exploring outside. The scientists have reared Morgan from birth following two failed attempts, and most consider her to be their child; Grieff defends Morgan to Weathers despite her injury, and Dr. Amy Menser wants to resume taking her on outings. Menser promises to take Morgan to a nearby lake that she describes as wonderful; the behavioral therapist understands that Morgan is, despite her intellect and physical appearance and abilities, emotionally strange. Although Morgan considers Cheng to be her ""mother"", the scientist is pessimistic about the project; she admits to Weathers that she ended the outings as it is cruel to expose Morgan to a world she cannot be allowed to enter. Psychologist and artificial intelligence expert Dr. Alan Shapiro arrives to assess Morgan and quickly defies the scientists' requests to stay outside Morgan's room for the assessment. When Shapiro aggressively taunts Morgan as part of his evaluation, she looks at her hand, becomes angry and spontaneously kills him. Weathers tranquilizes Morgan after a brief escape, and decides that she is too unpredictable and must be terminated. The scientists refuse to kill Morgan; before Weathers can do so, they shoot her with a tranquilizer dart and imprison her in the cell in which Morgan was held. The scientists plan to escape with Morgan, but after waking,...","",""
"283566","Evangelion: 3.0+1.0 Thrice Upon a Time","2021","In the aftermath of the Fourth Impact, stranded without their Evangelions, Shinji, Asuka and Rei find refuge in one of the rare pockets of humanity that still exist on the ruined planet Earth. There, each lives a life far different from their days as an Evangelion pilot. However, the danger to the world is far from over. A new impact is looming on the horizon—one that will prove to be the true end of Evangelion.  [PLOT] Plot In Paris , young crewmembers from the WILLE organization, led by Maya Ibuki , work to restore the city and its defensive systems. Upon being attacked by NERV forces, they are defended by the Wunder fleet and Mari Illustrious Makinami in Unit-08 . Mari defeats the attackers, and WILLE restores Paris. Asuka Langley Shikinami , Rei Ayanami and a still despondent Shinji Ikari are walking across the outskirts of Tokyo-3, arriving at a settlement of survivors where they encounter Toji Suzuhara , Hikari Horaki and Kensuke Aida , now adults. Toji is a doctor and has a child with Hikari, while Kensuke is a technician. As Shinji slowly recovers from his ordeals, Rei settles into the village working as a farmer, finding happiness. Shinji meets Ryoji Kaji Jr., the son of Misato Katsuragi and the late Ryoji Kaji , who died averting Third Impact. Rei, lacking the constant exposure to LCL fluid required to stay alive, says goodbye to Shinji before dissolving away. Wunder arrives to pick up Asuka and Shinji, the latter being placed in isolation. Meanwhile, Kozo Fuyutsuki helps Gendo Ikari restart Unit-13 . In response, Wunder heads to Antarctica . Before the mission, Asuka and Shinji reconcile: Asuka admits her feelings for Shinji, while Shinji apologizes to Asuka for being indecisive in saving her from the Ninth Angel fourteen years ago . Wunder is attacked by three NERV ships and a swarm of EVA units. Asuka and Mari sortie and move to destroy Unit-13 before it can reactivate. However, Unit-02 refuses to attack Unit-13, forcing Asuka to remove her eyepatch, revealing the Ninth Angel contained within, converting Unit-02 into an EVA-Angel hybrid like Shinji's Unit-01 . Unit-13 overpowers and absorbs Unit-02 according to Gendo's plan. Moments before being absorbed, Asuka is approached by her ""original"", revealing she is a clone of the Shikinami series. Meanwhile, Wunder is attacked by a new EVA, Unit-09A. In the NERV vessel restraining Wunder , Misato and Ritsuko Akagi confront Gendo. Ritsuko shoots him to no effect, as Gendo has used the Key of Nebuchadnezzar to transcend humanity. He reveals that the purpose of the Shikinami and Ayanami clones was to enact the Human Instrumentality Project, SEELE's conspiracy to force human evolution, and enters Unit-13. Shinji asks Misato to let him pilot Unit-01; Sakura and Midori Kitakami try to stop Shinji, blaming him for the Near Third Impact, but Misato protects him and is shot in the process. Misato reminds everyone of...","",""
"283895","Mere Sai Shraddha Aur Saburi","2017","This year marks the 100-year completion of a momentous event of Sai Baba taking Samadhi in Shirdi. In last 100 years, his cult has multiplied exponentially and his message and teaching have brought solace to millions of his followers across the globe. In this centenary year of his Samadhi, Sony Entertainment Television is proud to present his biopic on television. Mounted on a lavish scale, this biopic is a highly researched, authentic tale of his journey of life dramatized in an engaging screenplay format. This ambitious project will be produced by one of the most respected Television production house - Dashami Creations. [Director - Sachin P. Ambre. Producer - Nitin Vaidya and Ninad Vaidya]","",""
"283984","Fate/stay night: Heaven's Feel I. Presage Flower","2017","Ten years after the Fourth Holy Grail War, a devastating clash between Masters and Servants, another war erupts. Shirou Emiya, whose father fought in the first battle, was leading a peaceful life with the warmhearted Sakura Matou. But when hidden forces begin to stir, Shirou resolves to fulfill his father’s dying wish, protect Sakura, and fight for the Holy Grail.  [PLOT] Plot After dropping the school's archery club due to an injury, amateur magus Shirou Emiya befriends a fellow student, Sakura Matou , who regularly visits his home under the care of his tutor, Taiga Fujimura. During one night, Shirou sees a fight between two mysterious warriors and is protected from one of them, a spearman, by an armored swordswoman named Saber who calls him Master. The other warrior, Archer, is in the service of Rin Tohsaka , a school acquaintance of Shirou. Rin takes Shirou to the priest Kirei Kotomine , where Shirou learns he is a Master in the current Holy Grail War; a reoccurring battle royale to claim a supernatural artifact said to grant any wish to the victor. Each Master is given the responsibility and protection of a Servant, a spirit warrior from various timelines. Kiritsugu Emiya was Saber's Master in the previous War, which caused the fire that traumatized his adoptive son Shirou. En route back home, Shirou and Rin encounter a young girl named Illyasviel von Einzbern who attacks Saber with her Servant Berserker. However, she withdraws after Shirou injures himself to defend Saber. Later, Shirou and Saber discover Shinji Matou is the Master of Rider, who feeds on their classmate's spiritual energy. Saber defeats Rider, which causes Shinji to be ridiculed by his grandfather Zouken. Shirou asks if Sakura is involved in the war, but Shinji denies it as he and Zouken depart. Saber stays in Shirou's house while Shirou confronts Rin about the news of citizens falling ill and dying. Suspecting the Servant Caster is responsible, Rin agrees they should find the cause of the disruption. Shirou convinces Sakura to stay at the Emiya household, hoping to keep her safe with Saber. At Ryuudou Temple, Souichirou Kuzuki and his Servants, Caster and Assassin, are killed when True Assassin bursts from Assassin's body and slays them. As Souichirou never returns to school, Rin deduces he was the Master of Caster, yet people are still falling ill. Meanwhile, Lancer is ordered to track down the new Assassin. After a long chase, Lancer is devoured by the shadow after Assassin lures him into a lake. Shirou and Rin later encounter Zouken, controlling Caster's corpse like a puppet, but the shadow appears and devours Caster. Zouken reveals his true form - a swarm of insect familiars called Crest Worms - and retreats. The shadow attacks Rin but leaves when Shirou is injured, shielding her. The next day, Sakura confronts Saber about Shirou's safety. As...","",""
"283995","Guardians of the Galaxy Vol. 2","2017","The Guardians must fight to keep their newfound family together as they unravel the mysteries of Peter Quill's true parentage.  [PLOT] Plot In 2014, Peter Quill , Gamora , Drax , Rocket , and Baby Groot are renowned as the Guardians of the Galaxy . High Priestess Ayesha of the Sovereign race has the Guardians protect valuable Anulax batteries from an Abilisk, an inter-dimensional monster, in exchange for Nebula , Gamora's estranged sister, who was caught attempting to steal the batteries. After Rocket steals the batteries for himself, the Sovereign attacks the Guardians' ship with a fleet of drones. A mysterious figure destroys the drones and the Guardians crash-land on nearby planet Berhert. The figure reveals himself as Ego , Quill's father, and he introduces Mantis , his naïve empath servant. Ego invites Quill, Gamora, and Drax to his home planet, while Rocket and Groot remain behind to repair the ship and watch Nebula. Ayesha hires Yondu Udonta and his crew, who have been exiled from the greater Ravager community by Ravager leader Stakar Ogord for child trafficking , to recapture the Guardians. They capture Rocket, but when Yondu hesitates to turn over Quill, whom he raised, his lieutenant Kraglin Obfonteri questions his objectivity, and Taserface , another lieutenant, leads a mutiny, aided by Nebula, who shoots Yondu. Taserface executes Yondu's loyalists, and imprisons him and Rocket aboard Yondu's ship. Nebula leaves to find and kill Gamora, whom she blames for the torture inflicted on her by Thanos , their adoptive father. Kraglin, who is remorseful and never signed up for a mutiny, helps Groot free Rocket and Yondu, and while escaping, the group set the ship to self-destruct using Yondu's arrow. Taserface informs the Sovereign before being killed by the explosion. Ego, a god-like Celestial that manipulated the matter around his consciousness to form his ""home"" planet, explains that he projected a humanoid guise to travel the universe and discover a purpose, eventually falling in love with Quill's mother Meredith . Ego hired Yondu to collect the young Quill after Meredith's death, but the boy was never delivered, and Ego has been searching for him ever since. He teaches Quill to manipulate his inherited Celestial power, while Mantis grows close to Drax and tries to warn him of Ego's plans. Nebula arrives at Ego's planet and tries to kill Gamora, but the pair reconcile and reach an uneasy alliance, soon discovering a cavern filled with skeletal remains. Ego brainwashes Quill and reveals that in his travels, he planted seedlings on thousands of worlds that can xenoform them into new...","",""
"284052","Doctor Strange","2016","After his career is destroyed, a brilliant but arrogant surgeon gets a new lease on life when a sorcerer takes him under her wing and trains him to defend the world against evil.  [PLOT] Plot In Kathmandu , the sorcerer Kaecilius and his zealots enter the secret compound Kamar-Taj and behead its librarian. They steal several pages from a book belonging to the Ancient One , a long-lived sorcerer who has taught every student at Kamar-Taj, including Kaecilius, in the mystic arts. The Ancient One pursues the traitors, but Kaecilius and his followers escape. In New York City, Dr. Stephen Strange , a wealthy, acclaimed, and arrogant neurosurgeon , severely injures his hands in a car crash while en route to a speaking conference, leaving him permanently unable to operate. Fellow surgeon Christine Palmer tries to help him move on, but Strange vainly pursues experimental surgeries to heal his hands. Strange learns about Jonathan Pangborn , a paraplegic who mysteriously regained use of his legs. Pangborn directs Strange to Kamar-Taj, where he is taken in by Mordo , a sorcerer under the Ancient One. The Ancient One demonstrates her power to Strange, revealing the astral plane and other dimensions such as the Mirror Dimension. She reluctantly agrees to train Strange, whose arrogance and ambition remind her of Kaecilius. Strange studies under the Ancient One and Mordo, and from ancient texts in the library that are now guarded by Master Wong . Strange learns that Earth is protected from threats from other dimensions by a shield generated from three Sanctums in New York City, London, and Hong Kong , which are all directly accessible from Kamar-Taj. The sorcerers' task is to protect the Sanctums, though Pangborn instead chose to channel mystical energy only to heal his paralysis. Strange progresses quickly, and secretly reads the book from which Kaecilius stole pages, learning to bend time with the Eye of Agamotto . Mordo and Wong warn Strange against breaking the laws of nature, drawing a comparison to Kaecilius' desire for eternal life. Kaecilius uses the stolen pages to contact Dormammu of the Dark Dimension , where time is non-existent, and destroys the London Sanctum to weaken Earth's protection. The zealots then attack the New York Sanctum , killing its guardian, but Strange holds them off with the help of the Cloak of Levitation , only to be critically injured during a skirmish. He teleports himself back to the hospital where Palmer saves him. Upon returning to the Sanctum, Strange reveals to Mordo that the Ancient One has been drawing power from the Dark Dimension to sustain long life, and Mordo becomes disillusioned with her. After a fight in...","",""
"284053","Thor: Ragnarok","2017","Thor is imprisoned on the other side of the universe and finds himself in a race against time to get back to Asgard to stop Ragnarok, the destruction of his home-world and the end of Asgardian civilization, at the hands of a powerful new threat, the ruthless Hela.  [PLOT] Plot Two years after the Battle of Sokovia , [ a ] Thor is imprisoned by the fire demon Surtur , who reveals that Thor's father Odin is no longer on Asgard . He explains that Asgard will soon be destroyed during the prophesied apocalypse Ragnarök , once Surtur unites his crown with the Eternal Flame that burns in Odin's vault . Thor frees himself, defeats Surtur, and takes his crown, believing he has prevented Ragnarök. Thor returns to Asgard to find Heimdall gone and his estranged brother Loki posing as Odin. He forces Loki to help find their father, who Loki put a spell on after his presumed sacrifice years before. With directions from Stephen Strange , they find Odin in Norway. Odin explains that he is dying, Ragnarök is imminent despite Thor's efforts, and his death will free his firstborn child, Hela , from Hel , a prison she was sealed in long ago. Hela, a sibling Thor and Loki did not know existed, was the leader of Asgard's armies and conquered the Nine Realms with Odin, but he imprisoned her and wrote her out of history after she became too bloodthirsty and did not share his views on peace. Odin dies, and Hela appears after being freed from her prison. She destroys Thor's hammer Mjolnir , and pursues the two as they attempt to flee through the Bifröst Bridge , knocking them out into space. Arriving in Asgard, Hela defeats its army, slays the Warriors Three , and resurrects the ancient dead who once fought with her, including her giant wolf Fenris . She appoints the Asgardian Skurge as her executioner. Hela plans to use the Bifröst to expand Asgard's empire, but Heimdall takes the sword that controls the Bifröst. Meanwhile, Thor crash-lands on Sakaar , a garbage planet surrounded by wormholes . A slave trader designated Scrapper 142 subdues him with an obedience disk and sells him as a gladiator to Sakaar's ruler, the Grandmaster , with whom Loki has already ingratiated himself. Thor recognizes 142 as a Valkyrie , one of a legendary force of female warriors who were killed fighting Hela eons ago. Thor is forced to compete in the Grandmaster's Contest of Champions , facing his friend Hulk . Summoning lightning, Thor gets the upper hand, but the Grandmaster sabotages the fight to ensure Hulk's victory. Still enslaved after the fight, Thor attempts to convince Hulk and 142 to help him save Asgard, but neither is willing. Thor finds the Quinjet that brought Hulk to Sakaar. Hulk inadvertently destroys the Quinjet, but a recording of Natasha Romanoff...","",""
"284054","Black Panther","2018","King T'Challa returns home to the reclusive, technologically advanced African nation of Wakanda to serve as his country's new leader. However, T'Challa soon finds that he is challenged for the throne by factions within his own country as well as without. Using powers reserved to Wakandan kings, T'Challa assumes the Black Panther mantle to join with ex-girlfriend Nakia, the queen-mother, his princess-kid sister, members of the Dora Milaje (the Wakandan 'special forces') and an American secret agent, to prevent Wakanda from being dragged into a world war.  [PLOT] Plot Thousands of years ago, five African tribes warred over a meteorite containing the metal vibranium . One warrior ingests a ""heart-shaped herb"" affected by the metal and gains superhuman abilities, becoming the first ""Black Panther"". He unites all but the Jabari Tribe to form the nation of Wakanda . Over centuries, the Wakandans use vibranium to develop advanced technologies and isolate themselves from the world by posing as an underdeveloped country . In 1992, Wakandan king T'Chaka visits his brother N'Jobu , who is working undercover in Oakland, California . T'Chaka accuses N'Jobu of assisting black-market arms dealer Ulysses Klaue with stealing vibranium from Wakanda. N'Jobu's partner reveals he is Zuri , another undercover Wakandan, and confirms T'Chaka's suspicions. In the present day, following T'Chaka's death, [ a ] his son T'Challa returns to Wakanda to assume the throne. He and Okoye , leader of the Dora Milaje , extract T'Challa's ex-lover Nakia from an undercover assignment so she can attend his coronation ceremony with his mother Ramonda and younger sister Shuri . At the ceremony, the Jabari Tribe's leader M'Baku challenges T'Challa for the crown in ritual combat without the benefit of the heart-shaped herb. T'Challa defeats M'Baku, and persuades him to yield rather than die. When Klaue and his accomplice Erik Stevens steal a Wakandan artifact from a London museum, T'Challa's friend and Okoye's husband W'Kabi urges him to bring Klaue back alive. T'Challa, Okoye, and Nakia travel to Busan , South Korea, where Klaue plans to sell the artifact to CIA agent Everett K. Ross . A firefight erupts, and Klaue attempts to flee but is caught by T'Challa, who reluctantly releases him to Ross's custody. Klaue tells Ross that Wakanda's international image is a front for a technologically advanced civilization. When Erik attacks to extract Klaue, Ross is gravely injured protecting Nakia. Rather than pursue Klaue, T'Challa takes Ross to Wakanda, where their technology can save him. While Shuri tends to Ross, T'Challa confronts Zuri about N'Jobu, since Erik wore a necklace that belonged to him. Zuri explains that N'Jobu had become disillusioned with Wakanda's isolationism and planned to share Wakanda's technology with people of African descent to help them overcome their oppressors, with Klaue's assistance. Before T'Chaka could apprehend N'Jobu, N'Jobu attacked Zuri, forcing T'Chaka to kill him. T'Chaka instructed Zuri to claim that N'Jobu had vanished and...","",""
"284736","Boston Blue","2025","NYPD Detective Danny Reagan takes a job with the Boston PD and is paired with Detective Lena Silver, part of a law enforcement family comprised of District Attorney Mae Silver, Police Superintendent Sarah Silver, rookie cop Jonah Silver and Rev. Edwin Peters. Reagan hopes to reconnect with his son, Sean, in Boston.  [PLOT] Plot Former NYPD detective Danny Reagan takes a position with the Boston Police Department after his younger son Sean, who had joined the BPD amid a hiring freeze in the NYPD, is injured in a fire that was suspected to be a cover-up for a murder. He is partnered with Lena Silver, the eldest daughter of a noted police family in that city and a ""rising star"". She is the granddaughter of Reverend Peters, described as the renowned pastor of an historic Baptist church in Boston. He is the father of Mae Silver, Boston's District Attorney, and also the grandfather of Superintendent Sarah Silver and rookie patrol cop Jonah Silver. [ 1 ] [ 2 ] ^ .mw-parser-output cite.citation{font-style:inherit;word-wrap:break-word}.mw-parser-output .citation q{quotes:""\""""""\""""""'""""'""}.mw-parser-output .citation:target{background-color:rgba(0,127,255,0.133)}.mw-parser-output .id-lock-free.id-lock-free a{background:url(""//upload.wikimedia.org/wikipedia/commons/6/65/Lock-green.svg"")right 0.1em center/9px no-repeat}.mw-parser-output .id-lock-limited.id-lock-limited a,.mw-parser-output .id-lock-registration.id-lock-registration a{background:url(""//upload.wikimedia.org/wikipedia/commons/d/d6/Lock-gray-alt-2.svg"")right 0.1em center/9px no-repeat}.mw-parser-output .id-lock-subscription.id-lock-subscription a{background:url(""//upload.wikimedia.org/wikipedia/commons/a/aa/Lock-red-alt-2.svg"")right 0.1em center/9px no-repeat}.mw-parser-output .cs1-ws-icon a{background:url(""//upload.wikimedia.org/wikipedia/commons/4/4c/Wikisource-logo.svg"")right 0.1em center/12px no-repeat}body:not(.skin-timeless):not(.skin-minerva) .mw-parser-output .id-lock-free a,body:not(.skin-timeless):not(.skin-minerva) .mw-parser-output .id-lock-limited a,body:not(.skin-timeless):not(.skin-minerva) .mw-parser-output .id-lock-registration a,body:not(.skin-timeless):not(.skin-minerva) .mw-parser-output .id-lock-subscription a,body:not(.skin-timeless):not(.skin-minerva) .mw-parser-output .cs1-ws-icon a{background-size:contain;padding:0 1em 0 0}.mw-parser-output .cs1-code{color:inherit;background:inherit;border:none;padding:inherit}.mw-parser-output .cs1-hidden-error{display:none;color:var(--color-error,#bf3c2c)}.mw-parser-output .cs1-visible-error{color:var(--color-error,#bf3c2c)}.mw-parser-output .cs1-maint{display:none;color:#085;margin-left:0.3em}.mw-parser-output .cs1-kern-left{padding-left:0.2em}.mw-parser-output .cs1-kern-right{padding-right:0.2em}.mw-parser-output .citation .mw-selflink{font-weight:inherit}@media...","",""
"285151","Raja Rani Chi Ga Jodi","2019","Ranjit, a police officer, falls in love with Sanjeevani, a teenager. Their love faces major hurdle: their age difference. Can they overcome this obstacle?","",""
"285783","The Walk","2015","The story of French high-wire artist Philippe Petit's attempt to cross the Twin Towers of the World Trade Center in 1974.  [PLOT] Plot In 1973, Parisian street performer Philippe Petit bites a hard candy from the audience, damaging his tooth. In the dentist's waiting room, he sees a photo of the Twin Towers in a magazine. Analyzing it, he dreams of walking a tightrope between the towers. Meanwhile, he is evicted from his parents' house by his father, who disapproves of his job. Philippe returns to the circus that inspired him to wire walk as a child and practices in the big top after hours. He is caught by Papa Rudy, who he impresses with his juggling skills. Philippe asks Papa Rudy for tips and advice on knot tying and rope rigging, which Papa Rudy agrees to for compensation. While performing one day, Philippe meets Annie, a fellow street performer, and they begin a romantic relationship. Annie supports him on his dream and arranges for him to practice at her music school. Meeting Jean-Louis, a photographer, they become friends, and he, the official photographer and second accomplice in his dream. Jean-Louis introduces Jeff, another accomplice with fear of heights , to Philippe and Annie. He explains his idea to use a bow and an arrow tied to a fishing line to get the cable across the Towers. After failing his first real performance by falling into a lake due to anxiety, Philippe walks between Notre Dame Cathedral 's towers in Paris to redeem himself. He succeeds with Jean-Louis' support and is arrested in the process, though he receives universal applause and international attention. Philippe and Annie travel to America, setting a date for the walk as August 6, 1974. He disguises himself to spy and scout out the locations, impaling his foot on a nail in the process. At one point, he meets a fan of Philippe's, seeing him at Notre Dame: Barry Greenhouse, a life insurance salesman who works in the building and becomes another team member. They also meet French-bilingual electronics salesman J.P., amateur photographer Albert, and stoner David. The team goes over the plan several times, deciding Philippe must be on the wire before the construction crews arrive at 7:00 a.m. On the eve of the event, the team encounters several challenges: being three hours behind schedule, guards on the premises, and nearly dropping the heavy cable off the roof. However, they successfully string up the ropes and set the wires. Philippe begins his walk, explaining that everything around him faded once he started, except the wire and himself, and that for the first time in his life, he felt genuinely...","",""
"286217","The Martian","2015","During a manned mission to Mars, Astronaut Mark Watney is presumed dead after a fierce storm and left behind by his crew. But Watney has survived and finds himself stranded and alone on the hostile planet. With only meager supplies, he must draw upon his ingenuity, wit and spirit to subsist and find a way to signal to Earth that he is alive.  [PLOT] Plot In Chandler, Arizona , FBI special agents Kate Macer and Reggie Wayne lead a raid on a Sonora Cartel safe house, where they discover dozens of decaying corpses hidden in the walls. Outside, an explosive booby trap kills two police officers. Following the raid, Kate is recommended for and joins a joint task force overseen by CIA SAC officer Matt Graver and the secretive Alejandro Gillick, a Mexican prosecutor turned CIA-trained assassin . Their mission is to flush out and apprehend Sonoran lieutenant Manuel Díaz, currently operating and hiding in the United States. The team, which includes Delta Force operators, Deputy US Marshals , and CIA personnel, travels to Ciudad Juárez , Mexico, to extradite Díaz's brother, Guillermo. While crossing the El Paso–Juárez border, the team is ambushed by low-level cartel hitmen, whom the Americans swiftly kill. During the gunfight, Kate is forced to kill a Federal Police officer in self-defense , and is left visibly horrified by the violence. Back in the U.S., Alejandro tortures Guillermo and learns that the cartel uses a tunnel near Nogales, Sonora , to smuggle drugs . Meanwhile, Kate confronts Matt, who reveals that the real mission is to disrupt Díaz's drug operations so he can lead them to his boss, drug lord Fausto Alarcón. Unnerved, Kate asks Reggie to join her for support. The task force raids a bank used to launder Díaz's money. After finding financial evidence, Kate and Reggie want to file a lawsuit against Díaz but are ordered to stand down to avoid jeopardizing the operation. At a bar, Reggie introduces Kate to Ted, a Phoenix Police officer. Kate and Ted become intimate at her apartment, but she realizes Ted is working with the cartel. In the ensuing struggle, Ted begins to strangle Kate before Alejandro appears and subdues him. Alejandro and Matt brutally beat and threaten Ted to coerce him into revealing the names of other officers working for Díaz. After the team learns that Díaz has been recalled to Mexico, they prepare to raid the tunnel near Nogales. Matt reveals to Kate and Reggie that their involvement is a technical necessity as the CIA is not allowed to operate alone within U.S. borders. An angered Reggie tells Kate they should leave, but she insists on staying to learn about the mission's true purpose. As a gunfight with the cartel begins, Kate follows Alejandro into Mexico. She sees him abduct Silvio, a corrupt Sonoran police officer working as one of Díaz's drug mules . Kate attempts to...","",""
"286801","Monster: The Ed Gein Story","2025","The shocking true-life tale of Ed Gein, the infamous murderer and grave robber who inspired many of Hollywood's most iconic on-screen killers.  [PLOT] Premise The series explores the life of convicted murderer and body snatcher Ed Gein through allusions to fictional cultural works inspired by his crimes, such as Psycho (1960), The Texas Chain Saw Massacre (1974), and The Silence of the Lambs (1991). [ 1 ] [ 2 ] [ 3 ] ^ Cite error: The named reference VarietyAnnounce was invoked but never defined (see the help page ). ^ Cite error: The named reference TVLineAnnounce was invoked but never defined (see the help page ). ^ Cite error: The named reference VarietyReleaseDate was invoked but never defined (see the help page ).","",""
"287424","Maggie","2015","There's a deadly zombie epidemic threatening humanity, but Wade, a small-town farmer and family man, refuses to accept defeat even when his daughter Maggie becomes infected. As Maggie's condition worsens and the authorities seek to eradicate those with the virus, Wade is pushed to the limits in an effort to protect her. Joely Richardson co-stars in this post-apocalyptic thriller.  [PLOT] Plot In the present-day Midwest United States , society struggles to function in the aftermath of a zombie pandemic (Necroambulism) barely under control. Maggie Vogel calls her father from a broken city under curfew ; her voicemail urges that he not seek her and that she loves him. Her arm was bitten. Knowing she has only weeks before the ""Necroambulist virus"" turns her cannibalistic, she leaves home to protect her family. Maggie's father Wade has searched for two weeks, despite her warning. Finding her in a hospital for the infected, he brings Maggie home to care for her until she must eventually be quarantined . During their return, a zombie attacks Wade at an abandoned gasoline station and he breaks its neck. At home, Maggie's younger half-siblings Bobby and Molly are leaving to stay with their aunt. Maggie talks to Bobby, who mostly understands what she is undergoing. She withdraws from her family, struggling to cope with her hopeless situation and torn about contacting her friends. Falling from a swing, she breaks a finger on her infected arm, from which black fluid oozes. Terrified, even though she feels little to no pain, and despairing over her condition, Maggie cuts off the finger. She flees outside and encounters a neighbor, Nathan, and his young daughter, both senseless with infection. Wade kills both zombies but feels extreme remorse. The responding sheriff and deputy consider Wade blameless, instead blaming Nathan's wife Bonnie, who hid her infected family from the authorities. Bonnie visits Wade that night, decrying the dehumanizing treatment of the infected and revealing that Nathan had locked himself in with his sick daughter, becoming infected himself, rather than abandon her to death among strangers in quarantine. A sympathetic doctor lies to Maggie and on her medical report about the progress of her infection, but warns Wade that, if he wishes to spare Maggie quarantine, he will have to euthanize her himself, either with an extremely painful drug cocktail, or by ""making it quick"". Wade and Maggie make the most of their remaining days, reminiscing about Maggie's deceased mother. Despite Maggie's physical deterioration (she's woken by maggots wriggling in her dying arm) she struggles to maintain normality. She attends a bonfire with a high school friend, Allie, and an infected boy, Trent, whom Maggie previously dated, and whom she kisses. He tells rumors of horrible conditions at the quarantine facilities, saying he would die before going...","",""
"287947","Shazam!","2019","A boy is given the ability to become an adult superhero in times of need with a single magic word.  [PLOT] Plot In 1971 in Durham, North Carolina , Ann Atwater tries to get better housing conditions for poor black people, and is ignored by the all-white judge panel. Ann's daughter's school catches on fire, causing local Ku Klux Klan president C. P. Ellis to fear that the black children will come to the white schools. Bill Riddick sets up a meeting with them both, to arrange charrettes to discuss segregation and other issues. Both refuse at first as they hate each other, but are convinced. C.P. proudly refuses to sit with Bill and Ann, since they are black and he is white. They agree to pick some people randomly from the group to vote on the issues at the end of the meeting sessions. C.P tries to talk to these selected to vote, but is rebuffed. A black reverend asks Bill if he can play gospel music at the end of each session. C.P. refuses, saying that if the Black people want to sing gospel music at the charrette, he should be allowed to put out his KKK items on display. Ann refuses, but Bill agrees. At one meeting, a group of black teenagers tries to destroy the KKK items, but Ann stops them and tells them to instead understand what the KKK is. C.P. observes. Bill insists Black and White people in their group sit next to each other in the cafeteria as they eat. He makes C.P and Ann sit together alone. They eat in tense silence, then she asks him if he has a boy in Murdock. C.P. refuses to talk about his son. Murdock is a facility for disabled boys, and his son has Down syndrome . C.P. rushes to Murdock, as his son Larry has been put in the same room with another boy who is screaming, upsetting Larry. C.P. demands that his son be placed in a room of his own, but the nurses say he can't afford it. Ann visits Larry and convinces Bernadette, who works there, to put him in his own room. Bill takes Ann, C.P., and the rest of their group to visit the black school that was burned. C.P. is shocked by the damage. Ann's daughter says hi to Ann, but gives C.P the evil eye when she realises who he is. C.P.'s wife Mary, overjoyed with Ann's help, goes to thank her. Ann is told that C.P. has always been racist. Mary later calls C.P out when he tells her about his encounter with Ann's daughter, asking him what he expected. The encounter and Mary's words leave C.P shaken and start to question his beliefs. The night before the final vote, C.P.'s KKK troublemaking friends threaten the selected voters to vote for segregation. When C.P. finds out, he is dismayed. Especially since...","",""
"287948","The Transporter Refueled","2015","The fast-paced action movie is again set in the criminal underworld in France, where Frank Martin is known as The Transporter, because he is the best driver and mercenary money can buy. In this installment, he meets Anna and they attempt to take down a group of ruthless Russian human traffickers who also have kidnapped Frank’s father.  [PLOT] Plot In 1995, Russian criminal mobster Arkady Karasov and his associates Leo Imasov and Yuri took over rival gangs' sex trafficking business at the French Riviera . One of the prostitutes is a young Anna and Maïssa. Karasov takes an interest in taking Maïssa with him. Fifteen years later, Anna arranges to dismantle Karasov's criminal enterprise. Former special forces operative Frank Martin Jr., a skilled chauffeur, transports classified packages and clients in his Audi S8 . He picks up Frank Martin Sr., a retired MI6 agent and his father. Later that night at the Carlton Cannes Hotel , Anna and Qiao kill Karasov's accountant and hide a prostitute's body before escaping. At Frank Jr.'s house, during dinner with his father, Anna calls Frank Jr. for a ""transporter"" and asks him to meet her at the Hotel Barrière Le Majestic Cannes . The next morning, Karasov and Maïssa find his accountant has been killed, and a prostitute's body wearing a necklace from his group is discovered. Frank Jr. meets Anna, who tells him to pick her up at the Mediterranean Bank in Monte Carlo , and he agrees. He arrives at the bank and encounters three women, including Qiao and Maria. Suspicious, Frank asks the women to exit the car, but they threaten him with a gun and show him a live video of Frank Sr. being held at gunpoint to force Frank Jr. to cooperate. Frank Jr. manages to evade the police, drives the women to a safe house, and meets with Gina and his father. Anna reveals that Frank Sr. was poisoned and will die if Frank Jr. does not follow their demands, as they have the antidote. Frank Jr. agrees, and Anna tells him they plan to steal anesthetic gas. He finds out that Anna and the women used to be prostitutes for Karasov, with whom he has a shared work history. Meanwhile, Karasov and Maïssa learn that the women have stolen a logbook with a list of Karasov’s associates, causing Karasov to realize that Frank Jr. is involved. Frank Jr. takes Gina, Qiao, and Anna to Imasov's rave club, where they release gas to incapacitate everyone, including Imasov, and collect his fingerprints to access his bank account, transferring money to Anna. Frank Sr. and Maria then board Yuri's plane to secure his fingerprints before Frank Jr. picks them up. Yuri’s bodyguard shoots Maria, so they rush her to the safehouse. Anna reveals the poison was a ruse, letting Frank Jr. and Sr. leave after the job. Karasov’s associates questioned him about his past with Frank Jr. and the girls from his group. In...","",""
"289892","Helluva Boss","2020","In Hell, imp Blitzø (the 'o' is silent) runs an assassin business targeting the world of the living, using a spell book borrowed from a prince of the underworld. With employees Moxxie, Millie, and Loona, they attempt to survive each other while keeping business afloat.  [PLOT] Premise The series follows the employees of I.M.P. (Immediate Murder Professionals), an imp -run assassination company in Hell that offers hitman services in the realm of the living, on their many different jobs. [ 1 ] [ 2 ] [ 3 ] The members of I.M.P. include Blitzo Buckzo [ 4 ] (his first name being pronounced as ""Blitz""), the boss of the venture, along with weapons specialist Moxxie, powerhouse Millie, and Blitzo's adopted daughter/receptionist hellhound Loona. With the help of an ancient book obtained from Stolas , a Goetic demon of Hell, they access the human world to complete their tasks on order from souls in Hell. The show features a different cast of characters and a different storyline than Hazbin Hotel , another show created by Medrano, despite taking place within the same universe. [ 5 ] [ 6 ] [ 7 ] As Medrano described it, while both shows share the same setting, Helluva Boss follows ""characters and societies that already exist in Hell"", with the main focus being on interpersonal relationships between characters, while Hazbin Hotel is about redemption and consequences. [ 8 ] [ 9 ] ^ .mw-parser-output cite.citation{font-style:inherit;word-wrap:break-word}.mw-parser-output .citation q{quotes:""\""""""\""""""'""""'""}.mw-parser-output .citation:target{background-color:rgba(0,127,255,0.133)}.mw-parser-output .id-lock-free.id-lock-free a{background:url(""//upload.wikimedia.org/wikipedia/commons/6/65/Lock-green.svg"")right 0.1em center/9px no-repeat}.mw-parser-output .id-lock-limited.id-lock-limited a,.mw-parser-output .id-lock-registration.id-lock-registration a{background:url(""//upload.wikimedia.org/wikipedia/commons/d/d6/Lock-gray-alt-2.svg"")right 0.1em center/9px no-repeat}.mw-parser-output .id-lock-subscription.id-lock-subscription a{background:url(""//upload.wikimedia.org/wikipedia/commons/a/aa/Lock-red-alt-2.svg"")right 0.1em center/9px no-repeat}.mw-parser-output .cs1-ws-icon a{background:url(""//upload.wikimedia.org/wikipedia/commons/4/4c/Wikisource-logo.svg"")right 0.1em center/12px no-repeat}body:not(.skin-timeless):not(.skin-minerva) .mw-parser-output .id-lock-free a,body:not(.skin-timeless):not(.skin-minerva) .mw-parser-output .id-lock-limited a,body:not(.skin-timeless):not(.skin-minerva) .mw-parser-output .id-lock-registration a,body:not(.skin-timeless):not(.skin-minerva) .mw-parser-output .id-lock-subscription a,body:not(.skin-timeless):not(.skin-minerva) .mw-parser-output .cs1-ws-icon a{background-size:contain;padding:0 1em 0 0}.mw-parser-output...","",""
"290098","The Handmaiden","2016","1930s Korea, in the period of Japanese occupation, a new girl, Sook-hee, is hired as a handmaiden to a Japanese heiress, Hideko, who lives a secluded life on a large countryside estate with her domineering Uncle Kouzuki. But the maid has a secret. She is a pickpocket recruited by a swindler posing as a Japanese Count to help him seduce the Lady to steal her fortune.  [PLOT] Plot A mysterious Japanese man arrives in Gokseong , a small village in the mountains of South Korea. Soon after, a bizarre infection breaks out, causing villagers to become deranged and violently kill their families. Officer Jong-goo's daughter, Hyo-jin, becomes one of the infected. Jong-goo then meets a mysterious young woman named Moo-myeong, who claims the Japanese stranger is an evil spirit. A local hunter reports seeing the stranger with glowing red eyes eating a deer carcass. After a series of disturbing events and violent deaths, Jong-goo enlists the help of a Japanese-speaking deacon, Yang I-sam. They investigate the stranger's house, discovering a shrine with photos and belongings of the murdered villagers, including Hyo-jin's shoe. As Hyo-jin's condition worsens, Jong-goo confronts the stranger, ordering him to leave the village. Jong-goo's family discovers a dead goat hanging at their gate, and Hyo-jin stabs their neighbor to death. A shaman named Il-gwang is consulted, who claims the stranger is a demon and performs a death-hex ritual. Jong-goo stops the ritual midway, instead taking Hyo-jin to the hospital. The next day, Jong-goo and his companions hunt down the stranger but are attacked by the reanimated corpse of another victim, giving the stranger time to flee. They eventually kill him, and Hyo-jin's health improves. Il-gwang encounters Moo-myeong and vomits blood. After his ritual fails, he leaves town in terror but a swarm of flying insects stops him. He calls Jong-goo, warning that Moo-myeong is the real demon, and the stranger was a shaman who was trying to kill her. Meanwhile, Yang I-sam receives news that his uncle Oh Seong-bok has killed his family. Jong-goo goes home and finds that Hyo-jin has disappeared. While looking for Hyo-Jin, Jong-goo runs into Moo-myeong, who he confronts about Hyo-jin's whereabouts. Moo-myeong claims his daughter is possessed by the stranger, who is consuming her life force. She also tells him his daughter is still alive, has just returned and will kill his family. She reveals that she has set a trap for the demon, and that all Jong-goo has to do is remain there and wait. Jong-goo replies that he is not sure if he believes her. The shaman phones him and says he must not let Moo-myeong tempt him. Moo-myeong instructs him to simply wait until the third crow of the rooster. Meanwhile, Hyo-jin returns home possessed and while eating with her hands, eyes a knife in the kitchen. While Jong-goo is engaged with...","",""
"290250","The Nice Guys","2016","A private eye investigates the apparent suicide of a fading porn star in 1970s Los Angeles and uncovers a conspiracy.  [PLOT] Plot In 1977 Los Angeles , Holland March is a private eye hired by Mrs. Glenn to find her niece, porn star Misty Mountains, who she claims to have seen after her death. March's investigation leads him to Amelia Kuttner. A fearful Amelia pays Jackson Healy, a violent enforcer , to scare March away. After visiting March at his home and breaking his arm, he accepts a Yoo-hoo from March's teenage daughter, Holly, as he leaves. When Healy returns home (with a case of Yoo-hoo), he is interrogated by two thugs, ""Blueface""—so named after he sets off a dye pack while searching Healy's apartment—and Older Guy, about Amelia. Believing Amelia is in danger, Healy wards them off and teams up with a reluctant March to find her. The duo visit Amelia's anti-pollution protest group and meet Chet, who brings them to the burnt-down house of Amelia's boyfriend Dean, who died in the fire. They learn that Amelia and Dean were working with Misty on an ""experimental film"" combining pornography and investigative journalism . The two infiltrate a party to search for the film's financier, Sid Shattuck. At the party, Healy discovers the film is missing, while March stumbles upon Shattuck's dead body and crosses paths with Amelia. Holly, having snuck along to the party, stops Blueface from killing Amelia. Blueface is struck in a hit-and-run and Amelia flees. Healy subdues Older Guy and finds Blueface dying. Blueface tells Healy that his boss has dispatched a hit man named John Boy to kill all witnesses. Healy discreetly kills Blueface by strangling him. The police arrive at the scene. March and Healy are met by Amelia's mother Judith Kuttner, a high-ranking official in the Justice Department . Judith claims Amelia is delusional and hires them to find her, for which March demands US$5,000 in payment. March and Healy go to an airport hotel where Amelia is meeting with distributors for the film. However, John Boy has arrived ahead of them and is slaughtering the distributors. The duo hastily retreat, only for Amelia to land on their car and accidentally knock herself unconscious. They take her to March's house, where she accuses her mother of colluding with car makers to suppress the catalytic converter , which regulates exhaust emissions. Amelia created the film to expose their collusion and believes her mother has been killing everyone connected to the film. A disbelieving March calls Tally, Judith's assistant, and tells her Amelia has been found. Tally tells him the family's doctor...","",""
"290595","The Huntsman: Winter's War","2016","As two evil sisters prepare to conquer the land, two renegades—Eric the Huntsman, who aided Snow White in defeating Ravenna in Snowwhite and the Huntsman, and his forbidden lover, Sara—set out to stop them.  [PLOT] Plot After Queen Ravenna's Magic Mirror reveals that her sister, Princess Freya, is pregnant by her lover Andrew, tragedy strikes when Andrew kills their newborn daughter. In grief and rage, Freya's latent cryokinetic powers emerge, and she kills Andrew before fleeing to the northern mountains. There, she becomes the Snow Queen, ruling with fear and raising kidnapped children as an army of Huntsmen, forbidding them from ever falling in love. Among them, Eric and Sara defy her rules and fall in love, planning to escape together. However, Freya discovers them and tricks them with illusions—making Sara believe Eric abandoned her and Eric believe Sara was killed. Years later, after Ravenna's defeat, Queen Snow White falls ill due to the Mirror's dark magic. Fearing its power, she orders it taken to Sanctuary, but it is lost en route. Eric, joined by dwarves Nion and Gryff, sets out to recover it. Along the way, he is reunited with Sara, who survived but resents him for supposedly leaving her. They eventually uncover Freya's deception and rekindle their bond. The group retrieves the Mirror from goblins but is ambushed by Freya. Sara appears to betray Eric, but her attack only fakes his death. Freya takes the Mirror and unknowingly resurrects Ravenna, whose spirit had fused with it. The two sisters plot to rule together, but Freya soon learns Ravenna orchestrated her daughter's death. Enraged, she turns against Ravenna but is mortally wounded. With her last strength, she helps Eric destroy the Mirror, killing Ravenna once and for all. As Freya dies, she sees a vision of her daughter and finds peace. With her rule broken, her Huntsmen are freed, and Eric and Sara finally have a future together. In a post-credits scene, a fully recovered Snow White is seen on her balcony as a golden crow lands beside her.","",""
