"tmdb_id","title","release_year","kind","wiki_source","wiki_page","plot_chars"
"17174","Ghosts","2019","tv","wikipedia","Ghosts (2019 TV series)","1674"
"21936","Zip Zip","2015","tv","wikipedia","Zip Zip","739"
"31437","Kanmani","2018","tv","wikipedia","Kanmani (TV series)","4769"
"35979","OT: El reencuentro","2016","tv","tmdb_only","Operación Triunfo series 1","0"
"38472","Marvel's Jessica Jones","2015","tv","wikipedia","Jessica Jones (TV series)","584"
"38700","Bad Boys for Life","2020","movie","wikipedia","Bad Boys for Life","4126"
"39852","The Sinner","2017","tv","tmdb_only","List of S.W.A.T. (2017 TV series) episodes","0"
"42126","Chidiya Ghar","2021","tv","wikipedia","Chidiya Ghar","1109"
"43074","Ghostbusters","2016","movie","wikipedia","Ghostbusters (2016 film)","4271"
"45596","Masterpiece","2017","tv","tmdb_only","Little Women (2017 TV series)","0"
"46639","American Gods","2017","tv","wikipedia","American Gods (TV series)","933"
"47663","The Ark","2023","tv","wikipedia","Frasier (2023 TV series)","530"
"47933","Independence Day: Resurgence","2016","movie","wikipedia","Independence Day: Resurgence","4247"
"47971","xXx: Return of Xander Cage","2017","movie","wikipedia","XXX: Return of Xander Cage","3271"
"52661","Nayagi","2018","tv","wikipedia","Nayagi (TV series)","4950"
"52814","Halo","2022","tv","wikipedia","Halo (TV series)","2951"
"58431","Pride and Prejudice and Zombies","2016","movie","wikipedia","Pride and Prejudice and Zombies (film)","3831"
"60059","Better Call Saul","2015","tv","wikipedia","Better Call Saul","6410"
"60585","Bosch","2015","tv","wikipedia","Bosch (TV series)","9274"
"60866","iZombie","2015","tv","tmdb_only","IZombie (TV series)","0"
"60948","12 Monkeys","2015","tv","wikipedia","12 Monkeys (TV series)","2277"
"61671","Unbreakable Kimmy Schmidt","2015","tv","wikipedia","Unbreakable Kimmy Schmidt","9019"
"61692","Fresh Off the Boat","2015","tv","tmdb_only","Fresh Off the Boat","0"
"61733","Empire","2015","tv","wikipedia","Empire (2015 TV series)","3004"
"61833","Expedition Unknown","2015","tv","tmdb_only","Expedition Unknown","0"
"61859","The Night Manager","2016","tv","wikipedia","The Night Manager (British TV series)","258"
"61886","The Adventures of Puss in Boots","2015","tv","wikipedia","The Adventures of Puss in Boots","2651"
"61889","Marvel's Daredevil","2015","tv","wikipedia","Daredevil (TV series)","1218"
"61923","Star vs. the Forces of Evil","2015","tv","wikipedia","Star vs. the Forces of Evil","2296"
"61932","Cucumber","2015","tv","tmdb_only","Cucumber (British TV series)","0"
"62017","The Man in the High Castle","2015","tv","tmdb_only","The Man in the High Castle (TV series)","0"
"62022","Bettys Diagnose","2015","tv","tmdb_only","The Man in the High Castle (TV series)","0"
"62066","Ask God For Forgiveness... Not Me","2015","tv","wikipedia","The Jinx (TV series)","5293"
"62078","Blood","2015","tv","wikipedia","Blood (South Korean TV series)","960"
"62084","Poldark","2015","tv","tmdb_only","Poldark (2015 TV series)","0"
"62099","The Ministry of Time","2015","tv","tmdb_only","Love Island (2015 TV series)","0"
"62110","Assassination Classroom","2015","tv","wikipedia","Assassination Classroom","2682"
"62117","Younger","2015","tv","wikipedia","Empire (2015 TV series)","3004"
"62126","Marvel's Luke Cage","2016","tv","wikipedia","Luke Cage (TV series)","593"
"62223","The Late Late Show with James Corden","2015","tv","tmdb_only","The Late Late Show with James Corden","0"
"62255","Seraph of the End","2015","tv","wikipedia","Seraph of the End","1873"
"62266","Kill Me, Heal Me","2015","tv","wikipedia","Kill Me, Heal Me","744"
"62279","The Adventures of Captain Alatriste","2015","tv","wikipedia","Las aventuras del capitán Alatriste (TV series)","280"
"62286","Fear the Walking Dead","2015","tv","wikipedia","Fear the Walking Dead","3492"
"62290","Thunderbirds Are Go!","2015","tv","wikipedia","Thunderbirds Are Go (TV series)","3566"
"62320","Grace and Frankie","2015","tv","tmdb_only","Hunted (2015 TV series)","0"
"62453","Cites","2015","tv","tmdb_only","Poldark (2015 TV series)","0"
"62455","Locked Up","2015","tv","wikipedia","Locked Up (TV series)","509"
"62475","Heidi","2015","tv","tmdb_only","Heidi (2015 TV series)","0"
"62476","The Bureau","2015","tv","wikipedia","The Bureau (TV series)","3831"
"62505","Unforgotten","2015","tv","wikipedia","Unforgotten","5028"
"62521","Acacias 38","2015","tv","wikipedia","Acacias 38","13462"
"62522","Six Sisters","2015","tv","wikipedia","Dark Matter (2015 TV series)","2982"
"62524","Allí abajo","2015","tv","wikipedia","Allí abajo","740"
"62552","Lo imperdonable","2015","tv","wikipedia","Lo imperdonable (2015 TV series)","2279"
"62560","Mr. Robot","2015","tv","wikipedia","Mr. Robot","4710"
"62564","Sound! Euphonium","2015","tv","wikipedia","Sound! Euphonium","553"
"62569","Go! Princess PreCure","2015","tv","tmdb_only","","0"
"62601","Rin-ne","2015","tv","wikipedia","Rin-ne","692"
"62620","No Offence","2015","tv","wikipedia","No Offence","3190"
"62643","DC's Legends of Tomorrow","2016","tv","tmdb_only","List of television series based on DC Comics publications","0"
"62649","Superstore","2015","tv","tmdb_only","Superstore (TV series)","0"
"62650","Chicago Med","2015","tv","wikipedia","Chicago Med","308"
"62681","Deutschland","2015","tv","tmdb_only","Deutschland 83","0"
"62686","Caminos de Guanajuato","2015","tv","wikipedia","Gran Reserva (TV series)","4195"
"62688","Supergirl","2015","tv","tmdb_only","Supergirl (TV series)","0"
"62704","Ballers","2015","tv","tmdb_only","Love Island (2015 TV series)","0"
"62710","Blindspot","2015","tv","wikipedia","Blindspot (TV series)","2707"
"62715","Dragon Ball Super","2015","tv","wikipedia","Dragon Ball Super (TV series)","7130"
"62727","Bajo sospecha","2015","tv","wikipedia","Bajo sospecha","1401"
"62756","Victor Ros","2015","tv","tmdb_only","Paul Temple (TV series)","0"
"62766","La Vecina","2015","tv","wikipedia","La vecina","1463"
"62773","God Eater","2015","tv","wikipedia","God Eater (TV series)","746"
"62816","Quantico","2015","tv","tmdb_only","Quantico (TV series)","0"
"62822","Humans","2015","tv","tmdb_only","Poldark (2015 TV series)","0"
"62852","Billions","2016","tv","wikipedia","Ben 10 (2016 TV series)","1386"
"62863","High Society","2015","tv","wikipedia","High Society (2015 TV series)","2761"
"62875","BUNK'D: Learning the Ropes","2015","tv","tmdb_only","","0"
"62884","Forged in Fire","2015","tv","tmdb_only","Forged in Fire","0"
"62914","Merlí","2015","tv","wikipedia","Merlí (TV series)","3649"
"62916","Ambitious Women","2015","tv","wikipedia","Lo imperdonable (2015 TV series)","2279"
"62917","Hidden Truths","2015","tv","wikipedia","Silo (TV series)","197"
"63087","Snow White with the Red Hair","2015","tv","wikipedia","Snow White with the Red Hair","1442"
"63123","Miss Dynamite","2015","tv","wikipedia","Miss Dynamite (TV series)","313"
"63174","Lucifer","2016","tv","wikipedia","Lucifer (TV series)","1219"
"63210","Shadowhunters","2016","tv","wikipedia","Shadowhunters","3809"
"63226","I'm Home","2015","tv","wikipedia","Catastrophe (2015 TV series)","490"
"63247","Westworld","2016","tv","tmdb_only","Westworld (TV series)","0"
"63284","My Jihad","2015","tv","wikipedia","A Suitable Boy (TV series)","2810"
"63333","The Last Kingdom","2015","tv","wikipedia","The Last Kingdom (TV series)","6363"
"63351","Narcos","2015","tv","wikipedia","Narcos","4182"
"63401","We Bare Bears","2015","tv","wikipedia","We Bare Bears","4254"
"63404","Taskmaster","2015","tv","tmdb_only","Taskmaster (TV series)","0"
"63441","I Dare You to Leave","2015","tv","tmdb_only","Love Island (2015 TV series) series 1","0"
"63452","Wer weiß denn sowas?","2015","tv","tmdb_only","Elton (television presenter)","0"
"63510","Attack on Titan: Junior High","2015","tv","tmdb_only","Attack on Titan (TV series)","0"
"63535","Vinyl","2016","tv","wikipedia","Class (2016 TV series)","3063"
"63613","Young Doctors","2015","tv","wikipedia","The Doctors (South Korean TV series)","669"
"63639","The Expanse","2015","tv","tmdb_only","The Expanse (TV series)","0"
"63726","Alone","2015","tv","wikipedia","Catastrophe (2015 TV series)","490"
"63767","She Was Pretty","2015","tv","wikipedia","She Was Pretty","1495"
"63770","The Late Show with Stephen Colbert","2015","tv","tmdb_only","List of The Late Show with Stephen Colbert episodes (2015)","0"
"63817","Rules of the Game","2015","tv","tmdb_only","Survivor (American TV series)","0"
"63869","Mar de plástico","2015","tv","wikipedia","Mar de plástico","1248"
"63871","Blocked","2015","tv","wikipedia","Empire (2015 TV series)","3004"
"63924","Anything But Plain","2015","tv","tmdb_only","Parenthood (2010 TV series)","0"
"63926","One-Punch Man","2015","tv","wikipedia","One-Punch Man","4462"
"63927","Six Flying Dragons","2015","tv","wikipedia","Six Flying Dragons","210"
"63942","The Delicious Guys","2015","tv","wikipedia","Hannibal (TV series)","639"
"64010","Reply 1988","2015","tv","wikipedia","Reply 1988","2672"
"64092","Danger Mouse","2015","tv","tmdb_only","Danger Mouse (2015 TV series)","0"
"64099","War and Peace","2016","tv","wikipedia","War & Peace (2016 TV series)","1367"
"64146","Cúmplices de um Resgate","2015","tv","wikipedia","Cúmplices de um Resgate","4035"
"64163","The Testament of Sister New Devil","2015","tv","wikipedia","The Testament of Sister New Devil","746"
"64165","Call My Agent!","2015","tv","tmdb_only","Call My Agent!","0"
"64196","Overlord","2015","tv","wikipedia","Overlord (novel series)","2304"
"64199","Sneaky Pete","2015","tv","wikipedia","Sneaky Pete","2620"
"64230","Preacher","2016","tv","wikipedia","Jericho (2016 TV series)","181"
"64251","Yo quisiera","2015","tv","tmdb_only","","0"
"64320","Oh My Venus","2015","tv","wikipedia","Oh My Venus","1626"
"64353","Versailles","2015","tv","tmdb_only","Versailles (TV series)","0"
"64389","Coconut the Little Dragon","2015","tv","tmdb_only","List of animated television series of 2015","0"
"64432","The Magicians","2015","tv","wikipedia","Inspector Gadget (2015 TV series)","516"
"64460","Bake Off Brazil: The Great Brazilian Baking Show","2015","tv","wikipedia","The Others (Brazilian TV series)","3974"
"64513","American Crime Story","2016","tv","tmdb_only","American Crime Story","0"
"64572","Alvinnn!!! and The Chipmunks","2015","tv","wikipedia","Alvinnn!!! and the Chipmunks","594"
"64649","Dr.STOЯKS","2015","tv","tmdb_only","","0"
"64706","Prison School","2015","tv","wikipedia","Dark Matter (2015 TV series)","2982"
"64840","Signal","2016","tv","wikipedia","Signal (South Korean TV series)","933"
"65138","Instinct","2016","tv","tmdb_only","List of Bull (2016 TV series) episodes","0"
"65143","Descendants of the Sun","2016","tv","tmdb_only","Descendants of the Sun","0"
"65150","Vice Principals","2016","tv","wikipedia","Saints & Sinners (2016 TV series)","565"
"65294","A Series of Unfortunate Events","2017","tv","wikipedia","A Series of Unfortunate Events (TV series)","698"
"65334","Miraculous: Tales of Ladybug & Cat Noir","2015","tv","wikipedia","Miraculous: Tales of Ladybug & Cat Noir","6490"
"65336","March Comes In Like a Lion","2016","tv","wikipedia","March Comes In like a Lion","3255"
"65417","PJ Masks","2015","tv","wikipedia","PJ Masks","529"
"65477","How to Die Clever","2015","tv","tmdb_only","Severance (TV series)","0"
"65494","The Crown","2016","tv","wikipedia","The Crown (TV series)","5353"
"65497","Night and Day","2016","tv","wikipedia","Bull (2016 TV series)","973"
"65592","Full Frontal with Samantha Bee","2016","tv","tmdb_only","Full Frontal with Samantha Bee","0"
"65659","Kitchen Impossible","2016","tv","wikipedia","MacGyver (2016 TV series)","3092"
"65666","Got Talent España","2016","tv","tmdb_only","Got Talent España","0"
"65682","Sister-in-Law Is at Home!","2015","tv","tmdb_only","A Place to Call Home (TV series)","0"
"65708","Taboo","2017","tv","tmdb_only","Taboo (2017 TV series)","0"
"65763","New Looney Tunes","2015","tv","tmdb_only","New Looney Tunes","0"
"65820","Van Helsing","2016","tv","wikipedia","Van Helsing (TV series)","3648"
"65844","KONOSUBA - God's blessing on this wonderful world!","2016","tv","wikipedia","K-On! (TV series)","860"
"65879","Houdini & Doyle","2016","tv","wikipedia","Houdini & Doyle","488"
"65928","12-sai.: Chicchana Mune no Tokimeki","2016","tv","tmdb_only","","0"
"65930","My Hero Academia","2016","tv","wikipedia","My Hero Academia (TV series)","423"
"65931","Bungo Stray Dogs","2016","tv","wikipedia","Bungo Stray Dogs","5288"
"65942","Re:ZERO -Starting Life in Another World-","2016","tv","wikipedia","Fullmetal Alchemist (TV series)","5229"
"66025","Animal Kingdom","2016","tv","wikipedia","Berserk (2016 TV series)","3413"
"66046","Mystery Music Show: King of Mask Singer","2015","tv","wikipedia","Jem (TV series)","1346"
"66134","The Durrells","2016","tv","wikipedia","The Durrells","444"
"66156","Counting On","2016","tv","wikipedia","War & Peace (2016 TV series)","1367"
"66240","The Flower in Prison","2016","tv","wikipedia","Absentia (TV series)","2903"
"66256","Love in the Moonlight","2016","tv","wikipedia","Berserk (2016 TV series)","3413"
"66310","StartUp","2016","tv","tmdb_only","StartUp (TV series)","0"
"66330","W","2016","tv","wikipedia","Bull (2016 TV series)","973"
"66336","Die Kanzlei","2015","tv","tmdb_only","","0"
"66351","Mi casa es la tuya","2016","tv","wikipedia","Tu vida es mi vida (TV series)","3050"
"66382","Sam","2016","tv","wikipedia","Conviction (2016 TV series)","2512"
"66433","Scarlet Heart: Ryeo","2016","tv","wikipedia","The Trunk (TV series)","391"
"66465","The Kapil Sharma Show","2016","tv","wikipedia","The Kapil Sharma Show","3286"
"66573","The Good Place","2016","tv","tmdb_only","The Good Place","0"
"66584","99.9 Criminal Lawyer","2016","tv","wikipedia","Limitless (TV series)","643"
"66641","Barbarians Rising","2016","tv","wikipedia","Barbarians Rising","683"
"66671","Agatha Raisin","2016","tv","tmdb_only","Agatha Raisin (TV series)","0"
"66732","Stranger Things","2016","tv","tmdb_only","Stranger Things","0"
"66786","Timeless","2016","tv","tmdb_only","List of Bull (2016 TV series) episodes","0"
"66788","13 Reasons Why","2017","tv","tmdb_only","List of S.W.A.T. (2017 TV series) episodes","0"
"66806","Paquita Salas","2016","tv","wikipedia","Paquita Salas","463"
"66840","Bull","2016","tv","wikipedia","Bull (2016 TV series)","973"
"66902","Below Deck Mediterranean","2016","tv","tmdb_only","Below Deck Mediterranean","0"
"66904","Centro Médico","2015","tv","tmdb_only","List of medical drama television programs","0"
"66990","Sweetness & Lightning","2016","tv","tmdb_only","Riverdale (American TV series)","0"
"67011","Hybrid x Heart Magias Academy Ataraxia","2016","tv","tmdb_only","2016 in anime","0"
"67018","The Legend of the Blue Sea","2016","tv","wikipedia","The Legend of the Blue Sea","12349"
"67026","Designated Survivor","2016","tv","wikipedia","Designated Survivor (TV series)","269"
"67063","Hitori No Shita - The Outcast","2016","tv","tmdb_only","2016 in anime","0"
"67070","Fleabag","2016","tv","tmdb_only","Fleabag","0"
"67075","Mob Psycho 100","2016","tv","wikipedia","Mob Psycho 100","1308"
"67116","Lethal Weapon","2016","tv","wikipedia","Lethal Weapon (TV series)","725"
"67117","American Housewife","2016","tv","tmdb_only","List of Bull (2016 TV series) episodes","0"
"67126","Himouto! Umaru-chan","2015","tv","wikipedia","Himouto! Umaru-chan","404"
"67131","Robin des Bois : Malice à Sherwood","2015","tv","tmdb_only","List of animated television series of 2014","0"
"67133","MacGyver","2016","tv","wikipedia","MacGyver (2016 TV series)","3092"
"67136","This Is Us","2016","tv","wikipedia","Bull (2016 TV series)","973"
"67153","Tsukiuta. The Animation","2016","tv","tmdb_only","Impact of the COVID-19 pandemic on television","0"
"67175","Elena of Avalor","2016","tv","wikipedia","Elena of Avalor","4142"
"67178","Marvel's The Punisher","2017","tv","wikipedia","The Punisher (TV series)","717"
"67198","Star Trek: Discovery","2017","tv","wikipedia","Star Trek: Discovery","1354"
"67335","Sin senos sí hay paraíso","2016","tv","tmdb_only","Sin senos sí hay paraíso season 2","0"
"67384","Goliath","2016","tv","tmdb_only","List of Bull (2016 TV series) episodes","0"
"67385","Naked Attraction","2016","tv","wikipedia","Naked Attraction","3133"
"67391","The K2","2016","tv","wikipedia","The K2","1622"
"67394","Midnight Sun","2016","tv","wikipedia","Midnight Mass (miniseries)","424"
"67419","Victoria","2016","tv","wikipedia","Victoria (British TV series)","1665"
"67557","The Grand Tour","2016","tv","tmdb_only","The Grand Tour","0"
"67584","VICE News Tonight","2016","tv","tmdb_only","Vice News Tonight","0"
"67667","Beyblade Burst","2016","tv","wikipedia","Beyblade Burst","4396"
"67676","The Disastrous Life of Saiki K.","2016","tv","wikipedia","The Disastrous Life of Saiki K.","1356"
"67691","Alex Hugo","2015","tv","wikipedia","The Expanse (novel series)","9559"
"67716","National Treasure","2016","tv","wikipedia","National Treasure (British TV series)","8112"
"67744","MINDHUNTER","2017","tv","wikipedia","Mindhunter (TV series)","4547"
"67752","Channel Zero","2016","tv","wikipedia","Channel Zero (TV series)","917"
"67775","Celebs Go Dating","2016","tv","tmdb_only","Celebs Go Dating","0"
"67824","Quotidien","2016","tv","tmdb_only","Quotidien","0"
"67883","Insecure","2016","tv","wikipedia","Insecure (TV series)","4053"
"67915","Guardian: The Lonely and Great God","2016","tv","wikipedia","Guardian: The Lonely and Great God","1065"
"68006","Taken","2017","tv","wikipedia","Taken (2017 TV series)","126"
"68073","The Loud House","2016","tv","wikipedia","The Loud House","3588"
"68098","Monster Hunter Stories: Ride On","2016","tv","wikipedia","Monster Hunter Stories: Ride On","770"
"68103","Drifters","2016","tv","tmdb_only","Drifters (TV series)","0"
"68146","Ninja Girl & Samurai Master","2016","tv","tmdb_only","Ninja Girl & Samurai Master","0"
"68157","Three Meals a Day: Fishing Village","2015","tv","tmdb_only","","0"
"68255","Ahí Andamos","2016","tv","tmdb_only","","0"
"68295","Ben 10","2016","tv","wikipedia","Ben 10 (2016 TV series)","1386"
"68340","The Red Grasshopper","2015","tv","tmdb_only","The Man in the High Castle (TV series)","0"
"68344","Beyhadh","2016","tv","wikipedia","Beyhadh","5085"
"68349","Weightlifting Fairy Kim Bok-joo","2016","tv","wikipedia","Weightlifting Fairy Kim Bok-joo","547"
"68398","Dr. Romantic","2016","tv","wikipedia","Bull (2016 TV series)","973"
"68435","Skylanders Academy","2016","tv","wikipedia","Skylanders Academy","318"
"68507","His Dark Materials","2019","tv","wikipedia","His Dark Materials (TV series)","1011"
"68604","Ishqbaaaz","2016","tv","wikipedia","Ishqbaaaz","4285"
"68628","La Villa des Coeurs Brisés","2015","tv","tmdb_only","Les Anges (TV series)","0"
"68643","Married at First Sight","2016","tv","wikipedia","Married at First Sight (Australian TV series)","550"
"68665","Big Hero 6 The Series","2017","tv","wikipedia","Lanterns (TV series)","545"
"68735","Warcraft","2016","movie","wikipedia","Warcraft (film)","4052"
"68760","Les Apprentis Aventuriers","2016","tv","tmdb_only","Les Anges (TV series)","0"
"68814","Strong Girl Bong-soon","2017","tv","wikipedia","Strong Girl Bong-soon","997"
"68888","Lastman","2016","tv","tmdb_only","List of animated television series of 2016","0"
"68921","WWE 205 Live","2016","tv","tmdb_only","WWE 205 Live","0"
"68923","Les Grands","2016","tv","wikipedia","Frontier (2016 TV series)","2623"
"69015","José","2016","tv","wikipedia","The Tick (2016 TV series)","411"
"69020","MasterChef Celebrity","2016","tv","tmdb_only","MasterChef Celebrity (Spanish TV series)","0"
"69030","Chat Duell","2015","tv","tmdb_only","","0"
"69050","Riverdale","2017","tv","wikipedia","Dynasty (2017 TV series)","3898"
"69087","Voice","2017","tv","wikipedia","Extinct (2017 TV series)","2900"
"69109","Lo que escondían sus ojos","2016","tv","wikipedia","Lo que escondían sus ojos","3226"
"69158","The Good Fight","2017","tv","wikipedia","The Good Fight","2022"
"69173","Oddbods (Shorts)","2015","tv","tmdb_only","List of animated television series of 2013","0"
"69236","BanG Dream!","2017","tv","tmdb_only","List of S.W.A.T. (2017 TV series) episodes","0"
"69291","Miss Kobayashi's Dragon Maid","2017","tv","wikipedia","Miss Kobayashi's Dragon Maid","1301"
"69346","Saga of Tanya the Evil","2017","tv","wikipedia","Saga of Tanya the Evil: The Movie","3541"
"69408","Kekkonshiki no Zenjitsu ni","2015","tv","tmdb_only","","0"
"69453","Koro Sensei Quest!","2016","tv","tmdb_only","List of animated television series of 2009","0"
"69478","The Handmaid's Tale","2017","tv","wikipedia","The Handmaid's Tale (TV series)","6638"
"69541","Harlots","2017","tv","wikipedia","Harlots (TV series)","2994"
"69581","The Worst Witch","2017","tv","wikipedia","The Worst Witch (2017 TV series)","4868"
"69629","The Gifted","2017","tv","wikipedia","The Gifted (American TV series)","627"
"69630","The Bold Type","2017","tv","tmdb_only","The Bold Type","0"
"69641","Impossible","2017","tv","wikipedia","Mission: Impossible (1966 TV series)","995"
"69740","Ozark","2017","tv","wikipedia","Ozark (TV series)","739"
"69865","LocoMundo","2016","tv","wikipedia","Violetta (TV series)","9498"
"69975","The Emperor: Owner of the Mask","2017","tv","wikipedia","The Emperor: Owner of the Mask","1215"
"70123","New Journey to the West","2015","tv","tmdb_only","Journey to the West (2011 TV series)","0"
"70128","Genius","2017","tv","wikipedia","Genius (American TV series)","715"
"70288","The Haunted House","2016","tv","tmdb_only","The Haunted House (TV series)","0"
"70384","Tin Star","2017","tv","wikipedia","Tin Star (TV series)","3192"
"70484","Britannia","2018","tv","wikipedia","Britannia (TV series)","2096"
"70485","Mr. Mercedes","2017","tv","wikipedia","Mr. Mercedes (TV series)","465"
"70496","Riviera","2017","tv","wikipedia","Riviera (TV series)","2568"
"70592","Re:Creators","2017","tv","tmdb_only","List of S.W.A.T. (2017 TV series) episodes","0"
"70593","Kingdom","2019","tv","tmdb_only","Kingdom (British TV series)","0"
"70626","Stranger","2017","tv","wikipedia","Strangers (2017 TV series)","3279"
"70649","While You Were Sleeping","2017","tv","wikipedia","While You Were Sleeping (2017 TV series)","703"
"70672","Men on a Mission","2015","tv","wikipedia","The Bureau (TV series)","3831"
"70796","The Marvelous Mrs. Maisel","2017","tv","wikipedia","The Marvelous Mrs. Maisel","2996"
"70813","Fight for My Way","2017","tv","tmdb_only","Summer House (2017 TV series)","0"
"70878","Eromanga Sensei","2017","tv","wikipedia","Eromanga Sensei","4160"
"70881","Boruto: Naruto Next Generations","2017","tv","wikipedia","Boruto: Naruto Next Generations (TV series)","2982"
"70886","Atom: The Beginning","2017","tv","wikipedia","Astro Boy (1963 TV series)","3649"
"70972","Please Take My Brother Away","2017","tv","tmdb_only","The Office (American TV series)","0"
"70983","Rainbow Ruby","2016","tv","wikipedia","Rainbow Ruby","520"
"70998","Souryo to Majiwaru Shikiyoku no Yoru ni...","2017","tv","tmdb_only","","0"
"71018","Seven Mortal Sins","2017","tv","wikipedia","Seven Mortal Sins","978"
"71024","Castlevania","2017","tv","wikipedia","Castlevania (TV series)","551"
"71181","Troy: Fall of a City","2018","tv","wikipedia","Troy: Fall of a City","210"
"71347","My Sassy Girl","2017","tv","wikipedia","My Sassy Girl (TV series)","2673"
"71349","Suspicious Partner","2017","tv","tmdb_only","List of S.W.A.T. (2017 TV series) episodes","0"
"71360","Yu-Gi-Oh! VRAINS","2017","tv","wikipedia","Yu-Gi-Oh! VRAINS","7201"
"71411","El Chapo","2017","tv","tmdb_only","El Chapo (TV series)","0"
"71446","Money Heist","2017","tv","wikipedia","Money Heist","727"
"71453","Serve and Protect","2017","tv","tmdb_only","List of S.W.A.T. (2017 TV series) episodes","0"
"71663","Black Lightning","2018","tv","tmdb_only","Black Lightning (TV series)","0"
"71694","Snowfall","2017","tv","wikipedia","Snowfall (TV series)","481"
"71712","The Good Doctor","2017","tv","wikipedia","The Good Doctor (American TV series)","2578"
"71715","Good Girls","2018","tv","wikipedia","Good Girls (TV series)","597"
"71728","Young Sheldon","2017","tv","tmdb_only","List of S.W.A.T. (2017 TV series) episodes","0"
"71738","The Orville","2017","tv","tmdb_only","List of S.W.A.T. (2017 TV series) episodes","0"
"71785","Mr. Osomatsu","2015","tv","tmdb_only","YuYu Hakusho (1992 TV series)","0"
"71789","SEAL Team","2017","tv","wikipedia","S.W.A.T. (2017 TV series)","2832"
"71790","S.W.A.T.","2017","tv","wikipedia","S.W.A.T. (2017 TV series)","2832"
"71809","The Dark Crystal: Age of Resistance","2019","tv","wikipedia","The Dark Crystal: Age of Resistance","2559"
"71818","Alternative Lifestyle","2017","tv","wikipedia","Elsbeth (TV series)","3163"
"71870","La Petite Histoire de France","2015","tv","tmdb_only","List of French-language Canadian television series","0"
"71885","grown-ish","2018","tv","wikipedia","Grown-ish","2759"
"71886","Siren","2018","tv","wikipedia","Titans (2018 TV series)","2884"
"71904","Capitaine Marleau","2015","tv","tmdb_only","Capitaine Marleau","0"
"71912","The Witcher","2019","tv","wikipedia","The Witcher (TV series)","705"
"71914","The Wheel of Time","2021","tv","tmdb_only","List of The Equalizer (2021 TV series) episodes","0"
"71915","Good Omens","2019","tv","wikipedia","Good Omens (TV series)","3378"
"71952","En el punto de mira","2016","tv","tmdb_only","List of Spanish television series","0"
"71959","I Can See Your Voice","2015","tv","tmdb_only","I Can See Your Voice (South Korean game show)","0"
"71963","Let's Eat Dinner Together","2016","tv","wikipedia","The Tick (2016 TV series)","411"
"72002","Dynasty","2017","tv","wikipedia","Dynasty (2017 TV series)","3898"
"72027","Raven's Home","2017","tv","wikipedia","Raven's Home","603"
"72071","The Chi","2018","tv","tmdb_only","Queer Eye (2018 TV series)","0"
"72089","Puppy Dog Pals","2017","tv","tmdb_only","Puppy Dog Pals","0"
"72340","Little Women","2017","tv","tmdb_only","Little Women (2017 TV series)","0"
"72350","DuckTales","2017","tv","wikipedia","DuckTales (2017 TV series)","2015"
"72392","Kasam - Tere Pyaar Ki","2016","tv","tmdb_only","","0"
"72412","Chandra Nandni","2016","tv","tmdb_only","","0"
"72415","Tu Sooraj Main Saanjh Piyaji","2017","tv","tmdb_only","","0"
"72462","Free Rein","2017","tv","tmdb_only","List of S.W.A.T. (2017 TV series) episodes","0"
"72517","Classroom of the Elite","2017","tv","wikipedia","Classroom of the Elite (TV series)","3758"
"72522","May I Come in Madam?","2016","tv","wikipedia","Bull (2016 TV series)","973"
"72568","BTS: Bon Voyage","2016","tv","tmdb_only","BTS: Bon Voyage","0"
"72597","Manhunt","2017","tv","tmdb_only","Manhunt (2017 TV series)","0"
"72598","In Tandem","2016","tv","wikipedia","Undercover (2016 TV series)","2581"
"72636","Made in Abyss","2017","tv","wikipedia","Made in Abyss","1951"
"72649","Hot Ones","2015","tv","wikipedia","Haven (TV series)","1028"
"72690","Save Me","2017","tv","wikipedia","Save Me (South Korean TV series)","1705"
"72705","Marvel's Spider-Man","2017","tv","wikipedia","Spider-Man (2017 TV series)","5815"
"72725","JTBC Lecture","2017","tv","tmdb_only","","0"
"72748","Strike","2017","tv","tmdb_only","List of S.W.A.T. (2017 TV series) episodes","0"
"72750","Killing Eve","2018","tv","wikipedia","Killing Eve","2031"
"72755","Absentia","2017","tv","wikipedia","Absentia (TV series)","2903"
"72879","Tomorrow Is Ours","2017","tv","tmdb_only","Supergirl (TV series)","0"
"72896","My Little Old Boy","2016","tv","tmdb_only","My Little Old Boy","0"
"72976","Heart Signal","2017","tv","tmdb_only","List of S.W.A.T. (2017 TV series) episodes","0"
"72996","Tashan-E-Ishq","2015","tv","wikipedia","Tashan-e-Ishq","6775"
"73021","Disenchantment","2018","tv","wikipedia","Disenchantment (TV series)","337"
"73223","Black Clover","2017","tv","wikipedia","Black Clover (TV series)","2169"
"73375","Tom Clancy's Jack Ryan","2018","tv","wikipedia","Jack Ryan (TV series)","887"
"73574","Go Jetters","2015","tv","tmdb_only","Love Island (2015 TV series)","0"
"73586","Yellowstone","2018","tv","wikipedia","Yellowstone (TV series)","2689"
"73693","Abandoned Engineering","2017","tv","wikipedia","Vigil (TV series)","4548"
"73728","Dev","2017","tv","wikipedia","Dev (TV series)","2634"
"73833","The Ancient Magus' Bride","2017","tv","wikipedia","The Ancient Magus' Bride","652"
"73945","Zak Storm","2016","tv","wikipedia","Zak Storm","560"
"74016","The Resident","2018","tv","wikipedia","New Amsterdam (2018 TV series)","246"
"74018","The Legend of the Galactic Heroes: Die Neue These","2018","tv","tmdb_only","","0"
"74035","Yo! Welcome to Korea!","2017","tv","tmdb_only","Inazuma Eleven (TV series)","0"
"74074","Because This Is My First Life","2017","tv","wikipedia","Because This Is My First Life","2711"
"74089","GARO -VANISHING LINE-","2017","tv","tmdb_only","","0"
"74092","A Sister's All You Need","2017","tv","tmdb_only","List of S.W.A.T. (2017 TV series) episodes","0"
"74179","Late motiv","2016","tv","tmdb_only","Late Motiv","0"
"74204","Big Mouth","2017","tv","wikipedia","Big Mouth (American TV series)","1092"
"74225","GOING SEVENTEEN","2017","tv","tmdb_only","List of S.W.A.T. (2017 TV series) episodes","0"
"74388","Celebrity Hunted","2017","tv","tmdb_only","List of S.W.A.T. (2017 TV series) episodes","0"
"74415","Grizzy & the Lemmings","2016","tv","wikipedia","Grizzy & the Lemmings","4252"
"74440","Harley Quinn","2019","tv","wikipedia","Harley Quinn (TV series)","4602"
"74577","The End of the F***ing World","2017","tv","tmdb_only","","0"
"74682","I Am Not a Robot","2017","tv","wikipedia","Small Wonder (TV series)","1438"
"74821","Prison Playbook","2017","tv","wikipedia","Prison Playbook","4109"
"74916","Wacky Races","2017","tv","tmdb_only","Wacky Races (2017 TV series)","0"
"74927","Lena Lorenz","2015","tv","wikipedia","Arctic Circle (TV series)","349"
"74974","The Sisters","2017","tv","wikipedia","Taken (2017 TV series)","126"
"75006","The Umbrella Academy","2019","tv","wikipedia","The Umbrella Academy (TV series)","5957"
"75123","A Korean Odyssey","2017","tv","wikipedia","A Korean Odyssey","6691"
"75219","9-1-1","2018","tv","wikipedia","9-1-1 (TV series)","280"
"75230","Vighnaharta Ganesh","2017","tv","wikipedia","Vighnaharta Ganesha","3025"
"75253","Laado 2","2017","tv","tmdb_only","Laado 2","0"
"75254","Dil Se Dil Tak","2017","tv","wikipedia","Dil Se Dil Tak","4819"
"75257","Tenali Rama","2017","tv","wikipedia","Tenali Rama (TV series)","5736"
"75265","Kya Haal, Mr. Paanchal?","2017","tv","wikipedia","Kya Haal, Mr. Paanchal?","3870"
"75266","Nimki Mukhiya","2017","tv","wikipedia","Nimki Mukhiya","6550"
"75269","Garden Rescue","2016","tv","tmdb_only","Brum (TV series)","0"
"75287","Agniphera","2017","tv","tmdb_only","","0"
"75290","Badho Bahu","2016","tv","wikipedia","Badho Bahu","421"
"75308","Chandrakanta","2017","tv","wikipedia","Chandrakanta (2017 TV series)","1635"
"75384","Jiji Maa","2017","tv","wikipedia","Jiji Maa","6128"
"75403","Meri Hanikarak Biwi","2017","tv","wikipedia","Meri Hanikarak Biwi","4304"
"75439","Ishq Mein Marjawan","2017","tv","wikipedia","Ishq Mein Marjawan","6027"
"75450","Titans","2018","tv","wikipedia","Titans (2018 TV series)","2884"
"75501","Hiyokko","2017","tv","wikipedia","Hiyokko","1338"
"75666","McMafia","2018","tv","tmdb_only","McMafia","0"
"75702","The Modern Life","2015","tv","wikipedia","Empire (2015 TV series)","3004"
"75820","Mr. Sunshine","2018","tv","wikipedia","Mr. Sunshine (South Korean TV series)","1055"
"76033","Master In The House","2017","tv","tmdb_only","Summer House (2017 TV series)","0"
"76075","Laid-Back Camp","2018","tv","wikipedia","Laid-Back Camp","2935"
"76100","Shinkansen Henkei Robo Shinkalion: THE ANIMATION","2018","tv","tmdb_only","Brave series","0"
"76148","Derry Girls","2018","tv","wikipedia","Derry Girls","492"
"76241","Drama Stage","2017","tv","tmdb_only","SEAL Team (TV series)","0"
"76331","Succession","2018","tv","wikipedia","Succession (TV series)","488"
"76341","Mad Max: Fury Road","2015","movie","wikipedia","Mad Max: Fury Road","6386"
"76375","Two Yoo Project - Sugar Man","2015","tv","tmdb_only","","0"
"76479","The Boys","2019","tv","wikipedia","Ghosts (2019 TV series)","1674"
"76557","Welcome to Waikiki","2018","tv","wikipedia","Magnum P.I. (2018 TV series)","2110"
"76566","Hidden","2018","tv","wikipedia","Hidden (2018 TV series)","506"
"76600","Avatar: The Way of Water","2022","movie","wikipedia","Avatar: The Way of Water","4262"
"76700","Cassandre","2015","tv","tmdb_only","Les Anges (TV series)","0"
"76757","Jupiter Ascending","2015","movie","wikipedia","Jupiter Ascending","4323"
"76773","Station 19","2018","tv","wikipedia","Station 19","430"
"76791","Naagin","2015","tv","wikipedia","Naagin (2015 TV series)","14846"
"77169","Cobra Kai","2018","tv","wikipedia","Cobra Kai","3540"
"77187","Mein Kind, dein Kind - Wie erziehst du denn?","2015","tv","tmdb_only","","0"
"77236","A Discovery of Witches","2018","tv","wikipedia","A Discovery of Witches (TV series)","526"
"77240","Captain Tsubasa","2018","tv","wikipedia","Captain Tsubasa","19265"
"77379","Pinkalicious & Peterrific","2018","tv","tmdb_only","Pinkalicious & Peterrific","0"
"77400","The Innocents","2018","tv","wikipedia","Titans (2018 TV series)","2884"
"77410","Muppet Babies","2018","tv","wikipedia","Muppet Babies (2018 TV series)","349"
"77493","Shakespeare & Hathaway - Private Investigators","2018","tv","tmdb_only","","0"
"77696","Run BTS!","2015","tv","tmdb_only","","0"
"78052","Marry Me Now","2018","tv","tmdb_only","List of Charmed (2018 TV series) episodes","0"
"78075","The Repair Shop","2017","tv","wikipedia","Gone (2017 TV series)","424"
"78173","Dragons: Race to the Edge","2015","tv","tmdb_only","Dragons' Den (Canadian TV series)","0"
"78191","You","2018","tv","wikipedia","Charmed (2018 TV series)","7155"
"78376","Same Bed, Different Dreams","2015","tv","wikipedia","Wicked City (2015 TV series)","355"
"78464","DOREIKU The Animation","2018","tv","tmdb_only","2018 in anime","0"
"78501","Sweet Punishment: I'm the Guard's Personal Pet","2018","tv","wikipedia","Central Park (TV series)","3106"
"78533","Jersey Shore: Family Vacation","2018","tv","tmdb_only","Jersey Shore: Family Vacation","0"
"78648","Amazing Saturday","2018","tv","tmdb_only","Amazing Stories (1985 TV series)","0"
"78742","About Time","2018","tv","wikipedia","About Time (TV series)","549"
"78796","Lawless Lawyer","2018","tv","wikipedia","Lawless Lawyer","2154"
"78869","Clean with Passion for Now","2018","tv","tmdb_only","Queer Eye (2018 TV series)","0"
"78950","Miracle Workers","2019","tv","wikipedia","Miracle Workers (2019 TV series)","3184"
"79053","The Split","2018","tv","wikipedia","Magnum P.I. (2018 TV series)","2110"
"79061","Craig of the Creek","2018","tv","wikipedia","New Amsterdam (2018 TV series)","246"
"79070","Partners for Justice","2018","tv","wikipedia","Partners for Justice","293"
"79086","Godfather of Harlem","2019","tv","wikipedia","Godfather of Harlem","2825"
"79166","Grand Blue Dreaming","2018","tv","wikipedia","Grand Blue Dreaming","533"
"79242","Chilling Adventures of Sabrina","2018","tv","wikipedia","Chilling Adventures of Sabrina (TV series)","435"
"79410","After Life","2019","tv","wikipedia","Another Life (2019 TV series)","653"
"79415","Astro OK Ready!","2016","tv","tmdb_only","Euphoria (American TV series)","0"
"79434","What's Wrong with Secretary Kim","2018","tv","wikipedia","What's Wrong with Secretary Kim (Philippine TV series)","195"
"79460","Legacies","2018","tv","wikipedia","Legacies (TV series)","3349"
"79501","Doom Patrol","2019","tv","wikipedia","Doom Patrol (TV series)","2236"
"79593","Magnum P.I.","2018","tv","wikipedia","Magnum P.I. (2018 TV series)","2110"
"79622","Hunters","2020","tv","wikipedia","Hunters (2020 TV series)","3043"
"79667","Baek Jong-won's Alley Restaurant","2018","tv","tmdb_only","List of South Korean television series","0"
"79680","Snowpiercer","2020","tv","tmdb_only","Snowpiercer (TV series)","0"
"79696","Manifest","2018","tv","tmdb_only","List of Charmed (2018 TV series) episodes","0"
"79744","The Rookie","2018","tv","wikipedia","The Rookie","3684"
"79888","Simon","2016","tv","tmdb_only","List of Bull (2016 TV series) episodes","0"
"80006","Good Trouble","2019","tv","wikipedia","Good Trouble (TV series)","453"
"80020","Super Dragon Ball Heroes","2018","tv","wikipedia","Super Dragon Ball Heroes (web series)","2731"
"80079","American Idol","2018","tv","tmdb_only","American Idol","0"
"80307","Bodyguard","2018","tv","tmdb_only","Vanity Fair (2018 TV series)","0"
"80328","Mortimer & Whitehouse: Gone Fishing","2018","tv","tmdb_only","Mortimer & Whitehouse: Gone Fishing","0"
"80350","New Amsterdam","2018","tv","wikipedia","New Amsterdam (2018 TV series)","246"
"80421","José Mota Presenta","2015","tv","tmdb_only","","0"
"80504","Yuuna and the Haunted Hot Springs","2018","tv","wikipedia","Yuuna and the Haunted Hot Springs","486"
"80540","Silsila Badalte Rishton Ka","2018","tv","wikipedia","Silsila Badalte Rishton Ka","4657"
"80559","Puzzle & Dragons","2018","tv","tmdb_only","Puzzle & Dragons","0"
"80585","The Great Escape","2018","tv","wikipedia","The Great (TV series)","367"
"80587","Big City Greens","2018","tv","wikipedia","Big City Greens","772"
"80623","BAKI","2018","tv","tmdb_only","Baki (TV series)","0"
"80671","Cells at Work!","2018","tv","wikipedia","Das Boot (2018 TV series)","4185"
"80715","Firing Line with Margaret Hoover","2018","tv","wikipedia","Halt and Catch Fire (TV series)","1037"
"80736","The Manager","2018","tv","wikipedia","Charmed (2018 TV series)","7155"
"80748","FBI","2018","tv","tmdb_only","FBI (TV series)","0"
"80752","See","2019","tv","wikipedia","See You Again (2019 TV series)","349"
"80850","Yakka Dee!","2017","tv","tmdb_only","List of animated television series of 2017","0"
"80867","I Want You To Make a Disgusted Face and Show Me Your Underwear","2018","tv","tmdb_only","Bigg Boss (Hindi TV series) season 10","0"
"80968","Narcos: Mexico","2018","tv","wikipedia","Narcos: Mexico","762"
"80986","DC's Stargirl","2020","tv","wikipedia","Stargirl (TV series)","1534"
"81044","What She Fell on Was the Tip of My Dick","2018","tv","wikipedia","Gidget (TV series)","3148"
"81144","The Neighborhood","2018","tv","wikipedia","Magnum P.I. (2018 TV series)","2110"
"81224","Les Misérables","2018","tv","tmdb_only","Les Misérables (British TV series)","0"
"81240","Twirlywoos","2015","tv","tmdb_only","List of animated television series of 2015","0"
"81332","Lovely Horribly","2018","tv","wikipedia","Lovely Horribly","264"
"81356","Sex Education","2019","tv","wikipedia","Sex Education (TV series)","5282"
"81410","Olobob Top","2017","tv","tmdb_only","List of animated television series of 2017","0"
"81440","Traffic Cops","2016","tv","tmdb_only","List of Bull (2016 TV series) episodes","0"
"81499","A Million Little Things","2018","tv","wikipedia","A Million Little Things","315"
"81665","Summer Camp Island","2018","tv","tmdb_only","The A List (2018 TV series)","0"
"81723","The Gilded Age","2022","tv","wikipedia","The Gilded Age (TV series)","3567"
"81823","Simplemente María","2015","tv","wikipedia","Simplemente María (2015 TV series)","1299"
"81978","You Quiz on the Block","2018","tv","tmdb_only","Miniseries","0"
"82065","Zoom the White Dolphin","2015","tv","wikipedia","Zoom the White Dolphin","684"
"82092","Grand Hotel","2019","tv","wikipedia","Ghosts (2019 TV series)","1674"
"82143","Press","2018","tv","wikipedia","Meteor Garden (2018 TV series)","3414"
"82416","Kuch Rang Pyaar Ke Aise Bhi","2016","tv","tmdb_only","","0"
"82428","All American","2018","tv","wikipedia","Titans (2018 TV series)","2884"
"82452","Avatar: The Last Airbender","2024","tv","wikipedia","Avatar: The Last Airbender (2024 TV series)","3128"
"82574","Loves with Trap","2015","tv","tmdb_only","Love Island (2015 TV series) series 7","0"
"82591","Goblin Slayer","2018","tv","wikipedia","Goblin Slayer","455"
"82596","Emily in Paris","2020","tv","wikipedia","Emily in Paris","2797"
"82605","Dance Plus","2015","tv","tmdb_only","Dancing with the Stars (American TV series)","0"
"82619","X.X.X: Uncensored","2018","tv","tmdb_only","XXX (web series)","0"
"82670","World War Two","2018","tv","wikipedia","Das Boot (2018 TV series)","4185"
"82684","That Time I Got Reincarnated as a Slime","2018","tv","wikipedia","That Time I Got Reincarnated as a Slime (TV series)","4948"
"82716","Land Rober Tunai Show","2015","tv","tmdb_only","","0"
"82739","Rascal Does Not Dream of Bunny Girl Senpai","2018","tv","tmdb_only","","0"
"82743","Bepannah","2018","tv","wikipedia","Bepannah","3421"
"82766","Run with the Wind","2018","tv","tmdb_only","Miniseries","0"
"82782","The Righteous Gemstones","2019","tv","wikipedia","The Righteous Gemstones","2076"
"82856","The Mandalorian","2019","tv","wikipedia","The Mandalorian","1284"
"82873","The Kelly Clarkson Show","2019","tv","tmdb_only","The Kelly Clarkson Show","0"
"82911","Noche, Boleros y Son","2015","tv","tmdb_only","","0"
"83085","Treme Treme","2015","tv","tmdb_only","Treme (TV series)","0"
"83100","Dororo","2019","tv","wikipedia","Dororo (2019 TV series)","7572"
"83121","Kaguya-sama: Love Is War","2019","tv","tmdb_only","Kaguya-sama: Love Is War (TV series)","0"
"83217","WWE NXT UK","2018","tv","tmdb_only","","0"
"83533","Avatar: Fire and Ash","2025","movie","wikipedia","Primate (2025 film)","4157"
"83631","What We Do in the Shadows","2019","tv","wikipedia","What We Do in the Shadows (TV series)","2797"
"83867","Andor","2022","tv","tmdb_only","Reboot (2022 TV series)","0"
"83959","Border Control: Spain","2016","tv","wikipedia","Isabel (TV series)","2978"
"83985","Chandragupta Maurya","2018","tv","wikipedia","Chandragupta Maurya (2018 TV series)","4126"
"83997","Money for Nothing","2015","tv","tmdb_only","Money for Nothing (TV programme)","0"
"84105","Mirzapur","2018","tv","wikipedia","Mirzapur (TV series)","452"
"84155","The Sound of Your Heart: Reboot","2018","tv","wikipedia","Muppet Babies (2018 TV series)","349"
"84383","Total Dreamer","2015","tv","tmdb_only","Supergirl (TV series)","0"
"84443","First Dates","2016","tv","tmdb_only","First Dates (Irish TV series)","0"
"84503","Close Enough","2020","tv","wikipedia","Hunters (2020 TV series)","3043"
"84508","Molang","2015","tv","tmdb_only","List of animated television series of 2015","0"
"84619","Kaitou Sentai Lupinranger vs. Keisatsu Sentai Patranger","2018","tv","tmdb_only","","0"
"84773","The Lord of the Rings: The Rings of Power","2022","tv","wikipedia","The Lord of the Rings: The Rings of Power","1581"
"84910","The Masked Singer","2019","tv","tmdb_only","The Masked Singer (American TV series) season 1","0"
"84958","Loki","2021","tv","wikipedia","Loki (TV series)","1501"
"84970","Desus & Mero","2019","tv","tmdb_only","Desus & Mero (2019 TV series)","0"
"84982","Aladdin - Naam Toh Suna Hoga","2018","tv","tmdb_only","","0"
"85015","Tujhse Hai Raabta","2018","tv","wikipedia","Tujhse Hai Raabta","4791"
"85077","The Chosen","2019","tv","wikipedia","The Chosen One (2019 TV series)","2587"
"85278","Super Dancer","2016","tv","tmdb_only","List of Bull (2016 TV series) episodes","0"
"85338","Movie Room","2018","tv","wikipedia","Das Boot (2018 TV series)","4185"
"85349","Amphibia","2019","tv","wikipedia","Amphibia (TV series)","4912"
"85552","Euphoria","2019","tv","tmdb_only","Euphoria (American TV series)","0"
"85853","Perry Mason","2020","tv","wikipedia","Perry Mason (2020 TV series)","2925"
"85904","Temptation Island","2019","tv","tmdb_only","Temptation Island (TV series)","0"
"85948","Star Trek: Lower Decks","2020","tv","wikipedia","Star Trek: Lower Decks","927"
"85949","Star Trek: Picard","2020","tv","wikipedia","Star Trek: Picard","2268"
"86130","Jijaji Chhat Par Hai","2018","tv","tmdb_only","","0"
"86248","Upload","2020","tv","wikipedia","The Hardy Boys (2020 TV series)","210"
"86310","RadhaKrishn","2018","tv","wikipedia","RadhaKrishn","11743"
"86342","Steve","2017","tv","tmdb_only","Taboo (2017 TV series)","0"
"86423","Locke & Key","2020","tv","wikipedia","Locke & Key (TV series)","2812"
"86623","Where Is My Home","2019","tv","wikipedia","My Hero Academia (TV series)","423"
"86634","Manmohini","2018","tv","wikipedia","Manmohini","2193"
"86828","Absolutely Anything","2015","movie","wikipedia","Absolutely Anything","3888"
"86831","Love, Death & Robots","2019","tv","wikipedia","Love, Death & Robots","3103"
"86848","Evil","2019","tv","wikipedia","Evil (American TV series)","545"
"86908","EXO's Travel the World on a Ladder","2018","tv","tmdb_only","","0"
"86978","Divya Drishti","2019","tv","wikipedia","Divya Drishti","14467"
"87012","The Great British Bake Off","2017","tv","tmdb_only","The Great British Bake Off series 8","0"
"87017","P-Valley","2020","tv","wikipedia","All Creatures Great and Small (2020 TV series)","2616"
"87083","Formula 1: Drive to Survive","2019","tv","wikipedia","War of the Worlds (2019 TV series)","3399"
"87101","Terminator Genisys","2015","movie","wikipedia","Terminator Genisys","7116"
"87108","Chernobyl","2019","tv","wikipedia","Chernobyl (miniseries)","3824"
"87247","Bakugan","2018","tv","wikipedia","Bakugan Battle Brawlers","12040"
"87325","Dark Web","2018","tv","wikipedia","Into the Dark (TV series)","2370"
"87363","Razia Sultan","2015","tv","wikipedia","Razia Sultan (TV series)","10850"
"87428","Why Women Kill","2019","tv","wikipedia","Why Women Kill","3862"
"87508","Delhi Crime","2019","tv","wikipedia","Delhi Crime","2931"
"87739","The Queen's Gambit","2020","tv","tmdb_only","The Queen's Gambit (miniseries)","0"
"87917","For All Mankind","2019","tv","wikipedia","For All Mankind (TV series)","3845"
"88090","Araiya-san! Ore to Aitsu ga Onnayu de!?","2019","tv","tmdb_only","","0"
"88126","Celebrity SAS: Who Dares Wins","2019","tv","tmdb_only","","0"
"88324","Virgin River","2019","tv","tmdb_only","The Fix (2019 TV series)","0"
"88329","Hawkeye","2021","tv","wikipedia","Hawkeye (miniseries)","411"
"88815","Kullfi Kumarr Bajewala","2018","tv","wikipedia","Kullfi Kumarr Bajewala","3740"
"89074","Science grand format","2016","tv","wikipedia","Travelers (TV series)","2389"
"89180","Dimension 20","2018","tv","wikipedia","Das Boot (2018 TV series)","4185"
"89393","9-1-1: Lone Star","2020","tv","wikipedia","9-1-1: Lone Star","2711"
"89491","America Says","2018","tv","tmdb_only","List of Charmed (2018 TV series) episodes","0"
"89572","Nancy Drew","2019","tv","wikipedia","Nancy Drew (2019 TV series)","830"
"89641","Love Alarm","2019","tv","wikipedia","Ghosts (2019 TV series)","1674"
"89961","Kim Je-dong's Talk to You","2015","tv","tmdb_only","Moving (South Korean TV series)","0"
"90228","Dune: Prophecy","2024","tv","wikipedia","Dune: Prophecy","701"
"90282","The Morning Show","2019","tv","wikipedia","The Morning Show (American TV series)","1031"
"90447","Hotel Del Luna","2019","tv","wikipedia","Hotel del Luna","1653"
"90462","Chucky","2021","tv","wikipedia","Chucky (TV series)","4289"
"90521","Love Island USA","2019","tv","tmdb_only","Love Island USA","0"
"90571","Bepanah Pyaarr","2019","tv","tmdb_only","","0"
"90587","Ek Rishta Saajhedari Ka","2016","tv","wikipedia","Ek Rishta Saajhedari Ka","1253"
"90802","The Sandman","2022","tv","wikipedia","The Sandman (TV series)","2525"
"90937","BEASTARS","2019","tv","wikipedia","Beastars","2116"
"90955","The Naked Director","2019","tv","tmdb_only","The Twilight Zone (2019 TV series)","0"
"91073","Choti Sarrdaarni","2019","tv","wikipedia","Choti Sarrdaarni","3641"
"91094","Quizduell-Olymp","2015","tv","tmdb_only","","0"
"91121","How Do You Play?","2019","tv","wikipedia","Ghosts (2019 TV series)","1674"
"91174","Lights Out with David Spade","2019","tv","wikipedia","Heels (TV series)","256"
"91183","Body Cam","2018","tv","wikipedia","Slasher (TV series)","4079"
"91200","Bahu Begum","2019","tv","wikipedia","Bahu Begum (2019 TV series)","1540"
"91239","Bridgerton","2020","tv","wikipedia","Bridgerton","288"
"91363","What If...?","2021","tv","wikipedia","What If...? (TV series)","805"
"91444","Karmaphal Daata Shani","2016","tv","wikipedia","Karmaphal Daata Shani","4669"
"91555","All Elite Wrestling: Dynamite","2019","tv","tmdb_only","All Out (2019)","0"
"91768","Ascendance of a Bookworm","2019","tv","wikipedia","Ascendance of a Bookworm","890"
"91801","Welcome to Demon School! Iruma-kun","2019","tv","wikipedia","Welcome to Demon School! Iruma-kun","492"
"91928","Trabajo Temporal","2016","tv","tmdb_only","","0"
"92461","Bob Hearts Abishola","2019","tv","wikipedia","Bob Hearts Abishola","3080"
"92611","RuPaul's Drag Race UK","2019","tv","tmdb_only","RuPaul's Drag Race UK","0"
"92621","Brassic","2019","tv","tmdb_only","Brassic series 1","0"
"92661","25 Words or Less","2018","tv","tmdb_only","25 Words or Less","0"
"92685","The Owl House","2020","tv","wikipedia","The Owl House","3593"
"92749","Moon Knight","2022","tv","wikipedia","Moon Knight (miniseries)","292"
"92788","Marvel's Moon Girl and Devil Dinosaur","2023","tv","tmdb_only","List of television series based on Marvel Comics publications","0"
"92892","Ahiru no Sora","2019","tv","wikipedia","Ahiru no Sora","354"
"92983","Vagabond","2019","tv","wikipedia","Vagabond (TV series)","1617"
"93097","When the Camellia Blooms","2019","tv","wikipedia","When the Camellia Blooms","646"
"93166","The Capture","2019","tv","wikipedia","Ghosts (2019 TV series)","1674"
"93221","The Great North","2021","tv","wikipedia","The Great (TV series)","367"
"93287","The Flight Attendant","2020","tv","wikipedia","The Flight Attendant","1414"
"93352","The Family Man","2019","tv","wikipedia","The Family Man (Indian TV series)","4045"
"93364","Judge Jerry","2019","tv","tmdb_only","Dancing with the Stars (American TV series)","0"
"93443","BENTO EXPO","2016","tv","tmdb_only","","0"
"93449","Tamron Hall","2019","tv","tmdb_only","Tamron Hall","0"
"93643","TMI SHOW","2019","tv","tmdb_only","List of BBC children's television programmes","0"
"93740","Foundation","2021","tv","wikipedia","Foundation (TV series)","2015"
"93741","Jurassic World Camp Cretaceous","2020","tv","wikipedia","Jurassic World Camp Cretaceous","733"
"93790","Bhakharwadi","2019","tv","wikipedia","Bhakharwadi (TV series)","5086"
"93812","The Great","2020","tv","wikipedia","All Creatures Great and Small (2020 TV series)","2616"
"94011","MasterChef México","2015","tv","tmdb_only","MasterChef Australia series 15","0"
"94244","Obliterated","2023","tv","wikipedia","The Day of the Jackal (TV series)","2533"
"94291","Swaragini","2015","tv","wikipedia","Swaragini – Jodein Rishton Ke Sur","2307"
"94372","FBI: Most Wanted","2020","tv","wikipedia","FBI: Most Wanted","2665"
"94537","MTV Hustle","2019","tv","tmdb_only","MTV Hustle","0"
"94605","Arcane","2021","tv","wikipedia","Arcane (TV series)","2475"
"94686","Tyler Perry's Sistas","2019","tv","wikipedia","Sistas (TV series)","433"
"94796","Crash Landing on You","2019","tv","tmdb_only","Crash Landing on You","0"
"94951","Mythic Quest","2020","tv","wikipedia","Mythic Quest","2806"
"94954","Hazbin Hotel","2024","tv","wikipedia","Hazbin Hotel","3406"
"94997","House of the Dragon","2022","tv","tmdb_only","House of the Dragon season 3","0"
"95004","Tyler Perry's The Oval","2019","tv","tmdb_only","The Oval (TV series)","0"
"95057","Superman & Lois","2021","tv","wikipedia","Superman & Lois","3711"
"95112","GoGo Dino","2016","tv","tmdb_only","Khatron Ke Khiladi (TV series)","0"
"95205","The Equalizer","2021","tv","wikipedia","The Equalizer (2021 TV series)","343"
"95275","NWA Powerrr","2019","tv","tmdb_only","NWA Powerrr","0"
"95328","Tenable","2016","tv","tmdb_only","List of television programmes broadcast by ITV","0"
"95396","Severance","2022","tv","tmdb_only","Severance (TV series)","0"
"95557","INVINCIBLE","2021","tv","wikipedia","Invincible (TV series)","3055"
"96023","Yoko","2016","tv","wikipedia","Berserk (2016 TV series)","3413"
"96046","Boss in the Mirror","2019","tv","wikipedia","Ghosts (2019 TV series)","1674"
"96091","Yeti Tales","2016","tv","wikipedia","Little People (TV series)","174"
"96201","Ishq Subhan Allah","2018","tv","wikipedia","Ishq Subhan Allah","15661"
"96386","Nogizaka Under Construction","2015","tv","tmdb_only","2017 in Japanese television","0"
"96580","Resident Alien","2021","tv","wikipedia","Resident Alien (TV series)","2882"
"96804","LOONA TV","2016","tv","tmdb_only","Queendom (TV series)","0"
"97072","Charmsukh","2019","tv","tmdb_only","","0"
"97170","Salvage Hunters: The Restorers","2018","tv","tmdb_only","","0"
"97221","Inside Hitler's Killing Machine","2016","tv","tmdb_only","The Man in the High Castle (TV series)","0"
"97546","Ted Lasso","2020","tv","wikipedia","Ted Lasso","748"
"97645","Solar Opposites","2020","tv","wikipedia","Solar Opposites","3168"
"97888","Vintage Mecanic","2016","tv","tmdb_only","","0"
"97890","Power Book II: Ghost","2020","tv","wikipedia","Power Book II: Ghost","475"
"97951","Mayor of Kingstown","2021","tv","wikipedia","Mayor of Kingstown","2669"
"98198","Central Park","2020","tv","wikipedia","Central Park (TV series)","3106"
"98271","RE: European Stories","2017","tv","tmdb_only","List of S.W.A.T. (2017 TV series) episodes","0"
"98329","Invitation au voyage","2017","tv","tmdb_only","Doctor Who series 4","0"
"99260","Ek Duje Ke Vaaste","2016","tv","wikipedia","Ek Duje Ke Vaaste","1885"
"99313","Barrister Babu","2020","tv","wikipedia","Barrister Babu","7897"
"99353","Love Is Blind","2020","tv","tmdb_only","Love Is Blind (American TV series)","0"
"99711","Kasauti Zindagii Kay","2018","tv","wikipedia","Kasautii Zindagii Kay (2018 TV series)","6730"
"99748","Let's Meet at Hinatazaka","2019","tv","tmdb_only","","0"
"99761","Jungle Planet","2015","tv","tmdb_only","George of the Jungle (2007 TV series)","0"
"99795","Gathbandhan","2019","tv","wikipedia","Gathbandhan","2247"
"99811","Qurbaan Hua","2020","tv","wikipedia","Qurbaan Hua","4713"
"99839","Siya Ke Ram","2015","tv","wikipedia","Siya Ke Ram","171"
"99840","Sankat Mochan Mahabali Hanuman","2015","tv","wikipedia","Jai Hanuman (2018 TV series)","149"
"99861","Avengers: Age of Ultron","2015","movie","wikipedia","Avengers: Age of Ultron","6790"
"99887","The Great Emperor Ashoka","2015","tv","tmdb_only","","0"
"99890","Bahu Hamari Rajni Kant","2016","tv","wikipedia","Bahu Hamari Rajni Kant","4377"
"100010","Big Sky","2020","tv","tmdb_only","Big Sky (American TV series)","0"
"100060","TWICE TV","2015","tv","wikipedia","Younger (TV series)","672"
"100088","The Last of Us","2023","tv","wikipedia","The Last of Us (TV series)","2260"
"100757","Outer Banks","2020","tv","wikipedia","Outer Banks (TV series)","746"
"100883","Never Have I Ever","2020","tv","wikipedia","Never Have I Ever (TV series)","7084"
"100973","The Yorkshire Vet","2015","tv","wikipedia","All Creatures Great and Small (2020 TV series)","2616"
"102321","Looney Tunes Cartoons","2020","tv","tmdb_only","Looney Tunes Cartoons","0"
"102689","Krishnadasi","2016","tv","wikipedia","Krishnadasi (2016 TV series)","8163"
"102790","Riti Riwaj","2020","tv","tmdb_only","","0"
"102823","Mastram","2020","tv","wikipedia","Mastram (TV series)","3619"
"102899","Ant-Man","2015","movie","wikipedia","Ant-Man (film)","6207"
"102904","Sweet Magnolias","2020","tv","wikipedia","Sweet Magnolias","2516"
"103516","Star Trek: Strange New Worlds","2022","tv","wikipedia","Star Trek: Strange New Worlds","1489"
"103540","Percy Jackson and the Olympians","2023","tv","wikipedia","Percy Jackson and the Olympians (TV series)","3533"
"103553","Yeh Hai Chahatein","2019","tv","wikipedia","Yeh Hai Chahatein","816"
"103629","Gym Stars","2018","tv","wikipedia","Peacock (TV series)","2463"
"103631","Robot Trains","2015","tv","wikipedia","Transformers: Robots in Disguise (2015 TV series)","11551"
"103914","Dry Bar Comedy","2017","tv","wikipedia","Lanterns (TV series)","545"
"103960","Richard Osman's House of Games","2017","tv","tmdb_only","","0"
"104265","Naagini 2","2020","tv","wikipedia","Naagini 2","4425"
"104407","Seetha Vallabha","2018","tv","wikipedia","Seetha Vallabha","200"
"105017","Bad Boy","2018","tv","wikipedia","Good Boy (TV series)","260"
"105248","Cyberpunk: Edgerunners","2022","tv","wikipedia","Cyberpunk: Edgerunners 2","770"
"105864","The Good Dinosaur","2015","movie","wikipedia","The Good Dinosaur","4048"
"106009","Numberblocks","2017","tv","tmdb_only","List of animated television series of 2017","0"
"106099","Raw Talk","2016","tv","tmdb_only","List of Bull (2016 TV series) episodes","0"
"106158","Law & Order: Organized Crime","2021","tv","wikipedia","Law & Order: Organized Crime","4306"
"106379","Fallout","2024","tv","wikipedia","Sugar (2024 TV series)","2511"
"106502","Leverage: Redemption","2021","tv","tmdb_only","List of The Equalizer (2021 TV series) episodes","0"
"106765","Zindagi Ki Mehek","2016","tv","wikipedia","Zindagi Ki Mehek","8633"
"107113","Only Murders in the Building","2021","tv","wikipedia","Annika (2021 TV series)","1195"
"107124","Animaniacs","2020","tv","wikipedia","Animaniacs (2020 TV series)","3802"
"107130","The Joy Reid Show","2020","tv","wikipedia","The Morning Show (American TV series)","1031"
"107948","Petits secrets en famille","2016","tv","wikipedia","Guilt (British TV series)","2519"
"108178","The Drew Barrymore Show","2020","tv","wikipedia","Scream (TV series)","3271"
"108847","AEW Dark","2019","tv","tmdb_only","AEW Dark","0"
"108978","Reacher","2022","tv","wikipedia","Reacher (TV series)","1500"
"110138","TV Novel: In Still Green Days","2015","tv","wikipedia","Dog Days (Japanese TV series)","2148"
"110492","Peacemaker","2022","tv","wikipedia","Peacemaker (TV series)","949"
"110618","The Dengineers","2015","tv","tmdb_only","The Dengineers","0"
"111110","ONE PIECE","2023","tv","wikipedia","One Piece (2023 TV series)","3057"
"111111","Blood of Zeus","2020","tv","wikipedia","Blood of Zeus","570"
"111453","Ghum Hai Kisikey Pyaar Meiin","2020","tv","wikipedia","Ghum Hai Kisikey Pyaar Meiin","11082"
"111474","Gabby's Dollhouse","2021","tv","wikipedia","Gabby's Dollhouse","3054"
"111593","Free 19","2016","tv","wikipedia","Berserk (2016 TV series)","3413"
"111803","The White Lotus","2021","tv","wikipedia","The White Lotus","399"
"113269","Molkki","2020","tv","wikipedia","Molkki","4228"
"113329","Nikenme Dou Suru? ~Tsumami no Hanashi~","2017","tv","tmdb_only","","0"
"113962","Lioness","2023","tv","wikipedia","Frasier (2023 TV series)","530"
"113988","DAHMER - Monster: The Jeffrey Dahmer Story","2022","tv","wikipedia","Monster (American TV series)","283"
"114294","Judy Justice","2021","tv","tmdb_only","Judy Justice","0"
"114461","Ahsoka","2023","tv","tmdb_only","Ahsoka Tano","0"
"114472","Secret Invasion","2023","tv","wikipedia","Jury Duty (2023 TV series)","3329"
"114574","Cooku with Comali","2019","tv","tmdb_only","Cooku with Comali","0"
"114922","Citadel","2023","tv","wikipedia","Rough Diamonds (2023 TV series)","336"
"115577","Sonic Prime","2022","tv","wikipedia","Sonic Prime","3729"
"115640","Science of Stupid","2015","tv","tmdb_only","Science of Stupid","0"
"115874","Second Origin","2015","movie","wikipedia","Fantastic Four (2015 film)","3493"
"116135","Vikings: Valhalla","2022","tv","wikipedia","Vikings: Valhalla","2684"
"116479","Anupamaa","2020","tv","wikipedia","Anupamaa","4233"
"116799","The Lincoln Lawyer","2022","tv","wikipedia","The Lincoln Lawyer (TV series)","2766"
"116865","Joseph & Lindsey","2020","tv","wikipedia","All Rise (TV series)","421"
"117030","We Baby Bears","2022","tv","wikipedia","We Baby Bears","119"
"117404","It starts today","2017","tv","tmdb_only","List of S.W.A.T. (2017 TV series) episodes","0"
"117488","Yellowjackets","2021","tv","wikipedia","Yellowjackets (TV series)","548"
"117581","Ginny & Georgia","2021","tv","wikipedia","Ginny & Georgia","644"
"117830","Tomb Raider: The Legend of Lara Croft","2024","tv","wikipedia","Tomb Raider: The Legend of Lara Croft","414"
"118195","Bargain-Loving Brits in the Sun","2016","tv","wikipedia","Bargain-Loving Brits in the Sun","3317"
"118496","rbb UM4","2015","tv","tmdb_only","","0"
"119051","Wednesday","2022","tv","wikipedia","Quantum Leap (2022 TV series)","1139"
"119251","Neko Neko Nihonshi","2016","tv","tmdb_only","","0"
"120454","Spotlight","2016","tv","wikipedia","The Powerpuff Girls (2016 TV series)","617"
"120911","The Terminal List","2022","tv","wikipedia","The Watcher (2022 TV series)","2622"
"120998","Poker Face","2023","tv","wikipedia","Poker Face (TV series)","3051"
"121658","FBI: International","2021","tv","tmdb_only","FBI (TV series)","0"
"121856","Assassin's Creed","2016","movie","wikipedia","Assassin's Creed (film)","3992"
"122194","CSI: Vegas","2021","tv","tmdb_only","CSI: Vegas","0"
"122653","Gutfeld!","2021","tv","tmdb_only","Gutfeld!","0"
"124101","Hacks","2021","tv","wikipedia","Hacks","512"
"124271","NCIS: Hawaiʻi","2021","tv","wikipedia","NCIS: Hawaiʻi","382"
"124364","FROM","2022","tv","wikipedia","Surface (2022 TV series)","3004"
"124460","Punyashlok Ahilyabai","2021","tv","tmdb_only","Punyashlok Ahilyabai","0"
"124483","Universo Valdano","2016","tv","tmdb_only","","0"
"124920","Rugrats","2021","tv","wikipedia","Rugrats (2021 TV series)","276"
"125282","The Cleaning Lady","2022","tv","wikipedia","The Cleaning Lady (Argentine TV series)","3010"
"125364","Palang Tod","2020","tv","tmdb_only","","0"
"125760","Blippi","2017","tv","tmdb_only","List of American animated television series","0"
"125928","My Adventures with Superman","2023","tv","wikipedia","My Adventures with Superman","461"
"125935","Abbott Elementary","2021","tv","wikipedia","Abbott Elementary","817"
"125988","Silo","2023","tv","wikipedia","Silo (series)","16700"
"126027","Ghosts","2021","tv","wikipedia","The Canterville Ghost (2021 TV series)","477"
"126280","Sex/Life","2021","tv","wikipedia","Sex/Life","2432"
"126308","Shōgun","2024","tv","wikipedia","Shōgun (2024 TV series)","4312"
"126375","Ek Tha Raja Ek Thi Rani","2015","tv","wikipedia","Ek Tha Raja Ek Thi Rani","19019"
"126506","Smiling Friends","2020","tv","wikipedia","YOLO (2020 TV series)","104"
"126824","The Patrick Star Show","2021","tv","wikipedia","Annika (2021 TV series)","1195"
"126889","Alien: Covenant","2017","movie","wikipedia","Alien: Covenant","3844"
"126929","Welcome to Wrexham","2022","tv","wikipedia","Welcome to Wrexham","5855"
"126997","All Elite Wrestling: Rampage","2021","tv","tmdb_only","All Out (2021)","0"
"127235","Invasion","2021","tv","wikipedia","Invasion (2021 TV series)","242"
"127380","Finding Dory","2016","movie","wikipedia","Finding Dory","3358"
"127635","Spidey and His Amazing Friends","2021","tv","wikipedia","Spidey and His Amazing Friends","926"
"128098","Interview with the Vampire","2022","tv","tmdb_only","Interview with the Vampire (TV series)","0"
"128272","Trails to Oishii Tokyo","2019","tv","tmdb_only","","0"
"128529","Piyaa Albela","2017","tv","wikipedia","Jamai Raja (2014 TV series)","19632"
"128904","Dark Winds","2022","tv","wikipedia","Dark Winds","2615"
"129412","Game Changer","2019","tv","wikipedia","The Boys (TV series)","6099"
"129552","The Night Agent","2023","tv","wikipedia","Night Court (2023 TV series)","864"
"129959","Kung Fu Panda: The Dragon Knight","2022","tv","wikipedia","Kung Fu Panda: The Dragon Knight","423"
"130239","Les Marmottes","2015","tv","tmdb_only","","0"
"130542","Bhagya Lakshmi","2021","tv","wikipedia","Bhagya Lakshmi","7649"
"131033","Krapopolis","2023","tv","wikipedia","Krapopolis","2450"
"131143","Der Blaulichtreport","2015","tv","tmdb_only","","0"
"131378","Adventure Time: Fionna and Cake","2023","tv","wikipedia","Adventure Time: Fionna and Cake","3116"
"131634","The Hunger Games: Mockingjay - Part 2","2015","movie","tmdb_only","","0"
"131663","History of the World","2020","tv","wikipedia","Hunters (2020 TV series)","3043"
"131721","Oggy Oggy","2021","tv","wikipedia","Oggy Oggy","329"
"132057","Kings and Generals","2017","tv","wikipedia","Revival (TV series)","739"
"133532","The Herd With Colin Cowherd","2015","tv","tmdb_only","The Herd with Colin Cowherd","0"
"133849","SKZ-TALKER","2018","tv","tmdb_only","","0"
"134373","The Sex Lives of College Girls","2021","tv","wikipedia","The Sex Lives of College Girls","232"
"135397","Jurassic World","2015","movie","wikipedia","Jurassic World Rebirth","4089"
"135934","The Legend of Vox Machina","2022","tv","wikipedia","The Legend of Vox Machina","3732"
"136311","Shrinking","2023","tv","wikipedia","Shrinking (TV series)","217"
"136315","The Bear","2022","tv","wikipedia","The Bear (TV series)","398"
"136600","Pardes Mein Hai Mera Dil","2016","tv","wikipedia","Pardes Mein Hai Mera Dil","2648"
"136799","Trolls","2016","movie","wikipedia","Trolls (film)","4160"
"137116","Smurfs: The Lost Village","2017","movie","wikipedia","Smurfs: The Lost Village","3623"
"138502","X-Men '97","2024","tv","wikipedia","X-Men '97","1848"
"138787","Running Man","2017","tv","tmdb_only","The Amazing Spider-Man (TV series)","0"
"138863","Sirf Tum","2021","tv","wikipedia","Sirf Tum (TV series)","3313"
"138971","Billy the Kid","2022","tv","tmdb_only","Billy the Kid (TV series)","0"
"139710","Jaana Na Dil Se Door","2016","tv","wikipedia","Jaana Na Dil Se Door","6282"
"140300","Kung Fu Panda 3","2016","movie","wikipedia","Kung Fu Panda (film)","3445"
"140607","Star Wars: The Force Awakens","2015","movie","wikipedia","Star Wars: The Force Awakens","4085"
"141052","Justice League","2017","movie","wikipedia","Justice League (film)","5321"
"150540","Inside Out","2015","movie","wikipedia","Inside Out","4092"
"150689","Cinderella","2015","movie","wikipedia","Cinderella (2015 American film)","4150"
"153312","Tulsa King","2022","tv","wikipedia","Tulsa King","1135"
"153518","The Angry Birds Movie","2016","movie","wikipedia","The Angry Birds Movie","4097"
"153657","Bosch: Legacy","2022","tv","wikipedia","Bosch: Legacy","4334"
"154385","BEEF","2023","tv","tmdb_only","Beef (TV series)","0"
"154505","Gangaa","2015","tv","tmdb_only","Gangaa","0"
"154521","The Kardashians","2022","tv","tmdb_only","The Kardashians","0"
"155448","Gramer Rani Binapani","2021","tv","wikipedia","Gramer Rani Binapani","2522"
"155455","Gangaram","2020","tv","wikipedia","Gangaram (TV series)","3923"
"155594","Murderville","2022","tv","wikipedia","Murderville","1199"
"155780","Batwheels","2022","tv","wikipedia","Batwheels","164"
"156606","Hamster & Gretel","2022","tv","wikipedia","Hamster & Gretel","2563"
"157433","Pet Sematary","2019","movie","wikipedia","Pet Sematary (2019 film)","3603"
"157741","Landman","2024","tv","wikipedia","The Agency (2024 TV series)","2466"
"157744","1923","2022","tv","wikipedia","1923 (TV series)","248"
"158852","Tomorrowland","2015","movie","wikipedia","Tomorrowland (film)","3312"
"159824","Hotel Transylvania 2","2015","movie","wikipedia","Hotel Transylvania 2","4332"
"166424","Fantastic Four","2015","movie","wikipedia","Fantastic Four (2015 film)","3493"
"166426","Pirates of the Caribbean: Dead Men Tell No Tales","2017","movie","tmdb_only","Pirates of the Caribbean: Dead Men Tell No Tales (soundtrack)","0"
"166428","How to Train Your Dragon: The Hidden World","2019","movie","wikipedia","How to Train Your Dragon: The Hidden World","4254"
"168259","Furious 7","2015","movie","wikipedia","Furious 7","3053"
"177677","Mission: Impossible - Rogue Nation","2015","movie","tmdb_only","Mission: Impossible (film series)","0"
"180863","T2 Trainspotting","2017","movie","wikipedia","T2 Trainspotting","3965"
"181283","Child 44","2015","movie","wikipedia","Child 44 (film)","3281"
"181808","Star Wars: The Last Jedi","2017","movie","wikipedia","Star Wars: The Last Jedi","4333"
"181812","Star Wars: The Rise of Skywalker","2019","movie","wikipedia","Star Wars: The Rise of Skywalker","4316"
"182560","Dark Places","2015","movie","wikipedia","Dark Places (2015 film)","5557"
"188222","Entourage","2015","movie","wikipedia","Entourage (film)","2996"
"188927","Star Trek Beyond","2016","movie","wikipedia","Star Trek Beyond","4579"
"192141","No Escape","2015","movie","wikipedia","No Escape (2015 film)","4609"
"194583","The Walking Dead: Dead City","2023","tv","wikipedia","The Walking Dead: Dead City","302"
"194766","The Summer I Turned Pretty","2022","tv","wikipedia","The Summer I Turned Pretty (TV series)","772"
"195670","XO, Kitty","2023","tv","tmdb_only","XO, Kitty","0"
"195702","Ausgerechnet","2015","tv","tmdb_only","","0"
"196322","Dark Matter","2024","tv","wikipedia","Dark Matter (2024 TV series)","195"
"198184","Chappie","2015","movie","wikipedia","Unfinished Business (2015 film)","3944"
"199001","My Life with the Walter Boys","2023","tv","tmdb_only","My Life with the Walter Boys","0"
"200875","IT: Welcome to Derry","2025","tv","wikipedia","Lanterns (TV series)","545"
"200900","Teletubbies","2015","tv","wikipedia","Teletubbies","1591"
"201085","Crimson Peak","2015","movie","wikipedia","Crimson Peak","4102"
"201088","Blackhat","2015","movie","wikipedia","Blackhat (film)","4403"
"201289","The Last Thing He Told Me","2023","tv","wikipedia","The Last Thing He Told Me (TV series)","234"
"201297","Que Seja Doce","2015","tv","tmdb_only","","0"
"201478","SuperKitties","2023","tv","wikipedia","SuperKitties","1175"
"201834","ted","2024","tv","wikipedia","Matlock (2024 TV series)","3002"
"202297","Fire Country","2022","tv","wikipedia","Fire Country","579"
"202411","Monarch: Legacy of Monsters","2023","tv","wikipedia","Monarch: Legacy of Monsters","720"
"202555","Daredevil: Born Again","2025","tv","wikipedia","Daredevil: Born Again","1155"
"202974","Shed & Buried","2015","tv","tmdb_only","Shetland (TV series)","0"
"203744","Sugar","2024","tv","wikipedia","Sugar (2024 TV series)","2511"
"203801","The Man from U.N.C.L.E.","2015","movie","wikipedia","The Man from U.N.C.L.E. (film)","2459"
"203857","The Diplomat","2023","tv","wikipedia","The Diplomat (American TV series)","290"
"204687","Baskoniako Historia Bat","2016","tv","tmdb_only","","0"
"204746","The Jennifer Hudson Show","2022","tv","tmdb_only","The Jennifer Hudson Show","0"
"204887","Jamuna Dhaki","2020","tv","wikipedia","Jamuna Dhaki","410"
"204889","Mithai","2021","tv","wikipedia","Mithai (Hindi TV series)","4176"
"205139","Thipkyanchi Rangoli","2021","tv","wikipedia","Thipkyanchi Rangoli","601"
"205515","Kit&Pup","2018","tv","tmdb_only","List of animated television series of 2018","0"
"205584","Gods of Egypt","2016","movie","wikipedia","Gods of Egypt (film)","3723"
"205715","Gen V","2023","tv","wikipedia","Gen V","984"
"205775","In the Heart of the Sea","2015","movie","wikipedia","By the Sea (2015 film)","1952"
"206647","Spectre","2015","movie","wikipedia","Spectre (2015 film)","4283"
"207703","Kingsman: The Secret Service","2015","movie","wikipedia","Kingsman: The Secret Service","3382"
"207863","Mayfair Witches","2023","tv","wikipedia","Mayfair Witches","128"
"207932","Inferno","2016","movie","wikipedia","Inferno (2016 film)","4526"
"208397","School Spirits","2023","tv","wikipedia","School Spirits (2023 TV series)","329"
"208569","Will Trent","2023","tv","wikipedia","Night Court (2023 TV series)","864"
"209112","Batman v Superman: Dawn of Justice","2016","movie","wikipedia","Batman v Superman: Dawn of Justice","6485"
"210081","Sherri","2022","tv","wikipedia","Sherri (2009 TV series)","334"
"210860","Mortdecai","2015","movie","tmdb_only","2015 in film","0"
"211102","Pictionary","2022","tv","tmdb_only","Pictionary (2022 game show)","0"
"211288","Tracker","2024","tv","wikipedia","Sugar (2024 TV series)","2511"
"211672","Minions","2015","movie","wikipedia","Minions (film)","3635"
"211684","The Walking Dead: Daryl Dixon","2023","tv","wikipedia","The Walking Dead: Daryl Dixon","2585"
"212989","LEGO Ninjago: Dragons Rising","2023","tv","wikipedia","Ninjago (TV series)","5435"
"213712","Begusarai, Tierra de Nadie","2015","tv","tmdb_only","","0"
"214162","Animal Control","2023","tv","wikipedia","Animal Control (TV series)","81"
"214756","Ted 2","2015","movie","wikipedia","Sicario (2015 film)","3777"
"214875","Rubble & Crew","2023","tv","wikipedia","Rubble & Crew","961"
"215522","We Were Liars","2025","tv","tmdb_only","We Were Liars (TV series)","0"
"216015","Fifty Shades of Grey","2015","movie","wikipedia","Fifty Shades of Grey (film)","4132"
"216247","CBS Mornings","2021","tv","tmdb_only","Land of the Lost (1974 TV series)","0"
"216287","Happu Ki Ultan Paltan","2019","tv","wikipedia","Happu Ki Ultan Paltan","454"
"218027","Master Minds","2020","tv","tmdb_only","Master Minds (game show)","0"
"219760","The Terminal List: Dark Wolf","2025","tv","tmdb_only","List of Teen Wolf (2011 TV series) characters","0"
"219971","The Agency","2024","tv","wikipedia","The Agency (2024 TV series)","2466"
"221523","Celebrity Catchphrase","2018","tv","tmdb_only","Celebrity Big Brother (British TV series) series 24","0"
"221681","ROH on HonorClub","2023","tv","tmdb_only","Death Before Dishonor (2023)","0"
"221998","Papo de Segunda","2015","tv","tmdb_only","","0"
"222764","Pânico Jovem Pan","2015","tv","tmdb_only","","0"
"223270","Handwerkskunst!","2015","tv","tmdb_only","","0"
"223702","Sausage Party","2016","movie","wikipedia","Pete's Dragon (2016 film)","3263"
"224201","Suryaputra Karn","2015","tv","wikipedia","Suryaputra Karn","1944"
"225171","Pluribus","2025","tv","wikipedia","Pluribus (TV series)","3697"
"225320","LEGO DREAMZzz","2023","tv","tmdb_only","Lego Dreamzzz","0"
"226174","Matlock","2024","tv","wikipedia","Matlock (2024 TV series)","3002"
"226285","Elsbeth","2024","tv","wikipedia","Matlock (2024 TV series)","3002"
"226637","High Potential","2024","tv","tmdb_only","The Gentlemen (2024 TV series)","0"
"226687","All Elite Wrestling: Collision","2023","tv","tmdb_only","All In (2023)","0"
"227014","YRK: 3rd Generation","2021","tv","tmdb_only","","0"
"227719","Project Almanac","2015","movie","wikipedia","The Dressmaker (2015 film)","4096"
"227973","The Peanuts Movie","2015","movie","wikipedia","The Peanuts Movie","3744"
"228066","Victor Frankenstein","2015","movie","wikipedia","Frankenstein (2015 film)","3766"
"228161","Home","2015","movie","wikipedia","Home (2015 film)","6281"
"228165","The SpongeBob Movie: Sponge Out of Water","2015","movie","wikipedia","The SpongeBob Movie: Sponge Out of Water","2892"
"228305","Task","2025","tv","wikipedia","The Last Frontier (2025 TV series)","172"
"229116","DUST","2016","tv","tmdb_only","The Dust Bowl (miniseries)","0"
"230207","Sportclub Story","2015","tv","tmdb_only","","0"
"234800","Curses!","2023","tv","wikipedia","Night Court (2023 TV series)","864"
"235380","Sri Ramkrishna","2020","tv","tmdb_only","Sri Ramkrishna Ashrama, Nimpith","0"
"236740","Ishq Ka Rang Safed","2015","tv","wikipedia","Ishq Ka Rang Safed","7907"
"237349","Ek Mahanayak - Dr B R Ambedkar","2019","tv","tmdb_only","List of longest-running Indian television series","0"
"237726","Kavka Deluxe","2015","tv","tmdb_only","","0"
"238615","Self/less","2015","movie","wikipedia","The Audition (2015 film)","1505"
"238713","Spy","2015","movie","wikipedia","Spy (2015 film)","4087"
"239496","Young David","2023","tv","wikipedia","Goosebumps (2023 TV series)","683"
"239554","Faster, Purple Worm! Kill! Kill!","2023","tv","wikipedia","Kamen Rider (1971 TV series)","3952"
"240407","Sidemen","2016","tv","tmdb_only","Sidemen","0"
"240459","Spartacus: House of Ashur","2025","tv","wikipedia","Spartacus: House of Ashur","293"
"241259","Alice Through the Looking Glass","2016","movie","wikipedia","Alice Through the Looking Glass (2016 film)","4014"
"241554","Run All Night","2015","movie","wikipedia","Night Owls (2015 film)","249"
"241609","Your Friends & Neighbors","2025","tv","wikipedia","Your Friends & Neighbors (TV series)","2802"
"241977","I Fell in Love Today","2017","tv","tmdb_only","Severance (TV series)","0"
"242965","After Midnight","2024","tv","wikipedia","The Agency (2024 TV series)","2466"
"243006","NCIS: Origins","2024","tv","wikipedia","NCIS: Origins","2660"
"243688","Poltergeist","2015","movie","wikipedia","Poltergeist (2015 film)","4501"
"243787","Zindagi Abhi Baki Hai Mere Ghost","2015","tv","tmdb_only","","0"
"243875","Georgie & Mandy's First Marriage","2024","tv","wikipedia","Matlock (2024 TV series)","3002"
"244984","Idol Radio","2018","tv","wikipedia","Nashville (2012 TV series)","4849"
"245927","Paradise","2025","tv","wikipedia","Paradise (2025 TV series)","2846"
"246246","Beauty in Black","2024","tv","wikipedia","Beauty in Black","286"
"246655","X-Men: Apocalypse","2016","movie","wikipedia","X-Men: Apocalypse","6733"
"247168","Chad Powers","2025","tv","tmdb_only","Chad Powers","0"
"247718","MobLand","2025","tv","wikipedia","MobLand","401"
"247851","Rupture","2015","tv","wikipedia","Watson (TV series)","2831"
"248361","Beyond the Gates","2025","tv","wikipedia","Beyond the Gates (TV series)","3671"
"248830","Stick","2025","tv","wikipedia","Stick (TV series)","489"
"249070","Hitman: Agent 47","2015","movie","wikipedia","Hitman: Agent 47","3721"
"250006","Rétro Découverte","2016","tv","tmdb_only","","0"
"250307","The Pitt","2025","tv","wikipedia","Sirens (2025 TV series)","158"
"250486","Savdhaan India - F.I.R.","2017","tv","tmdb_only","List of longest-running Indian television series","0"
"251156","Schrankalarm","2015","tv","tmdb_only","","0"
"252838","The Wedding Ringer","2015","movie","wikipedia","The Wedding Ringer","4081"
"253412","Everest","2015","movie","wikipedia","Everest (2015 film)","4151"
"253941","The Paper","2025","tv","tmdb_only","The Paper (2025 TV series)","0"
"254002","Critical Role","2015","tv","tmdb_only","Critical Role","0"
"254128","San Andreas","2015","movie","wikipedia","Aloha (2015 film)","4296"
"254320","The Lobster","2015","movie","wikipedia","The Lobster","3978"
"254470","Pitch Perfect 2","2015","movie","wikipedia","Pitch Perfect 2","3292"
"256040","Bāhubali: The Beginning","2015","movie","tmdb_only","Prabhas filmography","0"
"256591","Focus","2015","movie","wikipedia","Focus (2015 film)","3294"
"256962","Little Boy","2015","movie","wikipedia","The Little Prince (2015 film)","3983"
"257088","Point Break","2015","movie","wikipedia","Point Break (2015 film)","6268"
"257091","Get Hard","2015","movie","wikipedia","Get Hard","4240"
"257211","The Intern","2015","movie","wikipedia","The Intern (2015 film)","3264"
"257344","Pixels","2015","movie","wikipedia","Pixels (2015 film)","3332"
"257445","Goosebumps","2015","movie","wikipedia","Goosebumps (film)","3212"
"257785","Tulip Fever","2017","movie","wikipedia","Tulip Fever","4800"
"258230","A Monster Calls","2016","movie","wikipedia","The Monster (2016 film)","2324"
"258363","Desierto","2015","movie","wikipedia","Desierto","3129"
"258480","Carol","2015","movie","wikipedia","Carol (film)","4049"
"258489","The Legend of Tarzan","2016","movie","wikipedia","The Legend of Tarzan (film)","4158"
"258509","Alvin and the Chipmunks: The Road Chip","2015","movie","wikipedia","Alvin and the Chipmunks: The Road Chip","3877"
"259038","Culinary Crimes","2023","tv","wikipedia","Hannibal (TV series)","639"
"259135","Die Beet-Brüder","2015","tv","tmdb_only","","0"
"259316","Fantastic Beasts and Where to Find Them","2016","movie","wikipedia","Fantastic Beasts and Where to Find Them (film)","4701"
"259693","The Conjuring 2","2016","movie","wikipedia","The Conjuring 2","2506"
"259909","Dexter: Resurrection","2025","tv","wikipedia","Dexter: Resurrection","3155"
"260458","Adults","2025","tv","wikipedia","Paradise (2025 TV series)","2846"
"260513","Incredibles 2","2018","movie","wikipedia","Incredibles 2","4279"
"260514","Cars 3","2017","movie","wikipedia","Cars 3","4384"
"260609","Com si fos ahir","2017","tv","tmdb_only","","0"
"261023","Black Mass","2015","movie","wikipedia","Everest (2015 film)","4151"
"261392","American Ultra","2015","movie","wikipedia","Cinderella (2015 American film)","4150"
"261504","Marcians","2017","tv","tmdb_only","","0"
"262498","Bhootu","2016","tv","tmdb_only","Bhootu","0"
"262500","Insurgent","2015","movie","wikipedia","Insurgent (novel)","3803"
"262504","Allegiant","2016","movie","wikipedia","Allegiant (novel)","4477"
"263109","Shaun the Sheep Movie","2015","movie","wikipedia","Shaun the Sheep Movie","2409"
"263115","Logan","2017","movie","wikipedia","Jigsaw (2017 film)","4377"
"263472","Knock Knock","2015","movie","wikipedia","Knock Knock (2015 film)","4672"
"263995","Janda Pai Kapiraju","2015","movie","wikipedia","Janda Pai Kapiraju","2751"
"264419","Huevos: Little Rooster's Egg-Cellent Adventure","2015","movie","tmdb_only","Huevos (film series)","0"
"264644","Room","2015","movie","wikipedia","Room (2015 film)","3274"
"264660","Ex Machina","2015","movie","wikipedia","Ex Machina (film)","4058"
"265208","Wild Card","2015","movie","wikipedia","Wild Card (2015 film)","2827"
"266396","The Gunman","2015","movie","wikipedia","The Gunman (2015 film)","2669"
"266647","Pan","2015","movie","wikipedia","Pan (2015 film)","3962"
"267193","Grimsby","2016","movie","wikipedia","Grimsby (film)","4874"
"267860","London Has Fallen","2016","movie","wikipedia","London Has Fallen","3634"
"267935","The BFG","2016","movie","wikipedia","The BFG (2016 film)","3618"
"268531","Captain Underpants: The First Epic Movie","2017","movie","wikipedia","Captain Underpants: The First Epic Movie","3448"
"268896","Pacific Rim: Uprising","2018","movie","wikipedia","Pacific Rim (film)","4085"
"268920","Hot Pursuit","2015","movie","wikipedia","Hot Pursuit (2015 film)","3881"
"269149","Zootopia","2016","movie","wikipedia","Zootopia","4233"
"269592","Evilness","2015","movie","tmdb_only","Resident Evil (film series)","0"
"270010","A Hologram for the King","2016","movie","wikipedia","King Cobra (2016 film)","2717"
"270303","It Follows","2015","movie","wikipedia","Sicario (2015 film)","3777"
"270487","Hail, Caesar!","2016","movie","wikipedia","The Choice (2016 film)","3580"
"270838","Mésnit","2015","tv","tmdb_only","","0"
"271110","Captain America: Civil War","2016","movie","wikipedia","Captain America: Civil War","4469"
"271718","Trainwreck","2015","movie","wikipedia","Trumbo (2015 film)","2960"
"273248","The Hateful Eight","2015","movie","wikipedia","Point Break (2015 film)","6268"
"273477","Scouts Guide to the Zombie Apocalypse","2015","movie","wikipedia","Scouts Guide to the Zombie Apocalypse","3907"
"273481","Sicario","2015","movie","wikipedia","Sicario (2015 film)","3777"
"273986","Menorca Britànica","2015","tv","tmdb_only","","0"
"274167","Daddy's Home","2015","movie","wikipedia","Daddy's Home (film)","4205"
"274854","The Last Witch Hunter","2015","movie","wikipedia","The Last Witch Hunter","4033"
"274855","Geostorm","2017","movie","wikipedia","Only the Brave (2017 film)","4945"
"274857","King Arthur: Legend of the Sword","2017","movie","wikipedia","King Arthur: Legend of the Sword","4568"
"274862","The Lego Ninjago Movie","2017","movie","wikipedia","The Lego Ninjago Movie","4238"
"274870","Passengers","2016","movie","wikipedia","Passengers (2016 film)","4352"
"276907","Legend","2015","movie","wikipedia","Legend (2015 film)","3672"
"277216","Straight Outta Compton","2015","movie","wikipedia","Straight Outta Compton (film)","4019"
"277217","Descendants","2015","movie","wikipedia","Descendants (2015 film)","4283"
"277525","Neethane Enthan Ponvasantham","2020","tv","wikipedia","Neethane Enthan Ponvasantham","3927"
"277791","Memòria negra","2017","tv","tmdb_only","List of Caracol Televisión telenovelas and series","0"
"277834","Moana","2016","movie","wikipedia","Moana (2016 film)","4028"
"277890","Peranbu","2021","tv","wikipedia","Peranbu (TV series)","2457"
"278051","Vidhya No. 1","2021","tv","wikipedia","Ethirneechal (TV series)","3182"
"278154","Ice Age: Collision Course","2016","movie","wikipedia","Ice Age: Collision Course","3690"
"278398","Pathemari","2015","movie","wikipedia","Amar Akbar Anthony (2015 film)","3630"
"278924","Mechanic: Resurrection","2016","movie","wikipedia","Mechanic: Resurrection","3184"
"278927","The Jungle Book","2016","movie","wikipedia","The Jungle Book (2016 film)","6014"
"280092","Insidious: Chapter 3","2015","movie","wikipedia","Insidious: Chapter 3","3672"
"280217","The Lego Movie 2: The Second Part","2019","movie","wikipedia","The Lego Movie 2: The Second Part","4971"
"280926","Boron","2021","tv","wikipedia","Boron (TV series)","1641"
"280932","Khelaghor","2020","tv","wikipedia","Khelaghor","3583"
"280996","Mr. Holmes","2015","movie","wikipedia","Mr. Holmes","4455"
"281153","Crime Patrol Dial 100","2015","tv","wikipedia","Crime Patrol (TV series)","2831"
"281338","War for the Planet of the Apes","2017","movie","wikipedia","War for the Planet of the Apes","6672"
"281634","Star Road","2018","tv","wikipedia","Titans (2018 TV series)","2884"
"281957","The Revenant","2015","movie","wikipedia","The Revenant (2015 film)","4176"
"282035","The Mummy","2017","movie","wikipedia","The Mummy (2017 film)","3480"
"283366","Miss Peregrine's Home for Peculiar Children","2016","movie","wikipedia","Miss Peregrine's Home for Peculiar Children (film)","4361"
"283445","Sinister 2","2015","movie","wikipedia","Sinister 2","5938"
"283552","The Light Between Oceans","2016","movie","wikipedia","Morgan (2016 film)","4296"
"283566","Evangelion: 3.0+1.0 Thrice Upon a Time","2021","movie","wikipedia","Evangelion: 3.0+1.0 Thrice Upon a Time","3991"
"283895","Mere Sai Shraddha Aur Saburi","2017","tv","tmdb_only","","0"
"283984","Fate/stay night: Heaven's Feel I. Presage Flower","2017","movie","wikipedia","Fate/Stay Night: Heaven's Feel I. Presage Flower","3466"
"283995","Guardians of the Galaxy Vol. 2","2017","movie","wikipedia","Guardians of the Galaxy Vol. 2","4903"
"284052","Doctor Strange","2016","movie","wikipedia","Doctor Strange (2016 film)","4023"
"284053","Thor: Ragnarok","2017","movie","wikipedia","Thor: Ragnarok","4110"
"284054","Black Panther","2018","movie","wikipedia","Black Panther (film)","4659"
"284736","Boston Blue","2025","tv","wikipedia","Boston Blue","3038"
"285151","Raja Rani Chi Ga Jodi","2019","tv","tmdb_only","List of longest-running Indian television series","0"
"285783","The Walk","2015","movie","wikipedia","The Walk (2015 film)","3450"
"286217","The Martian","2015","movie","wikipedia","Sicario (2015 film)","3777"
"286801","Monster: The Ed Gein Story","2025","tv","wikipedia","Monster: The Ed Gein Story","577"
"287424","Maggie","2015","movie","wikipedia","Maggie (film)","4364"
"287947","Shazam!","2019","movie","wikipedia","The Best of Enemies (2019 film)","3454"
"287948","The Transporter Refueled","2015","movie","wikipedia","The Transporter Refueled","3715"
"289892","Helluva Boss","2020","tv","wikipedia","Helluva Boss","4745"
"290098","The Handmaiden","2016","movie","wikipedia","The Wailing (2016 film)","3894"
"290250","The Nice Guys","2016","movie","wikipedia","The Nice Guys","4344"
"290595","The Huntsman: Winter's War","2016","movie","wikipedia","The Huntsman: Winter's War","1828"
"290815","Court","2015","movie","wikipedia","Sky (2015 film)","1393"
"290859","Terminator: Dark Fate","2019","movie","wikipedia","Terminator: Dark Fate","3785"
"291276","Unlocked","2017","movie","wikipedia","Unlocked (2017 film)","3994"
"291549","Assassination","2015","movie","wikipedia","Assassination (2015 film)","4063"
"291805","Now You See Me 2","2016","movie","wikipedia","Now You See Me 2","3455"
"291870","Dirty Grandpa","2016","movie","wikipedia","The Boy (2016 film)","2931"
"292431","Love","2015","movie","wikipedia","Love (2015 film)","1436"
"292954","Carryminati","2016","tv","tmdb_only","CarryMinati","0"
"293167","Kong: Skull Island","2017","movie","wikipedia","Kong: Skull Island","4072"
"293660","Deadpool","2016","movie","wikipedia","Deadpool (film)","3532"
"293670","The Wailing","2016","movie","wikipedia","The Wailing (2016 film)","3894"
"293767","Billy Lynn's Long Halftime Walk","2016","movie","wikipedia","Billy Lynn's Long Halftime Walk (film)","3820"
"293863","The Age of Adaline","2015","movie","wikipedia","The Age of Adaline","2941"
"294254","Maze Runner: The Scorch Trials","2015","movie","wikipedia","Maze Runner: The Scorch Trials","4180"
"294546","Board AF","2016","tv","wikipedia","Sandokan (2025 TV series)","3645"
"294963","Bone Tomahawk","2015","movie","wikipedia","Bone Tomahawk","3262"
"295132","Valiente Amor","2016","tv","tmdb_only","List of GMA Network original drama series","0"
"295230","High Rollers","2016","tv","tmdb_only","Lost (TV series)","0"
"295724","Aviez-vous remarqué ?","2015","tv","tmdb_only","","0"
"295830","Attack on Titan","2015","movie","wikipedia","Attack on Titan (film)","5398"
"295964","Burnt","2015","movie","wikipedia","Truth (2015 film)","3693"
"296096","Me Before You","2016","movie","wikipedia","Me Before You","1607"
"296098","Bridge of Spies","2015","movie","wikipedia","Bridge of Spies (film)","3213"
"296099","Vacation","2015","movie","wikipedia","Vacation (2015 film)","4385"
"296524","Deepwater Horizon","2016","movie","wikipedia","Deepwater Horizon (film)","4297"
"296917","PSYCHO-PASS: The Movie","2015","movie","wikipedia","Psycho-Pass: The Movie","3348"
"296918","Arpeggio of Blue Steel -Ars Nova DC-","2015","movie","tmdb_only","","0"
"297400","Socialphobia","2015","movie","tmdb_only","List of South Korean films of 2015","0"
"297725","The Man Who Killed Don Quixote","2018","movie","wikipedia","The Man Who Killed Don Quixote","4511"
"297761","Suicide Squad","2016","movie","wikipedia","Suicide Squad (2016 film)","4127"
"297762","Wonder Woman","2017","movie","wikipedia","Wonder Woman (2017 film)","6495"
"297802","Aquaman","2018","movie","wikipedia","Aquaman (film)","4214"
"298312","The Visit","2015","movie","wikipedia","The Visit (2015 American film)","3625"
"298618","The Flash","2023","movie","wikipedia","The Flash (film)","4417"
"298682","Nightmares of Nature","2025","tv","tmdb_only","Severance (TV series)","0"
"299054","Expend4bles","2023","movie","tmdb_only","List of American films of 2023","0"
"299534","Avengers: Endgame","2019","movie","wikipedia","Avengers: Endgame","4377"
"299536","Avengers: Infinity War","2018","movie","wikipedia","Avengers: Infinity War","4712"
"299537","Captain Marvel","2019","movie","wikipedia","Captain Marvel (film)","3863"
"299687","The 5th Wave","2016","movie","wikipedia","The 5th Wave (film)","3991"
"299710","Being 14","2015","movie","wikipedia","The Invitation (2015 film)","3972"
"300668","Annihilation","2018","movie","wikipedia","Annihilation (film)","3683"
"300669","Don't Breathe","2016","movie","wikipedia","Don't Breathe","3468"
"300671","13 Hours: The Secret Soldiers of Benghazi","2016","movie","wikipedia","13 Hours: The Secret Soldiers of Benghazi","4170"
"300681","Replicas","2018","movie","wikipedia","Vice (2018 film)","4294"
"301528","Toy Story 4","2019","movie","wikipedia","Toy Story 4","3401"
"302156","Criminal","2016","movie","wikipedia","Criminal (2016 film)","3953"
"302429","Strange Magic","2015","movie","wikipedia","Strange Magic (film)","3728"
"302431","Reporters","2015","tv","tmdb_only","Poldark (2015 TV series)","0"
"302699","Central Intelligence","2016","movie","wikipedia","Criminal (2016 film)","3953"
"302946","The Accountant","2016","movie","wikipedia","The Accountant (2016 film)","4793"
"303857","Dragon Ball Z: Resurrection 'F'","2015","movie","tmdb_only","List of Dragon Ball films","0"
"305470","Power Rangers","2017","movie","wikipedia","Power Rangers (film)","6991"
"306819","The Danish Girl","2015","movie","wikipedia","The Danish Girl (film)","4421"
"307081","Southpaw","2015","movie","wikipedia","Southpaw (film)","4328"
"307663","Vice","2015","movie","wikipedia","Vice (2015 film)","4499"
"308215","Noms propis","2015","tv","tmdb_only","","0"
"308266","War Dogs","2016","movie","wikipedia","War Dogs (2016 film)","3953"
"308504","Last Knights","2015","movie","wikipedia","Last Knights","2062"
"308531","Teenage Mutant Ninja Turtles: Out of the Shadows","2016","movie","wikipedia","Teenage Mutant Ninja Turtles: Out of the Shadows","4571"
"308835","Punts de vista","2016","tv","tmdb_only","","0"
"309809","The Little Prince","2015","movie","wikipedia","The Little Prince (2015 film)","3983"
"309886","Blood Father","2016","movie","wikipedia","Brimstone (2016 film)","4614"
"310131","The Witch","2016","movie","wikipedia","The Witch (2015 film)","6308"
"310307","The Founder","2016","movie","wikipedia","The Accountant (2016 film)","4793"
"310518","Hockey Psychology","2021","tv","wikipedia","Mom (TV series)","1565"
"310534","Cássia","2015","movie","wikipedia","Pompeii (film)","4394"
"311324","The Great Wall","2016","movie","wikipedia","The Great Wall (2016 film)","5894"
"311747","Sajan Re Phir Jhoot Mat Bolo","2017","tv","tmdb_only","","0"
"312221","Creed","2015","movie","wikipedia","Creed (film)","4702"
"312735","Smosh's Try Not to Laugh","2016","tv","tmdb_only","","0"
"313369","La La Land","2016","movie","wikipedia","Moonlight (2016 film)","3925"
"314095","The Lost City of Z","2017","movie","wikipedia","The Lost City of Z (film)","4294"
"314365","Spotlight","2015","movie","wikipedia","Spotlight (film)","4141"
"314692","The Rewatchables","2015","tv","wikipedia","Nero Wolfe (2001 TV series)","4041"
"315011","Shin Godzilla","2016","movie","wikipedia","Shin Godzilla","3793"
"315162","Puss in Boots: The Last Wish","2022","movie","wikipedia","Puss in Boots: The Last Wish","4308"
"315195","Trideviyaan","2016","tv","wikipedia","Trideviyaan","2428"
"315465","The Boy and the Beast","2015","movie","wikipedia","The Boy and the Beast","4305"
"315635","Spider-Man: Homecoming","2017","movie","wikipedia","Spider-Man: Homecoming","4473"
"315837","Ghost in the Shell","2017","movie","wikipedia","Ghost in the Shell (2017 film)","3967"
"315846","Our Little Sister","2015","movie","wikipedia","Stonewall (2015 film)","2648"
"316029","The Greatest Showman","2017","movie","wikipedia","The Greatest Showman","3968"
"316472","Nojor","2019","tv","wikipedia","Nojor","11071"
"316563","Seemarekha","2017","tv","wikipedia","Vani Rani (TV series)","3995"
"316727","The Purge: Election Year","2016","movie","wikipedia","The Purge: Election Year","3801"
"316829","Ponnukku Thanga Manasu","2018","tv","wikipedia","Ponnukku Thanga Manasu (TV series)","3426"
"316873","Detective Conan: Sunflowers of Inferno","2015","movie","tmdb_only","List of highest-grossing animated films","0"
"317058","Nenjam Marappathillai","2017","tv","wikipedia","Nenjam Marappathillai (TV series)","4116"
"317270","Minnale","2018","tv","wikipedia","Minnale (TV series)","1210"
"317345","Jiyon Kathi","2019","tv","wikipedia","Jiyon Kathi","173"
"317418","Kalyana Veedu","2018","tv","wikipedia","Kalyana Veedu","5513"
"317512","Manasaare","2020","tv","wikipedia","Manasaare (TV series)","355"
"318250","Beder Meye Jyotsna","2019","tv","tmdb_only","Beder Meye Jyotsna (TV series)","0"
"318373","Young Tiger","2015","movie","wikipedia","Pan (2015 film)","3962"
"318490","Kavyanjali","2020","tv","wikipedia","Kavyanjali (Kannada TV series)","3729"
"318781","Colonia","2016","movie","wikipedia","Colonia (film)","2824"
"318846","The Big Short","2015","movie","wikipedia","A Bigger Splash (2015 film)","2872"
"318898","Aggabai Sasubai","2019","tv","wikipedia","Aggabai Sasubai","5872"
"318917","Look Who's Back","2015","movie","wikipedia","Look Who's Back (film)","4310"
"319014","Scooore! – Internationales Fußball-Magazin","2015","tv","tmdb_only","","0"
"319020","Agnishikha","2021","tv","tmdb_only","","0"
"319337","13 Minutes","2015","movie","wikipedia","13 Minutes (2015 film)","1643"
"319607","Swantham Sujatha","2020","tv","wikipedia","Swantham Sujatha","190"
"319774","Abhalachi Maya","2021","tv","wikipedia","Aniyathipraavu (TV series)","508"
"319814","Kanyadaan","2020","tv","tmdb_only","Kanyadaan (2020 TV series)","0"
"319876","Poove Unakkaga","2020","tv","wikipedia","Poove Unakkaga (TV series)","3371"
"319888","Eddie the Eagle","2016","movie","wikipedia","Eddie the Eagle (film)","2435"
"319930","Ente Maathavu","2020","tv","wikipedia","Ente Maathavu","240"
"320014","Sant Gajanan Shegaviche","2021","tv","wikipedia","Sant Gajanan Shegaviche","211"
"320061","Jau Nako Dur... Baba","2021","tv","wikipedia","Kana Kanmani (2021 TV series)","191"
"320118","Nayanatara","2021","tv","tmdb_only","","0"
"320288","Dark Phoenix","2019","movie","wikipedia","Joker (2019 film)","4159"
"321612","Beauty and the Beast","2017","movie","wikipedia","Beauty and the Beast (2017 film)","3258"
"321666","600 Miles","2015","movie","wikipedia","600 Miles","2335"
"321751","A Perfect Day","2015","movie","wikipedia","A Perfect Day (2015 film)","548"
"322178","Vaastu Prakaara","2015","movie","tmdb_only","Vaastu Prakaara","0"
"322190","Mariyam Mukku","2015","movie","tmdb_only","Fahadh Faasil filmography","0"
"322233","Yeh Vaada Raha","2015","tv","wikipedia","Yeh Vaada Raha (TV series)","2259"
"322240","Nine Lives","2016","movie","wikipedia","Nine Lives (2016 film)","3537"
"322640","Last Meals","2021","tv","tmdb_only","Characters of The Last of Us (TV series)","0"
"322740","Seashore","2015","movie","wikipedia","Alone (2015 Kannada film)","3359"
"322846","Kaala Teeka","2015","tv","wikipedia","Kaala Teeka","7181"
"323661","Mune: Guardian of the Moon","2015","movie","wikipedia","Mune: Guardian of the Moon","3602"
"324464","AumSum Time","2019","tv","tmdb_only","List of Indian animated television series","0"
"324552","John Wick: Chapter 2","2017","movie","wikipedia","John Wick: Chapter 2","4427"
"324553","Saat Bhai Champa","2017","tv","wikipedia","Saat Bhai Champa (TV series)","790"
"324560","Brimstone","2016","movie","wikipedia","Brimstone (2016 film)","4614"
"324668","Jason Bourne","2016","movie","wikipedia","Jason Bourne (film)","4489"
"324786","Hacksaw Ridge","2016","movie","wikipedia","Hacksaw Ridge","3791"
"324812","Alien Tampon","2015","movie","tmdb_only","","0"
"324849","The Lego Batman Movie","2017","movie","wikipedia","The Lego Batman Movie","3777"
"324852","Despicable Me 3","2017","movie","wikipedia","Despicable Me 3","5943"
"324857","Spider-Man: Into the Spider-Verse","2018","movie","wikipedia","Spider-Man: Into the Spider-Verse","6258"
"326282","Aadu","2015","movie","wikipedia","Aadu (film)","3118"
"327050","Studio Danielle","2015","tv","tmdb_only","Love Island (2015 TV series)","0"
"327183","Diva Depressão","2015","tv","tmdb_only","","0"
"327368","Rotten Mango","2020","tv","wikipedia","Home Economics (TV series)","535"
"327915","Sakalakala Vallavan","2015","movie","wikipedia","Sakalakala Vallavan (2015 film)","2759"
"328376","Touring Talkies","2015","movie","wikipedia","Touring Talkies (2015 film)","190"
"328425","The Gift","2015","movie","wikipedia","The Gift (2015 American film)","4117"
"329133","RajiniMurugan","2015","movie","wikipedia","Rajinimurugan","2888"
"329865","Arrival","2016","movie","wikipedia","Arrival (film)","6959"
"329981","Shut In","2016","movie","wikipedia","Shut In (2016 film)","3972"
"329996","Dumbo","2019","movie","wikipedia","Dumbo (2019 film)","3816"
"330141","Cosmic Sex","2015","movie","wikipedia","Cosmic Sex","2670"
"330457","Frozen II","2019","movie","wikipedia","Frozen (2013 film)","3010"
"330459","Rogue One: A Star Wars Story","2016","movie","tmdb_only","Rogue One: A Star Wars Story (novel)","0"
"331160","Une Libération","2015","movie","tmdb_only","The New Girlfriend (film)","0"
"331482","Little Women","2019","movie","wikipedia","Little Women (2019 film)","3838"
"332107","Intervenção","2015","movie","tmdb_only","","0"
"332210","Storks","2016","movie","wikipedia","The Magnificent Seven (2016 film)","3333"
"332562","A Star Is Born","2018","movie","wikipedia","A Star Is Born (2018 film)","3681"
"332567","The Shallows","2016","movie","wikipedia","The Shallows (film)","4368"
"333339","Ready Player One","2018","movie","wikipedia","Ready Player One (film)","4229"
"333352","Eye in the Sky","2015","movie","wikipedia","Eye in the Sky (2015 film)","3425"
"333371","10 Cloverfield Lane","2016","movie","wikipedia","10 Cloverfield Lane","3339"
"333484","The Magnificent Seven","2016","movie","wikipedia","The Magnificent Seven (2016 film)","3333"
"333669","Bastille Day","2016","movie","wikipedia","Bastille Day (2016 film)","3900"
"334074","Survivor","2015","movie","wikipedia","Survivors (2015 film)","2431"
"334376","Ghost in the Shell: The New Movie","2015","movie","wikipedia","Ghost in the Shell: The New Movie","4163"
"334521","Free Fire","2017","movie","wikipedia","Free Fire (film)","3528"
"334533","Captain Fantastic","2016","movie","wikipedia","Captain Fantastic (film)","4286"
"334541","Manchester by the Sea","2016","movie","wikipedia","Genius (2016 film)","1587"
"335117","Delicious Delivery","2015","movie","wikipedia","Pizza (2012 film)","3342"
"335777","The Nut Job 2: Nutty by Nature","2017","movie","wikipedia","The Glass Castle (2017 film)","4290"
"335787","Uncharted","2022","movie","wikipedia","Uncharted (film)","3550"
"335797","Sing","2016","movie","wikipedia","Sing (2016 American film)","4067"
"335977","Indiana Jones and the Dial of Destiny","2023","movie","wikipedia","Indiana Jones and the Dial of Destiny","4168"
"335983","Venom","2018","movie","wikipedia","Venom (2018 film)","3256"
"335984","Blade Runner 2049","2017","movie","wikipedia","Blade Runner 2049","4377"
"335988","Transformers: The Last Knight","2017","movie","wikipedia","Transformers: The Last Knight","4374"
"336843","Maze Runner: The Death Cure","2018","movie","wikipedia","Maze Runner: The Death Cure","4119"
"337167","Fifty Shades Freed","2018","movie","wikipedia","Fifty Shades Freed (film)","4051"
"337170","American Made","2017","movie","wikipedia","It (2017 film)","3824"
"337339","The Fate of the Furious","2017","movie","wikipedia","The Fate of the Furious","3629"
"337401","Mulan","2020","movie","wikipedia","Mulan (2020 film)","3585"
"337404","Cruella","2021","movie","wikipedia","Cruella (film)","4100"
"337676","Mektoub, My Love: Canto Uno","2018","movie","wikipedia","Mektoub, My Love: Canto Uno","255"
"337703","The Red Turtle","2016","movie","wikipedia","The Red Turtle","2913"
"338676","Extinction","2015","movie","wikipedia","Extinction (2015 film)","5471"
"338762","Bloodshot","2020","movie","wikipedia","The Hunt (2020 film)","4344"
"338766","Hell or High Water","2016","movie","wikipedia","Hell or High Water (film)","5959"
"338803","The Treacherous","2015","movie","wikipedia","The Treacherous","934"
"338952","Fantastic Beasts: The Crimes of Grindelwald","2018","movie","wikipedia","Fantastic Beasts: The Crimes of Grindelwald","6706"
"338953","Fantastic Beasts: The Secrets of Dumbledore","2022","movie","wikipedia","Fantastic Beasts: The Secrets of Dumbledore","6617"
"338967","Zombieland: Double Tap","2019","movie","wikipedia","Zombieland: Double Tap","7591"
"338970","Tomb Raider","2018","movie","wikipedia","Tomb Raider (film)","4046"
"339259","The Man with the Iron Heart","2017","movie","wikipedia","The Man with the Iron Heart (film)","1290"
"339304","Oru Second Class Yathra","2015","movie","wikipedia","Oru Second Class Yathra","1621"
"339403","Baby Driver","2017","movie","wikipedia","Baby Driver","3551"
"339405","Christine","2016","movie","wikipedia","Christine (2016 film)","2365"
"339527","Solace","2015","movie","wikipedia","Solace (2015 film)","2300"
"339563","Wasteland","2016","movie","wikipedia","Wasteland (2013 film)","626"
"339692","Shot Caller","2017","movie","wikipedia","Shot Caller (film)","3474"
"339846","Baywatch","2017","movie","wikipedia","Baywatch (film)","3409"
"339964","Valerian and the City of a Thousand Planets","2017","movie","wikipedia","Valerian and the City of a Thousand Planets","4923"
"339988","The Circle","2017","movie","wikipedia","The Circle (2017 film)","4231"
"340102","The New Mutants","2020","movie","wikipedia","The New Mutants (film)","4402"
"340357","April and the Extraordinary World","2015","movie","wikipedia","The Dressmaker (2015 film)","4096"
"340382","Attack on Titan II: End of the World","2015","movie","wikipedia","Attack on Titan (film)","5398"
"340819","Love Clinic","2015","movie","wikipedia","Love Clinic","565"
"341013","Atomic Blonde","2017","movie","wikipedia","Atomic Blonde","3560"
"341174","Fifty Shades Darker","2017","movie","wikipedia","Fifty Shades Darker (film)","4398"
"341895","Premam","2015","movie","wikipedia","Premam (2016 film)","6013"
"342473","Ballerina","2016","movie","wikipedia","Ballerina (2016 film)","3612"
"343611","Jack Reacher: Never Go Back","2016","movie","wikipedia","Jack Reacher: Never Go Back","3205"
"343668","Kingsman: The Golden Circle","2017","movie","wikipedia","Kingsman: The Golden Circle","4577"
"345887","The Equalizer 2","2018","movie","wikipedia","The Equalizer 2","4134"
"345911","Lights Out","2016","movie","wikipedia","Lights Out (2016 film)","4882"
"345938","The Shack","2017","movie","wikipedia","The Shack (2017 film)","3546"
"345940","The Meg","2018","movie","wikipedia","The Meg","2551"
"346014","Intimate Witness","2015","movie","wikipedia","A Bigger Splash (2015 film)","2872"
"346238","Männertag","2016","movie","tmdb_only","","0"
"346364","It","2017","movie","wikipedia","It (2017 film)","3824"
"346470","Nineteen","2015","movie","wikipedia","Nineteen Eighty-Four (1984 film)","4547"
"346648","Paddington 2","2017","movie","wikipedia","Paddington 2","2747"
"346672","Underworld: Blood Wars","2016","movie","wikipedia","Underworld: Blood Wars","3973"
"346698","Barbie","2023","movie","wikipedia","Barbie (film)","3799"
"346709","Line of Duty","2019","movie","wikipedia","Line of Duty (film)","3966"
"346910","The Predator","2018","movie","wikipedia","The Predator (film)","4084"
"347201","Boruto: Naruto the Movie","2015","movie","wikipedia","Boruto: Naruto the Movie","3530"
"347375","Mile 22","2018","movie","wikipedia","Alpha (2018 film)","6440"
"347671","Periscópio","2015","movie","tmdb_only","List of Brazilian films of 2015","0"
"348060","Antigang","2015","movie","tmdb_only","The Squad (2015 film)","0"
"348350","Solo: A Star Wars Story","2018","movie","wikipedia","Solo: A Star Wars Story","3895"
"348613","C'est Si Bon","2015","movie","wikipedia","C'est si bon (film)","658"
"348892","Bajrangi Bhaijaan","2015","movie","tmdb_only","List of Hindi films of 2015","0"
"348893","Boyka: Undisputed IV","2016","movie","tmdb_only","List of feature film series with four entries","0"
"349498","Flying Colors","2015","movie","wikipedia","Flying Colors (2015 film)","1782"
"350312","Bāhubali 2: The Conclusion","2017","movie","tmdb_only","Rana Daggubati filmography","0"
"350499","Pokémon the Movie: Hoopa and the Clash of Ages","2015","movie","tmdb_only","List of Pokémon films","0"
"350549","Love 24x7","2015","movie","wikipedia","Love 24x7","312"
"351286","Jurassic World: Fallen Kingdom","2018","movie","tmdb_only","Jurassic World: Fallen Kingdom (film score)","0"
"351339","Anthropoid","2016","movie","wikipedia","Anthropoid (film)","3321"
"351523","Purpose of Reunion","2015","movie","wikipedia","Haunted Mansion (2015 film)","5993"
"352451","KL10 Pathu","2015","movie","tmdb_only","","0"
"352549","Coração Azul","2015","movie","tmdb_only","","0"
"353081","Mission: Impossible - Fallout","2018","movie","tmdb_only","Mission: Impossible (film series)","0"
"353326","The Man Who Knew Infinity","2016","movie","wikipedia","The Man Who Knew Infinity","5479"
"353486","Jumanji: Welcome to the Jungle","2017","movie","wikipedia","Jumanji: Welcome to the Jungle","3347"
"353491","The Dark Tower","2017","movie","wikipedia","The Dark Tower (2017 film)","5449"
"354912","Coco","2017","movie","wikipedia","Coco (2017 film)","6450"
"355208","The Swirl","2016","movie","tmdb_only","2016 Summer Olympics","0"
"355547","The Star","2017","movie","wikipedia","The Star (2017 film)","4222"
"357057","The Goodbye","2015","movie","wikipedia","The Dressmaker (2015 film)","4096"
"357458","Young Mother: What's Wrong With My Age?","2015","movie","wikipedia","No Reservations (film)","2182"
"357786","Kizumonogatari Part 1: Tekketsu","2016","movie","tmdb_only","List of animated feature films of 2016","0"
"357969","32aam Adhyayam 23aam Vaakyam","2015","movie","wikipedia","32aam Adhyayam 23aam Vaakyam","1601"
"359122","Strawberry","2015","movie","wikipedia","Strawberry (film)","1640"
"359364","Human","2015","movie","tmdb_only","Human (2015 film)","0"
"359410","Road House","2024","movie","wikipedia","Road House (2024 film)","3508"
"359724","Ford v Ferrari","2019","movie","wikipedia","Ford v Ferrari","4124"
"359940","Three Billboards Outside Ebbing, Missouri","2017","movie","wikipedia","Three Billboards Outside Ebbing, Missouri","4353"
"360028","Decadencia","2015","movie","wikipedia","Candela (film)","276"
"360310","Tarântula","2015","movie","wikipedia","Tarantula (film)","3609"
"360814","Dangal","2016","movie","wikipedia","Dangal (2016 film)","3356"
"360920","The Grinch","2018","movie","wikipedia","The Grinch (film)","3287"
"361385","Samrajyam II: Son of Alexander","2015","movie","tmdb_only","Samrajyam II: Son of Alexander","0"
"361493","Kirumi","2015","movie","tmdb_only","List of Tamil films of 2015","0"
"361743","Top Gun: Maverick","2022","movie","wikipedia","Top Gun: Maverick","7003"
"362045","Bajirao Mastani","2015","movie","wikipedia","Bajirao Mastani","4327"
"362343","Trenk, the Little Knight","2015","movie","tmdb_only","List of animated feature films of 2015","0"
"363088","Ant-Man and the Wasp","2018","movie","wikipedia","Ant-Man and the Wasp","4057"
"363298","El Paso","2015","movie","tmdb_only","El Paso, Texas","0"
"363676","Sully","2016","movie","wikipedia","Sully (film)","3178"
"363718","Blütenträume","2015","movie","tmdb_only","","0"
"363978","Ko 2","2016","movie","wikipedia","Ko (film)","4467"
"364689","Ferdinand","2017","movie","wikipedia","Ferdinand (film)","3803"
"365045","Heidi","2015","movie","tmdb_only","Heidi (2015 film)","0"
"365177","Borderlands","2024","movie","wikipedia","Borderlands (film)","2115"
"365419","After Spring Comes Fall","2015","movie","wikipedia","Early Spring (1956 film)","1279"
"365620","Ferrari","2023","movie","wikipedia","Ferrari (2023 film)","2267"
"366170","Yu-Gi-Oh!: The Dark Side of Dimensions","2016","movie","tmdb_only","","0"
"367839","Too Hard to Handle","2016","movie","wikipedia","The Void (2016 film)","4359"
"367976","Les Fusillés","2015","movie","wikipedia","Shot at Dawn (film)","447"
"368031","Friend Request","2016","movie","wikipedia","Custody (2016 film)","3385"
"368342","Mordkommission Berlin 1","2015","movie","tmdb_only","Alarm (1941 film)","0"
"369865","Chhello Divas","2015","movie","wikipedia","Chhello Divas","1633"
"369972","First Man","2018","movie","wikipedia","Venom (2018 film)","3256"
"370172","No Time to Die","2021","movie","wikipedia","No Time to Die (1958 film)","2108"
"370952","Jithan 2","2016","movie","tmdb_only","Jithan 2","0"
"371231","Lord Livingstone 7000 Kandi","2015","movie","wikipedia","Lord Livingstone 7000 Kandi","1493"
"371303","Amor tóxico","2015","movie","tmdb_only","List of Spanish films of 2026","0"
"371645","Hunt for the Wilderpeople","2016","movie","wikipedia","Hunt for the Wilderpeople","3171"
"372058","Your Name.","2016","movie","wikipedia","Call Me by Your Name (film)","2921"
"372343","The Snowman","2017","movie","wikipedia","The Snowman (2017 film)","4060"
"372345","Ozhivudivasathe Kali","2016","movie","wikipedia","Ozhivudivasathe Kali","3142"
"372399","A Aa","2016","movie","wikipedia","A Aa","3619"
"372751","Code Geass: Akito the Exiled 5: To Beloved Ones","2016","movie","tmdb_only","2016 in anime","0"
"372754","Dou kyu sei – Classmates","2016","movie","tmdb_only","","0"
"373571","Godzilla: King of the Monsters","2019","movie","wikipedia","Godzilla: King of the Monsters (2019 film)","4708"
"373593","Su.. Su... Sudhi Vathmeekam","2015","movie","tmdb_only","","0"
"373879","One Piece: Adventure of Nebulandia","2015","movie","tmdb_only","","0"
"374205","One Piece Film: GOLD","2016","movie","wikipedia","One Piece Film: Gold","3110"
"374720","Dunkirk","2017","movie","wikipedia","Dunkirk (2017 film)","5718"
"374856","Detective Conan: The Darkest Nightmare","2016","movie","tmdb_only","List of Case Closed films","0"
"374908","Ta mère !","2015","movie","tmdb_only","Tere Mere Sapne (1971 film)","0"
"375262","The Favourite","2018","movie","wikipedia","The Favourite (2018 film)","2898"
"375290","Airlift","2016","movie","wikipedia","Airlift (film)","5860"
"375366","The Girl with All the Gifts","2016","movie","wikipedia","The Girl with All the Gifts (film)","6412"
"375588","Robin Hood","2018","movie","wikipedia","Robin Hood (2018 film)","3873"
"376290","Miss Sloane","2016","movie","wikipedia","Miss Sloane","2646"
"376328","Lokha Samastha","2015","movie","tmdb_only","Aju Varghese filmography","0"
"376476","Icons of Light","2016","movie","wikipedia","Silence (2016 film)","4218"
"376865","High Life","2018","movie","wikipedia","High Life (2018 film)","3513"
"376867","Moonlight","2016","movie","wikipedia","Moonlight (2016 film)","3925"
"377264","Morgan","2016","movie","wikipedia","Morgan (2016 film)","4296"
"377670","Chapo: El Escape Del Siglo","2016","movie","tmdb_only","","0"
"378064","A Silent Voice: The Movie","2016","movie","wikipedia","A Silent Voice (film)","3826"
"378111","A Stork's Journey","2017","movie","wikipedia","Storks (film)","4576"
"378236","The Emoji Movie","2017","movie","wikipedia","My Little Pony: The Movie (2017 film)","3943"
"379149","The Foreigner","2017","movie","wikipedia","The Foreigner (2017 film)","4382"
"379686","Space Jam: A New Legacy","2021","movie","wikipedia","Space Jam: A New Legacy","3609"
"381283","mother!","2017","movie","wikipedia","Mother (2017 Spanish film)","2082"
"381284","Hidden Figures","2016","movie","wikipedia","Hidden Figures","4279"
"381288","Split","2017","movie","wikipedia","Split (2016 American film)","4326"
"381394","The Audition","2016","movie","wikipedia","The Magnificent Seven (2016 film)","3333"
"381719","Peter Rabbit","2018","movie","wikipedia","Peter Rabbit (film)","3670"
"382190","Pokémon the Movie: Volcanion and the Mechanical Marvel","2016","movie","tmdb_only","List of Pokémon films","0"
"382272","Death Note: Light Up the NEW World","2016","movie","wikipedia","Death Note: Light Up the New World","7629"
"382511","Penny Pincher!","2016","movie","wikipedia","Inspector Gadget (film)","4397"
"382892","Paris 05:59 / Théo & Hugo","2016","movie","tmdb_only","List of erotic films","0"
"383244","Meral, My Girl","2016","movie","wikipedia","Little Girl Blue (2023 film)","628"
"383498","Deadpool 2","2018","movie","wikipedia","Deadpool 2","3940"
"384018","Fast & Furious Presents: Hobbs & Shaw","2019","movie","tmdb_only","Dwayne Johnson filmography","0"
"384345","Doraemon: Nobita and the Birth of Japan","2016","movie","wikipedia","Doraemon: Nobita and the Birth of Japan 2016","5556"
"384476","New Venice","2016","movie","wikipedia","Inferno (2016 film)","4526"
"384680","Hostiles","2017","movie","wikipedia","Hostiles (film)","3705"
"384798","Kill Command","2016","movie","wikipedia","Bastille Day (2016 film)","3900"
"385029","Ashen","2015","movie","wikipedia","Ashen Victor","353"
"385103","Scoob!","2020","movie","wikipedia","Capone (2020 film)","3313"
"385128","F9","2021","movie","tmdb_only","2021 in film","0"
"385509","Santiamén","2016","movie","tmdb_only","","0"
"385687","Fast X","2023","movie","wikipedia","Fast X","3302"
"386716","Young Mother 3","2015","movie","wikipedia","Loafer (2015 film)","455"
"386874","Bad Class","2015","movie","tmdb_only","Bad Reputation (2018 film)","0"
"387592","Early Man","2018","movie","wikipedia","2018 (film)","2199"
"387810","Hot Neighbors","2016","movie","tmdb_only","2016 in film","0"
"387820","Strange Hair Salon","2015","movie","wikipedia","The House of the Devil (2009 film)","2283"
"387839","Power Diary: Cow Farm Saedaek","2015","movie","tmdb_only","","0"
"387848","Buddy's Mom","2015","movie","tmdb_only","Female buddy film","0"
"388399","Patriots Day","2016","movie","wikipedia","Patriots Day (film)","3493"
"388733","Aagam","2016","movie","tmdb_only","List of Tamil films of 2016","0"
"389714","Apolo 81","2015","movie","tmdb_only","List of animated feature films of 2021","0"
"390043","The Hitman's Bodyguard","2017","movie","wikipedia","The Hitman's Bodyguard","3317"
"390634","Fate/stay night: Heaven's Feel II. Lost Butterfly","2019","movie","wikipedia","Fate/Stay Night: Heaven's Feel II. Lost Butterfly","3774"
"390635","Fate/stay night: Heaven's Feel III. Spring Song","2020","movie","wikipedia","Fate/Stay Night: Heaven's Feel III. Spring Song","3969"
"390734","Kingsglaive: Final Fantasy XV","2016","movie","wikipedia","Kingsglaive: Final Fantasy XV","3827"
"390845","A Delicious Flight","2015","movie","wikipedia","French Kiss (1995 film)","3978"
"391105","Amma Kanakku","2016","movie","wikipedia","Appa (2016 film)","5483"
"391423","The Night Before Enlisting","2016","movie","wikipedia","The Wailing (2016 film)","3894"
"391617","Kóblic","2016","movie","tmdb_only","List of Argentine films of 2016","0"
"391713","Lady Bird","2017","movie","wikipedia","Lady Bird (film)","6125"
"391754","Gelo","2016","movie","wikipedia","Gelo (film)","2606"
"391765","Toofan Singh","2017","movie","tmdb_only","Toofan Singh (film)","0"
"391907","Purpose of Cohabitation","2016","movie","wikipedia","Argo (2012 film)","3278"
"391926","Silent Depression","2015","movie","wikipedia","Silent Depression","2295"
"392044","Murder on the Orient Express","2017","movie","wikipedia","Murder on the Orient Express (2017 film)","4180"
"393007","Zweimal lebenslänglich","2015","movie","tmdb_only","List of German films of the 2010s","0"
"393170","Kaptaan","2016","movie","tmdb_only","Kaptaan","0"
"394117","The Florida Project","2017","movie","wikipedia","Columbus (2017 film)","1380"
"395000","Young Mother 4","2016","movie","wikipedia","Mother's Day (2016 film)","2540"
"395834","Wind River","2017","movie","wikipedia","Wind River (film)","3095"
"395990","Death Wish","2018","movie","wikipedia","Death Wish (2018 film)","3262"
"395991","Only the Brave","2017","movie","wikipedia","Only the Brave (2017 film)","4945"
"395992","Life","2017","movie","wikipedia","Life (2017 film)","3951"
"396371","Molly's Game","2017","movie","wikipedia","Molly's Game","3882"
"396422","Annabelle: Creation","2017","movie","wikipedia","Annabelle: Creation","3686"
"396535","Train to Busan","2016","movie","tmdb_only","Train to Busan (film series)","0"
"396924","Willy the 1st","2016","movie","tmdb_only","","0"
"397243","The Autopsy of Jane Doe","2016","movie","wikipedia","The Autopsy of Jane Doe","4317"
"397469","New Folder 2","2015","movie","wikipedia","The Suicide Squad (film)","4441"
"397500","Sueño vagabundo","2015","movie","tmdb_only","","0"
"397526","Distorsión","2015","movie","tmdb_only","","0"
"397567","Along with the Gods: The Two Worlds","2017","movie","wikipedia","Along with the Gods: The Two Worlds","4220"
"397685","Wikén","2016","movie","tmdb_only","","0"
"397776","Cría Brava","2016","movie","tmdb_only","List of films: C","0"
"398181","You Were Never Really Here","2017","movie","wikipedia","You Were Never Really Here","2415"
"398222","Yongju Valley","2015","movie","tmdb_only","","0"
"398818","Call Me by Your Name","2017","movie","wikipedia","Call Me by Your Name (film)","2921"
"398924","A Bag of Marbles","2017","movie","wikipedia","A Bag of Marbles (2017 film)","388"
"398978","The Irishman","2019","movie","wikipedia","The Irishman","4503"
"399035","The Commuter","2018","movie","tmdb_only","2018 in film","0"
"399055","The Shape of Water","2017","movie","wikipedia","Battle of the Sexes (2017 film)","2098"
"399057","The Killing of a Sacred Deer","2017","movie","wikipedia","The Killing of a Sacred Deer","3768"
"399170","Logan Lucky","2017","movie","wikipedia","Lucky (2017 American film)","3817"
"399174","Isle of Dogs","2018","movie","wikipedia","Isle of Dogs (film)","5223"
"399366","Marrowbone","2017","movie","wikipedia","Marrowbone (film)","3993"
"399402","Hunter Killer","2018","movie","wikipedia","Night Hunter (2018 film)","2099"
"399404","Darkest Hour","2017","movie","wikipedia","Darkest Hour (film)","3860"
"399566","Godzilla vs. Kong","2021","movie","wikipedia","Godzilla vs. Kong","4294"
"399579","Alita: Battle Angel","2019","movie","wikipedia","Alita: Battle Angel","3413"
"400136","Resident Evil: Vendetta","2017","movie","wikipedia","Resident Evil: Vendetta","3691"
"400155","Hotel Transylvania 3: Summer Vacation","2018","movie","wikipedia","Hotel Transylvania 3: Summer Vacation","4300"
"400160","The SpongeBob Movie: Sponge on the Run","2020","movie","wikipedia","The SpongeBob Movie: Sponge on the Run","3562"
"400193","Lueurs","2015","movie","tmdb_only","Night Call (film)","0"
"400535","Sicario: Day of the Soldado","2018","movie","wikipedia","Sicario: Day of the Soldado","3972"
"400617","Phantom Thread","2017","movie","wikipedia","Phantom Thread","2877"
"400928","Gifted","2017","movie","wikipedia","Gifted (2017 film)","3576"
"401469","Widows","2018","movie","wikipedia","Widows (2018 film)","4140"
"401947","School Bus","2016","movie","wikipedia","Graduation (2016 film)","4856"
"401981","Red Sparrow","2018","movie","wikipedia","Red Sparrow","5176"
"402431","Wicked","2024","movie","wikipedia","Wicked (2024 film)","4086"
"402455","125 Years Memory","2015","movie","wikipedia","Pan (2015 film)","3962"
"402696","Appa","2016","movie","wikipedia","Appa (2016 film)","5483"
"402780","Kuttram 23","2017","movie","wikipedia","Magalir Mattum (2017 film)","2080"
"402847","Anishoara","2016","movie","tmdb_only","","0"
"402897","The Death of Stalin","2017","movie","wikipedia","The Death of Stalin","3719"
"402900","Ocean's Eight","2018","movie","tmdb_only","","0"
"403092","La redención","2015","movie","wikipedia","Killing Time (2015 film)","660"
"403119","47 Meters Down","2017","movie","tmdb_only","47 Meters Down (film series)","0"
"403899","Forwards Ever!","2017","movie","wikipedia","It (2017 film)","3824"
"404368","Ralph Breaks the Internet","2018","movie","wikipedia","Robin Hood (2018 film)","3873"
"404420","Unterwäschelügen","2016","movie","tmdb_only","","0"
"404652","Adiós","2015","movie","tmdb_only","2021 in film","0"
"404733","Overdrive","2017","movie","wikipedia","Overdrive (2017 film)","3217"
"405774","Bird Box","2018","movie","wikipedia","Bird Box (film)","4408"
"405903","My First Analyst","2016","movie","wikipedia","The Magnificent Seven (2016 film)","3333"
"405931","March of the Penguins 2: The Next Step","2017","movie","wikipedia","The Boy Next Door (film)","3896"
"406563","Insidious: The Last Key","2018","movie","wikipedia","Insidious: The Last Key","3874"
"406759","Moonfall","2022","movie","wikipedia","Ambulance (2022 film)","4023"
"406990","What Happened to Monday","2017","movie","wikipedia","It (2017 film)","3824"
"406997","Wonder","2017","movie","wikipedia","Wonder Woman (2017 film)","6495"
"407002","Bas Ek Chance","2015","movie","tmdb_only","Bas Ek Chance","0"
"407436","Mowgli: Legend of the Jungle","2018","movie","wikipedia","Mowgli: Legend of the Jungle","4013"
"407825","Chudail Story","2016","movie","tmdb_only","List of Hindi horror films","0"
"408349","My Neighbor's Wife","2016","movie","tmdb_only","My Neighbor's Wife","0"
"408536","Rattenkönig","2015","movie","tmdb_only","Rattenkönig","0"
"408620","Asura: The City of Madness","2016","movie","wikipedia","Asura: The City of Madness","833"
"408866","RE:BORN","2016","movie","wikipedia","Re:Born (film)","354"
"408978","Number Eighty","2016","movie","wikipedia","Nineteen Eighty-Four (1984 film)","4547"
"410554","First Kill","2017","movie","wikipedia","First Kill (2017 film)","5116"
"410556","Global Baba","2016","movie","tmdb_only","Global Baba","0"
"410627","Meen Kuzhambum Mann Paanaiyum","2016","movie","wikipedia","Meen Kuzhambum Mann Paanaiyum","1541"
"410977","Cop Class","2015","movie","tmdb_only","","0"
"411088","The Invisible Guest","2017","movie","wikipedia","The Invisible Guest","4768"
"411279","Pretham","2016","movie","wikipedia","Pretham","1408"
"411639","Zoé Panoramas","2017","movie","wikipedia","Posthumous (2026 film)","2549"
"411870","Compartment","2015","movie","wikipedia","Kursk (film)","2802"
"412117","The Secret Life of Pets 2","2019","movie","wikipedia","Pet Sematary (2019 film)","3603"
"412656","Chaos Walking","2021","movie","wikipedia","Chaos Walking (film)","4116"
"412711","Karinkunnam 6's","2016","movie","wikipedia","Kasaba (2016 film)","2171"
"412862","Ratsasan","2018","movie","wikipedia","Ratsasan","4404"
"413136","Merku Thodarchi Malai","2018","movie","wikipedia","Merku Thodarchi Malai","1585"
"413164","Pretty Cure All Stars: Everybody Sing♪ Miraculous Magic!","2016","movie","tmdb_only","","0"
"413884","Half Girlfriend","2017","movie","wikipedia","Half Girlfriend (film)","4013"
"414001","The Mercy","2018","movie","wikipedia","The Mercy","5188"
"414238","One Sister","2016","movie","wikipedia","Little Sister (2016 film)","536"
"414420","My Student's Mom","2016","movie","tmdb_only","","0"
"414549","Bank Robber's Serenade","2015","movie","tmdb_only","List of Academy Award–nominated films","0"
"414906","The Batman","2022","movie","wikipedia","The Batman (film)","4288"
"415106","Bollywood Diaries","2016","movie","tmdb_only","List of Hindi films of 2016","0"
"415204","Hungars Beach","2015","movie","tmdb_only","","0"
"415842","American Assassin","2017","movie","wikipedia","American Assassin","4161"
"415850","Manal Kayiru 2","2016","movie","wikipedia","Manal Kayiru 2","1292"
"416148","Rocco","2016","movie","wikipedia","Rocco (film)","743"
"416153","Arctic Dogs","2019","movie","wikipedia","Arctic Dogs","1071"
"417384","Scary Stories to Tell in the Dark","2019","movie","wikipedia","Scary Stories to Tell in the Dark (film)","4117"
"417555","Intolerância.doc","2016","movie","tmdb_only","","0"
"417709","Geethaiyin Raadhai","2016","movie","wikipedia","Geethaiyin Raadhai","399"
"418579","Young Sister-In-Law","2016","movie","wikipedia","Almost Christmas (film)","2764"
"418580","Step-Brother","2016","movie","wikipedia","Ben-Hur (2016 film)","3976"
"419114","Bed-Rella","2016","movie","tmdb_only","","0"
"419116","Russian Mom","2016","movie","wikipedia","Moms (film)","263"
"419329","Descendants of Adultery","2016","movie","wikipedia","Melancholia (2011 film)","7206"
"419430","Get Out","2017","movie","wikipedia","Get Out","4042"
"419835","Crooked House","2017","movie","wikipedia","The House (2017 film)","3123"
"420426","Bleach","2018","movie","wikipedia","Bleach (2018 film)","3411"
"420515","White Knights","2016","movie","wikipedia","Knight of Cups (film)","4045"
"420634","Terrifier","2018","movie","tmdb_only","Terrifier (film series)","0"
"420809","Maleficent: Mistress of Evil","2019","movie","wikipedia","Maleficent: Mistress of Evil","4156"
"420814","Christopher Robin","2018","movie","wikipedia","Christopher Robin (film)","3306"
"420817","Aladdin","2019","movie","wikipedia","Aladdin (2019 film)","4194"
"420818","The Lion King","2019","movie","wikipedia","The Lion King (2019 film)","3695"
"420821","Chip 'n Dale: Rescue Rangers","2022","movie","wikipedia","Chip 'n Dale: Rescue Rangers (film)","4285"
"421658","Final Score","2018","movie","wikipedia","Final Score (2018 film)","5870"
"421792","Down a Dark Hall","2018","movie","wikipedia","Blackmail (2018 film)","6167"
"422254","Lathe Joshi","2016","movie","wikipedia","Lathe Joshi","2359"
"422803","A Shaun the Sheep Movie: Farmageddon","2019","movie","wikipedia","A Shaun the Sheep Movie: Farmageddon","3344"
"422930","Welcome to Central Jail","2016","movie","wikipedia","Welcome to Central Jail","2676"
"423108","The Conjuring: The Devil Made Me Do It","2021","movie","wikipedia","The Conjuring: The Devil Made Me Do It","2770"
"423204","Angel Has Fallen","2019","movie","wikipedia","Angel Has Fallen","4045"
"423335","Thoppil Joppan","2016","movie","wikipedia","Thoppil Joppan","2343"
"424121","Apostle","2018","movie","wikipedia","Mary Magdalene (2018 film)","1019"
"424139","Halloween","2018","movie","wikipedia","Halloween (2018 film)","3176"
"424694","Bohemian Rhapsody","2018","movie","wikipedia","Bohemian Rhapsody (film)","3602"
"424783","Bumblebee","2018","movie","wikipedia","Bumblebee (film)","4239"
"425001","The War with Grandpa","2020","movie","wikipedia","The War with Grandpa","3873"
"425274","Now You See Me: Now You Don't","2025","movie","wikipedia","Now You See Me: Now You Don't","3925"
"425336","Loving Pablo","2017","movie","wikipedia","Amar (2017 film)","2464"
"425650","House with a Good View 3","2016","movie","wikipedia","The Good Neighbor (2016 film)","5061"
"425909","Ghostbusters: Afterlife","2021","movie","wikipedia","Ghostbusters: Afterlife","4450"
"426063","Nosferatu","2024","movie","wikipedia","Nosferatu (2024 film)","3397"
"426284","Blade of the Immortal","2017","movie","wikipedia","Blade of the Immortal (film)","3799"
"426548","Last Bus","2016","movie","wikipedia","Last Bus (2016 film)","9693"
"426631","Año cero","2016","movie","wikipedia","Manticore (2022 film)","3038"
"427606","Deep Water Sway","2016","movie","wikipedia","Sway (2006 film)","2570"
"427641","Rampage","2018","movie","wikipedia","Rampage (2018 film)","3697"
"428078","Mortal Engines","2018","movie","wikipedia","Mortal Engines (film)","5287"
"428707","Kuroko's Basketball the Movie: Last Game","2017","movie","tmdb_only","List of animated feature films of 2017","0"
"428777","Paraguay Remembered","2017","movie","wikipedia","Anaconda (1997 film)","3879"
"428798","Moonam Naal Njayarazhcha","2016","movie","tmdb_only","","0"
"429200","Good Time","2017","movie","wikipedia","No Good Deed (2017 film)","299"
"429245","Even Though I Don't Like It","2016","movie","wikipedia","Genius (2016 film)","1587"
"429351","12 Strong","2018","movie","wikipedia","Stockholm (2018 film)","258"
"429459","Questioning","2015","movie","wikipedia","Knock Knock (2015 film)","4672"
"429469","Old Home","2016","movie","wikipedia","Custody (2016 film)","3385"
"429474","Waiting for Cecilia","2016","movie","wikipedia","The Virgin Suicides (film)","4242"
"429617","Spider-Man: Far From Home","2019","movie","wikipedia","Spider-Man: Far From Home","4204"
"430121","Selfie Raja","2016","movie","tmdb_only","Selfie Raja","0"
"430259","Fukri","2017","movie","tmdb_only","List of Malayalam films of 2017","0"
"430384","My Wife's Sister","2016","movie","tmdb_only","","0"
"430424","See You Up There","2017","movie","wikipedia","See You up There","2833"
"430447","Mary and The Witch's Flower","2017","movie","wikipedia","Mary and the Witch's Flower","5419"
"430474","Deep","2017","movie","wikipedia","Deep (2017 film)","3305"
"431138","In a Cage","2016","movie","wikipedia","Army of One (2016 film)","267"
"431565","ATM","2015","movie","wikipedia","Drishyam (2015 film)","3717"
"431580","Abominable","2019","movie","wikipedia","Abominable (2019 film)","4370"
"431693","Spies in Disguise","2019","movie","wikipedia","Spies in Disguise","3933"
"432041","Fisionomia Belém","2015","movie","tmdb_only","","0"
"432527","Padmaavat","2018","movie","tmdb_only","2018 in film","0"
"433498","Papillon","2017","movie","wikipedia","Papillon (2017 film)","3377"
"433808","The Ritual","2017","movie","wikipedia","The Ritual (2017 film)","4090"
"434291","12 Weeks","2015","movie","wikipedia","Fantastic Four (2015 film)","3493"
"434355","Taxi 5","2018","movie","wikipedia","Taxi 5","4016"
"435053","A Done Deal","2016","movie","wikipedia","The Void (2016 film)","4359"
"435239","Grands Travaux","2016","movie","wikipedia","The Unknown (2026 film)","178"
"435366","Fabricated City","2017","movie","wikipedia","It (2017 film)","3824"
"435601","V.I.P.","2017","movie","wikipedia","V.I.P. (2017 film)","2488"
"436270","Black Adam","2022","movie","wikipedia","Fresh (2022 film)","3893"
"436356","High & Low The Movie","2016","movie","wikipedia","High and Low (1963 film)","4198"
"436905","Abduction","2016","movie","wikipedia","Abduction (1975 film)","2681"
"436931","Pokémon the Movie: I Choose You!","2017","movie","wikipedia","Pokémon the Movie: I Choose You!","5153"
"436969","The Suicide Squad","2021","movie","wikipedia","The Suicide Squad (film)","4441"
"437026","The Exchange","2017","movie","wikipedia","The Ritual (2017 film)","4090"
"437068","A Taxi Driver","2017","movie","wikipedia","A Taxi Driver","3946"
"437109","The Villainess","2017","movie","wikipedia","The Villainess","4366"
"437342","The First Omen","2024","movie","wikipedia","The First Omen","3888"
"437494","The Wall","2015","movie","wikipedia","The Great Wall (2016 film)","5894"
"437557","Blockers","2018","movie","tmdb_only","2018 in film","0"
"437736","Pacte Sacré","2017","movie","tmdb_only","List of French films of 1915","0"
"438148","Minions: The Rise of Gru","2022","movie","wikipedia","Minions: The Rise of Gru","3497"
"438631","Dune","2021","movie","wikipedia","Dune (2021 film)","3834"
"438650","Cold Pursuit","2019","movie","wikipedia","Cold Pursuit","4083"
"438674","Dragged Across Concrete","2019","movie","wikipedia","Dragged Across Concrete","4033"
"438695","Sing 2","2021","movie","wikipedia","Sing 2","4033"
"439079","The Nun","2018","movie","wikipedia","The Nun (2018 film)","3230"
"440021","Happy Death Day","2017","movie","wikipedia","The Foreigner (2017 film)","4382"
"440161","The Sisters Brothers","2018","movie","wikipedia","The Sisters Brothers (film)","4048"
"440471","Escape Plan 2: Hades","2018","movie","wikipedia","Escape Plan 2: Hades","4414"
"441130","Wolfwalkers","2020","movie","tmdb_only","List of animated feature films of 2020","0"
"441168","From Straight A's to XXX","2017","movie","tmdb_only","Sweet Savage (film)","0"
"441282","Night Hunter","2019","movie","wikipedia","Swallow (2019 film)","4006"
"442062","Goosebumps 2: Haunted Halloween","2018","movie","wikipedia","Goosebumps 2: Haunted Halloween","3433"
"442249","The First Purge","2018","movie","wikipedia","The First Purge","6879"
"443791","Underwater","2020","movie","wikipedia","Underwater (film)","3539"
"444539","The Bookshop","2017","movie","wikipedia","The Wife (2017 film)","3050"
"445571","Game Night","2018","movie","wikipedia","Tag (2018 film)","2872"
"445656","Sambá","2017","movie","wikipedia","Samba (2014 film)","236"
"446354","The Post","2017","movie","wikipedia","The Beguiled (2017 film)","3127"
"446791","All the Money in the World","2017","movie","wikipedia","The Breadwinner (2017 film)","4467"
"446807","The Girl in the Spider's Web","2018","movie","wikipedia","The Girl in the Spider's Web (film)","4261"
"446893","Trolls World Tour","2020","movie","wikipedia","Trolls World Tour","4865"
"446894","Smallfoot","2018","movie","wikipedia","Little Women (2018 film)","506"
"447200","Skyscraper","2018","movie","wikipedia","Skyscraper (2018 film)","4319"
"447273","Snow White","2025","movie","wikipedia","Snow White (2025 film)","4168"
"447277","The Little Mermaid","2023","movie","wikipedia","The Little Mermaid (2023 film)","4352"
"447330","The Paris Opera","2017","movie","wikipedia","Ballerina (2016 film)","3612"
"447332","A Quiet Place","2018","movie","tmdb_only","A Quiet Place (film series)","0"
"447365","Guardians of the Galaxy Vol. 3","2023","movie","wikipedia","Guardians of the Galaxy Vol. 3","4793"
"447404","Pokémon Detective Pikachu","2019","movie","wikipedia","Detective Pikachu (film)","6934"
"447557","Oru Kidayin Karunai Manu","2017","movie","tmdb_only","Oru Kidayin Karunai Manu","0"
"447759","Adult Only Institute","2017","movie","wikipedia","It (2017 film)","3824"
"448119","Dolittle","2020","movie","wikipedia","Dolittle (film)","2954"
"449176","Love, Simon","2018","movie","wikipedia","First Love (2018 film)","3182"
"449342","Alamara","2017","movie","tmdb_only","List of Malayalam films of 2017","0"
"449443","Den of Thieves","2018","movie","wikipedia","Den of Thieves (film)","3755"
"449459","The Vanishing","2019","movie","wikipedia","The Vanishing (2018 film)","2471"
"449562","The Hustle","2019","movie","wikipedia","The Hustle (film)","3999"
"449574","Godzilla: Planet of the Monsters","2017","movie","wikipedia","Godzilla: Planet of the Monsters","2914"
"450465","Glass","2019","movie","wikipedia","Glass (2019 film)","4084"
"451048","Jungle Cruise","2021","movie","wikipedia","Jungle Cruise (film)","4568"
"451156","Infidelity in Suburbia","2017","movie","wikipedia","American Beauty (1999 film)","3814"
"451997","The Merciless","2017","movie","wikipedia","The Square (2017 film)","6713"
"452244","La Leçon","2016","movie","tmdb_only","File 13 (film)","0"
"452416","Puthan Panam","2017","movie","tmdb_only","List of Malayalam films of 2017","0"
"452773","Tad, the Lost Explorer, and the Secret of King Midas","2017","movie","tmdb_only","","0"
"452832","Serenity","2019","movie","wikipedia","Serenity (2019 film)","1912"
"452970","Mazinger Z: Infinity","2017","movie","wikipedia","Mazinger Z: Infinity","2568"
"453133","My Brother's Wife 3: The Woman Downstairs","2017","movie","tmdb_only","","0"
"453395","Doctor Strange in the Multiverse of Madness","2022","movie","wikipedia","Doctor Strange in the Multiverse of Madness","4457"
"453405","Gemini Man","2019","movie","wikipedia","Gemini Man (film)","3689"
"453661","Las cinéphilas","2017","movie","tmdb_only","","0"
"454227","Outlaw King","2018","movie","wikipedia","The Lie (2018 film)","2578"
"454626","Sonic the Hedgehog","2020","movie","wikipedia","Sonic the Hedgehog (film)","4049"
"454640","The Angry Birds Movie 2","2019","movie","wikipedia","The Angry Birds Movie 2","3720"
"454699","Monster Family","2017","movie","wikipedia","Monster Island (2017 film)","313"
"454983","The Kissing Booth","2018","movie","tmdb_only","The Kissing Booth (film series)","0"
"455236","Accident Man","2018","movie","wikipedia","Accident Man","3449"
"455476","Knights of the Zodiac","2023","movie","wikipedia","Knights of the Zodiac (film)","3987"
"456740","Hellboy","2019","movie","wikipedia","Hellboy (2019 film)","4110"
"456757","Lakshyam","2017","movie","wikipedia","Lakshyam (2017 film)","1674"
"456855","Poyi Maranju Parayathe...","2016","movie","tmdb_only","","0"
"456931","Islands","2017","movie","wikipedia","Monster Island (2017 film)","313"
"457018","Village Guys","2015","movie","wikipedia","Hot Pursuit (2015 film)","3881"
"457136","Mary Queen of Scots","2018","movie","wikipedia","Mary Queen of Scots (2018 film)","4539"
"457332","Hidden Strike","2023","movie","wikipedia","Haunted Mansion (2023 film)","3681"
"457335","Guns Akimbo","2020","movie","tmdb_only","List of American films of 2020","0"
"458083","Covet: Island of Desire","2017","movie","wikipedia","Sonic the Hedgehog (film)","4049"
"458156","John Wick: Chapter 3 - Parabellum","2019","movie","wikipedia","Ballerina (2025 film)","4246"
"458423","Mamma Mia! Here We Go Again","2018","movie","wikipedia","Mamma Mia! Here We Go Again","4098"
"458641","Rarandoi Veduka Chudham","2017","movie","wikipedia","Rarandoi Veduka Chudham","1486"
"458642","Mohanlal","2018","movie","wikipedia","Mohanlal (film)","6639"
"458723","Us","2019","movie","wikipedia","Us (2019 film)","6326"
"458897","Charlie's Angels","2019","movie","wikipedia","Charlie's Angels (2019 film)","3732"
"459151","The Boss Baby: Family Business","2021","movie","wikipedia","The Boss Baby: Family Business","3134"
"459259","Rakshaka Bhatudu","2017","movie","tmdb_only","List of Telugu films of 2017","0"
"459332","Kaasav: Turtle","2016","movie","tmdb_only","List of Marathi films of 2017","0"
"459403","Doddmane Hudga","2016","movie","wikipedia","Doddmane Hudga","1763"
"459722","Kammara Sambhavam","2018","movie","wikipedia","Kammara Sambhavam","4263"
"459726","Vimanam","2017","movie","tmdb_only","Vimanam","0"
"459937","Four Hands","2017","movie","wikipedia","It (2017 film)","3824"
"459952","Captain","2018","movie","tmdb_only","Captain (2018 film)","0"
"460019","Truth or Dare","2018","movie","wikipedia","Truth or Dare (2018 film)","3788"
"460458","Resident Evil: Welcome to Raccoon City","2021","movie","wikipedia","Resident Evil: Welcome to Raccoon City","3146"
"460465","Mortal Kombat","2021","movie","wikipedia","Mortal Kombat (2021 film)","6652"
"461846","Erotic Sister","2016","movie","tmdb_only","List of erotic films","0"
"461992","Hostile","2018","movie","wikipedia","Teen Spirit (2018 film)","3160"
"462107","EIC: Outrage","2017","movie","tmdb_only","","0"
"462183","Wild Awakening","2016","movie","tmdb_only","List of American films of 2026","0"
"462522","Ayaal Sassi","2017","movie","wikipedia","Ayaal Sassi","3263"
"462677","Doraemon: Nobita's Great Adventure in the Antarctic Kachi Kochi","2017","movie","wikipedia","Doraemon the Movie 2017: Great Adventure in the Antarctic Kachi Kochi","2471"
"463173","Couleé-D","2017","movie","tmdb_only","Couleé-D","0"
"463272","Johnny English Strikes Again","2018","movie","wikipedia","Johnny English Strikes Again","4510"
"463731","Brother Jakob","2016","movie","wikipedia","F9 (film)","4524"
"463821","The House with a Clock in Its Walls","2018","movie","wikipedia","The House with a Clock in Its Walls (film)","4040"
"463939","Shrestha Bangali","2017","movie","wikipedia","Shrestha Bangali","248"
"464052","Wonder Woman 1984","2020","movie","wikipedia","Wonder Woman 1984","3883"
"464806","What If..","2015","movie","wikipedia","Drishyam (2015 film)","3717"
"465099","Ninnu Kori","2017","movie","wikipedia","Ninnu Kori","3596"
"465387","Pretham Undu Sookshikkuka","2017","movie","tmdb_only","List of Malayalam films of 2017","0"
"465419","Vilakkumaram","2017","movie","tmdb_only","List of Malayalam films of 2017","0"
"465603","Swapping: My Friend's Wife","2016","movie","wikipedia","Alpha (2018 film)","6440"
"465875","Arjan","2017","movie","tmdb_only","Arjan Bajwa","0"
"466081","The Informer","2019","movie","wikipedia","The Informer (2019 film)","3840"
"466272","Once Upon a Time... in Hollywood","2019","movie","tmdb_only","","0"
"466282","To All the Boys I've Loved Before","2018","movie","wikipedia","To All the Boys I've Loved Before (film)","3758"
"466420","Killers of the Flower Moon","2023","movie","wikipedia","Killers of the Flower Moon","6810"
"466647","Pueblo Viejo","2015","movie","tmdb_only","Pueblo Viejo mine","0"
"466678","Paulettante Veedu","2016","movie","tmdb_only","List of Malayalam films of 2016","0"
"467244","The Zone of Interest","2023","movie","wikipedia","The Zone of Interest (film)","2570"
"467938","Revenge","2017","movie","wikipedia","Revenge (2017 film)","3117"
"468223","Crossroad","2017","movie","wikipedia","Crossroad (film)","331"
"468276","Visualized Hearts","2017","movie","wikipedia","It (2017 film)","3824"
"468799","Dandupalya 3","2018","movie","wikipedia","Dandupalya 3","2617"
"469211","Cocolors","2017","movie","tmdb_only","","0"
"471331","Paisa Vasool","2017","movie","wikipedia","Paisa Vasool (2017 film)","2636"
"471372","María Bonita","2015","movie","wikipedia","María Bonita (TV series)","2821"
"471564","The Couple's Sponsor","2016","movie","wikipedia","Gentleman (2016 film)","4917"
"472138","Thugs of Hindostan","2018","movie","tmdb_only","List of Hindi films of 2018","0"
"472221","The Goat Life","2024","movie","wikipedia","The Goat Life","1385"
"472954","Thank You Very Much","2017","movie","wikipedia","Thank God It's Friday (film)","3112"
"473033","Uncut Gems","2019","movie","wikipedia","Uncut Gems","3630"
"473326","Messi and Maud","2018","movie","tmdb_only","Messi and Maud","0"
"474350","It Chapter Two","2019","movie","wikipedia","It Chapter Two","4278"
"474395","Teen Titans Go! To the Movies","2018","movie","wikipedia","Teen Titans Go! To the Movies","3478"
"474412","To Her","2017","movie","wikipedia","Thelma (2017 film)","2735"
"474764","The Lodge","2020","movie","wikipedia","Unhinged (2020 film)","4569"
"475215","Mirai","2018","movie","wikipedia","Mirai (2018 film)","4308"
"475430","Artemis Fowl","2020","movie","wikipedia","Artemis Fowl (film)","4285"
"475557","Joker","2019","movie","wikipedia","Joker (2019 film)","4159"
"476292","Maquia: When the Promised Flower Blooms","2018","movie","wikipedia","Maquia: When the Promised Flower Blooms","7592"
"476299","Ghostland","2018","movie","wikipedia","Ghostland","2946"
"476522","Schumann's Bar Talks","2017","movie","wikipedia","Fifty Shades Darker (film)","4398"
"476669","The King's Man","2021","movie","wikipedia","The King's Man","4338"
"476926","The Titan","2018","movie","wikipedia","The Titan (film)","4084"
"477018","The Translators","2019","movie","wikipedia","The Climbers (2019 film)","2553"
"477425","Kalavu Thozhirchalai","2017","movie","tmdb_only","List of Tamil films of 2017","0"
"477447","Overlord: The Undead King","2017","movie","tmdb_only","List of animated feature films of 2017","0"
"477620","Choose Me","2016","movie","wikipedia","Choose Me","3679"
"477776","Code Geass: Lelouch of the Rebellion I - Initiation","2017","movie","tmdb_only","","0"
"477804","Deaf Hearts","2017","movie","tmdb_only","List of films featuring the deaf and hard of hearing","0"
"478179","Jules D.","2016","movie","tmdb_only","2016 in film","0"
"479168","The Lawyer","2016","movie","wikipedia","Manithan (2016 film)","6445"
"479455","Men in Black: International","2019","movie","tmdb_only","Men in Black (film series)","0"
"479718","The Outlaws","2017","movie","wikipedia","The Outlaws (2017 film)","1994"
"480414","The Curse of La Llorona","2019","movie","wikipedia","La Llorona (2019 film)","2692"
"480530","Creed II","2018","movie","wikipedia","Creed II","4688"
"480812","Raju Gari Gadhi 2","2017","movie","wikipedia","Raju Gari Gadhi 2","1998"
"481084","The Addams Family","2019","movie","wikipedia","The Addams Family (2019 film)","4118"
"481540","Cigarette","2015","movie","tmdb_only","Cigarette","0"
"481738","Tera Intezaar","2017","movie","wikipedia","Tera Intezaar","303"
"481817","Mention particulière","2017","movie","tmdb_only","","0"
"481836","Two Mothers","2017","movie","wikipedia","Snatched (2017 film)","3724"
"481848","The Call of the Wild","2020","movie","wikipedia","The Call of the Wild (2020 film)","3746"
"481891","An Affair: My Friend's Mom","2017","movie","wikipedia","Middle School: The Worst Years of My Life (film)","3192"
"482040","Mom's Friend 3","2017","movie","wikipedia","Mom and Dad (2017 film)","6184"
"482150","Liz and the Blue Bird","2018","movie","wikipedia","Liz and the Blue Bird","3913"
"482321","Ron's Gone Wrong","2021","movie","wikipedia","Ron's Gone Wrong","4955"
"482706","Oligosaccharide The Movie","2017","movie","tmdb_only","","0"
"483393","Déjà vu","2017","movie","wikipedia","Déjà Vu (2006 film)","3321"
"483906","Polar","2019","movie","wikipedia","Polar (film)","4048"
"484247","A Simple Favor","2018","movie","wikipedia","A Simple Favor (film)","4205"
"484423","PSV Garuda Vega","2017","movie","wikipedia","PSV Garuda Vega","3952"
"484457","Aos Sí","2017","movie","tmdb_only","2022 in film","0"
"484641","Anna","2019","movie","wikipedia","Anna (2019 feature film)","5302"
"485400","Color Spectrum","2015","movie","tmdb_only","List of early color feature films","0"
"485557","Talia","2017","movie","wikipedia","Animal Crackers (2017 film)","4036"
"486589","Red Shoes and the Seven Dwarfs","2019","movie","wikipedia","Red Shoes and the Seven Dwarfs","4060"
"487358","River's Edge","2018","movie","wikipedia","River's Edge (2018 film)","1508"
"487558","BlacKkKlansman","2018","movie","wikipedia","BlacKkKlansman","4201"
"487616","Curiosa","2019","movie","wikipedia","Curiosa (film)","1906"
"488623","Forgotten","2017","movie","wikipedia","Forgotten (2017 film)","5680"
"489999","Searching","2018","movie","wikipedia","Searching (film)","4202"
"490132","Green Book","2018","movie","wikipedia","Green Book (film)","6452"
"491418","Instant Family","2018","movie","wikipedia","Instant Family","4180"
"491480","The Boy Who Harnessed the Wind","2019","movie","wikipedia","The Boy Who Harnessed the Wind","2080"
"491584","Burning","2018","movie","wikipedia","Burning (2018 film)","3875"
"492126","Thunderbolt Fantasy: The Sword of Life and Death","2017","movie","wikipedia","Puella Magi Madoka Magica (film series)","11705"
"492188","Marriage Story","2019","movie","wikipedia","Notebook (2019 film)","2274"
"492339","Aakasha Mittayee","2017","movie","tmdb_only","","0"
"492719","Godzilla: City on the Edge of Battle","2018","movie","wikipedia","Godzilla: City on the Edge of Battle","4346"
"492891","Chennai 2 Singapore","2017","movie","wikipedia","Chennai 2 Singapore","1682"
"493178","Maari 2","2018","movie","wikipedia","Kaali (2018 film)","4102"
"493529","Dungeons & Dragons: Honor Among Thieves","2023","movie","wikipedia","Dungeons & Dragons: Honor Among Thieves","3968"
"493623","Hichki","2018","movie","tmdb_only","List of Hindi films of 2018","0"
"493922","Hereditary","2018","movie","wikipedia","Hereditary (film)","4481"
"494407","Pokémon the Movie: The Power of Us","2018","movie","wikipedia","Pokémon the Movie: The Power of Us","4100"
"494480","Aadu 2","2017","movie","wikipedia","Aadu 2","3239"
"495533","Melle","2017","movie","tmdb_only","Melle (film)","0"
"495565","Hello Dubaikkaran","2017","movie","tmdb_only","List of Malayalam films of 2017","0"
"495570","Paathi: The Half","2017","movie","tmdb_only","List of Malayalam films of 2017","0"
"495573","Chembarathipoo","2017","movie","wikipedia","Chembarathipoo","185"
"495764","Birds of Prey (and the Fantabulous Emancipation of One Harley Quinn)","2020","movie","wikipedia","Birds of Prey (2020 film)","4333"
"496009","Sadrishavakyam 24:29","2017","movie","tmdb_only","List of Malayalam films of 2017","0"
"496243","Parasite","2019","movie","wikipedia","Parasite (2019 film)","4211"
"497371","My Story","2018","movie","wikipedia","My Story (film)","535"
"497582","Enola Holmes","2020","movie","wikipedia","Enola Holmes (film)","3254"
"497698","Black Widow","2021","movie","wikipedia","Black Widow (2021 film)","3893"
"499191","Call Boy","2018","movie","wikipedia","Beautiful Boy (2018 film)","4195"
"499373","Rangula Ratnam","2018","movie","wikipedia","Rangula Ratnam (2018 film)","2206"
"499701","Dora and the Lost City of Gold","2019","movie","wikipedia","Dora and the Lost City of Gold","3793"
"499726","MILF","2018","movie","wikipedia","MILF (2018 film)","2226"
"499932","The Devil All the Time","2020","movie","wikipedia","The Devil All the Time (film)","4812"
"500664","Upgrade","2018","movie","wikipedia","Upgrade (film)","4175"
"500837","Prénom: Mathieu","2018","movie","tmdb_only","List of 2018 films based on actual events","0"
"501170","Doctor Sleep","2019","movie","wikipedia","Doctor Sleep (2019 film)","2837"
"501190","God, Sex and Truth","2018","movie","wikipedia","God, Sex and Truth","188"
"501929","The Mitchells vs. the Machines","2021","movie","wikipedia","The Mitchells vs. the Machines","6412"
"502033","Sound of Metal","2020","movie","wikipedia","Safety (2020 film)","3729"
"502235","Purpose of Reunion 3","2018","movie","wikipedia","Wildlife (film)","3409"
"502356","The Super Mario Bros. Movie","2023","movie","wikipedia","The Super Mario Bros. Movie","3614"
"502425","Escape from Pretoria","2020","movie","wikipedia","Escape from Pretoria","2554"
"503736","Army of the Dead","2021","movie","wikipedia","Army of the Dead","4176"
"503919","The Lighthouse","2019","movie","wikipedia","The Lighthouse (2019 film)","4037"
"504172","The Mule","2018","movie","wikipedia","The Mule (2018 film)","3892"
"504253","I Want to Eat Your Pancreas","2018","movie","wikipedia","I Want to Eat Your Pancreas (film)","1960"
"504314","Sudani from Nigeria","2018","movie","wikipedia","Sudani from Nigeria","2351"
"504409","Naadodigal 2","2020","movie","wikipedia","Naadodigal 2","4154"
"504608","Rocketman","2019","movie","wikipedia","Rocketman (film)","4191"
"504891","Secret Love: My Friend's Mom","2018","movie","wikipedia","All My Life (2020 film)","2613"
"504949","The King","2019","movie","wikipedia","The King (2019 film)","3323"
"505026","Death on the Nile","2022","movie","wikipedia","Death on the Nile (2022 film)","3942"
"505192","Shoplifters","2018","movie","tmdb_only","2018 in film","0"
"505259","Stay","2018","movie","wikipedia","Stay with Me (2018 film)","2331"
"505262","My Hero Academia: Two Heroes","2018","movie","wikipedia","My Hero Academia: Two Heroes","3728"
"505283","My Cousin Sister","2019","movie","tmdb_only","","0"
"505642","Black Panther: Wakanda Forever","2022","movie","wikipedia","Black Panther: Wakanda Forever","4223"
"506574","Descendants 3","2019","movie","wikipedia","Descendants 3","3875"
"507076","Climax","2018","movie","wikipedia","Climax (2018 film)","4051"
"507086","Jurassic World Dominion","2022","movie","wikipedia","Jurassic World Dominion","7461"
"507089","Five Nights at Freddy's","2023","movie","wikipedia","Five Nights at Freddy's (film)","3188"
"507241","The Killer's Game","2024","movie","wikipedia","The Killer (2024 film)","3469"
"507773","Bring Me Home","2019","movie","wikipedia","Bring Me Home (film)","2915"
"508081","Young Mom","2017","movie","wikipedia","Hi, Mom (2021 film)","3217"
"508336","Camera Threat","2017","movie","wikipedia","It (2017 film)","3824"
"508439","Onward","2020","movie","wikipedia","Unhinged (2020 film)","4569"
"508442","Soul","2020","movie","wikipedia","Soul (2020 film)","4127"
"508642","Gonjiam: Haunted Asylum","2018","movie","wikipedia","Gonjiam: Haunted Asylum","3693"
"508822","HiGH&LOW The Movie 2: End of Sky","2017","movie","tmdb_only","","0"
"508883","The Boy and the Heron","2023","movie","wikipedia","The Boy and the Heron","3899"
"508943","Luca","2021","movie","wikipedia","Luca (2021 film)","5721"
"508947","Turning Red","2022","movie","wikipedia","Turning Red","4056"
"508965","Klaus","2019","movie","wikipedia","Blackbird (2019 film)","3561"
"509635","Alone","2020","movie","wikipedia","Alone (2020 horror film)","3949"
"509967","6 Underground","2019","movie","wikipedia","Us (2019 film)","6326"
"510794","Tu Mo Hero","2017","movie","wikipedia","Tu Mo Hero","465"
"511142","The Tooth","2017","movie","wikipedia","Darkness Falls (2003 film)","3480"
"511642","Female Hostel 2","2018","movie","wikipedia","Border (2018 Swedish film)","4303"
"511987","Crawl","2019","movie","wikipedia","Crawl (2019 film)","2850"
"512195","Red Notice","2021","movie","wikipedia","Red Notice (film)","2924"
"512200","Jumanji: The Next Level","2019","movie","wikipedia","Jumanji: The Next Level","3119"
"512287","Suvarna Purushan","2018","movie","tmdb_only","List of Malayalam films of 2018","0"
"512294","Kuttanadan Marpappa","2018","movie","wikipedia","Parole (2018 film)","1103"
"512295","Swathanthryam Ardharathriyil","2018","movie","wikipedia","Thugs (film)","3647"
"513310","Boss Level","2021","movie","wikipedia","Boss Level","3889"
"513540","Missing","2018","movie","wikipedia","Missing (2018 film)","3239"
"514847","The Hunt","2020","movie","wikipedia","The Hunt (2020 film)","4344"
"514968","Granny Project","2017","movie","wikipedia","Sweet 20 (2017 film)","2106"
"514999","Murder Mystery","2019","movie","wikipedia","Murder Mystery (film)","3622"
"515001","Jojo Rabbit","2019","movie","wikipedia","Jojo Rabbit","3933"
"515195","Yesterday","2019","movie","wikipedia","Yesterday (2019 film)","3403"
"515333","Amateur","2018","movie","wikipedia","Amateur (2018 film)","201"
"515404","Broken Together","2015","movie","wikipedia","The Visit (2015 American film)","3625"
"515641","Mater Amatisima","2017","movie","tmdb_only","","0"
"515802","Baban","2018","movie","wikipedia","Baban (film)","236"
"516086","Sacred Hair","2017","movie","wikipedia","Viy (1967 film)","3714"
"516486","Greyhound","2020","movie","wikipedia","Greyhound (film)","5513"
"516632","The Empty Man","2020","movie","wikipedia","The Invisible Man (2020 film)","4433"
"516729","Paddington in Peru","2024","movie","wikipedia","Paddington in Peru","4151"
"516806","Last Sentinel","2023","movie","wikipedia","The Mission (2023 film)","2876"
"517991","The Spy Gone North","2018","movie","wikipedia","The Spy Gone North","3730"
"518068","Along with the Gods: The Last 49 Days","2018","movie","wikipedia","The Witness (2018 film)","1627"
"518446","Circus","2018","movie","wikipedia","Family Circus (2018 film)","239"
"518497","Sir","2018","movie","wikipedia","Sir (2018 film)","5304"
"519001","Casa Propia","2018","movie","wikipedia","Julieta (film)","5046"
"519109","My Wonderland","2015","movie","wikipedia","Alice in Wonderland (2010 film)","3814"
"519131","The Song","2018","movie","wikipedia","2018 (film)","2199"
"519182","Despicable Me 4","2024","movie","wikipedia","Despicable Me 4","3496"
"519757","Hikiko-san vs. Sadako","2015","movie","tmdb_only","","0"
"519965","Villavan","2018","movie","tmdb_only","List of Malaysian films of 2018","0"
"520360","King of Thieves","2018","movie","wikipedia","King of Thieves (2018 film)","5849"
"520758","Chicken Run: Dawn of the Nugget","2023","movie","wikipedia","Chicken Run: Dawn of the Nugget","3584"
"520763","A Quiet Place Part II","2021","movie","tmdb_only","A Quiet Place Part III","0"
"520900","The Personal History of David Copperfield","2019","movie","wikipedia","The Personal History of David Copperfield","4027"
"521029","Annabelle Comes Home","2019","movie","wikipedia","Annabelle Comes Home","3329"
"521094","Romeo & Radhika","2016","movie","tmdb_only","Romeo & Radhika","0"
"521122","Glittering Hands","2015","movie","tmdb_only","List of South Korean films of 2015","0"
"521854","Aravindante Athidhikal","2018","movie","wikipedia","Aravindante Athidhikal","3122"
"522162","Midway","2019","movie","wikipedia","Midway (2019 film)","3058"
"522212","Just Mercy","2019","movie","wikipedia","Just Mercy","3775"
"522241","The Courier","2020","movie","wikipedia","The Courier (2020 film)","3268"
"522262","52 Seconds","2018","movie","wikipedia","Every Day (2018 film)","3760"
"522627","The Gentlemen","2020","movie","wikipedia","The Gentlemen (2019 film)","3709"
"522681","Escape Room","2019","movie","wikipedia","Escape Room (2019 film)","3644"
"522842","Cycle","2018","movie","wikipedia","Cycle (2018 film)","1780"
"522924","The Art of Racing in the Rain","2019","movie","tmdb_only","2019 in film","0"
"522931","Hitman's Wife's Bodyguard","2021","movie","wikipedia","Hitman's Wife's Bodyguard","4244"
"522938","Rambo: Last Blood","2019","movie","wikipedia","Rambo: Last Blood","2884"
"524047","Greenland","2020","movie","wikipedia","Greenland (film)","3819"
"524369","The Many Saints of Newark","2021","movie","wikipedia","The Many Saints of Newark","4485"
"524434","Eternals","2021","movie","wikipedia","Eternals (film)","4121"
"524571","Naam","2018","movie","tmdb_only","Naam (2018 film)","0"
"525461","Pinnokam","2015","movie","tmdb_only","List of Malaysian films of 2015","0"
"525554","The Bouncer","2018","movie","wikipedia","Billionaire Boys Club (2018 film)","2532"
"526044","La Traviata","2018","movie","tmdb_only","2025 in film","0"
"526742","Leagues","2015","movie","wikipedia","Concussion (2015 film)","3636"
"526896","Morbius","2022","movie","wikipedia","Morbius (film)","3327"
"527261","The Silence","2019","movie","wikipedia","The Silence (2019 film)","3599"
"527400","Come Away","2020","movie","wikipedia","Come Away","3434"
"527588","Show Down","2015","movie","wikipedia","Freak Show (film)","4054"
"527641","Five Feet Apart","2019","movie","wikipedia","Five Feet Apart","5733"
"527660","Yes, God, Yes","2020","movie","wikipedia","Yes, God, Yes","4622"
"527729","Asterix: The Secret of the Magic Potion","2018","movie","wikipedia","Asterix: The Secret of the Magic Potion","3002"
"527774","Raya and the Last Dragon","2021","movie","wikipedia","Raya and the Last Dragon","4083"
"528549","Room Salon College Girls","2018","movie","wikipedia","Lolita (1997 film)","3105"
"529203","The Croods: A New Age","2020","movie","wikipedia","The Croods: A New Age","3095"
"529216","Mirage","2018","movie","wikipedia","Mirage (2018 film)","3549"
"530254","The Witch: Part 1. The Subversion","2018","movie","wikipedia","The Witch: Part 1. The Subversion","3086"
"530385","Midsommar","2019","movie","tmdb_only","List of American films of 2019","0"
"530915","1917","2019","movie","wikipedia","1917 (2019 film)","5408"
"531219","Roald Dahl's The Witches","2020","movie","wikipedia","The Witches (2020 film)","3877"
"531309","Brightburn","2019","movie","tmdb_only","List of American films of 2019","0"
"531428","Portrait of a Lady on Fire","2019","movie","wikipedia","Portrait of a Lady on Fire","3104"
"531718","2 Days","2018","movie","wikipedia","Dog Days (2018 film)","2670"
"531876","The Outpost","2020","movie","wikipedia","Extraction (2020 film)","3221"
"532408","The Boogeyman","2023","movie","wikipedia","The Boogeyman (2023 film)","2198"
"532639","Pinocchio","2022","movie","wikipedia","Pinocchio (2022 live-action film)","3915"
"532794","Sex Plate 17","2017","movie","wikipedia","Wonder Woman (2017 film)","6495"
"533155","Thafma: Miracle","2015","movie","tmdb_only","","0"
"533514","Violet Evergarden: The Movie","2020","movie","wikipedia","Violet Evergarden: The Movie","2373"
"533533","TRON: Ares","2025","movie","wikipedia","Tron: Ares","4124"
"533535","Deadpool & Wolverine","2024","movie","wikipedia","Deadpool & Wolverine","4293"
"534490","Avengement","2019","movie","wikipedia","Avengement","3937"
"534780","Andhadhun","2018","movie","wikipedia","Afsar (2018 film)","2030"
"535292","21 Bridges","2019","movie","wikipedia","21 Bridges","4058"
"535544","Downton Abbey","2019","movie","wikipedia","Downton Abbey (film)","5769"
"535581","The Dead Don't Die","2019","movie","wikipedia","The Dead Don't Die (2019 film)","3228"
"536011","Ilavatta Pasanga","2018","movie","tmdb_only","List of Tamil films of 2017","0"
"536115","Godzilla: The Planet Eater","2018","movie","wikipedia","Godzilla: The Planet Eater","4719"
"536554","M3GAN","2022","movie","tmdb_only","M3GAN (film series)","0"
"537915","After","2019","movie","wikipedia","After (2019 film)","3332"
"537971","Mia","2017","movie","wikipedia","Mamma Mia! (film)","3263"
"537996","The Ballad of Buster Scruggs","2018","movie","tmdb_only","The Ballad of Buster Scruggs (soundtrack)","0"
"538010","Fynn","2017","movie","wikipedia","Nope (film)","6639"
"538335","Mother's Seduction","2018","movie","wikipedia","Cam (film)","4068"
"538858","Tumbbad","2018","movie","wikipedia","Tumbbad","3452"
"539537","Fantasy Island","2020","movie","wikipedia","The Witches (2020 film)","3877"
"539885","Ava","2020","movie","wikipedia","Ava (2020 film)","3726"
"539972","Kraven the Hunter","2024","movie","wikipedia","Kraven the Hunter (film)","2524"
"541671","Ballerina","2025","movie","wikipedia","Ballerina (2025 film)","4246"
"542178","The French Dispatch of the Liberty, Kansas Evening Sun","2021","movie","tmdb_only","List of films banned in the United States","0"
"542224","Gretel & Hansel","2020","movie","wikipedia","Gretel & Hansel","3488"
"543831","Next Door Sisters","2018","movie","wikipedia","The Girl Next Door (1953 film)","573"
"544152","Utopic Dystopia","2015","movie","tmdb_only","Dystopian film","0"
"544247","Unreal Estate","2016","movie","wikipedia","Wild Things (film)","4614"
"544868","Ondalla Eradalla","2018","movie","wikipedia","Ondalla Eradalla","411"
"545609","Extraction","2020","movie","wikipedia","Extraction (2020 film)","3221"
"545611","Everything Everywhere All at Once","2022","movie","wikipedia","The Whale (2022 film)","6938"
"545742","One Piece: Episode of Skypiea","2018","movie","tmdb_only","List of One Piece films","0"
"545752","Starbucks Unfiltered","2018","movie","tmdb_only","","0"
"546121","Run","2020","movie","wikipedia","Run (2020 American film)","5277"
"546554","Knives Out","2019","movie","tmdb_only","Knives Out (film series)","0"
"546556","Querido Fotogramas","2018","movie","tmdb_only","Animas (film)","0"
"546822","Detective Conan: The Disappearance of Conan Edogawa - The Worst Two Days in History","2015","movie","tmdb_only","List of films based on television programs","0"
"547016","The Old Guard","2020","movie","wikipedia","The Old Guard (2020 film)","4135"
"547227","Drama","2018","movie","wikipedia","Drama (2018 film)","3678"
"547565","The Night House","2021","movie","wikipedia","Silent Night (2021 film)","3664"
"548473","Color Out of Space","2020","movie","wikipedia","Color Out of Space (film)","4479"
"549509","The Brutalist","2024","movie","wikipedia","The Apprentice (2024 film)","4229"
"549649","Dancing With Ghosts","2018","movie","wikipedia","The Ghost Dance (film)","3136"
"550205","Wish Dragon","2021","movie","wikipedia","Wish Dragon","3667"
"550988","Free Guy","2021","movie","wikipedia","Injustice (2021 film)","5088"
"551235","Youtachi Happy Eigaban Himawari","2018","movie","tmdb_only","","0"
"551804","Freaky","2020","movie","wikipedia","Freaky (film)","3495"
"552178","Dark Waters","2019","movie","wikipedia","Dark Waters (2019 film)","4250"
"552524","Lilo & Stitch","2025","movie","wikipedia","Lilo & Stitch (2025 film)","4226"
"552643","My Wife's Lover 2","2018","movie","wikipedia","Dream Lover (1993 film)","4777"
"553512","Burn the Stage: The Movie","2018","movie","wikipedia","Burn the Stage: The Movie","3132"
"553604","Honest Thief","2020","movie","wikipedia","Honest Thief","4394"
"553610","Mobile Suit Gundam Narrative","2018","movie","wikipedia","Mobile Suit Gundam Narrative","8223"
"553837","Code Geass: Lelouch of the Re;surrection","2019","movie","tmdb_only","","0"
"553839","Saga of Tanya the Evil: The Movie","2019","movie","wikipedia","Saga of Tanya the Evil: The Movie","3541"
"554230","The Lost Daughter","2021","movie","wikipedia","The Lost Daughter (film)","2437"
"554421","Unoccupied","2015","movie","tmdb_only","Spider-Man in film","0"
"554776","An Affair: My Sister-in-law's Love","2018","movie","tmdb_only","","0"
"554972","Unstoppable","2018","movie","wikipedia","Unstoppable (2018 film)","2918"
"555604","Guillermo del Toro's Pinocchio","2022","movie","wikipedia","Guillermo del Toro's Pinocchio","4035"
"556678","Emma.","2020","movie","wikipedia","Emma (2020 film)","3414"
"556694","Three Thousand Years of Longing","2022","movie","wikipedia","The Invitation (2022 film)","3958"
"557564","Mayskaya Street","2017","movie","tmdb_only","","0"
"558449","Gladiator II","2024","movie","wikipedia","Gladiator II","4692"
"559581","Stowaway","2021","movie","wikipedia","Stowaway (2021 film)","5960"
"559907","The Green Knight","2021","movie","wikipedia","The Green Knight (film)","3844"
"559969","El Camino: A Breaking Bad Movie","2019","movie","wikipedia","El Camino: A Breaking Bad Movie","5076"
"560016","Monkey Man","2024","movie","wikipedia","Monkey Man (film)","3056"
"560057","The Sea Beast","2022","movie","wikipedia","The Sea Beast (2022 film)","4147"
"560144","Skylines","2020","movie","wikipedia","Skylines (film)","3706"
"560210","My Student's Mom 3","2018","movie","tmdb_only","","0"
"560732","Hello Arsi","2018","movie","wikipedia","Hello Arsi","346"
"560751","Potential Victim","2018","movie","wikipedia","Suspiria (2018 film)","4492"
"562682","Nithyaharitha Nayakan","2018","movie","wikipedia","Nithyaharitha Nayakan","4258"
"564147","K.G.F: Chapter 1","2018","movie","tmdb_only","KGF (film series)","0"
"564818","Reflections I","2016","movie","tmdb_only","Thin-film interference","0"
"565770","Blue Beetle","2023","movie","wikipedia","Blue Beetle (film)","3815"
"566451","Re:ZERO -Starting Life in Another World- The Frozen Bond","2019","movie","tmdb_only","2014 in film","0"
"566525","Shang-Chi and the Legend of the Ten Rings","2021","movie","wikipedia","Shang-Chi and the Legend of the Ten Rings","4353"
"566914","F2: Fun and Frustration","2019","movie","wikipedia","F2: Fun and Frustration","5112"
"567189","Tom Clancy's Without Remorse","2021","movie","wikipedia","Without Remorse (film)","3957"
"567609","Ready or Not","2019","movie","wikipedia","Ready or Not (2019 film)","4027"
"567646","Extreme Job","2019","movie","wikipedia","Extreme Job","3894"
"567748","The Guilty","2021","movie","wikipedia","The Guilty (2021 film)","3793"
"567811","10 Lives","2024","movie","wikipedia","Past Lives (film)","2682"
"568124","Encanto","2021","movie","wikipedia","Encanto","4101"
"568160","Weathering with You","2019","movie","wikipedia","Weathering with You","4228"
"568522","N.T.R: Kathanayakudu","2019","movie","wikipedia","Kathanayakudu (2008 film)","1256"
"568620","Snake Eyes: G.I. Joe Origins","2021","movie","wikipedia","Snake Eyes (2021 film)","3758"
"568805","Experiment Stuka","2018","movie","tmdb_only","List of films banned in Germany","0"
"569094","Spider-Man: Across the Spider-Verse","2023","movie","wikipedia","Spider-Man: Across the Spider-Verse","4471"
"569104","Madura Raja","2019","movie","wikipedia","Arjun (2004 film)","1451"
"569451","Amigo D","2018","movie","tmdb_only","2018 in film","0"
"570508","Innocent Witness","2019","movie","wikipedia","Innocent Witness","465"
"570670","The Invisible Man","2020","movie","wikipedia","The Invisible Man (2020 film)","4433"
"571265","Digimon Adventure: Last Evolution Kizuna","2020","movie","wikipedia","Digimon Adventure: Last Evolution Kizuna","3667"
"571891","Pokémon the Movie: Mewtwo Strikes Back - Evolution","2019","movie","tmdb_only","List of Pokémon films","0"
"572154","Rascal Does Not Dream of a Dreaming Girl","2019","movie","wikipedia","Rascal Does Not Dream of a Dreaming Girl","3741"
"572164","EXIT","2019","movie","wikipedia","Exit (2019 film)","3779"
"572802","Aquaman and the Lost Kingdom","2023","movie","wikipedia","Aquaman and the Lost Kingdom","3365"
"573073","J.D.","2017","movie","wikipedia","Gifted (2017 film)","3576"
"573435","Bad Boys: Ride or Die","2024","movie","wikipedia","Bad Boys: Ride or Die","4500"
"573730","Made in Abyss: Dawn of the Deep Soul","2020","movie","tmdb_only","List of highest-grossing R-rated films","0"
"574475","Final Destination Bloodlines","2025","movie","wikipedia","Final Destination Bloodlines","4005"
"575264","Mission: Impossible - Dead Reckoning Part One","2023","movie","tmdb_only","Mission: Impossible (film series)","0"
"575265","Mission: Impossible - The Final Reckoning","2025","movie","tmdb_only","Mission: Impossible (film series)","0"
"575604","The Call","2020","movie","wikipedia","The Call of the Wild (2020 film)","3746"
"575824","Men of Hard Skin","2019","movie","wikipedia","Skin (2018 short film)","2149"
"576004","Porno","2019","movie","wikipedia","Porno (2019 film)","1620"
"576845","Last Night in Soho","2021","movie","wikipedia","Antlers (2021 film)","3421"
"577079","inicial","2015","movie","wikipedia","The Orphanage (2007 film)","4075"
"577922","Tenet","2020","movie","wikipedia","Tenet","4368"
"578701","Those Who Wish Me Dead","2021","movie","wikipedia","Those Who Wish Me Dead","3113"
"578871","Cairo Affaire","2019","movie","tmdb_only","List of film director–composer collaborations","0"
"579047","Reminiscence","2021","movie","wikipedia","Reminiscence (2021 film)","3150"
"579209","Último Gabinete","2015","movie","tmdb_only","","0"
"579289","Oru Caribbean Udayippu","2019","movie","tmdb_only","List of Malayalam films of 2019","0"
"579932","Valentin(e)","2017","movie","wikipedia","The Artist (film)","5958"
"579974","RRR","2022","movie","tmdb_only","List of Telugu films of 2022","0"
"580012","Lakeside Suite","2019","movie","wikipedia","Howl's Moving Castle (film)","4082"
"580489","Venom: Let There Be Carnage","2021","movie","wikipedia","Venom: Let There Be Carnage","3349"
"581032","News of the World","2020","movie","tmdb_only","2020 in film","0"
"581387","Ashfall","2019","movie","wikipedia","Ashfall (film)","3376"
"581389","Space Sweepers","2021","movie","wikipedia","Space Sweepers","3315"
"581392","Peninsula","2020","movie","wikipedia","Unhinged (2020 film)","4569"
"581462","Ostrich Politic","2018","movie","tmdb_only","","0"
"581528","The Gangster, the Cop, the Devil","2019","movie","wikipedia","The Gangster, the Cop, the Devil","4317"
"581600","Spenser Confidential","2020","movie","wikipedia","Spenser Confidential","4011"
"581653","Ego","2018","movie","tmdb_only","Ego (2018 film)","0"
"581726","Infinite","2021","movie","wikipedia","Infinite (film)","2903"
"582014","Promising Young Woman","2020","movie","wikipedia","Promising Young Woman","4060"
"582913","The Room","2019","movie","wikipedia","The Room (2019 film)","3588"
"583083","The Kissing Booth 2","2020","movie","wikipedia","The Kissing Booth 2","3836"
"584626","Ananthu v/s Nusrath","2018","movie","tmdb_only","List of Kannada films of 2018","0"
"585083","Hotel Transylvania: Transformania","2022","movie","wikipedia","Hotel Transylvania: Transformania","2843"
"585268","War","2019","movie","wikipedia","War (2019 film)","8071"
"585511","Luck","2022","movie","wikipedia","Luck (2022 film)","3729"
"586047","Seobok","2021","movie","tmdb_only","List of South Korean films of 2021","0"
"586863","Les Misérables","2019","movie","wikipedia","Les Misérables (2019 film)","4586"
"587158","Stepdaddy","2019","movie","tmdb_only","List of Philippine films of 2026","0"
"587412","K.G.F: Chapter 2","2022","movie","tmdb_only","KGF (film series)","0"
"587496","The Rental","2020","movie","wikipedia","The Rental","3275"
"587792","Palm Springs","2020","movie","wikipedia","Palm Springs (2020 film)","3524"
"587807","Tom & Jerry","2021","movie","wikipedia","Tom and Jerry (2021 American film)","3781"
"587836","Decembers","2018","movie","tmdb_only","2018 in film","0"
"588135","Synthetic Overture","2017","movie","wikipedia","Jesus Christ Superstar (film)","3874"
"588228","The Tomorrow War","2021","movie","wikipedia","The Tomorrow War","3919"
"589685","Echoes","2019","movie","tmdb_only","Echo (2019 film)","0"
"589705","Udgharsha","2019","movie","tmdb_only","List of Kannada films of 2019","0"
"589965","Half Songs","2018","movie","wikipedia","Devadas (2018 film)","2787"
"590223","Love and Monsters","2020","movie","wikipedia","Love and Monsters (film)","4021"
"590995","The Craft: Legacy","2020","movie","wikipedia","The Craft: Legacy","2757"
"591120","The Pirates: The Last Royal Treasure","2022","movie","wikipedia","The Pirates: The Last Royal Treasure","847"
"591844","Special Partners","2018","movie","wikipedia","Zoe (2018 film)","2321"
"592350","My Hero Academia: Heroes Rising","2019","movie","wikipedia","My Hero Academia: Heroes Rising","3435"
"592834","My Spy","2020","movie","wikipedia","My Spy","2703"
"592875","Uriyadi 2","2019","movie","wikipedia","Uriyadi 2","4188"
"593643","The Menu","2022","movie","wikipedia","The Menu (2022 film)","3704"
"594047","Norie","2019","movie","wikipedia","Real Girl (film)","1508"
"594075","The Guru","2019","movie","wikipedia","Guru (1997 film)","2880"
"594149","Insula","2019","movie","tmdb_only","Insula dell'Ara Coeli","0"
"594151","Le pays","2019","movie","wikipedia","The World Is Yours (film)","451"
"594217","Ordinary Landscape","2019","movie","wikipedia","Parasite (2019 film)","4211"
"594347","The House","2019","movie","wikipedia","The Beach House (2019 film)","3668"
"594767","Shazam! Fury of the Gods","2023","movie","wikipedia","Shazam! Fury of the Gods","6859"
"595183","The Nap","2019","movie","wikipedia","Jallikattu (2019 film)","4429"
"595413","The Sheriff","2019","movie","wikipedia","The Kid (2019 film)","6239"
"595512","Hunters","2019","movie","wikipedia","Junglee (2019 film)","1976"
"595743","SAS: Red Notice","2021","movie","wikipedia","SAS: Red Notice","3418"
"595985","Cold Blood","2019","movie","wikipedia","Cold Blood (film)","1961"
"596161","Let Him Go","2020","movie","wikipedia","Let Him Go","4064"
"597208","Nightmare Alley","2021","movie","wikipedia","Nightmare Alley (2021 film)","4428"
"599083","Ottam","2019","movie","wikipedia","Ottam","211"
"599139","12 Deep Red Nights","2015","movie","wikipedia","Kalyug (2005 film)","2623"
"600354","The Father","2020","movie","wikipedia","The Father (2020 film)","2682"
"601666","I Care a Lot","2021","movie","wikipedia","Help (2021 TV film)","4356"
"601796","Alienoid","2022","movie","wikipedia","Alienoid","5116"
"602063","Rurouni Kenshin: The Final","2021","movie","wikipedia","Rurouni Kenshin: The Final","3001"
"602223","The Forever Purge","2021","movie","wikipedia","The Forever Purge","4151"
"602269","The Little Things","2021","movie","wikipedia","The Little Things (2021 film)","4161"
"602287","Market Raja MBBS","2019","movie","tmdb_only","Market Raja MBBS","0"
"602734","Spiral: From the Book of Saw","2021","movie","wikipedia","Spiral (2021 film)","3863"
"603119","The Silencing","2020","movie","wikipedia","Voice of Silence (2020 film)","541"
"603692","John Wick: Chapter 4","2023","movie","wikipedia","John Wick: Chapter 4","7755"
"604079","The Long Walk","2025","movie","wikipedia","The Long Walk (2025 film)","6570"
"604605","Hello World","2019","movie","wikipedia","Hello World (film)","4603"
"605116","Project Power","2020","movie","wikipedia","Rogue (2020 film)","3274"
"606234","Archive","2020","movie","wikipedia","Archive (film)","2124"
"606403","Special Delivery","2022","movie","wikipedia","Special Delivery (2022 film)","1640"
"606679","The High Note","2020","movie","wikipedia","The High Note","3644"
"607447","My Great Grandfather","2019","movie","wikipedia","The Farewell (2019 film)","5337"
"607844","Escape from Mogadishu","2021","movie","wikipedia","Escape from Mogadishu","3979"
"607935","The Breast Milk Boom","2018","movie","tmdb_only","","0"
"609448","Aakashaganga 2","2019","movie","tmdb_only","S. Ramesan Nair filmography","0"
"609681","The Marvels","2023","movie","wikipedia","The Marvels","3665"
"610150","Dragon Ball Super: Super Hero","2022","movie","wikipedia","Dragon Ball Super: Super Hero","4620"
"610253","Halloween Kills","2021","movie","wikipedia","Halloween Kills","3589"
"610266","1st Rank Raju","2019","movie","wikipedia","1st Rank Raju (2019 film)","2488"
"611054","Gaddalakonda Ganesh","2019","movie","wikipedia","Oh! Baby (2019 film)","3028"
"611291","Bring the Soul: The Movie","2019","movie","wikipedia","The Lighthouse (2019 film)","4037"
"611383","You Will Be a Man","2018","movie","wikipedia","Be With You (2018 film)","569"
"611914","The Courier","2019","movie","wikipedia","The Courier (2019 film)","957"
"613504","After We Collided","2020","movie","wikipedia","After We Collided","3218"
"613703","Kadaisi Vivasayi","2022","movie","tmdb_only","List of Tamil films of 2022","0"
"614479","Insidious: The Red Door","2023","movie","wikipedia","Insidious: The Red Door","3375"
"614696","#Alive","2020","movie","wikipedia","Alive (2020 film)","3746"
"614917","King Richard","2021","movie","wikipedia","Respect (2021 film)","3797"
"614930","Teenage Mutant Ninja Turtles: Mutant Mayhem","2023","movie","wikipedia","Teenage Mutant Ninja Turtles (2014 film)","4123"
"614934","Elvis","2022","movie","wikipedia","Elvis (2022 film)","6502"
"615173","The Witch: Part 2. The Other One","2022","movie","wikipedia","The Witch: Part 2. The Other One","4080"
"615457","Nobody","2021","movie","wikipedia","Nobody (2021 film)","4701"
"615656","Meg 2: The Trench","2023","movie","wikipedia","Meg 2: The Trench","2864"
"615777","Babylon","2022","movie","wikipedia","Babylon (2022 film)","6536"
"616037","Thor: Love and Thunder","2022","movie","wikipedia","Thor: Love and Thunder","4259"
"616670","Life Is Beautiful","2022","movie","wikipedia","Life Is Beautiful (2022 film)","642"
"616747","Haunted Mansion","2023","movie","wikipedia","Haunted Mansion (2023 film)","3681"
"616820","Halloween Ends","2022","movie","wikipedia","Halloween Ends","4256"
"617126","The Fantastic 4: First Steps","2025","movie","wikipedia","Fantastic Four (2005 film)","3668"
"617502","Jolt","2021","movie","tmdb_only","List of American films of 2021","0"
"617569","Youngest Aunt","2019","movie","wikipedia","Little (film)","2345"
"617653","The Last Duel","2021","movie","wikipedia","The Last Duel (2021 film)","3872"
"618162","The Harder They Fall","2021","movie","wikipedia","The Harder They Fall (2021 film)","4012"
"618353","DC Showcase - Batman: Death in the Family","2020","movie","tmdb_only","","0"
"618425","A for Apple","2019","movie","wikipedia","The Apple (1980 film)","3649"
"618851","Pretty Guardian Sailor Moon Eternal the Movie Part 1","2021","movie","tmdb_only","","0"
"619264","The Platform","2019","movie","wikipedia","The Body (2019 film)","2474"
"619428","Genji Fantasy: The Cat Fell in Love With Hikaru Genji","2019","movie","tmdb_only","","0"
"619730","Don't Worry Darling","2022","movie","wikipedia","Don't Worry Darling","4208"
"619778","Malignant","2021","movie","wikipedia","Malignant (2021 film)","3761"
"619803","The Roundup","2022","movie","wikipedia","The Roundup (2022 film)","3393"
"619979","Deep Water","2022","movie","wikipedia","Deep Water (2022 film)","3277"
"621385","Barot House","2019","movie","tmdb_only","List of Hindi films of 2019","0"
"621717","August","2019","movie","wikipedia","15 August (2019 film)","2961"
"622478","Tenali Ramakrishna BA.BL","2019","movie","tmdb_only","","0"
"623135","Sinkhole","2021","movie","wikipedia","Sinkhole (film)","550"
"623931","Harley Queen","2019","movie","tmdb_only","Margot Robbie filmography","0"
"624401","RDX Love","2019","movie","wikipedia","RDX Love","154"
"624860","The Matrix Resurrections","2021","movie","wikipedia","The Matrix Resurrections","5024"
"625505","Damned Memory","2016","movie","wikipedia","Faust: Love of the Damned (film)","3989"
"625568","Unhinged","2020","movie","wikipedia","Unhinged (2020 film)","4569"
"625976","It Feels So Good","2019","movie","wikipedia","Good Sam (2019 film)","3784"
"626392","Master","2021","movie","wikipedia","Master (2021 film)","4268"
"626412","Alienoid: Return to the Future","2024","movie","wikipedia","Alienoid: Return to the Future","3161"
"626872","Emergency Declaration","2022","movie","wikipedia","Emergency Declaration (film)","2653"
"627725","The Banker","2020","movie","wikipedia","The Banker (2020 film)","2626"
"628900","The Contractor","2022","movie","wikipedia","The Contractor (2022 film)","4250"
"629028","Mission: Possible","2021","movie","wikipedia","One Shot (2021 film)","195"
"629542","The Bad Guys","2022","movie","wikipedia","The Bad Guys (film)","4194"
"630586","Wrong Turn","2021","movie","wikipedia","Wrong Turn (2021 film)","4513"
"631132","Goblin Slayer: Goblin's Crown","2020","movie","tmdb_only","List of animated feature films of 2020","0"
"631843","Old","2021","movie","tmdb_only","2021 in film","0"
"632683","Jardín secreto","2018","movie","tmdb_only","List of Spanish films of 2025","0"
"634429","Shin Ultraman","2022","movie","wikipedia","Shin Ultraman","4261"
"634492","Madame Web","2024","movie","wikipedia","Madame Web (film)","3818"
"634528","The Marksman","2021","movie","wikipedia","The Marksman (2021 film)","4870"
"634586","Keyboard Fantasies","2021","movie","tmdb_only","Keyboard Fantasies: The Beverly Glenn-Copeland Story","0"
"634649","Spider-Man: No Way Home","2021","movie","wikipedia","Spider-Man: No Way Home","4370"
"635302","Demon Slayer -Kimetsu no Yaiba- The Movie: Mugen Train","2020","movie","tmdb_only","","0"
"635966","The Serenade","2019","movie","tmdb_only","2019 in film","0"
"636173","Dream","2023","movie","wikipedia","Dream (2023 film)","1209"
"636279","Bogotá: City of the Lost","2024","movie","wikipedia","Bogotá: City of the Lost","873"
"637599","January 27","2016","movie","wikipedia","Lion (2016 film)","5767"
"637649","Wrath of Man","2021","movie","wikipedia","Wrath of Man","3571"
"637787","My Planet","2018","movie","wikipedia","Clara (2018 film)","4979"
"638449","The Last Letter from Your Lover","2021","movie","wikipedia","The Last Letter from Your Lover","4124"
"638535","Laughing Matters","2019","movie","wikipedia","Greed (2019 film)","4551"
"639720","IF","2024","movie","tmdb_only","2024 in film","0"
"639933","The Northman","2022","movie","wikipedia","The Menu (2022 film)","3704"
"640120","Nouvelle Cordée","2019","movie","tmdb_only","List of French films of 1944","0"
"640146","Ant-Man and the Wasp: Quantumania","2023","movie","wikipedia","Ant-Man and the Wasp: Quantumania","4204"
"641574","Sense sostre","2019","movie","tmdb_only","List of documentary films","0"
"642885","Hocus Pocus 2","2022","movie","wikipedia","Hocus Pocus 2","3752"
"644495","House of Gucci","2021","movie","wikipedia","House of Gucci","4269"
"645568","Kodokushi","2020","movie","tmdb_only","Kodokushi","0"
"645689","The Duke","2021","movie","wikipedia","The Duke (2020 film)","6149"
"645710","The Voyeurs","2021","movie","tmdb_only","List of American films of 2021","0"
"645788","The Protégé","2021","movie","wikipedia","Reminiscence (2021 film)","3150"
"645998","House Arrest","2019","movie","wikipedia","House Arrest (2019 film)","2394"
"646097","Rebel Ridge","2024","movie","wikipedia","Rebel Ridge","4117"
"646207","The Ice Road","2021","movie","wikipedia","The Ice Road","4193"
"646315","The Legendary Lighter","2019","movie","wikipedia","Little (film)","2345"
"646380","Don't Look Up","2021","movie","wikipedia","Don't Look Up","5104"
"646385","Scream","2022","movie","wikipedia","Scream (2022 film)","3834"
"646389","Plane","2023","movie","wikipedia","Plane (film)","2818"
"646681","Ioana","2015","movie","tmdb_only","Ioana Flora","0"
"647912","Film Maker","2019","movie","wikipedia","Hero (2019 Tamil film)","7032"
"649609","Renfield","2023","movie","wikipedia","Renfield (film)","3362"
"650655","Stay","2019","movie","wikipedia","The Aftermath (2019 film)","2083"
"651045","Noraebang: Hot Women 2","2019","movie","tmdb_only","","0"
"651188","The Impure Ones","2019","movie","wikipedia","Shazam! (film)","4607"
"651970","Mother-Child","2019","movie","wikipedia","Child's Play (2019 film)","2866"
"652828","Foreigner","2018","movie","wikipedia","Joseph (2018 film)","5237"
"652837","Josee, the Tiger and the Fish","2020","movie","wikipedia","Josee, the Tiger and the Fish (2020 film)","2778"
"653346","Kingdom of the Planet of the Apes","2024","movie","wikipedia","Kingdom of the Planet of the Apes","3900"
"654974","Home Sweet Home Alone","2021","movie","wikipedia","Home Sweet Home Alone","3603"
"657654","Senior Couple and Exchange Sex","2019","movie","wikipedia","Old School (2003 film)","3467"
"658436","Fate/kaleid liner Prisma☆Illya: Prisma☆Phantasm","2019","movie","tmdb_only","","0"
"659555","Eroski/Paraíso","2019","movie","tmdb_only","","0"
"661231","Operation Mincemeat","2022","movie","wikipedia","Operation Mincemeat (film)","4025"
"661374","Glass Onion: A Knives Out Mystery","2022","movie","wikipedia","Glass Onion: A Knives Out Mystery","4426"
"661539","A Complete Unknown","2024","movie","wikipedia","Nosferatu (2024 film)","3397"
"662231","Hacked","2020","movie","wikipedia","Hacked (film)","1368"
"662702","Mother's Seduction 2","2020","movie","tmdb_only","List of erotic thriller films","0"
"662708","Pokémon the Movie: Secrets of the Jungle","2020","movie","wikipedia","Pokémon the Movie: Secrets of the Jungle","4279"
"663121","My Personal Trainer","2019","movie","wikipedia","Farewell My Concubine (film)","8656"
"663712","Terrifier 2","2022","movie","wikipedia","Terrifier 2","2966"
"664035","Love Sarah","2020","movie","wikipedia","Palm Springs (2020 film)","3524"
"664280","David Attenborough: A Life on Our Planet","2020","movie","wikipedia","David Attenborough: A Life on Our Planet","2704"
"664416","Beastie Boys Story","2020","movie","tmdb_only","Beastie Boys Story","0"
"665251","Altered Carbon: Resleeved","2020","movie","tmdb_only","List of animated feature films of 2020","0"
"666277","Past Lives","2023","movie","wikipedia","Past Lives (film)","2682"
"666668","Kem Chho?","2020","movie","tmdb_only","List of Gujarati films of 2020","0"
"667520","A Whisker Away","2020","movie","tmdb_only","Nedumudi Venu filmography","0"
"667538","Transformers: Rise of the Beasts","2023","movie","wikipedia","Transformers: Rise of the Beasts","4046"
"668391","Seeru","2020","movie","tmdb_only","List of Tamil films of 2020","0"
"668482","Roald Dahl's Matilda the Musical","2022","movie","wikipedia","Matilda the Musical (film)","4308"
"668801","Entre nosotras","2018","movie","tmdb_only","List of Spanish films of 2026","0"
"669204","I Was a ""Secret Bitch""","2019","movie","tmdb_only","","0"
"669502","Metropolitan Bowling","2019","movie","wikipedia","Homecoming (2009 film)","7043"
"669671","Night Teeth","2021","movie","wikipedia","Night Teeth","2504"
"670292","The Creator","2023","movie","wikipedia","The Creator (2023 film)","3722"
"670686","Father Father","2019","movie","wikipedia","The Father (2020 film)","2682"
"671757","Day Six","2016","movie","tmdb_only","The Day Will Come (2016 film)","0"
"672128","Dia","2020","movie","wikipedia","Dia (film)","2504"
"672322","Rurouni Kenshin: The Beginning","2021","movie","wikipedia","Rurouni Kenshin: The Beginning","4431"
"673593","Mean Girls","2024","movie","wikipedia","Mean Girls (2024 film)","4027"
"674324","The Banshees of Inisherin","2022","movie","wikipedia","The Whale (2022 film)","6938"
"675319","Zone 414","2021","movie","wikipedia","Zone 414","3199"
"675353","Sonic the Hedgehog 2","2022","movie","wikipedia","Sonic the Hedgehog 2 (film)","3933"
"675445","PAW Patrol: The Movie","2021","movie","wikipedia","Paw Patrol: The Movie","3974"
"676159","Inspector Vikram","2021","movie","wikipedia","Inspector Vikram (2021 film)","1222"
"677179","Creed III","2023","movie","wikipedia","Creed III","4313"
"678512","Sound of Freedom","2023","movie","wikipedia","Sound of Freedom (film)","4625"
"679057","Bosomy Tae-hee","2020","movie","tmdb_only","","0"
"680071","Vanishing","2022","movie","wikipedia","Vanishing (2021 film)","3064"
"680956","Chal Mera Putt 2","2020","movie","wikipedia","Chal Mera Putt 2","2984"
"682052","Offline Valley","2018","movie","tmdb_only","2018 United States House of Representatives elections in California","0"
"682153","Doraemon: Nobita's New Dinosaur","2020","movie","wikipedia","Doraemon: Nobita's New Dinosaur","7754"
"682507","Where the Crawdads Sing","2022","movie","wikipedia","Where the Crawdads Sing (film)","3894"
"682569","Athaiyum Thaandi","2020","movie","tmdb_only","","0"
"682790","The Duel","2018","movie","wikipedia","Shadow (2018 film)","5382"
"683127","Earwig and the Witch","2021","movie","wikipedia","Earwig and the Witch","2099"
"685274","Mobile Suit Gundam Hathaway","2021","movie","tmdb_only","","0"
"690957","Pushpa: The Rise","2021","movie","wikipedia","Pushpa: The Rise","4077"
"691819","The Attachment","2019","movie","wikipedia","Magneto (2019 film)","2674"
"693134","Dune: Part Two","2024","movie","wikipedia","Dune: Part Two","4256"
"693258","Curtains","2020","movie","wikipedia","Curtains (1983 film)","4275"
"695721","The Hunger Games: The Ballad of Songbirds & Snakes","2023","movie","wikipedia","The Hunger Games: The Ballad of Songbirds & Snakes","4556"
"695932","We Made a Beautiful Bouquet","2021","movie","tmdb_only","","0"
"695969","Haseen Dillruba","2021","movie","wikipedia","Haseen Dillruba","3548"
"696026","Nice Sister-In-Law","2019","movie","wikipedia","Bahu Begum (2019 TV series)","1540"
"696506","Mickey 17","2025","movie","wikipedia","Champion (2025 film)","2248"
"696806","The Adam Project","2022","movie","wikipedia","The Lost City (2022 film)","2742"
"697843","Extraction 2","2023","movie","wikipedia","Kandahar (2023 film)","3601"
"698343","I Don't Like Younger Men 5","2020","movie","wikipedia","X-Men (film)","4127"
"698508","Redeeming Love","2022","movie","wikipedia","Redeeming Love (2022 film)","4509"
"698687","Transformers One","2024","movie","wikipedia","Transformers One","4207"
"698779","Room Salon College Girls 3","2020","movie","wikipedia","Lolita (1997 film)","3105"
"699115","WAVE!! Surfing Yappe!! - Chapter 1","2020","movie","tmdb_only","","0"
"700391","65","2023","movie","tmdb_only","2023 in film","0"
"700548","My Student's Mom 4","2019","movie","tmdb_only","","0"
"700979","Friend's Mothers","2018","movie","wikipedia","My Best Friend's Exorcism (film)","4284"
"701387","Bugonia","2025","movie","tmdb_only","2025 in film","0"
"701561","Lee Chaedam's G-Spot","2017","movie","tmdb_only","","0"
"702936","Sniper: Assassin's End","2020","movie","wikipedia","Sniper: Assassin's End","566"
"703800","Midnight Sun","2019","movie","wikipedia","Midnight Sun (2018 film)","3179"
"705996","Decision to Leave","2022","movie","wikipedia","Broker (2022 film)","2920"
"706487","ALTER EGO","2020","movie","wikipedia","Alter Ego (2017 film)","3063"
"707075","Silent Passage","2020","movie","wikipedia","London After Midnight (film)","1994"
"713440","The Butterfly","2017","movie","wikipedia","Black Butterfly (2017 film)","3728"
"713607","Mom's Friend 2020","2020","movie","wikipedia","Clouds (2020 film)","3602"
"713704","Evil Dead Rise","2023","movie","wikipedia","Evil Dead Rise","5847"
"714119","Final Act","2019","movie","wikipedia","Glass (2019 film)","4084"
"714794","Jumping Moments","2020","movie","wikipedia","Sinister (film)","4458"
"715756","Dangerous Drugs of Sex","2020","movie","wikipedia","Trance (2020 film)","3414"
"716273","Just A Bite","2020","movie","wikipedia","Man Bites Dog (film)","4528"
"716612","Spencer","2021","movie","wikipedia","Spencer (film)","4040"
"717728","Jeepers Creepers: Reborn","2022","movie","wikipedia","Jeepers Creepers: Reborn","2548"
"718789","Lightyear","2022","movie","wikipedia","Lightyear (film)","5686"
"718821","Twisters","2024","movie","wikipedia","Trap (2024 film)","3882"
"718930","Bullet Train","2022","movie","wikipedia","Bullet Train (film)","4107"
"719128","Idol Sex: LA Korean Women","2020","movie","tmdb_only","","0"
"719355","Roof-top star","2020","movie","tmdb_only","List of highest-grossing films","0"
"720557","Tiger 3","2023","movie","wikipedia","Tiger 3","3889"
"721267","The Takatsu River","2019","movie","tmdb_only","List of Japanese films of 2022","0"
"721895","John & Jen","2020","movie","wikipedia","Emma (2020 film)","3414"
"722149","Luther: The Fallen Sun","2023","movie","wikipedia","Luther: The Fallen Sun","2548"
"723072","Host","2020","movie","wikipedia","The Host (2020 film)","3982"
"723234","Dad","2019","movie","wikipedia","Dads (film)","242"
"723562","Actresses: Sex Audition","2020","movie","wikipedia","Jumbo (2020 film)","2087"
"724108","R-Rated Idol Seung-ha's Fancy Walk","2020","movie","tmdb_only","","0"
"724109","Hole-in-law","2020","movie","wikipedia","Ace in the Hole (1951 film)","3248"
"724113","La invitada","2017","movie","wikipedia","The Innocents (2025 film)","693"
"724495","The Woman King","2022","movie","wikipedia","Barbarian (2022 film)","2988"
"725201","The Gray Man","2022","movie","wikipedia","The Gray Man (2022 film)","4248"
"725377","The Mirror","2020","movie","wikipedia","Mirror Mirror (film)","4066"
"726036","Madhura Wines","2021","movie","tmdb_only","List of Telugu films of 2021","0"
"726139","Project Silence","2024","movie","wikipedia","Abigail (2024 film)","3640"
"726209","Leave the World Behind","2023","movie","wikipedia","Leave the World Behind (film)","4835"
"726759","Tetris","2023","movie","wikipedia","Tetris (film)","4247"
"727340","Hunt","2022","movie","wikipedia","Hunt (2022 film)","3976"
"728178","YARA ZED","2018","movie","tmdb_only","","0"
"728754","Stand by Me Doraemon 2","2020","movie","wikipedia","Stand by Me Doraemon 2","3584"
"729854","Concrete Utopia","2023","movie","wikipedia","Hopeless (2023 film)","676"
"730251","Happyend","2024","movie","tmdb_only","2024 BFI London Film Festival","0"
"732203","Gintama: The Very Final","2021","movie","wikipedia","Gintama: The Very Final","4297"
"734413","Metro Kathalu","2020","movie","tmdb_only","","0"
"734724","The Last Scene","2019","movie","wikipedia","The Last House on the Left (2009 film)","5131"
"736071","Daddy Dearest","2018","movie","tmdb_only","Daddy Dearest","0"
"736146","A Family","2021","movie","wikipedia","Family Drama (2021 film)","5792"
"736732","Broker","2022","movie","wikipedia","Broker (2022 film)","2920"
"736820","Confidential Assignment 2: International","2022","movie","wikipedia","Confidential Assignment 2: International","2964"
"737057","Suspicious Practice Room: Special Treatment of Mother's Friend","2018","movie","tmdb_only","List of Scream (film series) characters","0"
"737568","The Doorman","2020","movie","wikipedia","The Doorman (2020 film)","3791"
"739405","Operation Fortune: Ruse de Guerre","2023","movie","wikipedia","Operation Fortune: Ruse de Guerre","3110"
"739606","Saajan Bakery Since 1962","2021","movie","wikipedia","Saajan Bakery Since 1962","3109"
"740441","Unlocked","2023","movie","wikipedia","Unlocked (2023 film)","3011"
"740985","Borat Subsequent Moviefilm: Delivery of Prodigious Bribe to American Regime for Make Benefit Once Glorious Nation of Kazakhstan","2020","movie","wikipedia","Borat Subsequent Moviefilm","4706"
"743563","Vikram","2022","movie","wikipedia","Vikram (2022 film)","4764"
"743814","Serve the People","2022","movie","wikipedia","The Whale (2022 film)","6938"
"744148","Hole-in-law 2","2020","movie","wikipedia","Ace in the Hole (1951 film)","3248"
"744203","Liquid Stranger","2020","movie","tmdb_only","Liquid Stranger","0"
"744275","After We Fell","2021","movie","wikipedia","After We Fell","3740"
"744276","After Ever Happy","2022","movie","wikipedia","After Ever Happy","3673"
"744685","Chrishna Ombwiri","2019","movie","tmdb_only","","0"
"746036","The Fall Guy","2024","movie","wikipedia","The Fall Guy (2024 film)","3949"
"746901","Observation 1","2020","movie","wikipedia","Elephant (2020 film)","5763"
"747188","Asteroid City","2023","movie","wikipedia","No Hard Feelings (2023 film)","3725"
"748783","The Garfield Movie","2024","movie","wikipedia","The Garfield Movie","4038"
"749170","Heads of State","2025","movie","wikipedia","Heads or Tails? (2025 film)","2639"
"749451","Les Vagues","2019","movie","tmdb_only","Night Call (film)","0"
"750253","My Son","2021","movie","wikipedia","My Son (2021 Christian Carion film)","3581"
"751311","Of Spacious Time","2017","movie","wikipedia","The Shining (film)","3521"
"752623","The Lost City","2022","movie","wikipedia","The Lost City (2022 film)","2742"
"753012","Outing 3","2020","movie","wikipedia","Downhill (2020 film)","198"
"753342","Napoleon","2023","movie","wikipedia","Napoleon (2023 film)","3769"
"755566","Day Shift","2022","movie","wikipedia","Sardar (2022 film)","4709"
"755898","War of the Worlds","2025","movie","wikipedia","War of the Worlds (2025 film)","2555"
"756999","The Black Phone","2022","movie","wikipedia","The Black Phone","3693"
"758323","The Pope's Exorcist","2023","movie","wikipedia","Sweetwater (2023 film)","509"
"758330","Good Luck to You, Leo Grande","2022","movie","wikipedia","Good Luck to You, Leo Grande","6951"
"758866","Drive My Car","2021","movie","wikipedia","Drive My Car (film)","4057"
"759732","Isakkinte Ithihasam","2019","movie","tmdb_only","Isakkinte Ithihasam","0"
"760104","X","2022","movie","wikipedia","X (2022 film)","3643"
"760774","One Life","2023","movie","wikipedia","One Life (2023 film)","2776"
"760883","Blood Red Sky","2021","movie","wikipedia","Blood Red Sky","4018"
"761053","Gabriel's Inferno: Part III","2020","movie","tmdb_only","","0"
"761898","Sword Art Online the Movie - Progressive - Aria of a Starless Night","2021","movie","tmdb_only","","0"
"762441","A Quiet Place: Day One","2024","movie","wikipedia","A Quiet Place: Day One","3456"
"762504","Nope","2022","movie","wikipedia","Barbarian (2022 film)","2988"
"762509","Mufasa: The Lion King","2024","movie","wikipedia","Mufasa: The Lion King","3571"
"762975","Purple Hearts","2022","movie","wikipedia","Purple Hearts (2022 film)","4151"
"763215","Damsel","2024","movie","wikipedia","Damsel (2024 film)","3436"
"763285","Ambulance","2022","movie","wikipedia","Ambulance (2022 film)","4023"
"764787","1978","2019","movie","tmdb_only","1978 in film","0"
"765245","Swan Song","2021","movie","wikipedia","Swan Song (2021 Benjamin Cleary film)","251"
"765543","Blue Passport","2020","movie","wikipedia","Happy Together (1997 film)","1661"
"766066","HB","2015","movie","tmdb_only","Robert De Niro filmography","0"
"766319","Mariah Carey's Magical Christmas Special","2020","movie","wikipedia","Mariah Carey's Magical Christmas Special","5320"
"766475","See How They Run","2022","movie","wikipedia","See How They Run (2022 film)","4585"
"766507","Prey","2022","movie","wikipedia","Prey (2022 film)","6461"
"767516","Violent Review","2016","movie","wikipedia","Brimstone (2016 film)","4614"
"768744","My Hero Academia: World Heroes' Mission","2021","movie","wikipedia","My Hero Academia: World Heroes' Mission","4224"
"770156","Lucy Shimmers and the Prince of Peace","2020","movie","tmdb_only","List of films with post-credits scenes (2010s)","0"
"770906","Salaar: Part 1 - Ceasefire","2023","movie","tmdb_only","List of Indian films of 2023","0"
"773804","Female Urologists 3","2020","movie","tmdb_only","2020 United States House of Representatives elections in Florida","0"
"773867","Seoul Vibe","2022","movie","wikipedia","Seoul Vibe","5922"
"774825","The Ice Age Adventures of Buck Wild","2022","movie","wikipedia","The Ice Age Adventures of Buck Wild","3453"
"776305","Belle","2021","movie","wikipedia","Belle (2021 film)","6010"
"776503","CODA","2021","movie","wikipedia","CODA (2021 film)","3610"
"777515","The Shady Lady","2017","movie","wikipedia","The Delta (film)","567"
"780609","Men","2022","movie","wikipedia","Men (2022 film)","3966"
"781202","Vitamin She","2020","movie","wikipedia","Vitamin She (2020 film)","426"
"781732","Animal","2023","movie","wikipedia","Animal (2023 Indian film)","3307"
"783675","The First Slam Dunk","2022","movie","wikipedia","The First Slam Dunk","2733"
"784651","Fighter","2024","movie","wikipedia","Fighter (2024 film)","2506"
"785084","The Whale","2022","movie","wikipedia","The Whale (2022 film)","6938"
"785542","The Outrun","2024","movie","wikipedia","Outside (2024 film)","2983"
"785845","Dvořák:  Rusalka","2020","movie","tmdb_only","","0"
"786892","Furiosa: A Mad Max Saga","2024","movie","wikipedia","Furiosa: A Mad Max Saga","7236"
"787699","Wonka","2023","movie","wikipedia","Wonka (film)","3172"
"787723","13 Minutes","2021","movie","wikipedia","13 Minutes (2021 film)","2690"
"791117","Color of November","2018","movie","wikipedia","Color Out of Space (film)","4479"
"791128","Youngest Sister Class","2020","movie","wikipedia","Enola Holmes (film)","3254"
"791177","Bones and All","2022","movie","wikipedia","Bones and All","4323"
"791373","Zack Snyder's Justice League","2021","movie","wikipedia","Zack Snyder's Justice League","3887"
"792293","Dumb Money","2023","movie","wikipedia","Dumb Money","3260"
"792307","Poor Things","2023","movie","wikipedia","Poor Things (film)","5530"
"795564","Crayon Shin-chan: Shrouded in Mystery! The Flowers of Tenkazu Academy","2021","movie","tmdb_only","List of animated feature films of 2021","0"
"795811","Wheel of Fortune and Fantasy","2021","movie","wikipedia","Wheel of Fortune and Fantasy","3873"
"796499","Army of Thieves","2021","movie","wikipedia","Army of Thieves","4144"
"797404","Soledad.com","2016","movie","wikipedia","Soledad.com","2877"
"797827","Mukhosh","2021","movie","wikipedia","Mukhosh (2021 film)","264"
"798286","Beau Is Afraid","2023","movie","wikipedia","Beau Is Afraid","4249"
"798645","The Running Man","2025","movie","wikipedia","The Running Man (2025 film)","4195"
"799379","Project Wolf Hunting","2022","movie","wikipedia","Project Wolf Hunting","2628"
"799583","The Ministry of Ungentlemanly Warfare","2024","movie","tmdb_only","List of American films of 2024","0"
"799710","The Wild","2023","movie","wikipedia","Wild Life (2023 film)","448"
"799991","A1 Express","2021","movie","wikipedia","A1 Express","2611"
"800158","The Killer","2023","movie","wikipedia","The Killer (2023 film)","4025"
"800301","What's Love Got to Do with It?","2023","movie","wikipedia","What's Love Got to Do with It? (2022 film)","3902"
"800345","Carter","2022","movie","wikipedia","Carter (film)","3462"
"801335","Girl in the Basement","2021","movie","wikipedia","My Girl (film)","5716"
"801466","April 28th Em Jarigindi","2021","movie","tmdb_only","","0"
"801688","Kalki 2898-AD","2024","movie","tmdb_only","List of Indian films of 2024","0"
"803796","KPop Demon Hunters","2025","movie","wikipedia","KPop Demon Hunters","6803"
"804095","The Fabelmans","2022","movie","tmdb_only","2022 in film","0"
"804150","Cocaine Bear","2023","movie","wikipedia","Cocaine Bear","3056"
"807196","Boiling Point","2021","movie","wikipedia","Boiling Point (2021 film)","6929"
"810693","Jujutsu Kaisen 0","2021","movie","wikipedia","Jujutsu Kaisen 0 (film)","2615"
"811075","Apparition","2016","movie","wikipedia","The Innkeepers (film)","2962"
"811941","Devara: Part 1","2024","movie","tmdb_only","List of Indian films of 2024","0"
"812225","Black Clover: Sword of the Wizard King","2023","movie","wikipedia","Black Clover: Sword of the Wizard King","959"
"812324","Seaworthy","2017","movie","wikipedia","Papillon (1973 film)","3062"
"812583","Wake Up Dead Man: A Knives Out Mystery","2025","movie","tmdb_only","Knives Out (film series)","0"
"812621","The Gloom","2021","movie","wikipedia","Antlers (2021 film)","3421"
"814338","Lady Chatterley's Lover","2022","movie","wikipedia","Lady Chatterley's Lover (2022 film)","3393"
"818397","Memory","2022","movie","wikipedia","Memory (2022 film)","4125"
"820067","The Quintessential Quintuplets Movie","2022","movie","wikipedia","The Quintessential Quintuplets Movie","3836"
"820446","Downton Abbey: A New Era","2022","movie","wikipedia","Downton Abbey: A New Era","4185"
"821881","The Swimmers","2022","movie","wikipedia","The Swimmers (2022 film)","3073"
"822119","Captain America: Brave New World","2025","movie","wikipedia","Captain America: Brave New World","4665"
"823464","Godzilla x Kong: The New Empire","2024","movie","wikipedia","Godzilla x Kong: The New Empire","4345"
"823625","Blacklight","2022","movie","wikipedia","Death on the Nile (2022 film)","3942"
"823766","The Wonder","2022","movie","wikipedia","Wonder Women (2022 film)","3068"
"824392","Stay","2018","movie","wikipedia","Stay with Me (2018 film)","2331"
"826018","Me Leva","2015","movie","wikipedia","X-Men (film)","4127"
"826945","Sisters Virus","2021","movie","wikipedia","Virus (2019 film)","3659"
"829280","Enola Holmes 2","2022","movie","wikipedia","Enola Holmes 2","3369"
"829402","Ultraman: Rising","2024","movie","tmdb_only","List of American films of 2024","0"
"832964","Lee","2024","movie","wikipedia","Escape (2024 South Korean film)","2746"
"833305","Gangnam Beauty","2021","movie","wikipedia","Gangnam Beauty","584"
"833401","Malaysia to Amnesia","2021","movie","wikipedia","Malaysia to Amnesia","344"
"838209","Exhuma","2024","movie","tmdb_only","List of horror films of 2024","0"
"839033","The Lord of the Rings: The War of the Rohirrim","2024","movie","wikipedia","The Lord of the Rings: The War of the Rohirrim","3601"
"839369","May December","2023","movie","wikipedia","Antony (2023 film)","427"
"840430","The Holdovers","2023","movie","wikipedia","Wildcat (2023 film)","2533"
"840705","Blink Twice","2024","movie","wikipedia","Blink Twice","5054"
"841266","La China","2015","movie","wikipedia","Point Break (2015 film)","6268"
"843527","The Idea of You","2024","movie","wikipedia","The Idea of You","3555"
"843794","JUNG_E","2023","movie","wikipedia","Cobweb (2023 South Korean film)","3876"
"845222","Kingdom: Ashin of the North","2021","movie","tmdb_only","Kim Seong-hun (filmmaker)","0"
"845387","maboroshi","2023","movie","wikipedia","Monster (2023 Japanese film)","3312"
"845781","Red One","2024","movie","wikipedia","Red One (film)","3460"
"846433","The Enforcer","2022","movie","tmdb_only","The Enforcer (2022 film)","0"
"846956","Rogue Agent","2022","movie","wikipedia","Rogue Agent (film)","3756"
"848200","Cura Brochero","2016","movie","tmdb_only","List of 1940s films based on actual events","0"
"848326","Rebel Moon - Part One: A Child of Fire","2023","movie","tmdb_only","","0"
"848538","Argylle","2024","movie","tmdb_only","List of American films of 2024","0"
"849869","Kill Boksoon","2023","movie","wikipedia","Kill Boksoon","3262"
"850165","The Iron Claw","2023","movie","wikipedia","The Iron Claw (film)","4389"
"850237","Agent Mona","2020","movie","wikipedia","Saagar (film)","499"
"850804","The Interview","2020","movie","wikipedia","The Hunt (2020 film)","4344"
"850945","Move on","2020","movie","wikipedia","Run (2020 American film)","5277"
"850952","Paying Guest","2020","movie","wikipedia","Paying Guest","5070"
"851644","20th Century Girl","2022","movie","wikipedia","20th Century Girl","2902"
"852448","I Came By","2022","movie","wikipedia","Fall (2022 film)","3580"
"852997","Friend Sister","2021","movie","wikipedia","Bachelor (2021 film)","3526"
"853033","Adultery Alumni Association 2","2019","movie","wikipedia","Dreamgirls (film)","4267"
"853376","Villa Maids","2021","movie","wikipedia","Abandonada (film)","5016"
"853670","A Boy Like That","2021","movie","wikipedia","Boy (2010 film)","4064"
"854053","RAmén","2019","movie","wikipedia","Parasite (2019 film)","4211"
"854804","Movida","2020","movie","wikipedia","Street Warriors (film)","2538"
"857598","Pushpa 2 - The Rule","2024","movie","tmdb_only","List of Indian films of 2024","0"
"858024","Hamnet","2025","movie","wikipedia","Nuremberg (2025 film)","5926"
"858080","Sardar","2022","movie","wikipedia","Sardar (2022 film)","4709"
"858476","Anticipation","2019","movie","wikipedia","Serenity (2019 film)","1912"
"858485","Kantara","2022","movie","wikipedia","Kantara (2022 film)","3579"
"860340","My Girlfriend's Mother 3","2019","movie","wikipedia","Mother (2009 film)","5015"
"862163","Antarvasna","2021","movie","tmdb_only","","0"
"862976","1989 Berlin, Seoul Now","2021","movie","tmdb_only","2021 in film","0"
"863616","The Placebo","2021","movie","wikipedia","Mothers' Instinct (2024 film)","3166"
"864692","Pathaan","2023","movie","wikipedia","Pathaan (film)","6002"
"865464","John Luther","2022","movie","wikipedia","John Luther (film)","5952"
"866398","The Beekeeper","2024","movie","wikipedia","The Beekeeper (2024 film)","3323"
"868759","Ghosted","2023","movie","wikipedia","Ghosted (2023 film)","3884"
"869218","Nafs Said","2021","movie","wikipedia","The Odyssey (2026 film)","5109"
"869227","Super Sharanya","2022","movie","wikipedia","Super Sharanya","2812"
"870028","The Accountant²","2025","movie","wikipedia","The Dutchman (2025 film)","2628"
"870270","My Wife's Sister 3","2019","movie","tmdb_only","","0"
"870360","The Day the Earth Blew Up: A Looney Tunes Movie","2024","movie","tmdb_only","List of Looney Tunes feature films","0"
"872408","Sundari","2021","movie","wikipedia","Mimi (2021 Hindi film)","2398"
"872585","Oppenheimer","2023","movie","wikipedia","Oppenheimer (film)","3621"
"872906","Jawan","2023","movie","wikipedia","Animal (2023 Indian film)","3307"
"872976","Digimon Adventure 02: The Beginning","2023","movie","wikipedia","Digimon Adventure 02: The Beginning","2847"
"876792","That Time I Got Reincarnated as a Slime the Movie: Scarlet Bond","2022","movie","wikipedia","That Time I Got Reincarnated as a Slime the Movie: Scarlet Bond","4252"
"877269","Strange World","2022","movie","wikipedia","Strange World (film)","4196"
"877817","Wolfs","2024","movie","wikipedia","Wolfs (film)","3916"
"878182","Plan Panni Pannanum","2021","movie","wikipedia","Plan Panni Pannanum","2274"
"879444","Accident Man: Hitman's Holiday","2022","movie","wikipedia","Accident Man: Hitman's Holiday","3278"
"881211","Snoopy Presents: For Auld Lang Syne","2021","movie","wikipedia","Snoopy Presents: For Auld Lang Syne","2511"
"882569","Guy Ritchie's The Covenant","2023","movie","wikipedia","Guy Ritchie's The Covenant","3847"
"882598","Smile","2022","movie","wikipedia","Smile (2022 film)","4254"
"884000","Oh Manapenne!","2021","movie","wikipedia","Oh Manapenne!","2992"
"884063","Sex Demons: Ghosts Obsessed With Sex","2021","movie","tmdb_only","","0"
"884605","No Hard Feelings","2023","movie","wikipedia","No Hard Feelings (2023 film)","3725"
"884750","Slightly Mad","2016","movie","wikipedia","The Void (2016 film)","4359"
"887870","Blue Giant","2023","movie","wikipedia","Strays (2023 film)","2183"
"888867","Ideal Climate for Revolution","2021","movie","wikipedia","Before Night Falls (film)","1396"
"889737","Joker: Folie à Deux","2024","movie","wikipedia","Joker: Folie à Deux","4057"
"890138","A.R.M - Ajayante Randam Moshanam","2024","movie","tmdb_only","List of Malayalam films of 2024","0"
"893712","Sword Art Online the Movie – Progressive – Scherzo of Deep Night","2022","movie","tmdb_only","","0"
"893723","PAW Patrol: The Mighty Movie","2023","movie","wikipedia","Paw Patrol: The Mighty Movie","3976"
"894803","Sita Ramam","2022","movie","wikipedia","Sita Ramam","4526"
"895954","母女汽车中心","2021","movie","tmdb_only","","0"
"896453","Flashback","2025","movie","wikipedia","Broke (2025 film)","3609"
"897087","Freelance","2023","movie","wikipedia","Freelance (2023 film)","3495"
"897160","Brave Citizen","2023","movie","tmdb_only","2023 in film","0"
"899082","Harry Potter 20th Anniversary: Return to Hogwarts","2022","movie","wikipedia","Harry Potter and the Goblet of Fire (film)","4357"
"899112","Violent Night","2022","movie","wikipedia","Pearl (2022 film)","3606"
"900493","How the Titanic became my lifeboat","2021","movie","wikipedia","Titanic (1997 film)","6137"
"900667","One Piece Film Red","2022","movie","wikipedia","X (2022 film)","3643"
"901362","Trolls Band Together","2023","movie","wikipedia","Trolls Band Together","4350"
"901521","Methagu-II","2022","movie","tmdb_only","List of banned films","0"
"910371","Hell Dogs","2022","movie","wikipedia","Nightbitch (film)","2198"
"911014","Breach","2021","movie","wikipedia","Black Widow (2021 film)","3893"
"911430","F1","2025","movie","wikipedia","Weapons (2025 film)","4355"
"911816","Harám","2015","movie","tmdb_only","Haram (film)","0"
"911835","Aunt","2021","movie","wikipedia","The Estate (2022 film)","2742"
"912598","Bubble","2022","movie","wikipedia","Bubble (2022 film)","1754"
"912649","Venom: The Last Dance","2024","movie","wikipedia","Venom: The Last Dance","3562"
"913290","Barbarian","2022","movie","wikipedia","Barbarian (2022 film)","2988"
"916192","The Tunnel to Summer, the Exit of Goodbyes","2022","movie","wikipedia","The Tunnel to Summer, the Exit of Goodbyes","3612"
"916224","Suzume","2022","movie","wikipedia","Suzume","4710"
"917496","Beetlejuice Beetlejuice","2024","movie","wikipedia","Beetlejuice Beetlejuice","3644"
"918487","New Female Secretary","2021","movie","wikipedia","Malik (2021 film)","4520"
"919207","12.12: The Day","2023","movie","wikipedia","12.12: The Day","2865"
"921436","Escape","2024","movie","wikipedia","Escape (2024 South Korean film)","2746"
"921711","Tamil Rockers","2021","movie","tmdb_only","List of Tamil films of 2021","0"
"922128","RJ Madonna","2021","movie","tmdb_only","List of Tamil films of 2026","0"
"926393","The Equalizer 3","2023","movie","wikipedia","The Equalizer 3","3697"
"926899","The House","2022","movie","wikipedia","House of Darkness (2022 film)","1404"
"927107","The Bricklayer","2023","movie","wikipedia","The Bricklayers (1905 film)","1161"
"927152","Irreversível","2015","movie","tmdb_only","","0"
"927342","Amaran","2024","movie","wikipedia","Amaran (2024 film)","2728"
"927547","All We Imagine as Light","2024","movie","wikipedia","All We Imagine as Light","3936"
"929204","Wallace & Gromit: Vengeance Most Fowl","2024","movie","wikipedia","Wallace & Gromit: Vengeance Most Fowl","2735"
"929590","Civil War","2024","movie","wikipedia","Civil War (film)","4373"
"930094","Red, White & Royal Blue","2023","movie","wikipedia","Red, White & Royal Blue (film)","4640"
"930564","Saltburn","2023","movie","wikipedia","Saltburn (film)","3976"
"930930","Thunderbolt Fantasy: Sword Travels from the East","2018","movie","wikipedia","The Odyssey (2026 film)","5109"
"931908","Cyclotron","2020","movie","tmdb_only","Cyclotron","0"
"933057","Nine /10","2017","movie","wikipedia","It (2017 film)","3824"
"933131","Badland Hunters","2024","movie","wikipedia","Badland Hunters","1570"
"933260","The Substance","2024","movie","wikipedia","The Substance","3310"
"934433","Scream VI","2023","movie","wikipedia","Scream VI","6759"
"936245","Hidden Face","2024","movie","wikipedia","Hidden Face","549"
"936740","Change","2016","movie","tmdb_only","2016 in film","0"
"937020","Jailer","2023","movie","wikipedia","Jailer (2023 Tamil film)","3744"
"937278","A Man Called Otto","2022","movie","wikipedia","A Man Called Otto","4745"
"937287","Challengers","2024","movie","wikipedia","Nosferatu (2024 film)","3397"
"938008","The Killer","2022","movie","wikipedia","The Killer (2023 film)","4025"
"938092","Call Center Accepts Everything","2021","movie","wikipedia","Marcel the Shell with Shoes On (2021 film)","4509"
"938497","Oh Meri Laila","2022","movie","tmdb_only","Oh Meri Laila","0"
"939243","Sonic the Hedgehog 3","2024","movie","wikipedia","Sonic the Hedgehog 3 (film)","4605"
"940551","Migration","2023","movie","wikipedia","Migration (2023 film)","3756"
"940721","Godzilla Minus One","2023","movie","wikipedia","Godzilla Minus One","4723"
"941109","Play Dirty","2025","movie","wikipedia","Play Dirty (2025 film)","3975"
"941890","Suddenly, Honolulu","2016","movie","wikipedia","Aquaman (film)","4214"
"945729","A Haunting in Venice","2023","movie","wikipedia","A Haunting in Venice","4098"
"945961","Alien: Romulus","2024","movie","wikipedia","Alien: Romulus","4158"
"948713","The Last Kingdom: Seven Kings Must Die","2023","movie","wikipedia","The Last Kingdom: Seven Kings Must Die","4621"
"949229","Leo","2023","movie","wikipedia","Leo (2023 Indian film)","6612"
"949423","Pearl","2022","movie","wikipedia","Pearl (2022 film)","3606"
"950387","A Minecraft Movie","2025","movie","wikipedia","Sinners (2025 film)","3935"
"950396","The Gorge","2025","movie","wikipedia","Afterburn (2025 film)","1237"
"951491","Saw X","2023","movie","wikipedia","Saw X","3817"
"952079","Invited Delivery Man 2","2022","movie","wikipedia","Special Delivery (2022 film)","1640"
"952680","Dependencies","2015","movie","wikipedia","Mulholland Drive (film)","4186"
"954358","Mayat","2018","movie","wikipedia","Mayat","2623"
"955555","The Roundup: No Way Out","2023","movie","wikipedia","The Roundup: No Way Out","1908"
"957452","The Crow","2024","movie","wikipedia","The Crow (2024 film)","3556"
"958968","Lovers Leap","2022","movie","wikipedia","The Odyssey (2026 film)","5109"
"959163","Gatta Kusthi","2022","movie","wikipedia","Gatta Kusthi","4045"
"960704","Fullmetal Alchemist: The Final Alchemy","2022","movie","wikipedia","Fullmetal Alchemist (film)","2978"
"960876","Dunki","2023","movie","wikipedia","Animal (2023 Indian film)","3307"
"961268","Ballerina","2023","movie","wikipedia","Ballerina (2023 film)","3705"
"961624","Pellikuturu Party","2022","movie","tmdb_only","","0"
"964980","Air","2023","movie","wikipedia","Air (2023 American film)","4945"
"965150","Aftersun","2022","movie","wikipedia","Living (2022 film)","3379"
"965244","Ghost in the Shell: SAC_2045 Sustainable War","2021","movie","tmdb_only","","0"
"967847","Ghostbusters: Frozen Empire","2024","movie","wikipedia","Immaculate (2024 film)","6110"
"967941","Wicked: For Good","2025","movie","wikipedia","Wicked: For Good","4673"
"968051","The Nun II","2023","movie","wikipedia","The Nun II","2685"
"968868","Pretty Guardian Sailor Moon Cosmos the Movie Part 1","2023","movie","tmdb_only","","0"
"968870","Pretty Guardian Sailor Moon Cosmos the Movie Part 2","2023","movie","tmdb_only","","0"
"970085","Kehvatlal Parivar","2022","movie","wikipedia","Kehvatlal Parivar","3257"
"971581","Temporary Workers","2017","movie","wikipedia","Extract (film)","3439"
"974262","Descendants: The Rise of Red","2024","movie","wikipedia","Descendants: The Rise of Red","3720"
"974576","Conclave","2024","movie","wikipedia","Conclave (film)","4083"
"974635","Hit Man","2024","movie","wikipedia","Hit List (2024 film)","2517"
"975511","The Return","2024","movie","wikipedia","The Return (2024 film)","3444"
"976573","Elemental","2023","movie","wikipedia","Elemental (2023 film)","3979"
"976734","Canary Black","2024","movie","wikipedia","Calamity Jane (2024 film)","2455"
"976893","Perfect Days","2023","movie","wikipedia","Perfect Days","4134"
"976912","Graphic Desires","2023","movie","wikipedia","Animal (2023 Indian film)","3307"
"977871","Even If This Love Disappears Tonight","2022","movie","tmdb_only","Even If This Love Disappears From the World Tonight (2022 film)","0"
"978476","Dear Bhargava","2021","movie","wikipedia","Ship of Theseus (film)","1832"
"978726","My Girlfriend is an Erotic Actress","2021","movie","tmdb_only","","0"
"980489","Gran Turismo","2023","movie","wikipedia","Gran Turismo (film)","3534"
"981251","Stories","2018","movie","wikipedia","True Stories (film)","5508"
"985939","Fall","2022","movie","wikipedia","Fall (2022 film)","3580"
"986056","Thunderbolts*","2025","movie","wikipedia","Thunderbolts*","4659"
"987573","Believers","2022","movie","wikipedia","The Believers (film)","4795"
"988716","Naadi Dosh","2022","movie","wikipedia","Naadi Dosh","1804"
"989730","Mononoke the Movie: The Phantom in the Rain","2024","movie","tmdb_only","","0"
"991494","The SpongeBob Movie: Search for SquarePants","2025","movie","wikipedia","The SpongeBob Movie: Search for SquarePants","2548"
"991814","Re/Member","2022","movie","tmdb_only","2022 in film","0"
"992482","The Present","2016","movie","wikipedia","The Boss (2016 film)","3203"
"993377","Cross-Country Drive","2016","movie","wikipedia","Lion (2016 film)","5767"
"993400","Work for One Day","2015","movie","wikipedia","Sicario (2015 film)","3777"
"993427","Nomads","2016","movie","wikipedia","Nomads (2010 film)","2299"
"993708","The Threesome","2025","movie","wikipedia","The Threesome","3853"
"995133","The Boy, the Mole, the Fox and the Horse","2022","movie","wikipedia","The Boy, the Mole, the Fox and the Horse (film)","1575"
"995926","I, the Executioner","2024","movie","wikipedia","I, the Executioner (2024 film)","2655"
"998846","Back to Black","2024","movie","wikipedia","Black (2024 film)","7479"
"1000438","Emergency","2025","movie","wikipedia","Emergency (2025 film)","1697"
"1001835","Wifelike","2022","movie","wikipedia","Wifelike","4219"
"1002563","Gupchup","2022","movie","tmdb_only","List of Odia films of 2022","0"
"1002780","Kamen Rider Geats × Revice: Movie Battle Royale","2022","movie","tmdb_only","","0"
"1005321","Action!","2021","movie","wikipedia","Nobody (2021 film)","4701"
"1005331","Carry-On","2024","movie","wikipedia","Carry-On","4198"
"1006033","Good Daughter-in-law: Obscene Body","2018","movie","wikipedia","Caligula (film)","3752"
"1006151","Deadline","2020","movie","wikipedia","Unhinged (2020 film)","4569"
"1007734","Nobody 2","2025","movie","wikipedia","Nobody (2025 film)","4034"
"1008614","Pranaya Vilasam","2023","movie","tmdb_only","List of Malayalam films of 2023","0"
"1011477","Karate Kid: Legends","2025","movie","wikipedia","Karate Kid: Legends","3680"
"1011985","Kung Fu Panda 4","2024","movie","wikipedia","Kung Fu Panda 4","3450"
"1012165","Dear Love","2022","movie","wikipedia","Dear Friend (2022 film)","3925"
"1012201","HAIKYU!! The Dumpster Battle","2024","movie","wikipedia","Haikyu!! The Dumpster Battle","969"
"1013185","Lonely Day","2022","movie","wikipedia","Lost in the Stars (2022 film)","4353"
"1013850","A Real Pain","2024","movie","wikipedia","A Real Pain","4287"
"1014214","Singham Again","2024","movie","wikipedia","Singham Again","4687"
"1014505","OVERLORD: The Sacred Kingdom","2024","movie","wikipedia","Given the Movie (2024 film)","1447"
"1016011","Yoon-Yool and Russian Sexy Woman","2022","movie","tmdb_only","","0"
"1017163","The Roundup: Punishment","2024","movie","wikipedia","Following (2024 film)","4340"
"1018416","Slaughter Beach","2022","movie","wikipedia","The Gray Man (2022 film)","4248"
"1022256","Selena Gomez: My Mind & Me","2022","movie","wikipedia","Selena Gomez: My Mind & Me","2459"
"1022787","Elio","2025","movie","wikipedia","Superman (2025 film)","4405"
"1022789","Inside Out 2","2024","movie","wikipedia","Inside Out 2","6487"
"1022796","Wish","2023","movie","wikipedia","Wish (film)","3718"
"1024621","Call Me Chihiro","2023","movie","tmdb_only","Call Me Chihiro","0"
"1025866","La Bâtie","2018","movie","wikipedia","Mumu (2010 film)","290"
"1029575","The Family Plan","2023","movie","wikipedia","The Shift (2023 film)","4539"
"1029955","Kinds of Kindness","2024","movie","tmdb_only","List of American films of 2024","0"
"1032698","Nachindi Girl Friendu","2022","movie","tmdb_only","Nachindi Girl Friendu","0"
"1032823","Trap","2024","movie","wikipedia","Trap (2024 film)","3882"
"1034541","Terrifier 3","2024","movie","wikipedia","Terrifier 3","4657"
"1034732","The Getaway","2020","movie","wikipedia","Getaway (2013 film)","4426"
"1035259","The Naked Gun","2025","movie","wikipedia","The Naked Gun (2025 film)","4163"
"1035678","Repeat Shoe","2022","movie","wikipedia","Repeat Shoe","2464"
"1038392","The Conjuring: Last Rites","2025","movie","wikipedia","The Conjuring: Last Rites","3529"
"1040148","Ruby Gillman, Teenage Kraken","2023","movie","wikipedia","Ruby Gillman, Teenage Kraken","4156"
"1041613","Immaculate","2024","movie","wikipedia","Immaculate (2024 film)","6110"
"1045667","Dear Hangman","2022","movie","tmdb_only","List of British films of 1947","0"
"1045931","Crew","2024","movie","wikipedia","Lift (2024 film)","3715"
"1047041","Detective Conan: Black Iron Submarine","2023","movie","tmdb_only","List of Case Closed films","0"
"1050035","Monster","2023","movie","wikipedia","Monster (2023 Japanese film)","3312"
"1050429","Unification Of Japan 13","2015","movie","wikipedia","Inchon (film)","1914"
"1050434","Unification Of Japan 15","2016","movie","wikipedia","Inchon (film)","1914"
"1054867","One Battle After Another","2025","movie","wikipedia","Weapons (2025 film)","4355"
"1055780","Amir Naderi by Amir Naderi","2018","movie","wikipedia","The Runner (1984 film)","6272"
"1055785","Silent Blue","2022","movie","tmdb_only","The Silent Forest (2022 film)","0"
"1057001","The Childe","2023","movie","wikipedia","The Childe","4334"
"1059007","Agra","2025","movie","tmdb_only","List of Hindi films of 2025","0"
"1061474","Superman","2025","movie","wikipedia","Superman (2025 film)","4405"
"1062185","Let's Both Try","2025","movie","wikipedia","Good Boy (2025 Komasa film)","3656"
"1062722","Frankenstein","2025","movie","wikipedia","Frankenstein (2025 film)","4560"
"1062807","SPY x FAMILY CODE: White","2023","movie","tmdb_only","","0"
"1064028","Subservience","2024","movie","tmdb_only","List of American films of 2024","0"
"1064213","Anora","2024","movie","wikipedia","The Piano Lesson (2024 film)","4640"
"1071215","Thanksgiving","2023","movie","wikipedia","Thanksgiving (2023 film)","3752"
"1071585","M3GAN 2.0","2025","movie","tmdb_only","List of horror films of 2025","0"
"1071639","Hirano and Kagiura","2023","movie","tmdb_only","List of animated feature films of 2023","0"
"1072790","Anyone but You","2023","movie","wikipedia","Anyone but You","3627"
"1073720","Riverscross VI","2015","movie","tmdb_only","","0"
"1075175","How to Have Sex","2023","movie","wikipedia","No Hard Feelings (2023 film)","3725"
"1075676","Uprising","2024","movie","wikipedia","Uprising (2024 film)","1783"
"1076364","Carl's Date","2023","movie","wikipedia","Hypnotic (2023 film)","3393"
"1077782","Old Guy","2024","movie","wikipedia","Toxic (2024 film)","3150"
"1078303","Grace & Sophie","2023","movie","wikipedia","Mouse (2026 film)","149"
"1078605","Weapons","2025","movie","wikipedia","Weapons (2025 film)","4355"
"1079091","It Ends with Us","2024","movie","wikipedia","It Ends with Us (film)","3718"
"1079485","Winnie-the-Pooh: Blood and Honey 2","2024","movie","wikipedia","Winnie-the-Pooh: Blood and Honey 2","3743"
"1082195","The Order","2024","movie","wikipedia","The Order (2024 film)","3865"
"1082856","Who Am I?","2023","movie","tmdb_only","Who Am I (2023 film)","0"
"1083637","Kantara - A Legend: Chapter 1","2025","movie","wikipedia","Kantara (2022 film)","3579"
"1083862","Resident Evil: Death Island","2023","movie","wikipedia","Resident Evil: Death Island","5967"
"1084199","Companion","2025","movie","wikipedia","Weapons (2025 film)","4355"
"1084242","Zootopia 2","2025","movie","wikipedia","Zootopia 2","4657"
"1086747","The Watchers","2024","movie","wikipedia","Trap (2024 film)","3882"
"1087192","How to Train Your Dragon","2025","movie","wikipedia","How to Train Your Dragon (2025 film)","3695"
"1087891","The Amateur","2025","movie","wikipedia","The Amateur (2025 film)","4667"
"1088543","Bruce Gallagan","2016","movie","tmdb_only","","0"
"1093808","Gokudo Apocalypse","2017","movie","tmdb_only","Silent film","0"
"1094556","The Thundermans Return","2024","movie","wikipedia","The Thundermans Return","5282"
"1095006","Plan B","2021","movie","wikipedia","Plan B (2021 film)","4264"
"1096197","No Way Up","2024","movie","wikipedia","No Way Up","4124"
"1096992","Guddu Gangster","2023","movie","wikipedia","Elaan (1994 film)","1289"
"1097549","Babygirl","2024","movie","wikipedia","Nosferatu (2024 film)","3397"
"1099519","Unification Of Japan 22","2017","movie","tmdb_only","","0"
"1099639","The Temptation of the Mature 50s Mother-in-law","2023","movie","tmdb_only","","0"
"1099975","Mana Museum","2023","movie","tmdb_only","List of Odia films of 2023","0"
"1100099","We Live in Time","2024","movie","tmdb_only","2024 in film","0"
"1100431","Dry Dream","2015","movie","wikipedia","The Intern (2015 film)","3264"
"1100782","Smile 2","2024","movie","wikipedia","Smile 2","4178"
"1100848","Zetsu-Rin! Invisible Hentai Man: Second Virgin and Magic Potion","2016","movie","tmdb_only","","0"
"1104844","BLUE LOCK THE MOVIE -EPISODE NAGI-","2024","movie","tmdb_only","List of Punjabi films of 2016","0"
"1104882","120 Kilos","2023","movie","wikipedia","Paradesi (2013 film)","3049"
"1106289","The Pickup","2025","movie","wikipedia","The Pickup (film)","3826"
"1109086","War 2","2025","movie","wikipedia","War of the Worlds (2025 film)","2555"
"1111873","Abigail","2024","movie","wikipedia","Abigail (2024 film)","3640"
"1113421","The Uninvited","2025","movie","wikipedia","The Uninvited (2009 film)","3652"
"1113515","Wolf Whistle","2022","movie","wikipedia","Monos (film)","4132"
"1114513","Speak No Evil","2024","movie","wikipedia","Speak No Evil (2024 film)","3005"
"1114667","Conquest 14","2017","movie","tmdb_only","Kevin Costner filmography","0"
"1114967","Good Fortune","2025","movie","wikipedia","Good News (2025 film)","3439"
"1115116","Gloomy Sunday","2023","movie","tmdb_only","Gloomy Sunday","0"
"1118224","Maharaja","2024","movie","wikipedia","Maharaja (2024 film)","4565"
"1119853","Athol Park","2020","movie","tmdb_only","2025 in film","0"
"1119878","Ice Road: Vengeance","2025","movie","tmdb_only","2025 in film","0"
"1120138","In the Lap of the Mountain","2023","movie","tmdb_only","List of American films of 2023","0"
"1120446","Anitele×=LOVE Stage Project ""Kemono Friends""","2018","movie","tmdb_only","","0"
"1124620","The Monkey","2025","movie","wikipedia","The Monkey (film)","3580"
"1126166","Flight Risk","2025","movie","wikipedia","Flight Risk (film)","4485"
"1127055","Extended Stay","2020","movie","wikipedia","Uncorked (2020 film)","2791"
"1136736","Lust Stories 2","2023","movie","wikipedia","Lust Stories 2","3750"
"1137350","The Phoenician Scheme","2025","movie","wikipedia","The Phoenician Scheme","3296"
"1138194","Heretic","2024","movie","wikipedia","The Return (2024 film)","3444"
"1139033","Goodbye Python","2023","movie","wikipedia","Jabberwocky (1977 film)","3568"
"1139377","The Spider's Web","2023","movie","wikipedia","The Girl in the Spider's Web (film)","4261"
"1139817","Officer Black Belt","2024","movie","tmdb_only","2024 in film","0"
"1146972","Mobile Suit Gundam SEED FREEDOM","2024","movie","wikipedia","Mobile Suit Gundam SEED Freedom","5843"
"1147710","Hijack 1971","2024","movie","wikipedia","Hijack 1971","2488"
"1149791","Premalu","2024","movie","wikipedia","Premalu","4347"
"1155980","Inner Child","2023","movie","wikipedia","Oppenheimer (film)","3621"
"1156593","Your Fault","2024","movie","wikipedia","Your Fault (film)","4306"
"1156594","Our Fault","2025","movie","wikipedia","Our Fault","4045"
"1158013","Conte: Transitioning Politics","2023","movie","tmdb_only","Nigerien crisis (2023–2024)","0"
"1159311","My Hero Academia: You're Next","2024","movie","wikipedia","My Hero Academia: You're Next","4276"
"1160018","KILL","2024","movie","wikipedia","The Beekeeper (2024 film)","3323"
"1163258","12th Fail","2023","movie","wikipedia","12th Fail","4613"
"1167307","David","2025","movie","wikipedia","David (2025 film)","4272"
"1172129","South Facing","2023","movie","wikipedia","Migration (2023 film)","3756"
"1173559","Insidious Inferno","2024","movie","tmdb_only","List of horror films of 2013","0"
"1175942","The Bad Guys 2","2025","movie","wikipedia","Bad Apples (2025 film)","3023"
"1184263","Britain Is Built For Sundays","2023","movie","wikipedia","Oppenheimer (film)","3621"
"1184918","The Wild Robot","2024","movie","wikipedia","The Wild Robot","3259"
"1186350","Marco","2024","movie","wikipedia","Marco (2024 film)","4628"
"1186957","The Velveteen Rabbit","2023","movie","tmdb_only","The Velveteen Rabbit (2023 film)","0"
"1189518","Vaazha","2024","movie","wikipedia","Vaazha: Biopic of a Billion Boys","2688"
"1190511","Sitaare Zameen Par","2025","movie","tmdb_only","List of Indian films of 2025","0"
"1192104","Absent","2016","movie","wikipedia","The Absent One (2014 film)","3947"
"1192548","Hannah Waddingham: Home for Christmas","2023","movie","tmdb_only","The Smurfs in film","0"
"1197137","Black Phone 2","2025","movie","wikipedia","The Last Viking (2025 film)","10519"
"1197306","A Working Man","2025","movie","wikipedia","Wolf Man (2025 film)","3366"
"1200026","Black Tongue","2015","movie","wikipedia","Tusk (2014 film)","3697"
"1209217","Detective Conan: The Million-Dollar Pentagram","2024","movie","tmdb_only","List of Case Closed films","0"
"1214314","One More Shot","2024","movie","wikipedia","One More Shot (2024 film)","2539"
"1214931","Nuremberg","2025","movie","wikipedia","Nuremberg (2025 film)","5926"
"1220441","GREAT PRETENDER razbliuto","2024","movie","tmdb_only","2024 in anime","0"
"1222400","Family Circus","2018","movie","wikipedia","Family Circus (2018 film)","239"
"1223142","Girl Upstairs Who Likes Big Things","2023","movie","wikipedia","Halloween (1978 film)","4047"
"1223890","Dump.","2024","movie","wikipedia","Lift (2024 film)","3715"
"1226572","Superboys of Malegaon","2025","movie","tmdb_only","List of Hindi films of 2025","0"
"1226578","Longlegs","2024","movie","wikipedia","Trap (2024 film)","3882"
"1228246","Five Nights at Freddy's 2","2025","movie","wikipedia","Five Nights at Freddy's 2 (film)","6400"
"1229343","Bikini Bar: Delicious Service","2020","movie","tmdb_only","List of musical films by year","0"
"1229898","MoviePass, MovieCrash","2024","movie","wikipedia","MoviePass, MovieCrash","2882"
"1231753","DOG HOUSE","2024","movie","wikipedia","Dog Man (film)","3578"
"1231767","Exchange Wife 2","2023","movie","wikipedia","Michael (2023 film)","2795"
"1231914","Female Workers: Romance at Work 3","2023","movie","tmdb_only","","0"
"1231924","Purpose of the MZ Sisters","2023","movie","wikipedia","Guardians of the Galaxy (film)","4667"
"1232221","Mother-in-law in Love With Son-in-law 4","2023","movie","tmdb_only","2026 in film","0"
"1232546","Until Dawn","2025","movie","wikipedia","Love Guru (2025 film)","2695"
"1233413","Sinners","2025","movie","wikipedia","Sinners (2025 film)","3935"
"1233575","Black Bag","2025","movie","wikipedia","Keeper (2025 film)","2994"
"1233728","Seven-day Swapping","2023","movie","wikipedia","Obsession (2025 film)","3977"
"1234000","Daughter-in-law Who Cheated On Her Father-in-law","2023","movie","wikipedia","The Pastor's Wife (film)","4274"
"1234731","Anaconda","2025","movie","wikipedia","Anaconda (2025 film)","3050"
"1234821","Jurassic World Rebirth","2025","movie","wikipedia","Jurassic World Rebirth","4089"
"1235431","Oshi no Ko -The Final Act-","2024","movie","tmdb_only","","0"
"1239193","Deep Cover","2025","movie","wikipedia","Deep Cover (2025 film)","5417"
"1239511","Lucky Baskhar","2024","movie","wikipedia","Lucky Baskhar","5458"
"1240625","First Experience of Passionate Extrovert Woman","2024","movie","tmdb_only","List of feature films with lesbian characters","0"
"1240815","The Pubs","2021","movie","wikipedia","Pig (2021 film)","3545"
"1241262","Past Life","2023","movie","wikipedia","A Beautiful Life (2023 film)","642"
"1241436","Warfare","2025","movie","wikipedia","Superman (2025 film)","4405"
"1241634","Saiyaara","2025","movie","wikipedia","Saiyaara (film)","3544"
"1241982","Moana 2","2024","movie","wikipedia","Moana (2026 film)","3922"
"1242419","Roofman","2025","movie","tmdb_only","List of American films of 2025","0"
"1242434","Highest 2 Lowest","2025","movie","tmdb_only","2025 in film","0"
"1242898","Predator: Badlands","2025","movie","wikipedia","Predator: Badlands","6516"
"1244492","Look Back","2024","movie","wikipedia","Look Back (2024 film)","4878"
"1245993","Caught Stealing","2025","movie","wikipedia","Robinhood (2025 film)","2915"
"1248226","Playdate","2025","movie","wikipedia","Playdate (film)","2911"
"1257386","Stay","2016","movie","wikipedia","War Dogs (2016 film)","3953"
"1257960","Sikandar","2025","movie","wikipedia","Sikandar (2025 film)","4543"
"1258429","Juxtaposed Land","2023","movie","wikipedia","Barbie (film)","3799"
"1259102","Eternity","2025","movie","wikipedia","Eternity (2025 film)","3959"
"1263421","Baki Hanma VS Kengan Ashura","2024","movie","tmdb_only","List of Netflix original films (2024)","0"
"1268663","New Town Mothers","2024","movie","wikipedia","Cuckoo (2024 film)","4158"
"1273049","Dragon","2025","movie","wikipedia","Dragon (2025 film)","4256"
"1274443","Puntos suspensivos","2015","movie","tmdb_only","List of filmography and awards of Cecilia Suárez","0"
"1283854","Yakuza Emblem Legend: Chapter 12","2022","movie","tmdb_only","","0"
"1285366","Shape of My Heart","2024","movie","wikipedia","Nosferatu (2024 film)","3397"
"1287981","Alyha Love","2017","movie","tmdb_only","","0"
"1290190","Lokah Chapter 1: Chandra","2025","movie","tmdb_only","List of Indian films of 2025","0"
"1291559","Drawing Closer","2024","movie","wikipedia","Girls Will Be Girls (2024 film)","3122"
"1291608","Dhurandhar","2025","movie","wikipedia","Dhurandhar","4452"
"1306587","Unification of Japan 36","2019","movie","tmdb_only","","0"
"1306598","Unification of Japan 40","2020","movie","tmdb_only","","0"
"1306797","Unification of Japan 41","2020","movie","wikipedia","Inchon (film)","1914"
"1306798","Unification of Japan 42","2020","movie","tmdb_only","","0"
"1308972","Big Baby","2025","movie","wikipedia","Sorry, Baby (2025 film)","3633"
"1309165","Unification of Japan Gaiden: Tamura Yuto 2","2021","movie","tmdb_only","","0"
"1312769","The Heist","2024","movie","tmdb_only","The Heist (2024 film)","0"
"1315905","Jailbreak Affair","2024","movie","tmdb_only","List of Netflix original films (2024)","0"
"1316057","Mistress","2024","movie","wikipedia","Harvest (2024 film)","515"
"1317288","Marty Supreme","2025","movie","wikipedia","The Housemaid (2025 film)","4629"
"1325389","Cold Feet","2024","movie","wikipedia","Cold Mountain (film)","3656"
"1325678","Sarah's Oil","2025","movie","wikipedia","Sarah's Oil","1510"
"1327862","Regretting You","2025","movie","tmdb_only","2025 in film","0"
"1333100","Attack on Titan: THE LAST ATTACK","2024","movie","tmdb_only","2024 Lebanon electronic device attacks","0"
"1355535","Vermont: Ron Padgett","2016","movie","tmdb_only","","0"
"1355755","An Almost Christmas Story","2024","movie","wikipedia","Dear Santa (2024 film)","4463"
"1357259","Dheeram","2025","movie","tmdb_only","List of Malayalam films of 2025","0"
"1357922","Broken Land","2024","movie","tmdb_only","2024 in film","0"
"1363123","The Family Plan 2","2025","movie","wikipedia","Hedda (2025 film)","3755"
"1364958","Zelenskyy: Spirit of Ukraine","2023","movie","tmdb_only","List of films about the Russo-Ukrainian war","0"
"1368166","The Housemaid","2025","movie","wikipedia","The Housemaid (2025 film)","4629"
"1372059","Ghamasaan","2024","movie","tmdb_only","Ghamasaan","0"
"1380898","Double Exposure","2024","movie","tmdb_only","2024 in film","0"
"1387382","Hunting Season","2025","movie","wikipedia","Hunting Season (2025 film)","2610"
"1394783","National Passion","2015","movie","wikipedia","Chokher Bali (2003 film)","3071"
"1395724","A Fool's Love","2024","movie","tmdb_only","2024 in film","0"
"1403735","Laila","2025","movie","wikipedia","Laila (2025 film)","7581"
"1409297","Menthol","2016","movie","wikipedia","Wuthering Heights (1939 film)","4094"
"1411773","The Last Stand of Ellen Cole","2024","movie","tmdb_only","Sniper (film series)","0"
"1424404","Me too","2015","movie","wikipedia","Despicable Me (film)","2612"
"1425101","I'm Not An Actor","2025","movie","wikipedia","The Actor (2025 film)","158"
"1442976","Exposed","2024","movie","wikipedia","Exposed (2016 film)","2514"
"1452351","Nite Road","2024","movie","tmdb_only","List of American films of 2024","0"
"1453189","Ana","2015","movie","wikipedia","Knock Knock (2015 film)","4672"
"1473354","Sarvam Maya","2025","movie","tmdb_only","List of Malayalam films of 2025","0"
"1479495","Hellcat","2025","movie","tmdb_only","Hellcat","0"
"1483820","Idli Amma","2023","movie","tmdb_only","Dhanush filmography","0"
"1511417","Bāhubali: The Epic","2025","movie","tmdb_only","List of Telugu films of 2025","0"
"1522528","ちとせの癒し ちとせよしの","2019","movie","tmdb_only","","0"
"1525126","Simple Boy","2025","movie","wikipedia","A Simple Favor (film)","4205"
"1536583","CONNECT: Road to Conquest 5","2024","movie","tmdb_only","","0"
"1548780","The Burial","2015","movie","wikipedia","Max (2015 film)","5411"
"1552062","隙あらばラブコメ 猫宮あすか","2024","movie","tmdb_only","","0"
"1565634","猫カフェ 猫宮あすか","2023","movie","tmdb_only","","0"
"1565636","あの夏の美少女 猫宮あすか","2023","movie","tmdb_only","","0"
"1569032","Mars Closer","2015","movie","wikipedia","The Martian (film)","4181"
"1569947","The Priest: Thanksgiving Massacre","2025","movie","tmdb_only","2023 in film","0"
"1574871","Chinese Angel","2017","movie","tmdb_only","2017 in film","0"
"1576463","Chiranjeeva","2025","movie","tmdb_only","List of Telugu films of 2025","0"
"1598348","Decolonising the Curatorial Process","2020","movie","tmdb_only","","0"
"1598750","Dangerous Momo","2020","movie","wikipedia","Sinners (2025 film)","3935"
"1603780","Raagu Kethu","2025","movie","tmdb_only","List of Tamil films of 2025","0"
"1609989","Tuning Trouble","2024","movie","wikipedia","Stay Tuned (film)","4192"
"1610390","Outspoken: Music for Free Speech","2025","movie","wikipedia","Aap Jaisa Koi (film)","3035"
"1619410","いちごタルトのいちごだけ 池田ゆうな Aircontrol","2024","movie","tmdb_only","","0"
"1623380","Still","2015","movie","wikipedia","We Are Still Here (2015 film)","2399"
"1624395","ちとせよしの Sweet Story","2019","movie","tmdb_only","","0"
"1640121","Till Forever","2018","movie","tmdb_only","Forever Young (2018 film)","0"
"1645698","Action Stage: Helios Rising Heroes","2022","movie","wikipedia","Big Hero 6 (film)","3942"
"1653121","Dark Law Enforcer 1","2017","movie","wikipedia","Bright (film)","4357"
"1676742","マイ ライフ 比留川マイ","2022","movie","tmdb_only","","0"
"1678796","村上友梨 みすど mis*dol エンドレスサマー","2015","movie","tmdb_only","","0"
"1686589","伊藤えみ みすど mis*dol","2015","movie","tmdb_only","","0"
"1718537","ラブコメ開幕 小森ほたる Aircontrol","2023","movie","tmdb_only","","0"
"1719121","柳いろは iroha as","2021","movie","tmdb_only","","0"
"1730410","人間陶器 神谷えりな Aircontrol","2017","movie","tmdb_only","","0"
"1748811","誘惑サキュバス 月城まゆ Aircontrol","2021","movie","tmdb_only","","0"
